{"USP-S | Kill Confirmed (Well-Worn)": {"sugprice": 3225.652173913044, "profit": 169, "limit": 2911, "timest": 1702053584}, "\u2605 Hydra Gloves | Rattler (Field-Tested)": {"sugprice": 4317.5365909090915, "profit": 293, "limit": 3896, "timest": 1702065286}, "\u2605 Moto Gloves | Transport (Battle-Scarred)": {"sugprice": 5336.645510204082, "profit": 274, "limit": 4816, "timest": 1702075886}, "\u2605 Broken Fang Gloves | Unhinged (Battle-Scarred)": {"sugprice": 4949, "profit": 290, "limit": 4466, "timest": 1702115358}, "StatTrak\u2122 SSG 08 | Dragonfire (Field-Tested)": {"sugprice": 3058.4065909090905, "profit": 214, "limit": 2760, "timest": 1702053372}, "StatTrak\u2122 USP-S | The Traitor (Battle-Scarred)": {"sugprice": 2220.524186046511, "profit": 138, "limit": 2004, "timest": 1702135706}, "\u2605 Gut Knife | Safari Mesh (Field-Tested)": {"sugprice": 7255.342666666666, "profit": 400, "limit": 6547, "timest": 1702061865}, "\u2605 Gut Knife | Freehand (Field-Tested)": {"sugprice": 8896.464999999998, "profit": 450, "limit": 8029, "timest": 1702135953}, "USP-S | Neo-Noir (Factory New)": {"sugprice": 3113.137142857143, "profit": 173, "limit": 2809, "timest": 1702126259}, "\u2605 Driver Gloves | Convoy (Field-Tested)": {"sugprice": 6163.1100000000015, "profit": 293, "limit": 5562, "timest": 1702087041}, "\u2605 Specialist Gloves | Fade (Battle-Scarred)": {"sugprice": 15262.118666666665, "profit": 803, "limit": 13774, "timest": 1702105908}, "Tec-9 | Nuclear Threat (Battle-Scarred)": {"sugprice": 3155.65875, "profit": 219, "limit": 2847, "timest": 1702135718}, "StatTrak\u2122 M4A4 | \u9f8d\u738b (Dragon King) (Field-Tested)": {"sugprice": 1540.3200000000002, "profit": 116, "limit": 1390, "timest": 1702125910}, "\u2605 Bloodhound Gloves | Bronzed (Battle-Scarred)": {"sugprice": 6164.604782608696, "profit": 374, "limit": 5563, "timest": 1702116793}, "\u2605 Shadow Daggers | Scorched (Field-Tested)": {"sugprice": 7160.762105263158, "profit": 352, "limit": 6462, "timest": 1702128204}, "StatTrak\u2122 M4A4 | The Battlestar (Field-Tested)": {"sugprice": 1517.1552941176471, "profit": 101, "limit": 1369, "timest": 1702097781}, "StatTrak\u2122 M4A4 | The Emperor (Battle-Scarred)": {"sugprice": 2608.9739024390246, "profit": 169, "limit": 2354, "timest": 1702135614}, "\u2605 Driver Gloves | Racing Green (Field-Tested)": {"sugprice": 4159.4802222222215, "profit": 239, "limit": 3753, "timest": 1702135897}, "\u2605 Hand Wraps | Constrictor (Battle-Scarred)": {"sugprice": 4975.4651020408155, "profit": 262, "limit": 4490, "timest": 1702120561}, "\u2605 Shadow Daggers | Freehand (Field-Tested)": {"sugprice": 9128, "profit": 469, "limit": 8238, "timest": 1702136398}, "\u2605 Bloodhound Gloves | Guerrilla (Battle-Scarred)": {"sugprice": 6203.729444444444, "profit": 431, "limit": 5598, "timest": 1702135823}, "\u2605 Driver Gloves | Convoy (Battle-Scarred)": {"sugprice": 6297.49448275862, "profit": 393, "limit": 5683, "timest": 1702135883}, "\u2605 Navaja Knife | Boreal Forest (Field-Tested)": {"sugprice": 6974.081836734694, "profit": 375, "limit": 6294, "timest": 1702136272}, "\u2605 Gut Knife | Bright Water (Field-Tested)": {"sugprice": 8314.695384615385, "profit": 396, "limit": 7504, "timest": 1702130440}, "\u2605 Hydra Gloves | Rattler (Well-Worn)": {"sugprice": 4474.149230769231, "profit": 318, "limit": 4037, "timest": 1702125279}, "\u2605 Driver Gloves | Queen Jaguar (Field-Tested)": {"sugprice": 6505.461, "profit": 329, "limit": 5871, "timest": 1702109412}, "\u2605 Bloodhound Gloves | Snakebite (Field-Tested)": {"sugprice": 6021.023571428572, "profit": 318, "limit": 5433, "timest": 1702050226}, "StatTrak\u2122 USP-S | Neo-Noir (Battle-Scarred)": {"sugprice": 3044.950454545455, "profit": 169, "limit": 2748, "timest": 1702135698}, "\u2605 Specialist Gloves | Forest DDPAT (Battle-Scarred)": {"sugprice": 8519.86, "profit": 576, "limit": 7689, "timest": 1702111848}, "\u2605 Moto Gloves | Smoke Out (Battle-Scarred)": {"sugprice": 7941.0569230769215, "profit": 701, "limit": 7166, "timest": 1702136243}, "\u2605 Hand Wraps | Giraffe (Battle-Scarred)": {"sugprice": 6227.393333333332, "profit": 336, "limit": 5620, "timest": 1702111734}, "\u2605 Shadow Daggers | Forest DDPAT (Field-Tested)": {"sugprice": 7251.8324999999995, "profit": 389, "limit": 6544, "timest": 1702114463}, "\u2605 Gut Knife | Forest DDPAT (Field-Tested)": {"sugprice": 7843.208333333333, "profit": 400, "limit": 7078, "timest": 1702135934}, "USP-S | Printstream (Field-Tested)": {"sugprice": 3116.941000000001, "profit": 162, "limit": 2813, "timest": 1702124897}, "\u2605 Navaja Knife | Rust Coat (Battle-Scarred)": {"sugprice": 6898.908787878788, "profit": 332, "limit": 6226, "timest": 1702114431}, "\u2605 Navaja Knife | Night Stripe (Field-Tested)": {"sugprice": 6769.6772222222235, "profit": 400, "limit": 6109, "timest": 1702114429}, "\u2605 Shadow Daggers | Ultraviolet (Field-Tested)": {"sugprice": 9217.516999999998, "profit": 542, "limit": 8318, "timest": 1702136460}, "\u2605 Survival Knife | Forest DDPAT (Field-Tested)": {"sugprice": 7991.909444444445, "profit": 392, "limit": 7212, "timest": 1702136504}, "\u2605 Hydra Gloves | Emerald (Field-Tested)": {"sugprice": 4786.857755102041, "profit": 230, "limit": 4320, "timest": 1702114385}, "\u2605 Driver Gloves | Queen Jaguar (Battle-Scarred)": {"sugprice": 5850.357209302325, "profit": 321, "limit": 5279, "timest": 1702135890}, "\u2605 Driver Gloves | Racing Green (Battle-Scarred)": {"sugprice": 4056, "profit": 222, "limit": 3660, "timest": 1702135894}, "\u2605 Survival Knife | Boreal Forest (Field-Tested)": {"sugprice": 7791.926153846154, "profit": 460, "limit": 7032, "timest": 1702122981}, "USP-S | Printstream (Well-Worn)": {"sugprice": 3035.1332500000003, "profit": 181, "limit": 2739, "timest": 1702135764}, "StatTrak\u2122 USP-S | The Traitor (Well-Worn)": {"sugprice": 2153.174, "profit": 218, "limit": 1943, "timest": 1702135708}, "StatTrak\u2122 USP-S | Neo-Noir (Field-Tested)": {"sugprice": 3049.5405263157895, "profit": 186, "limit": 2752, "timest": 1702124840}, "\u2605 Gut Knife | Scorched (Field-Tested)": {"sugprice": 7385.378000000001, "profit": 366, "limit": 6665, "timest": 1702135993}, "StatTrak\u2122 M4A4 | Royal Paladin (Field-Tested)": {"sugprice": 2225, "profit": 161, "limit": 2008, "timest": 1702135604}, "\u2605 Sport Gloves | Bronze Morph (Battle-Scarred)": {"sugprice": 10709.415882352943, "profit": 808, "limit": 9665, "timest": 1702109915}, "\u2605 Driver Gloves | Overtake (Battle-Scarred)": {"sugprice": 6874.740689655174, "profit": 370, "limit": 6204, "timest": 1702072926}, "\u2605 Hydra Gloves | Mangrove (Battle-Scarred)": {"sugprice": 4298.353571428571, "profit": 220, "limit": 3879, "timest": 1702136163}, "StatTrak\u2122 M4A4 | Buzz Kill (Battle-Scarred)": {"sugprice": 2023.663214285714, "profit": 102, "limit": 1826, "timest": 1702135572}, "\u2605 Specialist Gloves | Buckshot (Battle-Scarred)": {"sugprice": 5233.696249999999, "profit": 251, "limit": 4723, "timest": 1702058252}, "\u2605 Shadow Daggers | Black Laminate (Field-Tested)": {"sugprice": 7629.73, "profit": 498, "limit": 6885, "timest": 1702136365}, "\u2605 Hand Wraps | CAUTION! (Battle-Scarred)": {"sugprice": 14087.898666666666, "profit": 991, "limit": 12714, "timest": 1702128084}, "\u2605 Paracord Knife | Safari Mesh (Field-Tested)": {"sugprice": 7992, "profit": 459, "limit": 7212, "timest": 1702136350}, "StatTrak\u2122 M4A4 | Royal Paladin (Battle-Scarred)": {"sugprice": 2450.424666666667, "profit": 266, "limit": 2211, "timest": 1702135602}, "StatTrak\u2122 USP-S | Monster Mashup (Battle-Scarred)": {"sugprice": 1818.7, "profit": 100, "limit": 1641, "timest": 1702114992}, "\u2605 Hydra Gloves | Mangrove (Field-Tested)": {"sugprice": 4308.518888888889, "profit": 221, "limit": 3888, "timest": 1702136166}, "StatTrak\u2122 P90 | Asiimov (Battle-Scarred)": {"sugprice": 1410, "profit": 100, "limit": 1272, "timest": 1702129827},