{"USP-S | Kill Confirmed (Well-Worn)": {"sugprice": 3185, "profit": 208, "limit": 2874, "timest": 1700134783}, "USP-S | Overgrowth (Field-Tested)": {"sugprice": 2004.9379166666665, "profit": 173, "limit": 1809, "timest": 1700129554}, "\u2605 Moto Gloves | Turtle (Battle-Scarred)": {"sugprice": 8008.210000000001, "profit": 606, "limit": 7227, "timest": 1700134943}, "\u2605 Navaja Knife | Scorched (Field-Tested)": {"sugprice": 6944.64054054054, "profit": 677, "limit": 6267, "timest": 1700132712}, "\u2605 Driver Gloves | Racing Green (Battle-Scarred)": {"sugprice": 4054, "profit": 338, "limit": 3658, "timest": 1700134873}, "StatTrak\u2122 M4A4 | Royal Paladin (Battle-Scarred)": {"sugprice": 2256.5231249999997, "profit": 165, "limit": 2036, "timest": 1700134633}, "StatTrak\u2122 M4A4 | The Emperor (Battle-Scarred)": {"sugprice": 2712, "profit": 376, "limit": 2447, "timest": 1700133712}, "StatTrak\u2122 USP-S | The Traitor (Well-Worn)": {"sugprice": 2128, "profit": 211, "limit": 1920, "timest": 1700134749}, "USP-S | Printstream (Minimal Wear)": {"sugprice": 4257, "profit": 212, "limit": 3841, "timest": 1700134809}, "USP-S | Whiteout (Minimal Wear)": {"sugprice": 2648, "profit": 183, "limit": 2389, "timest": 1700134833}, "\u2605 Broken Fang Gloves | Needle Point (Battle-Scarred)": {"sugprice": 5453.914130434781, "profit": 579, "limit": 4922, "timest": 1700134847}, "\u2605 Broken Fang Gloves | Needle Point (Field-Tested)": {"sugprice": 5509.813333333334, "profit": 476, "limit": 4972, "timest": 1700130960}, "\u2605 Driver Gloves | Racing Green (Well-Worn)": {"sugprice": 4242.744761904762, "profit": 238, "limit": 3829, "timest": 1700134877}, "\u2605 Hand Wraps | Constrictor (Battle-Scarred)": {"sugprice": 4959.8367567567575, "profit": 586, "limit": 4476, "timest": 1700134901}, "\u2605 Hydra Gloves | Rattler (Field-Tested)": {"sugprice": 4157, "profit": 377, "limit": 3751, "timest": 1700134931}, "\u2605 Moto Gloves | Finish Line (Battle-Scarred)": {"sugprice": 7328.519285714286, "profit": 530, "limit": 6613, "timest": 1700134937}, "\u2605 Navaja Knife | Forest DDPAT (Field-Tested)": {"sugprice": 6980.7336, "profit": 595, "limit": 6300, "timest": 1700134947}, "\u2605 Navaja Knife | Safari Mesh (Field-Tested)": {"sugprice": 7220.523170731706, "profit": 718, "limit": 6516, "timest": 1700134953}, "\u2605 Shadow Daggers | Bright Water (Field-Tested)": {"sugprice": 7127, "profit": 409, "limit": 6432, "timest": 1700134965}, "\u2605 Shadow Daggers | Rust Coat (Battle-Scarred)": {"sugprice": 7019.205151515152, "profit": 588, "limit": 6334, "timest": 1700134971}, "\u2605 Broken Fang Gloves | Yellow-banded (Field-Tested)": {"sugprice": 6764.84947368421, "profit": 617, "limit": 6105, "timest": 1700134862}, "\u2605 Hand Wraps | Arboreal (Battle-Scarred)": {"sugprice": 5193.983548387097, "profit": 381, "limit": 4687, "timest": 1700134895}, "Vypa Sista of the Revolution | Guerrilla Warfare": {"sugprice": 1617.6177777777777, "profit": 140, "limit": 1459, "timest": 1700134835}, "StatTrak\u2122 M4A4 | \u9f8d\u738b (Dragon King) (Battle-Scarred)": {"sugprice": 1508.353611111111, "profit": 147, "limit": 1361, "timest": 1700134651}, "\u2605 Hydra Gloves | Mangrove (Battle-Scarred)": {"sugprice": 4163.178421052631, "profit": 333, "limit": 3757, "timest": 1700133994}, "USP-S | Monster Mashup (Minimal Wear)": {"sugprice": 1868.09, "profit": 161, "limit": 1685, "timest": 1700134789}, "\u2605 Broken Fang Gloves | Yellow-banded (Battle-Scarred)": {"sugprice": 5860, "profit": 417, "limit": 5288, "timest": 1700134859}, "\u2605 Hydra Gloves | Mangrove (Well-Worn)": {"sugprice": 4545.845, "profit": 364, "limit": 4102, "timest": 1700124204}, "\u2605 Shadow Daggers | Scorched (Field-Tested)": {"sugprice": 7348.820000000001, "profit": 569, "limit": 6632, "timest": 1700134973}, "StatTrak\u2122 M4A4 | Desolate Space (Battle-Scarred)": {"sugprice": 1216.7332500000002, "profit": 112, "limit": 1098, "timest": 1700134619}, "StatTrak\u2122 P90 | Asiimov (Battle-Scarred)": {"sugprice": 1439.822857142857, "profit": 154, "limit": 1299, "timest": 1700134691}, "\u2605 Hand Wraps | Desert Shamagh (Field-Tested)": {"sugprice": 4938.031666666666, "profit": 245, "limit": 4456, "timest": 1700134909}, "\u2605 Gut Knife | Forest DDPAT (Field-Tested)": {"sugprice": 7727.56, "profit": 544, "limit": 6974, "timest": 1700134887}, "\u2605 Moto Gloves | Transport (Battle-Scarred)": {"sugprice": 5321.793255813953, "profit": 424, "limit": 4802, "timest": 1700134941}, "USP-S | The Traitor (Minimal Wear)": {"sugprice": 1450.78, "profit": 194, "limit": 1309, "timest": 1700134828}, "USP-S | Printstream (Well-Worn)": {"sugprice": 2747, "profit": 192, "limit": 2479, "timest": 1700134811}, "\u2605 Driver Gloves | Racing Green (Field-Tested)": {"sugprice": 4141.800222222223, "profit": 291, "limit": 3737, "timest": 1700134875}, "\u2605 Hand Wraps | Duct Tape (Field-Tested)": {"sugprice": 5215.687142857144, "profit": 340, "limit": 4707, "timest": 1700134915}, "USP-S | Monster Mashup (Well-Worn)": {"sugprice": 1345.4940000000001, "profit": 128, "limit": 1214, "timest": 1700134791}, "\u2605 Broken Fang Gloves | Unhinged (Battle-Scarred)": {"sugprice": 5096.612653061225, "profit": 344, "limit": 4599, "timest": 1700134853}, "\u2605 Hand Wraps | Arboreal (Field-Tested)": {"sugprice": 6138, "profit": 1200, "limit": 5539, "timest": 1700134897}, "USP-S | Kill Confirmed (Battle-Scarred)": {"sugprice": 3096.0227272727275, "profit": 231, "limit": 2794, "timest": 1700134777}, "StatTrak\u2122 M4A4 | Cyber Security (Battle-Scarred)": {"sugprice": 1576.0388235294117, "profit": 123, "limit": 1422, "timest": 1700130324}, "USP-S | Serum (Field-Tested)": {"sugprice": 3483.1579166666666, "profit": 273, "limit": 3143, "timest": 1700134819}, "\u2605 Hand Wraps | Giraffe (Battle-Scarred)": {"sugprice": 5936, "profit": 432, "limit": 5357, "timest": 1700134918}, "USP-S | Neo-Noir (Well-Worn)": {"sugprice": 1508, "profit": 121, "limit": 1360, "timest": 1700134797}, "\u2605 Survival Knife | Safari Mesh (Field-Tested)": {"sugprice": 7622, "profit": 587, "limit": 6878, "timest": 1700134993}, "\u2605 Hydra Gloves | Case Hardened (Field-Tested)": {"sugprice": 8117, "profit": 584, "limit": 7325, "timest": 1700134923}, "\u2605 Gut Knife | Rust Coat (Battle-Scarred)": {"sugprice": 7934.954285714286, "profit": 725, "limit": 7161, "timest": 1700134889}, "\u2605 Moto Gloves | Smoke Out (Battle-Scarred)": {"sugprice": 7038, "profit": 605, "limit": 6351, "timest": 1700134939}, "\u2605 Hydra Gloves | Rattler (Battle-Scarred)": {"sugprice": 4482.278260869564, "profit": 402, "limit": 4045, "timest": 1700133998}, "StatTrak\u2122 M4A4 | Evil Daimyo (Minimal Wear)": {"sugprice": 806.6868749999998, "profit": 100, "limit": 728, "timest": 1700134625}, "StatTrak\u2122 SSG 08 | Dragonfire (Field-Tested)": {"sugprice": 3705.9025, "profit": 362, "limit": 3344, "timest": 1700134707}, "\u2605 Specialist Gloves | Forest DDPAT (Battle-Scarred)": {"sugprice": 8249.241875, "profit": 847, "limit": 7444, "timest": 1700134983}, "StatTrak\u2122 M4A4 | Desert-Strike (Field-Tested)": {"sugprice": 1394.2666666666669, "profit": 269, "limit": 1258, "timest": 1700134617}, "\u2605 Broken Fang Gloves | Jade (Battle-Scarred)": {"sugprice": 7639.136666666666, "profit": 766, "limit": 6894, "timest": 1700134845}, "StatTrak\u2122 M4A4 | Temukau (Battle-Scarred)": {"sugprice": 2543.804186046511, "profit": 273, "limit": 2295, "timest": 1700134639}, "\u2605 Hydra Gloves | Rattler (Well-Worn)": {"sugprice": 4987.073333333333, "profit": 402, "limit": 4500, "timest": 1700132690}, "\u2605 Broken Fang Gloves | Needle Point (Well-Worn)": {"sugprice": 5572.6292, "profit": 449, "limit": 5029, "timest": 1700134851}, "StatTrak\u2122 USP-S | Neo-Noir (Field-Tested)": {"sugprice": 3165, "profit": 233, "limit": 2856, "timest": 1700134741}, "USP-S | Whiteout (Battle-Scarred)": {"sugprice": 1756.7599999999998, "profit": 229, "limit": 1585, "timest": 1700134829},