{"USP-S | Kill Confirmed (Well-Worn)": {"sugprice": 3168, "profit": 255, "limit": 2859, "timest": 1700147837}, "USP-S | Overgrowth (Field-Tested)": {"sugprice": 2013.6749999999997, "profit": 135, "limit": 1817, "timest": 1700147858}, "\u2605 Moto Gloves | Turtle (Battle-Scarred)": {"sugprice": 8035.677000000001, "profit": 562, "limit": 7252, "timest": 1700148051}, "\u2605 Navaja Knife | Scorched (Field-Tested)": {"sugprice": 6952.926875, "profit": 670, "limit": 6275, "timest": 1700148066}, "\u2605 Driver Gloves | Racing Green (Battle-Scarred)": {"sugprice": 4130.406382978723, "profit": 505, "limit": 3727, "timest": 1700147976}, "StatTrak\u2122 M4A4 | Royal Paladin (Battle-Scarred)": {"sugprice": 2185.8784615384616, "profit": 116, "limit": 1972, "timest": 1700147671}, "StatTrak\u2122 M4A4 | The Emperor (Battle-Scarred)": {"sugprice": 2619, "profit": 249, "limit": 2363, "timest": 1700147685}, "StatTrak\u2122 USP-S | The Traitor (Well-Worn)": {"sugprice": 2118, "profit": 197, "limit": 1911, "timest": 1700147796}, "USP-S | Printstream (Minimal Wear)": {"sugprice": 4358, "profit": 348, "limit": 3933, "timest": 1700145903}, "USP-S | Whiteout (Minimal Wear)": {"sugprice": 2643, "profit": 187, "limit": 2385, "timest": 1700147936}, "\u2605 Broken Fang Gloves | Needle Point (Battle-Scarred)": {"sugprice": 5454.175111111112, "profit": 574, "limit": 4922, "timest": 1700147951}, "\u2605 Broken Fang Gloves | Needle Point (Field-Tested)": {"sugprice": 5533.22074074074, "profit": 535, "limit": 4993, "timest": 1700147953}, "\u2605 Driver Gloves | Racing Green (Well-Worn)": {"sugprice": 4260.933500000001, "profit": 453, "limit": 3845, "timest": 1700147979}, "\u2605 Hand Wraps | Constrictor (Battle-Scarred)": {"sugprice": 4887.714166666665, "profit": 504, "limit": 4411, "timest": 1700148006}, "\u2605 Hydra Gloves | Rattler (Field-Tested)": {"sugprice": 4225.875405405405, "profit": 410, "limit": 3813, "timest": 1700148039}, "\u2605 Moto Gloves | Finish Line (Battle-Scarred)": {"sugprice": 7249.942999999999, "profit": 448, "limit": 6543, "timest": 1700148045}, "\u2605 Navaja Knife | Forest DDPAT (Field-Tested)": {"sugprice": 6928.191923076923, "profit": 520, "limit": 6252, "timest": 1700148057}, "\u2605 Navaja Knife | Safari Mesh (Field-Tested)": {"sugprice": 6930, "profit": 429, "limit": 6254, "timest": 1700148064}, "\u2605 Shadow Daggers | Bright Water (Field-Tested)": {"sugprice": 7794.635757575758, "profit": 763, "limit": 7034, "timest": 1700148074}, "\u2605 Shadow Daggers | Rust Coat (Battle-Scarred)": {"sugprice": 7026.612903225807, "profit": 646, "limit": 6341, "timest": 1700148079}, "\u2605 Broken Fang Gloves | Yellow-banded (Field-Tested)": {"sugprice": 6775.094736842106, "profit": 623, "limit": 6114, "timest": 1700147436}, "\u2605 Hand Wraps | Arboreal (Battle-Scarred)": {"sugprice": 5106.374230769231, "profit": 519, "limit": 4608, "timest": 1700145496}, "Vypa Sista of the Revolution | Guerrilla Warfare": {"sugprice": 1635.3594444444443, "profit": 144, "limit": 1475, "timest": 1700147937}, "StatTrak\u2122 M4A4 | \u9f8d\u738b (Dragon King) (Battle-Scarred)": {"sugprice": 1503.2302702702705, "profit": 113, "limit": 1356, "timest": 1700147691}, "\u2605 Hydra Gloves | Mangrove (Battle-Scarred)": {"sugprice": 4128.101081081081, "profit": 207, "limit": 3725, "timest": 1700148030}, "USP-S | Monster Mashup (Minimal Wear)": {"sugprice": 1874.534285714286, "profit": 141, "limit": 1691, "timest": 1700147844}, "\u2605 Broken Fang Gloves | Yellow-banded (Battle-Scarred)": {"sugprice": 6089.8442857142845, "profit": 784, "limit": 5496, "timest": 1700147962}, "\u2605 Hydra Gloves | Mangrove (Well-Worn)": {"sugprice": 4334, "profit": 415, "limit": 3911, "timest": 1700147503}, "\u2605 Shadow Daggers | Scorched (Field-Tested)": {"sugprice": 7332.031000000001, "profit": 552, "limit": 6617, "timest": 1700148080}, "StatTrak\u2122 M4A4 | Desolate Space (Battle-Scarred)": {"sugprice": 1218.0782051282051, "profit": 140, "limit": 1099, "timest": 1700147656}, "StatTrak\u2122 P90 | Asiimov (Battle-Scarred)": {"sugprice": 1417, "profit": 127, "limit": 1278, "timest": 1700147736}, "\u2605 Hand Wraps | Desert Shamagh (Field-Tested)": {"sugprice": 4751, "profit": 293, "limit": 4287, "timest": 1700148014}, "\u2605 Gut Knife | Forest DDPAT (Field-Tested)": {"sugprice": 7732.211818181819, "profit": 764, "limit": 6978, "timest": 1700147990}, "\u2605 Moto Gloves | Transport (Battle-Scarred)": {"sugprice": 5254.262631578948, "profit": 390, "limit": 4741, "timest": 1700148049}, "USP-S | The Traitor (Minimal Wear)": {"sugprice": 1454.8542857142857, "profit": 145, "limit": 1313, "timest": 1700147930}, "USP-S | Printstream (Well-Worn)": {"sugprice": 2754, "profit": 296, "limit": 2485, "timest": 1700147875}, "\u2605 Driver Gloves | Racing Green (Field-Tested)": {"sugprice": 4113, "profit": 292, "limit": 3711, "timest": 1700147977}, "\u2605 Hand Wraps | Duct Tape (Field-Tested)": {"sugprice": 4950, "profit": 272, "limit": 4467, "timest": 1700148021}, "USP-S | Monster Mashup (Well-Worn)": {"sugprice": 1342.7869565217393, "profit": 124, "limit": 1211, "timest": 1700147846}, "\u2605 Broken Fang Gloves | Unhinged (Battle-Scarred)": {"sugprice": 5101.139591836736, "profit": 345, "limit": 4603, "timest": 1700147957}, "\u2605 Hand Wraps | Arboreal (Field-Tested)": {"sugprice": 5839, "profit": 486, "limit": 5269, "timest": 1700148001}, "USP-S | Kill Confirmed (Battle-Scarred)": {"sugprice": 3008.3361111111117, "profit": 212, "limit": 2715, "timest": 1700145869}, "StatTrak\u2122 M4A4 | Cyber Security (Battle-Scarred)": {"sugprice": 1576.0388235294117, "profit": 123, "limit": 1422, "timest": 1700130324}, "USP-S | Serum (Field-Tested)": {"sugprice": 3459.7965217391293, "profit": 379, "limit": 3122, "timest": 1700147903}, "\u2605 Hand Wraps | Giraffe (Battle-Scarred)": {"sugprice": 5930, "profit": 572, "limit": 5351, "timest": 1700148023}, "USP-S | Neo-Noir (Well-Worn)": {"sugprice": 1504, "profit": 115, "limit": 1357, "timest": 1700147851}, "\u2605 Survival Knife | Safari Mesh (Field-Tested)": {"sugprice": 7622, "profit": 571, "limit": 6878, "timest": 1700148098}, "\u2605 Hydra Gloves | Case Hardened (Field-Tested)": {"sugprice": 8117, "profit": 710, "limit": 7325, "timest": 1700148029}, "\u2605 Gut Knife | Rust Coat (Battle-Scarred)": {"sugprice": 7941.416749999999, "profit": 730, "limit": 7167, "timest": 1700147992}, "\u2605 Moto Gloves | Smoke Out (Battle-Scarred)": {"sugprice": 6830, "profit": 538, "limit": 6164, "timest": 1700148047}, "\u2605 Hydra Gloves | Rattler (Battle-Scarred)": {"sugprice": 4242, "profit": 299, "limit": 3828, "timest": 1700148035}, "StatTrak\u2122 M4A4 | Evil Daimyo (Minimal Wear)": {"sugprice": 807.6687499999997, "profit": 101, "limit": 728, "timest": 1700147663}, "StatTrak\u2122 SSG 08 | Dragonfire (Field-Tested)": {"sugprice": 3804.7627777777784, "profit": 455, "limit": 3433, "timest": 1700147753}, "\u2605 Specialist Gloves | Forest DDPAT (Battle-Scarred)": {"sugprice": 7796, "profit": 685, "limit": 7035, "timest": 1700148088}, "StatTrak\u2122 M4A4 | Desert-Strike (Field-Tested)": {"sugprice": 1394.2666666666669, "profit": 268, "limit": 1258, "timest": 1700147652}, "\u2605 Broken Fang Gloves | Jade (Battle-Scarred)": {"sugprice": 7424, "profit": 742, "limit": 6700, "timest": 1700147949}, "StatTrak\u2122 M4A4 | Temukau (Battle-Scarred)": {"sugprice": 2532.7002380952385, "profit": 196, "limit": 2285, "timest": 1700147677}, "\u2605 Hydra Gloves | Rattler (Well-Worn)": {"sugprice": 4722, "profit": 383, "limit": 4261, "timest": 1700148041}, "\u2605 Broken Fang Gloves | Needle Point (Well-Worn)": {"sugprice": 5562.680434782608, "profit": 436, "limit": 5020, "timest": 1700147955}, "StatTrak\u2122 USP-S | Neo-Noir (Field-Tested)": {"sugprice": 3172, "profit": 253, "limit": 2862, "timest": 1700147787}, "USP-S | Whiteout (Battle-Scarred)": {"sugprice": 1794.2017647058824, "profit": 148, "limit": 1619, "timest": 1700147932},