{"USP-S | Kill Confirmed (Well-Worn)": {"sugprice": 2971.8014583333334, "profit": 236, "limit": 2682, "timest": 1701052514}, "\u2605 Navaja Knife | Scorched (Field-Tested)": {"sugprice": 6792.044583333332, "profit": 352, "limit": 6129, "timest": 1701052699}, "\u2605 Driver Gloves | Racing Green (Battle-Scarred)": {"sugprice": 3744.701521739131, "profit": 290, "limit": 3379, "timest": 1701052585}, "StatTrak\u2122 USP-S | The Traitor (Well-Worn)": {"sugprice": 1865.1935714285717, "profit": 190, "limit": 1683, "timest": 1700993697}, "\u2605 Driver Gloves | Racing Green (Well-Worn)": {"sugprice": 3854.9208000000003, "profit": 374, "limit": 3479, "timest": 1701052587}, "\u2605 Hydra Gloves | Rattler (Field-Tested)": {"sugprice": 3965.5076595744686, "profit": 331, "limit": 3578, "timest": 1700992059}, "\u2605 Navaja Knife | Forest DDPAT (Field-Tested)": {"sugprice": 6876.103636363637, "profit": 331, "limit": 6205, "timest": 1700997251}, "\u2605 Shadow Daggers | Bright Water (Field-Tested)": {"sugprice": 7557.110294117645, "profit": 498, "limit": 6820, "timest": 1701052774}, "\u2605 Shadow Daggers | Rust Coat (Battle-Scarred)": {"sugprice": 6879.666250000001, "profit": 335, "limit": 6208, "timest": 1701008966}, "\u2605 Broken Fang Gloves | Yellow-banded (Field-Tested)": {"sugprice": 6324.573333333334, "profit": 353, "limit": 5707, "timest": 1701052576}, "\u2605 Hydra Gloves | Mangrove (Battle-Scarred)": {"sugprice": 3986.2018367346936, "profit": 259, "limit": 3597, "timest": 1701052637}, "\u2605 Hydra Gloves | Mangrove (Well-Worn)": {"sugprice": 4033.333076923077, "profit": 201, "limit": 3640, "timest": 1701042517}, "StatTrak\u2122 P90 | Asiimov (Battle-Scarred)": {"sugprice": 1534, "profit": 121, "limit": 1384, "timest": 1701025901}, "\u2605 Hand Wraps | Desert Shamagh (Field-Tested)": {"sugprice": 4867.979387755101, "profit": 371, "limit": 4393, "timest": 1701052619}, "\u2605 Moto Gloves | Transport (Battle-Scarred)": {"sugprice": 5252.462558139535, "profit": 344, "limit": 4740, "timest": 1701052661}, "USP-S | The Traitor (Minimal Wear)": {"sugprice": 1327.7943243243244, "profit": 111, "limit": 1198, "timest": 1701045224}, "USP-S | Printstream (Well-Worn)": {"sugprice": 2687.479999999999, "profit": 145, "limit": 2425, "timest": 1701052540}, "\u2605 Hand Wraps | Duct Tape (Field-Tested)": {"sugprice": 5253.649411764706, "profit": 368, "limit": 4741, "timest": 1701052625}, "\u2605 Broken Fang Gloves | Unhinged (Battle-Scarred)": {"sugprice": 5009.9842499999995, "profit": 302, "limit": 4521, "timest": 1701038458}, "\u2605 Hand Wraps | Arboreal (Field-Tested)": {"sugprice": 5694.505789473685, "profit": 478, "limit": 5139, "timest": 1701052609}, "USP-S | Kill Confirmed (Battle-Scarred)": {"sugprice": 2918.309767441861, "profit": 189, "limit": 2633, "timest": 1700985872}, "\u2605 Hand Wraps | Giraffe (Battle-Scarred)": {"sugprice": 5983.925294117647, "profit": 300, "limit": 5400, "timest": 1701039552}, "USP-S | Neo-Noir (Well-Worn)": {"sugprice": 1444.1242857142859, "profit": 132, "limit": 1303, "timest": 1701052524}, "\u2605 Gut Knife | Rust Coat (Battle-Scarred)": {"sugprice": 7549.584736842105, "profit": 408, "limit": 6813, "timest": 1701016149}, "\u2605 Moto Gloves | Smoke Out (Battle-Scarred)": {"sugprice": 6803.849565217391, "profit": 333, "limit": 6140, "timest": 1701023877}, "\u2605 Hydra Gloves | Rattler (Battle-Scarred)": {"sugprice": 3976.631489361702, "profit": 308, "limit": 3588, "timest": 1701052643}, "StatTrak\u2122 SSG 08 | Dragonfire (Field-Tested)": {"sugprice": 3219.6146000000003, "profit": 333, "limit": 2905, "timest": 1701052440}, "\u2605 Broken Fang Gloves | Jade (Battle-Scarred)": {"sugprice": 6972.468125, "profit": 423, "limit": 6292, "timest": 1700997874}, "\u2605 Hydra Gloves | Rattler (Well-Worn)": {"sugprice": 4404.6918749999995, "profit": 284, "limit": 3975, "timest": 1700993982}, "StatTrak\u2122 USP-S | Neo-Noir (Field-Tested)": {"sugprice": 3201.6285714285714, "profit": 257, "limit": 2889, "timest": 1701052470}, "\u2605 Bloodhound Gloves | Guerrilla (Field-Tested)": {"sugprice": 5909.524444444443, "profit": 313, "limit": 5333, "timest": 1701052557}, "\u2605 Gut Knife | Bright Water (Field-Tested)": {"sugprice": 8214.159000000003, "profit": 582, "limit": 7413, "timest": 1701052595}, "\u2605 Hand Wraps | Constrictor (Field-Tested)": {"sugprice": 4769.488571428572, "profit": 263, "limit": 4304, "timest": 1701035271}, "\u2605 Hand Wraps | Desert Shamagh (Well-Worn)": {"sugprice": 4709.966428571429, "profit": 258, "limit": 4250, "timest": 1701052621}, "\u2605 Navaja Knife | Night Stripe (Field-Tested)": {"sugprice": 6925.424545454545, "profit": 529, "limit": 6250, "timest": 1701052681}, "\u2605 Navaja Knife | Urban Masked (Field-Tested)": {"sugprice": 6894.60888888889, "profit": 465, "limit": 6222, "timest": 1701052742}, "\u2605 Survival Knife | Scorched (Field-Tested)": {"sugprice": 7602.025000000001, "profit": 569, "limit": 6860, "timest": 1701052860}, "\u2605 Moto Gloves | 3rd Commando Company (Field-Tested)": {"sugprice": 5553.0695, "profit": 421, "limit": 5011, "timest": 1701052649}, "StatTrak\u2122 USP-S | Neo-Noir (Battle-Scarred)": {"sugprice": 3068.8908333333334, "profit": 196, "limit": 2769, "timest": 1701052468}, "StatTrak\u2122 USP-S | The Traitor (Battle-Scarred)": {"sugprice": 1858.309, "profit": 184, "limit": 1677, "timest": 1701052477}, "\u2605 Driver Gloves | Convoy (Battle-Scarred)": {"sugprice": 6076.433076923076, "profit": 291, "limit": 5483, "timest": 1700988787}, "USP-S | Neo-Noir (Minimal Wear)": {"sugprice": 1526.45, "profit": 107, "limit": 1377, "timest": 1701002939}, "USP-S | Kill Confirmed (Field-Tested)": {"sugprice": 3174.0505263157897, "profit": 230, "limit": 2864, "timest": 1701052512}, "\u2605 Driver Gloves | Queen Jaguar (Battle-Scarred)": {"sugprice": 5292.547857142858, "profit": 307, "limit": 4776, "timest": 1701052583}, "\u2605 Hand Wraps | Desert Shamagh (Battle-Scarred)": {"sugprice": 4752.073157894735, "profit": 264, "limit": 4288, "timest": 1701052617}, "\u2605 Shadow Daggers | Freehand (Field-Tested)": {"sugprice": 8709.935, "profit": 419, "limit": 7860, "timest": 1701002426}, "\u2605 Specialist Gloves | Buckshot (Battle-Scarred)": {"sugprice": 4861.141764705883, "profit": 236, "limit": 4387, "timest": 1701033310}, "USP-S | Orion (Minimal Wear)": {"sugprice": 3996.1106, "profit": 371, "limit": 3606, "timest": 1701052530}, "USP-S | Caiman (Field-Tested)": {"sugprice": 3232.138163265306, "profit": 271, "limit": 2917, "timest": 1701052506}, "\u2605 Sport Gloves | Bronze Morph (Battle-Scarred)": {"sugprice": 9930.814285714283, "profit": 476, "limit": 8962, "timest": 1701017777}, "\u2605 Bloodhound Gloves | Guerrilla (Battle-Scarred)": {"sugprice": 6168.211923076923, "profit": 502, "limit": 5566, "timest": 1701052555}, "USP-S | Printstream (Minimal Wear)": {"sugprice": 4115.11925925926, "profit": 209, "limit": 3713, "timest": 1701028728}, "\u2605 Moto Gloves | Turtle (Battle-Scarred)": {"sugprice": 7895.0, "profit": 691, "limit": 7125, "timest": 1701052665}, "\u2605 Hand Wraps | Arboreal (Battle-Scarred)": {"sugprice": 5232.076969696969, "profit": 343, "limit": 4721, "timest": 1701052607}, "\u2605 Broken Fang Gloves | Yellow-banded (Battle-Scarred)": {"sugprice": 5696.840400000002, "profit": 387, "limit": 5141, "timest": 1701052574}, "StatTrak\u2122 USP-S | Printstream (Battle-Scarred)": {"sugprice": 4402.837906976744, "profit": 326, "limit": 3973, "timest": 1701052472}, "USP-S | Overgrowth (Field-Tested)": {"sugprice": 1666.3613636363639, "profit": 158, "limit": 1503, "timest": 1701052532}, "StatTrak\u2122 USP-S | Stainless (Battle-Scarred)": {"sugprice": 1027.1290625000001, "profit": 115, "limit": 926, "timest": 1701052475}, "\u2605 Broken Fang Gloves | Needle Point (Battle-Scarred)": {"sugprice": 4923, "profit": 272, "limit": 4443, "timest": 1701052563}, "\u2605 Navaja Knife | Damascus Steel (Field-Tested)": {"sugprice": 7285.525555555555, "profit": 589, "limit": 6575, "timest": 1701052671},