{"StatTrak\u2122 M4A4 | The Emperor (Battle-Scarred)": {"sugprice": 2703.2288636363633, "profit": 211, "limit": 2439, "timest": 1702770904}, "StatTrak\u2122 M4A4 | \u9f8d\u738b (Dragon King) (Field-Tested)": {"sugprice": 1532.5999999999997, "profit": 144, "limit": 1383, "timest": 1702768441}, "StatTrak\u2122 MAC-10 | Toybox (Battle-Scarred)": {"sugprice": 559.6728571428571, "profit": 100, "limit": 505, "timest": 1702767443}, "StatTrak\u2122 MP7 | Bloodsport (Factory New)": {"sugprice": 1365.7784210526315, "profit": 142, "limit": 1232, "timest": 1702770928}, "StatTrak\u2122 MP9 | Hypnotic (Factory New)": {"sugprice": 3485.1558139534886, "profit": 292, "limit": 3145, "timest": 1702770949}, "StatTrak\u2122 P90 | Asiimov (Battle-Scarred)": {"sugprice": 1478.9824324324322, "profit": 156, "limit": 1334, "timest": 1702770984}, "StatTrak\u2122 PP-Bizon | Judgement of Anubis (Field-Tested)": {"sugprice": 1001.6089285714286, "profit": 124, "limit": 903, "timest": 1702770987}, "StatTrak\u2122 SSG 08 | Bloodshot (Field-Tested)": {"sugprice": 1989.7644444444445, "profit": 177, "limit": 1795, "timest": 1702770994}, "StatTrak\u2122 Tec-9 | Decimator (Battle-Scarred)": {"sugprice": 1919.57375, "profit": 164, "limit": 1732, "timest": 1702771006}, "StatTrak\u2122 USP-S | Neo-Noir (Battle-Scarred)": {"sugprice": 3059.8725806451607, "profit": 147, "limit": 2761, "timest": 1702752271}, "StatTrak\u2122 USP-S | Neo-Noir (Field-Tested)": {"sugprice": 3150.9879166666665, "profit": 238, "limit": 2843, "timest": 1702771041}, "StatTrak\u2122 USP-S | The Traitor (Battle-Scarred)": {"sugprice": 2018.4962162162162, "profit": 146, "limit": 1821, "timest": 1702727930}, "Tec-9 | Nuclear Threat (Battle-Scarred)": {"sugprice": 3474.45375, "profit": 456, "limit": 3135, "timest": 1702771054}, "USP-S | Kill Confirmed (Battle-Scarred)": {"sugprice": 3038.4892, "profit": 165, "limit": 2742, "timest": 1702771080}, "USP-S | Kill Confirmed (Well-Worn)": {"sugprice": 3115.977826086956, "profit": 180, "limit": 2812, "timest": 1702760258}, "USP-S | Neo-Noir (Factory New)": {"sugprice": 3201.4112, "profit": 174, "limit": 2889, "timest": 1702770327}, "USP-S | The Traitor (Minimal Wear)": {"sugprice": 1441.4603448275857, "profit": 100, "limit": 1300, "timest": 1702763781}, "\u2605 Bloodhound Gloves | Bronzed (Battle-Scarred)": {"sugprice": 6371.88375, "profit": 424, "limit": 5750, "timest": 1702771133}, "\u2605 Bloodhound Gloves | Guerrilla (Battle-Scarred)": {"sugprice": 6158.415, "profit": 414, "limit": 5557, "timest": 1702771138}, "\u2605 Broken Fang Gloves | Needle Point (Battle-Scarred)": {"sugprice": 4955.48347826087, "profit": 253, "limit": 4472, "timest": 1702771152}, "\u2605 Broken Fang Gloves | Needle Point (Well-Worn)": {"sugprice": 5056.1466666666665, "profit": 303, "limit": 4563, "timest": 1702743767}, "\u2605 Broken Fang Gloves | Yellow-banded (Battle-Scarred)": {"sugprice": 6097.635833333334, "profit": 390, "limit": 5503, "timest": 1702742093}, "\u2605 Broken Fang Gloves | Yellow-banded (Field-Tested)": {"sugprice": 6248.705625, "profit": 301, "limit": 5639, "timest": 1702750691}, "\u2605 Driver Gloves | Convoy (Field-Tested)": {"sugprice": 6312.714074074074, "profit": 308, "limit": 5697, "timest": 1702771165}, "\u2605 Driver Gloves | Diamondback (Battle-Scarred)": {"sugprice": 7029, "profit": 739, "limit": 6343, "timest": 1702767040}, "\u2605 Driver Gloves | Queen Jaguar (Battle-Scarred)": {"sugprice": 5607.173999999999, "profit": 296, "limit": 5060, "timest": 1702771172}, "\u2605 Falchion Knife | Rust Coat (Battle-Scarred)": {"sugprice": 8725.323333333336, "profit": 621, "limit": 7874, "timest": 1702771198}, "\u2605 Falchion Knife | Ultraviolet (Battle-Scarred)": {"sugprice": 10020.448, "profit": 744, "limit": 9043, "timest": 1702761857}, "\u2605 Gut Knife | Bright Water (Field-Tested)": {"sugprice": 8753.101764705883, "profit": 549, "limit": 7899, "timest": 1702771203}, "\u2605 Hand Wraps | Arboreal (Field-Tested)": {"sugprice": 5903.79590909091, "profit": 339, "limit": 5328, "timest": 1702771215}, "\u2605 Hand Wraps | Badlands (Battle-Scarred)": {"sugprice": 7338.52, "profit": 535, "limit": 6623, "timest": 1702771217}, "\u2605 Hand Wraps | Desert Shamagh (Battle-Scarred)": {"sugprice": 5064.865399999999, "profit": 256, "limit": 4571, "timest": 1702771226}, "\u2605 Hand Wraps | Giraffe (Battle-Scarred)": {"sugprice": 5435, "profit": 261, "limit": 4905, "timest": 1702744914}, "\u2605 Huntsman Knife | Ultraviolet (Field-Tested)": {"sugprice": 9849.295263157897, "profit": 517, "limit": 8888, "timest": 1702765968}, "\u2605 Hydra Gloves | Case Hardened (Battle-Scarred)": {"sugprice": 7340.396923076923, "profit": 482, "limit": 6624, "timest": 1702771250}, "\u2605 Hydra Gloves | Mangrove (Field-Tested)": {"sugprice": 4044.123043478261, "profit": 212, "limit": 3649, "timest": 1702767729}, "\u2605 Hydra Gloves | Rattler (Battle-Scarred)": {"sugprice": 4103.978636363636, "profit": 248, "limit": 3703, "timest": 1702760408}, "\u2605 Moto Gloves | 3rd Commando Company (Battle-Scarred)": {"sugprice": 5038.5402040816325, "profit": 251, "limit": 4547, "timest": 1702745728}, "\u2605 Moto Gloves | Boom! (Battle-Scarred)": {"sugprice": 7078.192916666666, "profit": 623, "limit": 6388, "timest": 1702771287}, "\u2605 Moto Gloves | Finish Line (Battle-Scarred)": {"sugprice": 7389.204761904763, "profit": 353, "limit": 6668, "timest": 1702744470}, "\u2605 Moto Gloves | POW! (Battle-Scarred)": {"sugprice": 8258.653333333332, "profit": 417, "limit": 7453, "timest": 1702739313}, "\u2605 Moto Gloves | Smoke Out (Battle-Scarred)": {"sugprice": 7263.739655172412, "profit": 649, "limit": 6555, "timest": 1702745744}, "\u2605 Moto Gloves | Transport (Field-Tested)": {"sugprice": 5658.749999999999, "profit": 314, "limit": 5107, "timest": 1702767760}, "\u2605 Navaja Knife | Marble Fade (Factory New)": {"sugprice": 14840.719999999998, "profit": 803, "limit": 13393, "timest": 1702732369}, "\u2605 Navaja Knife | Night Stripe (Field-Tested)": {"sugprice": 7033.493076923077, "profit": 431, "limit": 6347, "timest": 1702771305}, "\u2605 Navaja Knife | Rust Coat (Battle-Scarred)": {"sugprice": 6869.186666666667, "profit": 391, "limit": 6199, "timest": 1702771307}, "\u2605 Navaja Knife | Safari Mesh (Battle-Scarred)": {"sugprice": 6807.486923076924, "profit": 449, "limit": 6143, "timest": 1702754028}, "\u2605 Navaja Knife | Scorched (Field-Tested)": {"sugprice": 6958.983333333333, "profit": 452, "limit": 6280, "timest": 1702754499}, "\u2605 Navaja Knife | Stained (Battle-Scarred)": {"sugprice": 7054.01375, "profit": 341, "limit": 6366, "timest": 1702714427}, "\u2605 Navaja Knife | Ultraviolet (Field-Tested)": {"sugprice": 7426.115789473685, "profit": 420, "limit": 6702, "timest": 1702771323}, "\u2605 Navaja Knife | Urban Masked (Field-Tested)": {"sugprice": 6938.301538461538, "profit": 395, "limit": 6261, "timest": 1702738841}, "\u2605 Paracord Knife | Forest DDPAT (Field-Tested)": {"sugprice": 8369.098666666667, "profit": 399, "limit": 7553, "timest": 1702771327}, "\u2605 Paracord Knife | Scorched (Field-Tested)": {"sugprice": 7671.345789473685, "profit": 557, "limit": 6923, "timest": 1702771330}, "\u2605 Shadow Daggers | Bright Water (Field-Tested)": {"sugprice": 7671.40935483871, "profit": 373, "limit": 6923, "timest": 1702766112}, "\u2605 Shadow Daggers | Freehand (Field-Tested)": {"sugprice": 8926.442580645162, "profit": 480, "limit": 8056, "timest": 1702760480}, "\u2605 Shadow Daggers | Rust Coat (Battle-Scarred)": {"sugprice": 6984.219130434782, "profit": 433, "limit": 6303, "timest": 1702771342}, "\u2605 Shadow Daggers | Ultraviolet (Battle-Scarred)": {"sugprice": 7627.694166666667, "profit": 383, "limit": 6883, "timest": 1702760488}, "\u2605 Shadow Daggers | Ultraviolet (Field-Tested)": {"sugprice": 9008, "profit": 451, "limit": 8129, "timest": 1702764657}, "\u2605 Sport Gloves | Bronze Morph (Battle-Scarred)": {"sugprice": 10350.284, "profit": 566, "limit": 9341, "timest": 1702771361},