{"USP-S | Kill Confirmed (Well-Worn)": {"sugprice": 2924.6743750000005, "profit": 304, "limit": 2639, "timest": 1700514437}, "\u2605 Navaja Knife | Scorched (Field-Tested)": {"sugprice": 6658.909666666668, "profit": 479, "limit": 6009, "timest": 1700514611}, "\u2605 Driver Gloves | Racing Green (Battle-Scarred)": {"sugprice": 3978.245531914893, "profit": 418, "limit": 3590, "timest": 1700514528}, "StatTrak\u2122 M4A4 | The Emperor (Battle-Scarred)": {"sugprice": 2290.4267567567563, "profit": 174, "limit": 2067, "timest": 1700514150}, "StatTrak\u2122 USP-S | The Traitor (Well-Worn)": {"sugprice": 2100.0299999999997, "profit": 224, "limit": 1895, "timest": 1700514399}, "USP-S | Whiteout (Minimal Wear)": {"sugprice": 2617, "profit": 434, "limit": 2361, "timest": 1700514487}, "\u2605 Broken Fang Gloves | Needle Point (Field-Tested)": {"sugprice": 5782.55806451613, "profit": 493, "limit": 5218, "timest": 1700514504}, "\u2605 Driver Gloves | Racing Green (Well-Worn)": {"sugprice": 3987.1664999999994, "profit": 321, "limit": 3598, "timest": 1700514532}, "\u2605 Hand Wraps | Constrictor (Battle-Scarred)": {"sugprice": 4670.209999999999, "profit": 426, "limit": 4214, "timest": 1700514557}, "\u2605 Hydra Gloves | Rattler (Field-Tested)": {"sugprice": 4081.671632653061, "profit": 277, "limit": 3683, "timest": 1700512849}, "\u2605 Moto Gloves | Finish Line (Battle-Scarred)": {"sugprice": 6766.40375, "profit": 423, "limit": 6106, "timest": 1700514593}, "\u2605 Navaja Knife | Forest DDPAT (Field-Tested)": {"sugprice": 6803.6789285714285, "profit": 337, "limit": 6140, "timest": 1700514602}, "\u2605 Navaja Knife | Safari Mesh (Field-Tested)": {"sugprice": 7149.8008, "profit": 640, "limit": 6452, "timest": 1700514610}, "\u2605 Shadow Daggers | Bright Water (Field-Tested)": {"sugprice": 7167.1445, "profit": 646, "limit": 6468, "timest": 1700472272}, "\u2605 Shadow Daggers | Rust Coat (Battle-Scarred)": {"sugprice": 6594.932272727273, "profit": 332, "limit": 5951, "timest": 1700511431}, "\u2605 Broken Fang Gloves | Yellow-banded (Field-Tested)": {"sugprice": 6225.671333333334, "profit": 380, "limit": 5618, "timest": 1700514516}, "Vypa Sista of the Revolution | Guerrilla Warfare": {"sugprice": 1612.241538461538, "profit": 232, "limit": 1455, "timest": 1700514489}, "StatTrak\u2122 M4A4 | \u9f8d\u738b (Dragon King) (Battle-Scarred)": {"sugprice": 1426.069666666667, "profit": 108, "limit": 1287, "timest": 1700514163}, "\u2605 Hydra Gloves | Mangrove (Battle-Scarred)": {"sugprice": 3957.6330952380968, "profit": 252, "limit": 3571, "timest": 1700514580}, "\u2605 Hydra Gloves | Mangrove (Well-Worn)": {"sugprice": 4157, "profit": 347, "limit": 3751, "timest": 1700514582}, "\u2605 Shadow Daggers | Scorched (Field-Tested)": {"sugprice": 7106, "profit": 488, "limit": 6413, "timest": 1700514629}, "StatTrak\u2122 M4A4 | Desolate Space (Battle-Scarred)": {"sugprice": 1213.6017073170733, "profit": 152, "limit": 1095, "timest": 1700486880}, "StatTrak\u2122 P90 | Asiimov (Battle-Scarred)": {"sugprice": 1460.536785714286, "profit": 113, "limit": 1318, "timest": 1700514294}, "\u2605 Hand Wraps | Desert Shamagh (Field-Tested)": {"sugprice": 4984.093191489362, "profit": 470, "limit": 4498, "timest": 1700514565}, "\u2605 Gut Knife | Forest DDPAT (Field-Tested)": {"sugprice": 7230.2212500000005, "profit": 658, "limit": 6525, "timest": 1700514542}, "\u2605 Moto Gloves | Transport (Battle-Scarred)": {"sugprice": 5307.62090909091, "profit": 422, "limit": 4790, "timest": 1700514596}, "USP-S | The Traitor (Minimal Wear)": {"sugprice": 1366, "profit": 132, "limit": 1232, "timest": 1700514482}, "USP-S | Printstream (Well-Worn)": {"sugprice": 2574, "profit": 266, "limit": 2323, "timest": 1700514465}, "\u2605 Driver Gloves | Racing Green (Field-Tested)": {"sugprice": 3935.738571428572, "profit": 232, "limit": 3552, "timest": 1700514530}, "\u2605 Hand Wraps | Duct Tape (Field-Tested)": {"sugprice": 5333, "profit": 461, "limit": 4813, "timest": 1700514570}, "USP-S | Monster Mashup (Well-Worn)": {"sugprice": 1269.8316666666667, "profit": 121, "limit": 1146, "timest": 1700499761}, "\u2605 Broken Fang Gloves | Unhinged (Battle-Scarred)": {"sugprice": 5166.99530612245, "profit": 464, "limit": 4663, "timest": 1700514508}, "\u2605 Hand Wraps | Arboreal (Field-Tested)": {"sugprice": 5825.781212121213, "profit": 532, "limit": 5257, "timest": 1700514553}, "USP-S | Kill Confirmed (Battle-Scarred)": {"sugprice": 2857.9206, "profit": 161, "limit": 2579, "timest": 1700514431}, "USP-S | Serum (Field-Tested)": {"sugprice": 3512.342777777778, "profit": 408, "limit": 3169, "timest": 1700514473}, "\u2605 Hand Wraps | Giraffe (Battle-Scarred)": {"sugprice": 5671.996800000001, "profit": 597, "limit": 5118, "timest": 1700514572}, "USP-S | Neo-Noir (Well-Worn)": {"sugprice": 1447.328, "profit": 120, "limit": 1306, "timest": 1700514451}, "\u2605 Survival Knife | Safari Mesh (Field-Tested)": {"sugprice": 7619.927000000001, "profit": 711, "limit": 6876, "timest": 1700514649}, "\u2605 Hydra Gloves | Case Hardened (Field-Tested)": {"sugprice": 7872.418571428571, "profit": 698, "limit": 7104, "timest": 1700514578}, "\u2605 Gut Knife | Rust Coat (Battle-Scarred)": {"sugprice": 8089.537500000001, "profit": 824, "limit": 7300, "timest": 1700514546}, "\u2605 Moto Gloves | Smoke Out (Battle-Scarred)": {"sugprice": 6815.1860000000015, "profit": 674, "limit": 6150, "timest": 1700514594}, "\u2605 Hydra Gloves | Rattler (Battle-Scarred)": {"sugprice": 4085.3285365853667, "profit": 431, "limit": 3687, "timest": 1700514584}, "StatTrak\u2122 SSG 08 | Dragonfire (Field-Tested)": {"sugprice": 3326, "profit": 270, "limit": 3001, "timest": 1700514343}, "\u2605 Specialist Gloves | Forest DDPAT (Battle-Scarred)": {"sugprice": 7656.322999999999, "profit": 797, "limit": 6909, "timest": 1700514639}, "StatTrak\u2122 M4A4 | Desert-Strike (Field-Tested)": {"sugprice": 1494.7402564102565, "profit": 313, "limit": 1349, "timest": 1700514023}, "\u2605 Broken Fang Gloves | Jade (Battle-Scarred)": {"sugprice": 7028, "profit": 428, "limit": 6342, "timest": 1700514500}, "StatTrak\u2122 M4A4 | Temukau (Battle-Scarred)": {"sugprice": 2430.5566666666664, "profit": 147, "limit": 2193, "timest": 1700514092}, "\u2605 Hydra Gloves | Rattler (Well-Worn)": {"sugprice": 4783, "profit": 510, "limit": 4316, "timest": 1700514588}, "StatTrak\u2122 USP-S | Neo-Noir (Field-Tested)": {"sugprice": 2969.138823529411, "profit": 281, "limit": 2679, "timest": 1700514391}, "\u2605 Bloodhound Gloves | Guerrilla (Field-Tested)": {"sugprice": 6034.583157894737, "profit": 421, "limit": 5446, "timest": 1700509135}, "\u2605 Broken Fang Gloves | Unhinged (Well-Worn)": {"sugprice": 4819.5775, "profit": 272, "limit": 4349, "timest": 1700492208}, "\u2605 Gut Knife | Boreal Forest (Field-Tested)": {"sugprice": 7012.903750000001, "profit": 514, "limit": 6329, "timest": 1700514536}, "\u2605 Gut Knife | Bright Water (Field-Tested)": {"sugprice": 8237.231666666668, "profit": 397, "limit": 7434, "timest": 1700514538}, "\u2605 Gut Knife | Safari Mesh (Field-Tested)": {"sugprice": 7008.04142857143, "profit": 453, "limit": 6324, "timest": 1700513503}, "\u2605 Hand Wraps | Constrictor (Field-Tested)": {"sugprice": 4958, "profit": 521, "limit": 4474, "timest": 1700514559}, "\u2605 Hand Wraps | Desert Shamagh (Well-Worn)": {"sugprice": 4914.191428571428, "profit": 436, "limit": 4435, "timest": 1700514567}, "\u2605 Navaja Knife | Night Stripe (Field-Tested)": {"sugprice": 6732.556538461538, "profit": 425, "limit": 6076, "timest": 1700514607}, "\u2605 Navaja Knife | Tiger Tooth (Factory New)": {"sugprice": 11381.693846153848, "profit": 901, "limit": 10271, "timest": 1700514616}, "\u2605 Navaja Knife | Urban Masked (Field-Tested)": {"sugprice": 6848.454444444444, "profit": 527, "limit": 6180, "timest": 1700514618}, "\u2605 Shadow Daggers | Tiger Tooth (Factory New)": {"sugprice": 13540, "profit": 1458, "limit": 12219, "timest": 1700514632},