{"USP-S | Kill Confirmed (Well-Worn)": {"sugprice": 2915.015777777779, "profit": 299, "limit": 2630, "timest": 1700590190}, "\u2605 Navaja Knife | Scorched (Field-Tested)": {"sugprice": 6743.114347826087, "profit": 775, "limit": 6085, "timest": 1700590529}, "\u2605 Driver Gloves | Racing Green (Battle-Scarred)": {"sugprice": 3837.6360000000013, "profit": 480, "limit": 3463, "timest": 1700590281}, "StatTrak\u2122 M4A4 | The Emperor (Battle-Scarred)": {"sugprice": 2279.1754285714283, "profit": 138, "limit": 2056, "timest": 1700590048}, "StatTrak\u2122 USP-S | The Traitor (Well-Worn)": {"sugprice": 2012.4759999999999, "profit": 156, "limit": 1816, "timest": 1700590155}, "USP-S | Whiteout (Minimal Wear)": {"sugprice": 2324, "profit": 182, "limit": 2097, "timest": 1700584779}, "\u2605 Broken Fang Gloves | Needle Point (Field-Tested)": {"sugprice": 5667.4346153846145, "profit": 696, "limit": 5114, "timest": 1700590256}, "\u2605 Driver Gloves | Racing Green (Well-Worn)": {"sugprice": 3891.483125, "profit": 207, "limit": 3512, "timest": 1700590285}, "\u2605 Hand Wraps | Constrictor (Battle-Scarred)": {"sugprice": 4587.4651428571415, "profit": 267, "limit": 4140, "timest": 1700586284}, "\u2605 Hydra Gloves | Rattler (Field-Tested)": {"sugprice": 4111.912978723405, "profit": 206, "limit": 3711, "timest": 1700589551}, "\u2605 Moto Gloves | Finish Line (Battle-Scarred)": {"sugprice": 6798.6134999999995, "profit": 537, "limit": 6135, "timest": 1700590446}, "\u2605 Navaja Knife | Forest DDPAT (Field-Tested)": {"sugprice": 6791.8440740740725, "profit": 462, "limit": 6129, "timest": 1700590477}, "\u2605 Navaja Knife | Safari Mesh (Field-Tested)": {"sugprice": 7001.064545454546, "profit": 559, "limit": 6318, "timest": 1700590520}, "\u2605 Shadow Daggers | Bright Water (Field-Tested)": {"sugprice": 7629.585714285715, "profit": 629, "limit": 6885, "timest": 1700590584}, "\u2605 Shadow Daggers | Rust Coat (Battle-Scarred)": {"sugprice": 6500.536666666666, "profit": 443, "limit": 5866, "timest": 1700574732}, "\u2605 Broken Fang Gloves | Yellow-banded (Field-Tested)": {"sugprice": 6245.408235294117, "profit": 682, "limit": 5636, "timest": 1700590269}, "Vypa Sista of the Revolution | Guerrilla Warfare": {"sugprice": 1573.55125, "profit": 180, "limit": 1420, "timest": 1700590242}, "StatTrak\u2122 M4A4 | \u9f8d\u738b (Dragon King) (Battle-Scarred)": {"sugprice": 1419.6978378378378, "profit": 121, "limit": 1281, "timest": 1700589044}, "\u2605 Hydra Gloves | Mangrove (Battle-Scarred)": {"sugprice": 3965.1554761904754, "profit": 259, "limit": 3578, "timest": 1700571982}, "\u2605 Hydra Gloves | Mangrove (Well-Worn)": {"sugprice": 4236.86, "profit": 474, "limit": 3823, "timest": 1700590393}, "\u2605 Shadow Daggers | Scorched (Field-Tested)": {"sugprice": 6845, "profit": 710, "limit": 6177, "timest": 1700590599}, "StatTrak\u2122 M4A4 | Desolate Space (Battle-Scarred)": {"sugprice": 1216.7765999999997, "profit": 112, "limit": 1098, "timest": 1700590023}, "StatTrak\u2122 P90 | Asiimov (Battle-Scarred)": {"sugprice": 1480.237, "profit": 123, "limit": 1335, "timest": 1700590094}, "\u2605 Hand Wraps | Desert Shamagh (Field-Tested)": {"sugprice": 4941.097894736843, "profit": 294, "limit": 4459, "timest": 1700590327}, "\u2605 Gut Knife | Forest DDPAT (Field-Tested)": {"sugprice": 7112.78, "profit": 750, "limit": 6419, "timest": 1700590295}, "\u2605 Moto Gloves | Transport (Battle-Scarred)": {"sugprice": 5049, "profit": 568, "limit": 4556, "timest": 1700590460}, "USP-S | The Traitor (Minimal Wear)": {"sugprice": 1355.2422727272726, "profit": 172, "limit": 1223, "timest": 1700590234}, "USP-S | Printstream (Well-Worn)": {"sugprice": 2571.9105555555557, "profit": 269, "limit": 2321, "timest": 1700574293}, "\u2605 Driver Gloves | Racing Green (Field-Tested)": {"sugprice": 3763.7543902439024, "profit": 325, "limit": 3396, "timest": 1700580645}, "\u2605 Hand Wraps | Duct Tape (Field-Tested)": {"sugprice": 5316.269285714285, "profit": 626, "limit": 4797, "timest": 1700590347}, "\u2605 Broken Fang Gloves | Unhinged (Battle-Scarred)": {"sugprice": 5121.874090909091, "profit": 585, "limit": 4622, "timest": 1700590260}, "\u2605 Hand Wraps | Arboreal (Field-Tested)": {"sugprice": 5779.304285714286, "profit": 677, "limit": 5215, "timest": 1700590304}, "USP-S | Kill Confirmed (Battle-Scarred)": {"sugprice": 2760.0441304347833, "profit": 134, "limit": 2490, "timest": 1700589388}, "USP-S | Serum (Field-Tested)": {"sugprice": 3472.5473333333334, "profit": 342, "limit": 3133, "timest": 1700590226}, "\u2605 Hand Wraps | Giraffe (Battle-Scarred)": {"sugprice": 5687.655882352941, "profit": 573, "limit": 5133, "timest": 1700590361}, "USP-S | Neo-Noir (Well-Worn)": {"sugprice": 1386, "profit": 116, "limit": 1250, "timest": 1700580566}, "\u2605 Survival Knife | Safari Mesh (Field-Tested)": {"sugprice": 7455.9114285714295, "profit": 621, "limit": 6728, "timest": 1700590657}, "\u2605 Hydra Gloves | Case Hardened (Field-Tested)": {"sugprice": 7662.816000000001, "profit": 625, "limit": 6915, "timest": 1700580692}, "\u2605 Gut Knife | Rust Coat (Battle-Scarred)": {"sugprice": 7855.29125, "profit": 530, "limit": 7089, "timest": 1700590297}, "\u2605 Moto Gloves | Smoke Out (Battle-Scarred)": {"sugprice": 6657, "profit": 564, "limit": 6007, "timest": 1700590457}, "\u2605 Hydra Gloves | Rattler (Battle-Scarred)": {"sugprice": 4101.251162790697, "profit": 196, "limit": 3701, "timest": 1700590400}, "StatTrak\u2122 SSG 08 | Dragonfire (Field-Tested)": {"sugprice": 3136, "profit": 223, "limit": 2830, "timest": 1700590112}, "\u2605 Specialist Gloves | Forest DDPAT (Battle-Scarred)": {"sugprice": 7573.837647058825, "profit": 651, "limit": 6835, "timest": 1700590630}, "StatTrak\u2122 M4A4 | Desert-Strike (Field-Tested)": {"sugprice": 1443.4239285714284, "profit": 242, "limit": 1302, "timest": 1700590020}, "\u2605 Broken Fang Gloves | Jade (Battle-Scarred)": {"sugprice": 7068, "profit": 728, "limit": 6378, "timest": 1700590252}, "StatTrak\u2122 M4A4 | Temukau (Battle-Scarred)": {"sugprice": 2349.8661111111114, "profit": 179, "limit": 2120, "timest": 1700590042}, "\u2605 Hydra Gloves | Rattler (Well-Worn)": {"sugprice": 4816.368333333333, "profit": 371, "limit": 4346, "timest": 1700590434}, "StatTrak\u2122 USP-S | Neo-Noir (Field-Tested)": {"sugprice": 2966.6722222222224, "profit": 219, "limit": 2677, "timest": 1700590147}, "\u2605 Bloodhound Gloves | Guerrilla (Field-Tested)": {"sugprice": 5986.481363636363, "profit": 363, "limit": 5402, "timest": 1700590248}, "\u2605 Broken Fang Gloves | Unhinged (Well-Worn)": {"sugprice": 4893.31625, "profit": 357, "limit": 4416, "timest": 1700588575}, "\u2605 Gut Knife | Boreal Forest (Field-Tested)": {"sugprice": 7019.042222222222, "profit": 488, "limit": 6334, "timest": 1700590289}, "\u2605 Gut Knife | Bright Water (Field-Tested)": {"sugprice": 8142.074545454543, "profit": 604, "limit": 7348, "timest": 1700590291}, "\u2605 Gut Knife | Safari Mesh (Field-Tested)": {"sugprice": 7159.846315789475, "profit": 851, "limit": 6461, "timest": 1700590298}, "\u2605 Hand Wraps | Constrictor (Field-Tested)": {"sugprice": 4893.7058333333325, "profit": 483, "limit": 4416, "timest": 1700590310}, "\u2605 Hand Wraps | Desert Shamagh (Well-Worn)": {"sugprice": 5055.173333333334, "profit": 558, "limit": 4562, "timest": 1700590337}, "\u2605 Navaja Knife | Night Stripe (Field-Tested)": {"sugprice": 6739.597333333334, "profit": 851, "limit": 6082, "timest": 1700590491}, "\u2605 Navaja Knife | Tiger Tooth (Factory New)": {"sugprice": 11053.735, "profit": 756, "limit": 9975, "timest": 1700590554}, "\u2605 Navaja Knife | Urban Masked (Field-Tested)": {"sugprice": 6717.887777777778, "profit": 671, "limit": 6062, "timest": 1700590558}, "\u2605 Shadow Daggers | Tiger Tooth (Factory New)": {"sugprice": 13131, "profit": 1312, "limit": 11850, "timest": 1700590604}, "\u2605 Survival Knife | Boreal Forest (Field-Tested)": {"sugprice": 7947.018888888891, "profit": 800, "limit": 7172, "timest": 1700590648},