{"USP-S | Kill Confirmed (Well-Worn)": {"sugprice": 3028.178157894737, "profit": 147, "limit": 2732, "timest": 1701616279}, "\u2605 Navaja Knife | Scorched (Field-Tested)": {"sugprice": 6759.406875, "profit": 381, "limit": 6100, "timest": 1701621721}, "\u2605 Driver Gloves | Racing Green (Battle-Scarred)": {"sugprice": 3784.146666666666, "profit": 206, "limit": 3415, "timest": 1701628786}, "\u2605 Hydra Gloves | Rattler (Field-Tested)": {"sugprice": 4157.269574468086, "profit": 202, "limit": 3751, "timest": 1701638663}, "\u2605 Moto Gloves | Transport (Battle-Scarred)": {"sugprice": 5318.341276595745, "profit": 254, "limit": 4799, "timest": 1701621677}, "\u2605 Broken Fang Gloves | Unhinged (Battle-Scarred)": {"sugprice": 5259.225999999999, "profit": 256, "limit": 4746, "timest": 1701636360}, "USP-S | Neo-Noir (Well-Worn)": {"sugprice": 1562.344705882353, "profit": 135, "limit": 1410, "timest": 1701638445}, "StatTrak\u2122 SSG 08 | Dragonfire (Field-Tested)": {"sugprice": 3102.0290476190476, "profit": 168, "limit": 2799, "timest": 1701628640}, "StatTrak\u2122 USP-S | Neo-Noir (Field-Tested)": {"sugprice": 3163.264666666667, "profit": 179, "limit": 2854, "timest": 1701638398}, "\u2605 Bloodhound Gloves | Guerrilla (Field-Tested)": {"sugprice": 6300.992608695653, "profit": 340, "limit": 5686, "timest": 1701638489}, "\u2605 Hand Wraps | Constrictor (Field-Tested)": {"sugprice": 5056.574705882353, "profit": 257, "limit": 4563, "timest": 1701638554}, "\u2605 Hand Wraps | Desert Shamagh (Well-Worn)": {"sugprice": 5026.7125, "profit": 382, "limit": 4536, "timest": 1701638561}, "StatTrak\u2122 USP-S | The Traitor (Battle-Scarred)": {"sugprice": 2035.5247999999995, "profit": 170, "limit": 1837, "timest": 1701638405}, "USP-S | Orion (Minimal Wear)": {"sugprice": 3942.546666666667, "profit": 191, "limit": 3558, "timest": 1701557151}, "\u2605 Moto Gloves | Turtle (Battle-Scarred)": {"sugprice": 7981.300555555556, "profit": 519, "limit": 7203, "timest": 1701633075}, "StatTrak\u2122 USP-S | Printstream (Battle-Scarred)": {"sugprice": 4452.149444444444, "profit": 214, "limit": 4018, "timest": 1701592252}, "StatTrak\u2122 USP-S | Monster Mashup (Field-Tested)": {"sugprice": 1926.127391304348, "profit": 165, "limit": 1738, "timest": 1701638334}, "\u2605 Bloodhound Gloves | Bronzed (Field-Tested)": {"sugprice": 6344.29, "profit": 314, "limit": 5725, "timest": 1701638483}, "\u2605 Hydra Gloves | Emerald (Battle-Scarred)": {"sugprice": 4739.860999999999, "profit": 251, "limit": 4277, "timest": 1701638578}, "\u2605 Moto Gloves | Blood Pressure (Battle-Scarred)": {"sugprice": 8827.249, "profit": 533, "limit": 7966, "timest": 1701638672}, "\u2605 Paracord Knife | Scorched (Field-Tested)": {"sugprice": 7516.897142857143, "profit": 401, "limit": 6783, "timest": 1701588433}, "USP-S | Printstream (Field-Tested)": {"sugprice": 2992.24976744186, "profit": 143, "limit": 2700, "timest": 1701557159}, "\u2605 Moto Gloves | Finish Line (Battle-Scarred)": {"sugprice": 6894.584594594593, "profit": 373, "limit": 6222, "timest": 1701638675}, "\u2605 Hand Wraps | Duct Tape (Battle-Scarred)": {"sugprice": 5200.8264, "profit": 253, "limit": 4693, "timest": 1701624863}, "\u2605 Navaja Knife | Safari Mesh (Field-Tested)": {"sugprice": 6985.128999999998, "profit": 346, "limit": 6304, "timest": 1701605253}, "\u2605 Moto Gloves | POW! (Battle-Scarred)": {"sugprice": 8444.636400000001, "profit": 411, "limit": 7621, "timest": 1701616449}, "\u2605 Gut Knife | Safari Mesh (Field-Tested)": {"sugprice": 7332.353749999999, "profit": 560, "limit": 6617, "timest": 1701638540}, "\u2605 Gut Knife | Freehand (Field-Tested)": {"sugprice": 9053.086, "profit": 720, "limit": 8170, "timest": 1701638536}, "USP-S | Neo-Noir (Factory New)": {"sugprice": 3083.71875, "profit": 152, "limit": 2783, "timest": 1701638441}, "\u2605 Driver Gloves | Convoy (Field-Tested)": {"sugprice": 6445.016666666667, "profit": 431, "limit": 5816, "timest": 1701638513}, "\u2605 Hand Wraps | Constrictor (Well-Worn)": {"sugprice": 5031.6768, "profit": 272, "limit": 4541, "timest": 1701638555}, "\u2605 Shadow Daggers | Damascus Steel (Field-Tested)": {"sugprice": 7968.865624999999, "profit": 497, "limit": 7191, "timest": 1701638786}, "\u2605 Hydra Gloves | Mangrove (Field-Tested)": {"sugprice": 4124.263600000001, "profit": 197, "limit": 3722, "timest": 1701635349}, "StatTrak\u2122 USP-S | The Traitor (Well-Worn)": {"sugprice": 1944.6674999999998, "profit": 102, "limit": 1755, "timest": 1701600628}, "\u2605 Specialist Gloves | Buckshot (Battle-Scarred)": {"sugprice": 5106, "profit": 279, "limit": 4608, "timest": 1701629422}, "USP-S | The Traitor (Minimal Wear)": {"sugprice": 1406.7578378378375, "profit": 111, "limit": 1269, "timest": 1701638469}, "\u2605 Survival Knife | Boreal Forest (Field-Tested)": {"sugprice": 7891.455714285715, "profit": 387, "limit": 7122, "timest": 1701637619}, "\u2605 Specialist Gloves | Fade (Battle-Scarred)": {"sugprice": 14617.087692307688, "profit": 854, "limit": 13191, "timest": 1701638832}, "\u2605 Moto Gloves | Transport (Field-Tested)": {"sugprice": 5407.388, "profit": 265, "limit": 4880, "timest": 1701636463}, "\u2605 Shadow Daggers | Autotronic (Field-Tested)": {"sugprice": 9965.3725, "profit": 528, "limit": 8993, "timest": 1701637591}, "USP-S | Kill Confirmed (Battle-Scarred)": {"sugprice": 3104.602340425532, "profit": 194, "limit": 2801, "timest": 1701607893}, "\u2605 Broken Fang Gloves | Needle Point (Field-Tested)": {"sugprice": 5238.71125, "profit": 288, "limit": 4727, "timest": 1701638503}, "StatTrak\u2122 P90 | Asiimov (Battle-Scarred)": {"sugprice": 1381, "profit": 106, "limit": 1246, "timest": 1701619411}, "USP-S | Orion (Field-Tested)": {"sugprice": 3903.362439024391, "profit": 187, "limit": 3522, "timest": 1701601419}, "UMP-45 | Blaze (Factory New)": {"sugprice": 1636.1700000000003, "profit": 100, "limit": 1476, "timest": 1701618527}, "\u2605 Hand Wraps | Desert Shamagh (Field-Tested)": {"sugprice": 5135.080624999999, "profit": 255, "limit": 4634, "timest": 1701631452}, "\u2605 Hydra Gloves | Rattler (Battle-Scarred)": {"sugprice": 4065.8877083333323, "profit": 232, "limit": 3669, "timest": 1701626102}, "Tec-9 | Nuclear Threat (Battle-Scarred)": {"sugprice": 3089.2511111111107, "profit": 276, "limit": 2788, "timest": 1701638416}, "\u2605 Gut Knife | Doppler (Factory New)": {"sugprice": 15965.863214285715, "profit": 1176, "limit": 14409, "timest": 1701563803}, "USP-S | Purple DDPAT (Minimal Wear)": {"sugprice": 990.9792857142858, "profit": 101, "limit": 894, "timest": 1701638461}, "\u2605 Broken Fang Gloves | Yellow-banded (Field-Tested)": {"sugprice": 6185.867142857142, "profit": 388, "limit": 5582, "timest": 1701629932}, "\u2605 Falchion Knife | Rust Coat (Battle-Scarred)": {"sugprice": 8393.533125000002, "profit": 467, "limit": 7575, "timest": 1701638526}, "StatTrak\u2122 M4A4 | Buzz Kill (Battle-Scarred)": {"sugprice": 2029.6029166666665, "profit": 120, "limit": 1831, "timest": 1701637670}, "StatTrak\u2122 M4A4 | Buzz Kill (Field-Tested)": {"sugprice": 2073.8866666666663, "profit": 128, "limit": 1871, "timest": 1701637672}, "StatTrak\u2122 M4A4 | Desert-Strike (Field-Tested)": {"sugprice": 1529.0999999999997, "profit": 140, "limit": 1380, "timest": 1701637679}, "StatTrak\u2122 M4A4 | Desolate Space (Well-Worn)": {"sugprice": 1203.8896774193547, "profit": 117, "limit": 1086, "timest": 1701622031}, "StatTrak\u2122 M4A4 | In Living Color (Battle-Scarred)": {"sugprice": 1172.9095121951218, "profit": 135, "limit": 1058, "timest": 1701636691}, "StatTrak\u2122 M4A4 | Neo-Noir (Well-Worn)": {"sugprice": 999.2076923076924, "profit": 123, "limit": 901, "timest": 1701636736}, "StatTrak\u2122 M4A4 | \u9f8d\u738b (Dragon King) (Field-Tested)": {"sugprice": 1600.8509090909092, "profit": 106, "limit": 1444, "timest": 1701629748}, "StatTrak\u2122 USP-S | Monster Mashup (Battle-Scarred)": {"sugprice": 1878.6723529411765, "profit": 153, "limit": 1695, "timest": 1701638316},