{"StatTrak\u2122 MP9 | Hypnotic (Factory New)": {"sugprice": 3010.8266666666664, "profit": 205, "limit": 2717, "timest": 1707033571}, "StatTrak\u2122 SSG 08 | Big Iron (Battle-Scarred)": {"sugprice": 1471.3559999999998, "profit": 116, "limit": 1327, "timest": 1707033652}, "StatTrak\u2122 SSG 08 | Dragonfire (Field-Tested)": {"sugprice": 2628.9681818181816, "profit": 158, "limit": 2372, "timest": 1707033660}, "StatTrak\u2122 USP-S | Monster Mashup (Battle-Scarred)": {"sugprice": 1698.4594736842105, "profit": 149, "limit": 1532, "timest": 1707033709}, "Vypa Sista of the Revolution | Guerrilla Warfare": {"sugprice": 1716.0286666666666, "profit": 113, "limit": 1548, "timest": 1707009528}, "\u2605 Driver Gloves | Diamondback (Battle-Scarred)": {"sugprice": 6395.198, "profit": 419, "limit": 5771, "timest": 1706984022}, "\u2605 Driver Gloves | Queen Jaguar (Field-Tested)": {"sugprice": 5549.413125000001, "profit": 267, "limit": 5008, "timest": 1706953317}, "\u2605 Falchion Knife | Black Laminate (Well-Worn)": {"sugprice": 9363.560769230768, "profit": 515, "limit": 8450, "timest": 1707033928}, "\u2605 Gut Knife | Scorched (Field-Tested)": {"sugprice": 6907.819999999999, "profit": 363, "limit": 6234, "timest": 1706980025}, "\u2605 Hand Wraps | Duct Tape (Field-Tested)": {"sugprice": 4738.389090909091, "profit": 261, "limit": 4276, "timest": 1706947881}, "\u2605 Hydra Gloves | Rattler (Field-Tested)": {"sugprice": 3863.6577551020405, "profit": 214, "limit": 3486, "timest": 1707034036}, "\u2605 Paracord Knife | Forest DDPAT (Field-Tested)": {"sugprice": 7750.488571428571, "profit": 386, "limit": 6994, "timest": 1707034107}, "\u2605 Shadow Daggers | Boreal Forest (Field-Tested)": {"sugprice": 6279.004444444443, "profit": 300, "limit": 5666, "timest": 1706961542}, "\u2605 Shadow Daggers | Safari Mesh (Field-Tested)": {"sugprice": 6237, "profit": 336, "limit": 5628, "timest": 1707034147}, "\u2605 Huntsman Knife | Bright Water (Field-Tested)": {"sugprice": 8940.900526315789, "profit": 452, "limit": 8069, "timest": 1706957053}, "\u2605 Shadow Daggers | Autotronic (Field-Tested)": {"sugprice": 8131.93238095238, "profit": 387, "limit": 7339, "timest": 1707034121}, "\u2605 Shadow Daggers | Scorched (Field-Tested)": {"sugprice": 6413.218235294118, "profit": 383, "limit": 5787, "timest": 1707030205}, "\u2605 Falchion Knife | Ultraviolet (Battle-Scarred)": {"sugprice": 9374.963749999999, "profit": 447, "limit": 8460, "timest": 1707033943}, "\u2605 Navaja Knife | Boreal Forest (Field-Tested)": {"sugprice": 6319.8356, "profit": 303, "limit": 5703, "timest": 1707008270}, "\u2605 Navaja Knife | Ultraviolet (Battle-Scarred)": {"sugprice": 6406.28380952381, "profit": 313, "limit": 5781, "timest": 1706958430}, "StatTrak\u2122 USP-S | Caiman (Field-Tested)": {"sugprice": 5070.393333333333, "profit": 417, "limit": 4576, "timest": 1707033690}, "StatTrak\u2122 USP-S | Overgrowth (Field-Tested)": {"sugprice": 4273.926363636364, "profit": 269, "limit": 3857, "timest": 1707033716}, "\u2605 Flip Knife | Tiger Tooth (Factory New)": {"sugprice": 32900.565714285716, "profit": 1976, "limit": 29692, "timest": 1707029979}, "\u2605 Gut Knife | Doppler (Factory New)": {"sugprice": 15991.157692307694, "profit": 900, "limit": 14432, "timest": 1707029984}, "\u2605 Hand Wraps | CAUTION! (Battle-Scarred)": {"sugprice": 12881.014761904762, "profit": 641, "limit": 11625, "timest": 1707030000}, "\u2605 Hydra Gloves | Case Hardened (Battle-Scarred)": {"sugprice": 6863.121739130433, "profit": 397, "limit": 6193, "timest": 1707005054}, "\u2605 Navaja Knife | Doppler (Factory New)": {"sugprice": 17869, "profit": 976, "limit": 16126, "timest": 1707034068}, "\u2605 Navaja Knife | Rust Coat (Battle-Scarred)": {"sugprice": 6095.522926829267, "profit": 323, "limit": 5501, "timest": 1706965491}, "\u2605 Paracord Knife | Boreal Forest (Field-Tested)": {"sugprice": 7815.954000000001, "profit": 669, "limit": 7053, "timest": 1707033437}, "\u2605 Paracord Knife | Forest DDPAT (Battle-Scarred)": {"sugprice": 7269.0195, "profit": 346, "limit": 6560, "timest": 1706997189}, "\u2605 Specialist Gloves | Marble Fade (Battle-Scarred)": {"sugprice": 12387.084375, "profit": 668, "limit": 11179, "timest": 1707029676}, "\u2605 Ursus Knife | Ultraviolet (Battle-Scarred)": {"sugprice": 10306.16, "profit": 559, "limit": 9301, "timest": 1706985562}, "\u2605 Survival Knife | Stained (Battle-Scarred)": {"sugprice": 8999.110666666666, "profit": 497, "limit": 8121, "timest": 1707001410}, "USP-S | Kill Confirmed (Battle-Scarred)": {"sugprice": 2725.1338, "profit": 170, "limit": 2459, "timest": 1707033759}, "\u2605 Broken Fang Gloves | Jade (Field-Tested)": {"sugprice": 8995.279333333334, "profit": 432, "limit": 8118, "timest": 1707014007}, "USP-S | Kill Confirmed (Well-Worn)": {"sugprice": 2810.497599999999, "profit": 138, "limit": 2536, "timest": 1706979313}, "\u2605 Falchion Knife | Ultraviolet (Field-Tested)": {"sugprice": 9378.398888888889, "profit": 454, "limit": 8464, "timest": 1707033945}, "\u2605 Gut Knife | Boreal Forest (Field-Tested)": {"sugprice": 6904.232800000002, "profit": 419, "limit": 6231, "timest": 1706986458}, "\u2605 Gut Knife | Safari Mesh (Field-Tested)": {"sugprice": 6618.370666666668, "profit": 336, "limit": 5973, "timest": 1706950677}, "\u2605 Specialist Gloves | Forest DDPAT (Battle-Scarred)": {"sugprice": 8473.312631578947, "profit": 435, "limit": 7647, "timest": 1706960976}, "\u2605 Survival Knife | Safari Mesh (Field-Tested)": {"sugprice": 6976.2294999999995, "profit": 411, "limit": 6296, "timest": 1706957906}, "\u2605 Paracord Knife | Scorched (Field-Tested)": {"sugprice": 7272.490000000001, "profit": 453, "limit": 6563, "timest": 1707033446}, "USP-S | Orion (Field-Tested)": {"sugprice": 3448.889, "profit": 178, "limit": 3112, "timest": 1706954444}, "\u2605 Driver Gloves | Convoy (Battle-Scarred)": {"sugprice": 5743.013076923076, "profit": 293, "limit": 5183, "timest": 1707000411}, "USP-S | Serum (Field-Tested)": {"sugprice": 2693.0248275862073, "profit": 131, "limit": 2430, "timest": 1707033823}, "USP-S | Orion (Minimal Wear)": {"sugprice": 3473.675227272727, "profit": 173, "limit": 3134, "timest": 1707029328}, "\u2605 Hand Wraps | Spruce DDPAT (Battle-Scarred)": {"sugprice": 6929, "profit": 592, "limit": 6253, "timest": 1707034001}, "\u2605 Stiletto Knife | Ultraviolet (Battle-Scarred)": {"sugprice": 15049.408333333335, "profit": 807, "limit": 13582, "timest": 1706987200}, "\u2605 Shadow Daggers | Damascus Steel (Field-Tested)": {"sugprice": 7287.045454545455, "profit": 347, "limit": 6576, "timest": 1706995544}, "\u2605 Broken Fang Gloves | Jade (Battle-Scarred)": {"sugprice": 7321.093333333333, "profit": 506, "limit": 6607, "timest": 1707033863}, "\u2605 Navaja Knife | Stained (Battle-Scarred)": {"sugprice": 6691.639166666667, "profit": 417, "limit": 6039, "timest": 1707034084}, "\u2605 Sport Gloves | Bronze Morph (Battle-Scarred)": {"sugprice": 9661.58076923077, "profit": 577, "limit": 8719, "timest": 1707034175}, "StatTrak\u2122 P250 | Cartel (Field-Tested)": {"sugprice": 1042.2563636363636, "profit": 101, "limit": 940, "timest": 1706995640}, "USP-S | Purple DDPAT (Factory New)": {"sugprice": 1228.4091666666666, "profit": 122, "limit": 1108, "timest": 1707033816}, "\u2605 Paracord Knife | Stained (Battle-Scarred)": {"sugprice": 9766.466428571428, "profit": 517, "limit": 8814, "timest": 1707034112}, "StatTrak\u2122 P250 | See Ya Later (Battle-Scarred)": {"sugprice": 617.9322916666664, "profit": 109, "limit": 557, "timest": 1706950367}, "\u2605 Falchion Knife | Lore (Battle-Scarred)": {"sugprice": 11805.437368421053, "profit": 660, "limit": 10654, "timest": 1706948969}, "\u2605 Gut Knife | Freehand (Field-Tested)": {"sugprice": 7990.955384615383, "profit": 396, "limit": 7211, "timest": 1707012123}, "\u2605 Hydra Gloves | Rattler (Battle-Scarred)": {"sugprice": 3731.2379591836743, "profit": 186, "limit": 3367, "timest": 1706949066},