{"USP-S | Kill Confirmed (Well-Worn)": {"sugprice": 2999.660212765958, "profit": 296, "limit": 2707, "timest": 1701117661}, "\u2605 Navaja Knife | Scorched (Field-Tested)": {"sugprice": 6716.308214285714, "profit": 323, "limit": 6061, "timest": 1701118416}, "\u2605 Driver Gloves | Racing Green (Battle-Scarred)": {"sugprice": 3666.9466666666663, "profit": 252, "limit": 3309, "timest": 1701118017}, "\u2605 Driver Gloves | Racing Green (Well-Worn)": {"sugprice": 3751.2175000000007, "profit": 324, "limit": 3385, "timest": 1701118027}, "\u2605 Hydra Gloves | Rattler (Field-Tested)": {"sugprice": 3993.6639999999998, "profit": 272, "limit": 3604, "timest": 1701118286}, "\u2605 Navaja Knife | Forest DDPAT (Field-Tested)": {"sugprice": 6780.865833333333, "profit": 422, "limit": 6119, "timest": 1701118384}, "\u2605 Shadow Daggers | Bright Water (Field-Tested)": {"sugprice": 7534.579393939392, "profit": 457, "limit": 6799, "timest": 1701084728}, "\u2605 Shadow Daggers | Rust Coat (Battle-Scarred)": {"sugprice": 6843.037307692307, "profit": 377, "limit": 6175, "timest": 1701115698}, "\u2605 Broken Fang Gloves | Yellow-banded (Field-Tested)": {"sugprice": 6338.383703703703, "profit": 419, "limit": 5720, "timest": 1701117985}, "\u2605 Hydra Gloves | Mangrove (Battle-Scarred)": {"sugprice": 3957.139387755103, "profit": 308, "limit": 3571, "timest": 1701118255}, "\u2605 Hydra Gloves | Mangrove (Well-Worn)": {"sugprice": 4040.383636363636, "profit": 223, "limit": 3646, "timest": 1701118269}, "StatTrak\u2122 P90 | Asiimov (Battle-Scarred)": {"sugprice": 1486.4309090909092, "profit": 128, "limit": 1341, "timest": 1701090908}, "\u2605 Hand Wraps | Desert Shamagh (Field-Tested)": {"sugprice": 4850.5025, "profit": 342, "limit": 4377, "timest": 1701118192}, "\u2605 Moto Gloves | Transport (Battle-Scarred)": {"sugprice": 5241.7225, "profit": 392, "limit": 4730, "timest": 1701118338}, "USP-S | The Traitor (Minimal Wear)": {"sugprice": 1335.2983870967746, "profit": 119, "limit": 1205, "timest": 1701117853}, "USP-S | Printstream (Well-Worn)": {"sugprice": 2733.8368181818178, "profit": 216, "limit": 2467, "timest": 1701117756}, "\u2605 Hand Wraps | Duct Tape (Field-Tested)": {"sugprice": 5170.9775, "profit": 333, "limit": 4666, "timest": 1701118206}, "\u2605 Broken Fang Gloves | Unhinged (Battle-Scarred)": {"sugprice": 5128.784255319149, "profit": 401, "limit": 4628, "timest": 1701117929}, "\u2605 Hand Wraps | Arboreal (Field-Tested)": {"sugprice": 5629.844444444445, "profit": 418, "limit": 5080, "timest": 1701116667}, "\u2605 Hand Wraps | Giraffe (Battle-Scarred)": {"sugprice": 5857.562666666667, "profit": 279, "limit": 5286, "timest": 1701108094}, "USP-S | Neo-Noir (Well-Worn)": {"sugprice": 1452.9851612903228, "profit": 102, "limit": 1311, "timest": 1701117686}, "\u2605 Moto Gloves | Smoke Out (Battle-Scarred)": {"sugprice": 6997.475200000002, "profit": 555, "limit": 6315, "timest": 1701118319}, "\u2605 Hydra Gloves | Rattler (Battle-Scarred)": {"sugprice": 3949.9411999999993, "profit": 212, "limit": 3564, "timest": 1701118277}, "StatTrak\u2122 SSG 08 | Dragonfire (Field-Tested)": {"sugprice": 3107, "profit": 221, "limit": 2804, "timest": 1701117378}, "\u2605 Broken Fang Gloves | Jade (Battle-Scarred)": {"sugprice": 6934.356842105265, "profit": 372, "limit": 6258, "timest": 1701080403}, "StatTrak\u2122 USP-S | Neo-Noir (Field-Tested)": {"sugprice": 3226.3841176470587, "profit": 270, "limit": 2911, "timest": 1701117424}, "\u2605 Bloodhound Gloves | Guerrilla (Field-Tested)": {"sugprice": 5993.5893333333315, "profit": 413, "limit": 5409, "timest": 1701117876}, "\u2605 Gut Knife | Bright Water (Field-Tested)": {"sugprice": 8138.311111111113, "profit": 485, "limit": 7344, "timest": 1701118107}, "\u2605 Hand Wraps | Constrictor (Field-Tested)": {"sugprice": 4826.556666666668, "profit": 349, "limit": 4355, "timest": 1701118175}, "\u2605 Hand Wraps | Desert Shamagh (Well-Worn)": {"sugprice": 4751.653333333333, "profit": 378, "limit": 4288, "timest": 1701118198}, "\u2605 Navaja Knife | Night Stripe (Field-Tested)": {"sugprice": 6918.29, "profit": 564, "limit": 6243, "timest": 1701118388}, "\u2605 Navaja Knife | Urban Masked (Field-Tested)": {"sugprice": 6826.864545454547, "profit": 329, "limit": 6161, "timest": 1701099095}, "\u2605 Survival Knife | Scorched (Field-Tested)": {"sugprice": 7573.2284615384615, "profit": 509, "limit": 6834, "timest": 1701074945}, "\u2605 Moto Gloves | 3rd Commando Company (Field-Tested)": {"sugprice": 5529.8781818181815, "profit": 361, "limit": 4990, "timest": 1701118294}, "StatTrak\u2122 USP-S | Neo-Noir (Battle-Scarred)": {"sugprice": 3025.0049999999997, "profit": 147, "limit": 2730, "timest": 1701117422}, "StatTrak\u2122 USP-S | The Traitor (Battle-Scarred)": {"sugprice": 1857.4782, "profit": 148, "limit": 1676, "timest": 1701117443}, "USP-S | Neo-Noir (Minimal Wear)": {"sugprice": 1531.0652380952383, "profit": 125, "limit": 1381, "timest": 1701117684}, "USP-S | Kill Confirmed (Field-Tested)": {"sugprice": 3192.5263333333337, "profit": 220, "limit": 2881, "timest": 1701117650}, "\u2605 Driver Gloves | Queen Jaguar (Battle-Scarred)": {"sugprice": 5341.312121212121, "profit": 344, "limit": 4820, "timest": 1701108047}, "\u2605 Hand Wraps | Desert Shamagh (Battle-Scarred)": {"sugprice": 4848.257812500001, "profit": 300, "limit": 4375, "timest": 1701118188}, "\u2605 Shadow Daggers | Freehand (Field-Tested)": {"sugprice": 8347.36846153846, "profit": 429, "limit": 7533, "timest": 1701118486}, "\u2605 Specialist Gloves | Buckshot (Battle-Scarred)": {"sugprice": 4775.675384615384, "profit": 261, "limit": 4310, "timest": 1701087898}, "USP-S | Orion (Minimal Wear)": {"sugprice": 3938.653124999999, "profit": 345, "limit": 3554, "timest": 1701117714}, "USP-S | Caiman (Field-Tested)": {"sugprice": 3162, "profit": 197, "limit": 2853, "timest": 1701117619}, "\u2605 Sport Gloves | Bronze Morph (Battle-Scarred)": {"sugprice": 9982.928571428574, "profit": 681, "limit": 9009, "timest": 1701115708}, "\u2605 Bloodhound Gloves | Guerrilla (Battle-Scarred)": {"sugprice": 6135.757200000001, "profit": 397, "limit": 5537, "timest": 1701117859}, "USP-S | Printstream (Minimal Wear)": {"sugprice": 4113.493214285714, "profit": 236, "limit": 3712, "timest": 1701072681}, "\u2605 Moto Gloves | Turtle (Battle-Scarred)": {"sugprice": 7867.873333333334, "profit": 586, "limit": 7100, "timest": 1701118346}, "\u2605 Hand Wraps | Arboreal (Battle-Scarred)": {"sugprice": 5296.372499999999, "profit": 406, "limit": 4779, "timest": 1701118158}, "\u2605 Broken Fang Gloves | Yellow-banded (Battle-Scarred)": {"sugprice": 5445, "profit": 311, "limit": 4914, "timest": 1701117968}, "StatTrak\u2122 USP-S | Printstream (Battle-Scarred)": {"sugprice": 4354.540454545455, "profit": 404, "limit": 3929, "timest": 1701117425}, "USP-S | Overgrowth (Field-Tested)": {"sugprice": 1661, "profit": 134, "limit": 1499, "timest": 1701117725}, "StatTrak\u2122 USP-S | Stainless (Battle-Scarred)": {"sugprice": 1023.016153846154, "profit": 103, "limit": 923, "timest": 1701117429}, "\u2605 Broken Fang Gloves | Needle Point (Battle-Scarred)": {"sugprice": 4990.605799999998, "profit": 241, "limit": 4504, "timest": 1701117908}, "\u2605 Navaja Knife | Damascus Steel (Field-Tested)": {"sugprice": 7228.405, "profit": 529, "limit": 6523, "timest": 1701072822}, "USP-S | Monster Mashup (Minimal Wear)": {"sugprice": 1757.423636363636, "profit": 107, "limit": 1586, "timest": 1701045114}, "StatTrak\u2122 P250 | Muertos (Field-Tested)": {"sugprice": 1043.8331428571428, "profit": 123, "limit": 942, "timest": 1701113030}, "StatTrak\u2122 P90 | Blind Spot (Field-Tested)": {"sugprice": 1299.415, "profit": 359, "limit": 1172, "timest": 1701117357}, "StatTrak\u2122 USP-S | Monster Mashup (Field-Tested)": {"sugprice": 1773.2966666666664, "profit": 122, "limit": 1600, "timest": 1701117420}, "Tec-9 | Nuclear Threat (Battle-Scarred)": {"sugprice": 2977.2072727272734, "profit": 280, "limit": 2686, "timest": 1701117526},