{"StatTrak\u2122 M4A4 | The Emperor (Battle-Scarred)": {"sugprice": 2629.1251724137933, "profit": 291, "limit": 2372, "timest": 1703134747}, "StatTrak\u2122 MP7 | Bloodsport (Factory New)": {"sugprice": 1358.5245454545454, "profit": 100, "limit": 1226, "timest": 1703120695}, "StatTrak\u2122 MP9 | Hypnotic (Factory New)": {"sugprice": 3486.3162068965507, "profit": 253, "limit": 3146, "timest": 1703134783}, "StatTrak\u2122 P90 | Asiimov (Battle-Scarred)": {"sugprice": 1671.123571428571, "profit": 133, "limit": 1508, "timest": 1703134806}, "StatTrak\u2122 SSG 08 | Bloodshot (Field-Tested)": {"sugprice": 1904, "profit": 122, "limit": 1718, "timest": 1703134816}, "StatTrak\u2122 USP-S | Neo-Noir (Battle-Scarred)": {"sugprice": 3070.607142857144, "profit": 188, "limit": 2771, "timest": 1703134274}, "StatTrak\u2122 USP-S | Neo-Noir (Field-Tested)": {"sugprice": 2988.8031249999995, "profit": 142, "limit": 2697, "timest": 1703134276}, "StatTrak\u2122 USP-S | The Traitor (Battle-Scarred)": {"sugprice": 2064.063, "profit": 135, "limit": 1862, "timest": 1703134856}, "Tec-9 | Nuclear Threat (Battle-Scarred)": {"sugprice": 3576.6940000000004, "profit": 499, "limit": 3227, "timest": 1703134862}, "USP-S | Kill Confirmed (Battle-Scarred)": {"sugprice": 3067, "profit": 153, "limit": 2767, "timest": 1703067891}, "USP-S | Kill Confirmed (Well-Worn)": {"sugprice": 3101.168974358974, "profit": 166, "limit": 2798, "timest": 1703134893}, "USP-S | Neo-Noir (Factory New)": {"sugprice": 3039, "profit": 210, "limit": 2742, "timest": 1703134898}, "\u2605 Bloodhound Gloves | Guerrilla (Battle-Scarred)": {"sugprice": 6179.9186666666665, "profit": 354, "limit": 5577, "timest": 1703134943}, "\u2605 Broken Fang Gloves | Yellow-banded (Battle-Scarred)": {"sugprice": 6015.342999999999, "profit": 296, "limit": 5428, "timest": 1703134998}, "\u2605 Driver Gloves | Convoy (Field-Tested)": {"sugprice": 6345.927499999999, "profit": 437, "limit": 5727, "timest": 1703135011}, "\u2605 Driver Gloves | Diamondback (Battle-Scarred)": {"sugprice": 6749.567647058823, "profit": 511, "limit": 6091, "timest": 1703135013}, "\u2605 Driver Gloves | Queen Jaguar (Battle-Scarred)": {"sugprice": 5369.352000000001, "profit": 281, "limit": 4845, "timest": 1703135017}, "\u2605 Gut Knife | Bright Water (Field-Tested)": {"sugprice": 8166.35888888889, "profit": 407, "limit": 7370, "timest": 1703122119}, "\u2605 Hand Wraps | Arboreal (Field-Tested)": {"sugprice": 6115.6957142857145, "profit": 365, "limit": 5519, "timest": 1703135053}, "\u2605 Hand Wraps | Badlands (Battle-Scarred)": {"sugprice": 7356.300000000001, "profit": 493, "limit": 6639, "timest": 1703135055}, "\u2605 Hand Wraps | Desert Shamagh (Battle-Scarred)": {"sugprice": 4934.077551020408, "profit": 235, "limit": 4453, "timest": 1703129474}, "\u2605 Hydra Gloves | Mangrove (Field-Tested)": {"sugprice": 4048.1820833333336, "profit": 220, "limit": 3653, "timest": 1703099063}, "\u2605 Hydra Gloves | Rattler (Battle-Scarred)": {"sugprice": 4063.128292682926, "profit": 380, "limit": 3666, "timest": 1703087049}, "\u2605 Moto Gloves | 3rd Commando Company (Battle-Scarred)": {"sugprice": 5121.399799999999, "profit": 283, "limit": 4622, "timest": 1703135111}, "\u2605 Moto Gloves | Smoke Out (Battle-Scarred)": {"sugprice": 6994.33027027027, "profit": 416, "limit": 6312, "timest": 1703135127}, "\u2605 Moto Gloves | Transport (Field-Tested)": {"sugprice": 5584.016428571428, "profit": 337, "limit": 5039, "timest": 1703135132}, "\u2605 Navaja Knife | Rust Coat (Battle-Scarred)": {"sugprice": 6994.856428571428, "profit": 377, "limit": 6312, "timest": 1703084268}, "\u2605 Navaja Knife | Scorched (Field-Tested)": {"sugprice": 6926.825454545456, "profit": 434, "limit": 6251, "timest": 1703115849}, "\u2605 Navaja Knife | Urban Masked (Field-Tested)": {"sugprice": 7065.313157894736, "profit": 384, "limit": 6376, "timest": 1703135178}, "\u2605 Shadow Daggers | Freehand (Field-Tested)": {"sugprice": 9459.511764705881, "profit": 731, "limit": 8537, "timest": 1703135198}, "\u2605 Shadow Daggers | Ultraviolet (Field-Tested)": {"sugprice": 8587, "profit": 415, "limit": 7749, "timest": 1703135210}, "\u2605 Sport Gloves | Bronze Morph (Battle-Scarred)": {"sugprice": 10162.641739130433, "profit": 490, "limit": 9171, "timest": 1703135242}, "StatTrak\u2122 M4A4 | X-Ray (Minimal Wear)": {"sugprice": 4655.025555555556, "profit": 248, "limit": 4201, "timest": 1703134755}, "\u2605 Driver Gloves | Racing Green (Battle-Scarred)": {"sugprice": 3821.102999999999, "profit": 191, "limit": 3448, "timest": 1703135025}, "\u2605 Gut Knife | Boreal Forest (Field-Tested)": {"sugprice": 7455.039374999999, "profit": 530, "limit": 6728, "timest": 1703135039}, "\u2605 Gut Knife | Forest DDPAT (Field-Tested)": {"sugprice": 8159.804210526318, "profit": 604, "limit": 7364, "timest": 1703135043}, "\u2605 Hydra Gloves | Rattler (Field-Tested)": {"sugprice": 4080.0702, "profit": 219, "limit": 3682, "timest": 1703135103}, "\u2605 Paracord Knife | Safari Mesh (Field-Tested)": {"sugprice": 7405.231764705882, "profit": 410, "limit": 6683, "timest": 1703111391}, "\u2605 Shadow Daggers | Safari Mesh (Field-Tested)": {"sugprice": 7067.784545454546, "profit": 452, "limit": 6378, "timest": 1703135205}, "\u2605 Driver Gloves | Racing Green (Field-Tested)": {"sugprice": 3776.0116, "profit": 190, "limit": 3407, "timest": 1703135026}, "\u2605 Hand Wraps | Constrictor (Field-Tested)": {"sugprice": 5057.616818181818, "profit": 252, "limit": 4564, "timest": 1703133880}, "\u2605 Hand Wraps | Desert Shamagh (Field-Tested)": {"sugprice": 4972.096199999999, "profit": 301, "limit": 4487, "timest": 1703135068}, "\u2605 Hydra Gloves | Mangrove (Well-Worn)": {"sugprice": 4368.567, "profit": 310, "limit": 3942, "timest": 1703135099}, "\u2605 Shadow Daggers | Boreal Forest (Field-Tested)": {"sugprice": 7064.191764705883, "profit": 469, "limit": 6375, "timest": 1703135188}, "\u2605 Bowie Knife | Bright Water (Field-Tested)": {"sugprice": 9830.356, "profit": 548, "limit": 8871, "timest": 1703106766}, "\u2605 Shadow Daggers | Scorched (Field-Tested)": {"sugprice": 7053.622173913043, "profit": 486, "limit": 6365, "timest": 1703134625}, "\u2605 Driver Gloves | Racing Green (Well-Worn)": {"sugprice": 3843.068484848485, "profit": 248, "limit": 3468, "timest": 1703135028}, "\u2605 Bloodhound Gloves | Bronzed (Field-Tested)": {"sugprice": 6493.618421052632, "profit": 471, "limit": 5860, "timest": 1703134942}, "\u2605 Bloodhound Gloves | Guerrilla (Field-Tested)": {"sugprice": 6111.4343333333345, "profit": 308, "limit": 5515, "timest": 1703134945}, "\u2605 Broken Fang Gloves | Unhinged (Battle-Scarred)": {"sugprice": 5150.502600000001, "profit": 316, "limit": 4648, "timest": 1703134996}, "StatTrak\u2122 USP-S | Monster Mashup (Battle-Scarred)": {"sugprice": 1852.3227777777781, "profit": 149, "limit": 1671, "timest": 1703134844}, "StatTrak\u2122 P250 | Muertos (Field-Tested)": {"sugprice": 996.9364285714286, "profit": 145, "limit": 899, "timest": 1703076976}, "\u2605 Shadow Daggers | Damascus Steel (Field-Tested)": {"sugprice": 8286.36923076923, "profit": 565, "limit": 7478, "timest": 1703135193}, "\u2605 Hydra Gloves | Emerald (Battle-Scarred)": {"sugprice": 4673.502765957447, "profit": 230, "limit": 4217, "timest": 1703134519}, "StatTrak\u2122 USP-S | The Traitor (Well-Worn)": {"sugprice": 2084.0620454545456, "profit": 128, "limit": 1880, "timest": 1703134858}, "\u2605 Hand Wraps | Constrictor (Well-Worn)": {"sugprice": 4995.621428571429, "profit": 254, "limit": 4508, "timest": 1703133334}, "UMP-45 | Blaze (Factory New)": {"sugprice": 1592.1956000000002, "profit": 100, "limit": 1436, "timest": 1703100361}, "\u2605 Moto Gloves | Eclipse (Battle-Scarred)": {"sugprice": 6973.291111111112, "profit": 333, "limit": 6293, "timest": 1703059090}, "\u2605 Hydra Gloves | Mangrove (Battle-Scarred)": {"sugprice": 4047.6973469387763, "profit": 213, "limit": 3653, "timest": 1703135095},