{"StatTrak\u2122 M4A4 | The Emperor (Battle-Scarred)": {"sugprice": 2569.230384615384, "profit": 130, "limit": 2318, "timest": 1703242456}, "StatTrak\u2122 MP7 | Bloodsport (Factory New)": {"sugprice": 1331, "profit": 105, "limit": 1201, "timest": 1703250031}, "StatTrak\u2122 MP9 | Hypnotic (Factory New)": {"sugprice": 3323.7246153846145, "profit": 200, "limit": 2999, "timest": 1703228954}, "StatTrak\u2122 SSG 08 | Bloodshot (Field-Tested)": {"sugprice": 1882, "profit": 122, "limit": 1698, "timest": 1703165203}, "StatTrak\u2122 USP-S | Neo-Noir (Battle-Scarred)": {"sugprice": 2992, "profit": 201, "limit": 2700, "timest": 1703250118}, "StatTrak\u2122 USP-S | Neo-Noir (Field-Tested)": {"sugprice": 2974.9445000000005, "profit": 196, "limit": 2684, "timest": 1703250120}, "StatTrak\u2122 USP-S | The Traitor (Battle-Scarred)": {"sugprice": 2004.187555555556, "profit": 101, "limit": 1808, "timest": 1703250126}, "Tec-9 | Nuclear Threat (Battle-Scarred)": {"sugprice": 3434, "profit": 366, "limit": 3099, "timest": 1703250132}, "USP-S | Kill Confirmed (Well-Worn)": {"sugprice": 3094.9681999999993, "profit": 189, "limit": 2793, "timest": 1703250167}, "USP-S | Neo-Noir (Factory New)": {"sugprice": 2926.9754545454543, "profit": 219, "limit": 2641, "timest": 1703250171}, "\u2605 Bloodhound Gloves | Guerrilla (Battle-Scarred)": {"sugprice": 6156.09142857143, "profit": 297, "limit": 5555, "timest": 1703214774}, "\u2605 Broken Fang Gloves | Yellow-banded (Battle-Scarred)": {"sugprice": 5972.2916000000005, "profit": 353, "limit": 5389, "timest": 1703250249}, "\u2605 Driver Gloves | Convoy (Field-Tested)": {"sugprice": 6345.462857142856, "profit": 393, "limit": 5726, "timest": 1703249688}, "\u2605 Driver Gloves | Diamondback (Battle-Scarred)": {"sugprice": 6775.200588235295, "profit": 368, "limit": 6114, "timest": 1703250256}, "\u2605 Driver Gloves | Queen Jaguar (Battle-Scarred)": {"sugprice": 5346, "profit": 395, "limit": 4824, "timest": 1703250259}, "\u2605 Gut Knife | Bright Water (Field-Tested)": {"sugprice": 8202.87111111111, "profit": 420, "limit": 7403, "timest": 1703174408}, "\u2605 Hand Wraps | Arboreal (Field-Tested)": {"sugprice": 6035.496842105264, "profit": 419, "limit": 5447, "timest": 1703250302}, "\u2605 Hand Wraps | Badlands (Battle-Scarred)": {"sugprice": 7324.054999999999, "profit": 529, "limit": 6609, "timest": 1703250306}, "\u2605 Hand Wraps | Desert Shamagh (Battle-Scarred)": {"sugprice": 4779.726904761906, "profit": 230, "limit": 4313, "timest": 1703237964}, "\u2605 Hydra Gloves | Mangrove (Field-Tested)": {"sugprice": 3935.454285714287, "profit": 429, "limit": 3551, "timest": 1703250361}, "\u2605 Hydra Gloves | Rattler (Battle-Scarred)": {"sugprice": 3922, "profit": 274, "limit": 3539, "timest": 1703249804}, "\u2605 Moto Gloves | 3rd Commando Company (Battle-Scarred)": {"sugprice": 5100.50163265306, "profit": 285, "limit": 4603, "timest": 1703250370}, "\u2605 Moto Gloves | Smoke Out (Battle-Scarred)": {"sugprice": 7046.873846153845, "profit": 437, "limit": 6359, "timest": 1703250386}, "\u2605 Moto Gloves | Transport (Field-Tested)": {"sugprice": 5548.463076923076, "profit": 304, "limit": 5007, "timest": 1703249839}, "\u2605 Navaja Knife | Scorched (Field-Tested)": {"sugprice": 6957.459189189188, "profit": 443, "limit": 6279, "timest": 1703250414}, "\u2605 Navaja Knife | Urban Masked (Field-Tested)": {"sugprice": 6922, "profit": 356, "limit": 6247, "timest": 1703250435}, "\u2605 Shadow Daggers | Freehand (Field-Tested)": {"sugprice": 9334.03166666667, "profit": 692, "limit": 8423, "timest": 1703250454}, "\u2605 Shadow Daggers | Ultraviolet (Field-Tested)": {"sugprice": 8478, "profit": 414, "limit": 7651, "timest": 1703213026}, "\u2605 Sport Gloves | Bronze Morph (Battle-Scarred)": {"sugprice": 9815.663636363635, "profit": 599, "limit": 8858, "timest": 1703250476}, "StatTrak\u2122 M4A4 | X-Ray (Minimal Wear)": {"sugprice": 4553, "profit": 238, "limit": 4109, "timest": 1703243054}, "\u2605 Gut Knife | Boreal Forest (Field-Tested)": {"sugprice": 7393.5119230769205, "profit": 513, "limit": 6672, "timest": 1703250281}, "\u2605 Gut Knife | Forest DDPAT (Field-Tested)": {"sugprice": 7820, "profit": 427, "limit": 7057, "timest": 1703237253}, "\u2605 Hydra Gloves | Rattler (Field-Tested)": {"sugprice": 3958.79693877551, "profit": 204, "limit": 3572, "timest": 1703250367}, "\u2605 Driver Gloves | Racing Green (Field-Tested)": {"sugprice": 3713.3099999999995, "profit": 196, "limit": 3351, "timest": 1703231316}, "\u2605 Hand Wraps | Constrictor (Field-Tested)": {"sugprice": 5060.98105263158, "profit": 340, "limit": 4567, "timest": 1703191415}, "\u2605 Hand Wraps | Desert Shamagh (Field-Tested)": {"sugprice": 4855.4227272727285, "profit": 235, "limit": 4382, "timest": 1703233600}, "\u2605 Hydra Gloves | Mangrove (Well-Worn)": {"sugprice": 4337.8315999999995, "profit": 240, "limit": 3914, "timest": 1703250364}, "\u2605 Shadow Daggers | Boreal Forest (Field-Tested)": {"sugprice": 6972.511538461538, "profit": 423, "limit": 6292, "timest": 1703250444}, "\u2605 Bowie Knife | Bright Water (Field-Tested)": {"sugprice": 9664.036, "profit": 468, "limit": 8721, "timest": 1703250233}, "\u2605 Shadow Daggers | Scorched (Field-Tested)": {"sugprice": 7185.407368421053, "profit": 556, "limit": 6484, "timest": 1703250462}, "\u2605 Driver Gloves | Racing Green (Well-Worn)": {"sugprice": 3806.0165624999995, "profit": 205, "limit": 3434, "timest": 1703250266}, "\u2605 Bloodhound Gloves | Bronzed (Field-Tested)": {"sugprice": 6623.5419999999995, "profit": 499, "limit": 5977, "timest": 1703250221}, "\u2605 Broken Fang Gloves | Unhinged (Battle-Scarred)": {"sugprice": 4822, "profit": 280, "limit": 4351, "timest": 1703250247}, "StatTrak\u2122 USP-S | Monster Mashup (Battle-Scarred)": {"sugprice": 1858.5430000000001, "profit": 170, "limit": 1677, "timest": 1703250114}, "StatTrak\u2122 P250 | Muertos (Field-Tested)": {"sugprice": 1056.1368888888887, "profit": 101, "limit": 953, "timest": 1703250062}, "\u2605 Shadow Daggers | Damascus Steel (Field-Tested)": {"sugprice": 8199.667692307692, "profit": 535, "limit": 7400, "timest": 1703250450}, "\u2605 Hydra Gloves | Emerald (Battle-Scarred)": {"sugprice": 4621.5846666666675, "profit": 299, "limit": 4170, "timest": 1703250343}, "StatTrak\u2122 USP-S | The Traitor (Well-Worn)": {"sugprice": 2071.9461538461537, "profit": 154, "limit": 1869, "timest": 1703250127}, "\u2605 Hand Wraps | Constrictor (Well-Worn)": {"sugprice": 4795.806153846153, "profit": 234, "limit": 4328, "timest": 1703244030}, "UMP-45 | Blaze (Factory New)": {"sugprice": 1568.3418367346944, "profit": 106, "limit": 1415, "timest": 1703245264}, "\u2605 Hydra Gloves | Mangrove (Battle-Scarred)": {"sugprice": 3972.4481632653064, "profit": 238, "limit": 3585, "timest": 1703250357}, "StatTrak\u2122 USP-S | Stainless (Battle-Scarred)": {"sugprice": 1146, "profit": 128, "limit": 1034, "timest": 1703245196}, "USP-S | Whiteout (Minimal Wear)": {"sugprice": 2733.4384210526314, "profit": 130, "limit": 2466, "timest": 1703250210}, "\u2605 Specialist Gloves | Lt. Commander (Battle-Scarred)": {"sugprice": 9863.29653846154, "profit": 809, "limit": 8901, "timest": 1703250473}, "\u2605 Hand Wraps | CAUTION! (Battle-Scarred)": {"sugprice": 14272.260000000002, "profit": 680, "limit": 12880, "timest": 1703239690}, "StatTrak\u2122 Tec-9 | Blue Titanium (Factory New)": {"sugprice": 791, "profit": 115, "limit": 713, "timest": 1703243721}, "\u2605 Hand Wraps | Desert Shamagh (Well-Worn)": {"sugprice": 5008, "profit": 238, "limit": 4519, "timest": 1703177971}, "\u2605 Hydra Gloves | Emerald (Field-Tested)": {"sugprice": 4725.673199999999, "profit": 255, "limit": 4264, "timest": 1703250351}, "USP-S | Printstream (Field-Tested)": {"sugprice": 2744.0968000000007, "profit": 133, "limit": 2476, "timest": 1703237759}, "\u2605 Navaja Knife | Forest DDPAT (Field-Tested)": {"sugprice": 6849.960769230768, "profit": 370, "limit": 6182, "timest": 1703201144},