{"StatTrak\u2122 USP-S | Neo-Noir (Field-Tested)": {"sugprice": 3065.9252380952375, "profit": 148, "limit": 2766, "timest": 1704513851}, "StatTrak\u2122 USP-S | The Traitor (Battle-Scarred)": {"sugprice": 2026, "profit": 100, "limit": 1828, "timest": 1704511157}, "USP-S | Kill Confirmed (Well-Worn)": {"sugprice": 3176.5657999999994, "profit": 177, "limit": 2866, "timest": 1704509563}, "\u2605 Driver Gloves | Convoy (Field-Tested)": {"sugprice": 6292.263157894736, "profit": 303, "limit": 5678, "timest": 1704519410}, "\u2605 Shadow Daggers | Boreal Forest (Field-Tested)": {"sugprice": 7053.878846153846, "profit": 385, "limit": 6366, "timest": 1704479438}, "\u2605 Bloodhound Gloves | Bronzed (Field-Tested)": {"sugprice": 6363.619696969697, "profit": 304, "limit": 5743, "timest": 1704499885}, "StatTrak\u2122 USP-S | Monster Mashup (Battle-Scarred)": {"sugprice": 1848.3682352941175, "profit": 106, "limit": 1668, "timest": 1704447662}, "USP-S | Printstream (Minimal Wear)": {"sugprice": 4715.746666666667, "profit": 377, "limit": 4255, "timest": 1704519192}, "\u2605 Paracord Knife | Forest DDPAT (Field-Tested)": {"sugprice": 8266.039459459462, "profit": 397, "limit": 7460, "timest": 1704470780}, "USP-S | Printstream (Well-Worn)": {"sugprice": 2754.5014285714287, "profit": 235, "limit": 2485, "timest": 1704519195}, "\u2605 Hydra Gloves | Case Hardened (Battle-Scarred)": {"sugprice": 7124.886, "profit": 358, "limit": 6430, "timest": 1704478015}, "\u2605 Driver Gloves | Queen Jaguar (Battle-Scarred)": {"sugprice": 5764.841363636363, "profit": 280, "limit": 5202, "timest": 1704488482}, "StatTrak\u2122 Tec-9 | Blue Titanium (Factory New)": {"sugprice": 843.2472727272726, "profit": 120, "limit": 761, "timest": 1704518920}, "\u2605 Survival Knife | Safari Mesh (Field-Tested)": {"sugprice": 7708.877826086956, "profit": 367, "limit": 6957, "timest": 1704443476}, "\u2605 Hand Wraps | Constrictor (Field-Tested)": {"sugprice": 5078.084705882352, "profit": 290, "limit": 4582, "timest": 1704519970}, "\u2605 Broken Fang Gloves | Unhinged (Battle-Scarred)": {"sugprice": 5126.621818181818, "profit": 249, "limit": 4626, "timest": 1704516894}, "StatTrak\u2122 USP-S | Printstream (Battle-Scarred)": {"sugprice": 4600.076470588236, "profit": 263, "limit": 4151, "timest": 1704504421}, "\u2605 Navaja Knife | Safari Mesh (Battle-Scarred)": {"sugprice": 7231.774166666667, "profit": 476, "limit": 6526, "timest": 1704520987}, "\u2605 Navaja Knife | Stained (Field-Tested)": {"sugprice": 7425, "profit": 378, "limit": 6701, "timest": 1704456060}, "\u2605 Navaja Knife | Stained (Well-Worn)": {"sugprice": 7253.0257142857145, "profit": 389, "limit": 6545, "timest": 1704498288}, "\u2605 Gut Knife | Boreal Forest (Field-Tested)": {"sugprice": 7496.350555555556, "profit": 444, "limit": 6765, "timest": 1704519655}, "USP-S | Royal Blue (Field-Tested)": {"sugprice": 1107.6742857142856, "profit": 100, "limit": 999, "timest": 1704469406}, "USP-S | Printstream (Field-Tested)": {"sugprice": 2838.5572500000007, "profit": 145, "limit": 2561, "timest": 1704519170}, "StatTrak\u2122 M4A4 | The Emperor (Battle-Scarred)": {"sugprice": 2544.6055555555563, "profit": 199, "limit": 2296, "timest": 1704518246}, "USP-S | Kill Confirmed (Battle-Scarred)": {"sugprice": 3137.8958, "profit": 159, "limit": 2831, "timest": 1704451109}, "\u2605 Bowie Knife | Ultraviolet (Battle-Scarred)": {"sugprice": 8994.6225, "profit": 581, "limit": 8117, "timest": 1704498878}, "\u2605 Paracord Knife | Safari Mesh (Field-Tested)": {"sugprice": 7821.623333333333, "profit": 379, "limit": 7059, "timest": 1704506549}, "\u2605 Hand Wraps | Arboreal (Field-Tested)": {"sugprice": 6089.349310344826, "profit": 390, "limit": 5495, "timest": 1704519951}, "Vypa Sista of the Revolution | Guerrilla Warfare": {"sugprice": 1946.553636363636, "profit": 135, "limit": 1756, "timest": 1704519241}, "\u2605 Huntsman Knife | Freehand (Field-Tested)": {"sugprice": 11238.460000000001, "profit": 672, "limit": 10142, "timest": 1704520462}, "\u2605 Shadow Daggers | Rust Coat (Battle-Scarred)": {"sugprice": 6959.924166666667, "profit": 352, "limit": 6281, "timest": 1704517322}, "\u2605 Gut Knife | Safari Mesh (Field-Tested)": {"sugprice": 7447.996923076925, "profit": 372, "limit": 6721, "timest": 1704506341}, "StatTrak\u2122 P90 | Asiimov (Battle-Scarred)": {"sugprice": 1785, "profit": 144, "limit": 1610, "timest": 1704514481}, "\u2605 Hydra Gloves | Emerald (Field-Tested)": {"sugprice": 5017.628399999999, "profit": 321, "limit": 4528, "timest": 1704520697}, "StatTrak\u2122 SSG 08 | Bloodshot (Field-Tested)": {"sugprice": 1576.3164285714286, "profit": 102, "limit": 1422, "timest": 1704478340}, "\u2605 Bloodhound Gloves | Guerrilla (Battle-Scarred)": {"sugprice": 6393.093529411764, "profit": 396, "limit": 5769, "timest": 1704501802}, "StatTrak\u2122 SSG 08 | Turbo Peek (Field-Tested)": {"sugprice": 942, "profit": 104, "limit": 850, "timest": 1704441525}, "StatTrak\u2122 M4A4 | Tooth Fairy (Field-Tested)": {"sugprice": 556.6491304347826, "profit": 104, "limit": 502, "timest": 1704518252}, "StatTrak\u2122 M4A4 | Tooth Fairy (Battle-Scarred)": {"sugprice": 524.2299999999999, "profit": 112, "limit": 473, "timest": 1704518249}, "\u2605 Hand Wraps | Giraffe (Battle-Scarred)": {"sugprice": 6004.118541666667, "profit": 291, "limit": 5418, "timest": 1704511565}, "\u2605 Hand Wraps | Duct Tape (Field-Tested)": {"sugprice": 5211.415555555554, "profit": 250, "limit": 4703, "timest": 1704520399}, "\u2605 Driver Gloves | Queen Jaguar (Field-Tested)": {"sugprice": 6089.458461538461, "profit": 366, "limit": 5495, "timest": 1704519457}, "\u2605 Huntsman Knife | Ultraviolet (Field-Tested)": {"sugprice": 10056.790714285713, "profit": 532, "limit": 9076, "timest": 1704520501}, "\u2605 Navaja Knife | Stained (Battle-Scarred)": {"sugprice": 7406.937692307693, "profit": 628, "limit": 6684, "timest": 1704521021}, "\u2605 Moto Gloves | POW! (Battle-Scarred)": {"sugprice": 8677.916874999999, "profit": 437, "limit": 7831, "timest": 1704520876}, "\u2605 Gut Knife | Forest DDPAT (Field-Tested)": {"sugprice": 7873.151578947371, "profit": 379, "limit": 7105, "timest": 1704496079}, "\u2605 Shadow Daggers | Scorched (Field-Tested)": {"sugprice": 7056.050000000001, "profit": 346, "limit": 6368, "timest": 1704517327}, "\u2605 Shadow Daggers | Ultraviolet (Field-Tested)": {"sugprice": 8498.78681818182, "profit": 478, "limit": 7670, "timest": 1704500247}, "USP-S | Monster Mashup (Well-Worn)": {"sugprice": 1340.2074074074076, "profit": 100, "limit": 1209, "timest": 1704501712}, "StatTrak\u2122 USP-S | Neo-Noir (Battle-Scarred)": {"sugprice": 3147.470930232558, "profit": 237, "limit": 2840, "timest": 1704518965}, "\u2605 Survival Knife | Boreal Forest (Field-Tested)": {"sugprice": 8143.391999999999, "profit": 441, "limit": 7349, "timest": 1704521407}, "StatTrak\u2122 MP9 | Hypnotic (Factory New)": {"sugprice": 3378.8118918918917, "profit": 258, "limit": 3049, "timest": 1704518611}, "\u2605 Broken Fang Gloves | Yellow-banded (Battle-Scarred)": {"sugprice": 6013.665200000001, "profit": 292, "limit": 5427, "timest": 1704501926}, "\u2605 Bloodhound Gloves | Guerrilla (Field-Tested)": {"sugprice": 6219.149761904764, "profit": 350, "limit": 5612, "timest": 1704493047}, "\u2605 Shadow Daggers | Bright Water (Field-Tested)": {"sugprice": 7856, "profit": 392, "limit": 7090, "timest": 1704521264}, "\u2605 Moto Gloves | Polygon (Battle-Scarred)": {"sugprice": 10815.986842105263, "profit": 696, "limit": 9761, "timest": 1704461564}, "\u2605 Broken Fang Gloves | Needle Point (Field-Tested)": {"sugprice": 5280.752903225805, "profit": 300, "limit": 4765, "timest": 1704519385}, "\u2605 Bowie Knife | Bright Water (Field-Tested)": {"sugprice": 9570.361428571428, "profit": 487, "limit": 8637, "timest": 1704494378}, "\u2605 Hydra Gloves | Rattler (Field-Tested)": {"sugprice": 4329.8321428571435, "profit": 233, "limit": 3907, "timest": 1704520800},