{"USP-S | Kill Confirmed (Well-Worn)": {"sugprice": 2902.691020408164, "profit": 147, "limit": 2619, "timest": 1701420187}, "\u2605 Navaja Knife | Scorched (Field-Tested)": {"sugprice": 6747.1356, "profit": 392, "limit": 6089, "timest": 1701422231}, "\u2605 Driver Gloves | Racing Green (Battle-Scarred)": {"sugprice": 3626.0689999999986, "profit": 262, "limit": 3272, "timest": 1701422136}, "\u2605 Driver Gloves | Racing Green (Well-Worn)": {"sugprice": 3655.2377142857144, "profit": 209, "limit": 3298, "timest": 1701422138}, "\u2605 Hydra Gloves | Rattler (Field-Tested)": {"sugprice": 3847.5078, "profit": 213, "limit": 3472, "timest": 1701410497}, "\u2605 Navaja Knife | Forest DDPAT (Field-Tested)": {"sugprice": 6692.677826086955, "profit": 322, "limit": 6040, "timest": 1701369078}, "\u2605 Shadow Daggers | Bright Water (Field-Tested)": {"sugprice": 7417.269199999999, "profit": 474, "limit": 6694, "timest": 1701408351}, "\u2605 Shadow Daggers | Rust Coat (Battle-Scarred)": {"sugprice": 6689.2621739130445, "profit": 324, "limit": 6037, "timest": 1701342176}, "\u2605 Broken Fang Gloves | Yellow-banded (Field-Tested)": {"sugprice": 6271.828823529411, "profit": 325, "limit": 5660, "timest": 1701418818}, "\u2605 Hydra Gloves | Mangrove (Battle-Scarred)": {"sugprice": 3789.5975000000003, "profit": 233, "limit": 3420, "timest": 1701359486}, "\u2605 Hydra Gloves | Mangrove (Well-Worn)": {"sugprice": 3982.351176470588, "profit": 252, "limit": 3594, "timest": 1701422191}, "\u2605 Hand Wraps | Desert Shamagh (Field-Tested)": {"sugprice": 4849.406756756757, "profit": 236, "limit": 4376, "timest": 1701365182}, "\u2605 Moto Gloves | Transport (Battle-Scarred)": {"sugprice": 5121.9940625, "profit": 248, "limit": 4622, "timest": 1701420361}, "USP-S | Printstream (Well-Worn)": {"sugprice": 2641.3795000000005, "profit": 128, "limit": 2383, "timest": 1701352135}, "\u2605 Hand Wraps | Duct Tape (Field-Tested)": {"sugprice": 5121.516428571428, "profit": 256, "limit": 4622, "timest": 1701383409}, "\u2605 Broken Fang Gloves | Unhinged (Battle-Scarred)": {"sugprice": 5114.7002, "profit": 364, "limit": 4616, "timest": 1701422120}, "\u2605 Hand Wraps | Arboreal (Field-Tested)": {"sugprice": 5551.5091999999995, "profit": 373, "limit": 5010, "timest": 1701422159}, "\u2605 Hand Wraps | Giraffe (Battle-Scarred)": {"sugprice": 5960.227916666667, "profit": 432, "limit": 5379, "timest": 1701415678}, "USP-S | Neo-Noir (Well-Worn)": {"sugprice": 1467.9761538461537, "profit": 116, "limit": 1324, "timest": 1701418337}, "\u2605 Moto Gloves | Smoke Out (Battle-Scarred)": {"sugprice": 6814.569375, "profit": 383, "limit": 6150, "timest": 1701422209}, "\u2605 Hydra Gloves | Rattler (Battle-Scarred)": {"sugprice": 3808.3968749999995, "profit": 195, "limit": 3437, "timest": 1701369048}, "StatTrak\u2122 SSG 08 | Dragonfire (Field-Tested)": {"sugprice": 3124.515909090908, "profit": 221, "limit": 2819, "timest": 1701421991}, "StatTrak\u2122 USP-S | Neo-Noir (Field-Tested)": {"sugprice": 3176.651818181818, "profit": 214, "limit": 2866, "timest": 1701422022}, "\u2605 Bloodhound Gloves | Guerrilla (Field-Tested)": {"sugprice": 6091.439354838711, "profit": 317, "limit": 5497, "timest": 1701422108}, "\u2605 Hand Wraps | Constrictor (Field-Tested)": {"sugprice": 5068.271500000001, "profit": 391, "limit": 4574, "timest": 1701422163}, "\u2605 Hand Wraps | Desert Shamagh (Well-Worn)": {"sugprice": 4960.588125, "profit": 494, "limit": 4476, "timest": 1701422172}, "\u2605 Survival Knife | Scorched (Field-Tested)": {"sugprice": 7740.733749999999, "profit": 385, "limit": 6986, "timest": 1701410865}, "\u2605 Moto Gloves | 3rd Commando Company (Field-Tested)": {"sugprice": 5573.260952380952, "profit": 274, "limit": 5029, "timest": 1701420349}, "StatTrak\u2122 USP-S | The Traitor (Battle-Scarred)": {"sugprice": 1861.5768888888888, "profit": 120, "limit": 1680, "timest": 1701422028}, "\u2605 Hand Wraps | Desert Shamagh (Battle-Scarred)": {"sugprice": 4825.650322580645, "profit": 234, "limit": 4355, "timest": 1701419777}, "USP-S | Orion (Minimal Wear)": {"sugprice": 3910.66469387755, "profit": 325, "limit": 3529, "timest": 1701422079}, "USP-S | Caiman (Field-Tested)": {"sugprice": 3036.7453658536588, "profit": 156, "limit": 2740, "timest": 1701369721}, "\u2605 Sport Gloves | Bronze Morph (Battle-Scarred)": {"sugprice": 9981.819285714286, "profit": 552, "limit": 9008, "timest": 1701393517}, "\u2605 Moto Gloves | Turtle (Battle-Scarred)": {"sugprice": 7860.3772222222215, "profit": 467, "limit": 7093, "timest": 1701422215}, "\u2605 Hand Wraps | Arboreal (Battle-Scarred)": {"sugprice": 5072.935416666668, "profit": 344, "limit": 4578, "timest": 1701422157}, "StatTrak\u2122 USP-S | Printstream (Battle-Scarred)": {"sugprice": 4419.204130434782, "profit": 268, "limit": 3988, "timest": 1701422023}, "USP-S | Overgrowth (Field-Tested)": {"sugprice": 1630.2428, "profit": 104, "limit": 1471, "timest": 1701346570}, "StatTrak\u2122 USP-S | Stainless (Battle-Scarred)": {"sugprice": 1023.1504347826086, "profit": 104, "limit": 923, "timest": 1701418289}, "\u2605 Broken Fang Gloves | Needle Point (Battle-Scarred)": {"sugprice": 5008.9021999999995, "profit": 308, "limit": 4520, "timest": 1701422114}, "StatTrak\u2122 P250 | Muertos (Field-Tested)": {"sugprice": 1042.0389655172414, "profit": 118, "limit": 940, "timest": 1701349687}, "StatTrak\u2122 USP-S | Monster Mashup (Field-Tested)": {"sugprice": 1828.9887500000002, "profit": 100, "limit": 1650, "timest": 1701418704}, "\u2605 Bloodhound Gloves | Bronzed (Field-Tested)": {"sugprice": 6249.6688, "profit": 359, "limit": 5640, "timest": 1701422104}, "\u2605 Gut Knife | Scorched (Field-Tested)": {"sugprice": 7459.533076923077, "profit": 383, "limit": 6732, "timest": 1701415523}, "\u2605 Hydra Gloves | Emerald (Battle-Scarred)": {"sugprice": 4598.209, "profit": 252, "limit": 4149, "timest": 1701422183}, "\u2605 Hydra Gloves | Emerald (Field-Tested)": {"sugprice": 4523.477346938776, "profit": 234, "limit": 4082, "timest": 1701422185}, "\u2605 Moto Gloves | Blood Pressure (Battle-Scarred)": {"sugprice": 8470.655454545455, "profit": 407, "limit": 7644, "timest": 1701422201}, "\u2605 Navaja Knife | Boreal Forest (Field-Tested)": {"sugprice": 7018.355199999999, "profit": 517, "limit": 6334, "timest": 1701422219}, "\u2605 Navaja Knife | Rust Coat (Battle-Scarred)": {"sugprice": 6771, "profit": 332, "limit": 6110, "timest": 1701422226}, "\u2605 Navaja Knife | Ultraviolet (Field-Tested)": {"sugprice": 7074.738333333332, "profit": 379, "limit": 6384, "timest": 1701419849}, "\u2605 Shadow Daggers | Ultraviolet (Field-Tested)": {"sugprice": 7940.424999999998, "profit": 430, "limit": 7166, "timest": 1701348688}, "\u2605 Paracord Knife | Scorched (Field-Tested)": {"sugprice": 7509.120625, "profit": 363, "limit": 6776, "timest": 1701416181}, "\u2605 Huntsman Knife | Rust Coat (Battle-Scarred)": {"sugprice": 8687.609999999999, "profit": 421, "limit": 7840, "timest": 1701373280}, "StatTrak\u2122 PP-Bizon | Judgement of Anubis (Field-Tested)": {"sugprice": 974.5509090909092, "profit": 129, "limit": 879, "timest": 1701348847}, "USP-S | Printstream (Field-Tested)": {"sugprice": 2818, "profit": 175, "limit": 2543, "timest": 1701420211}, "\u2605 Shadow Daggers | Night (Field-Tested)": {"sugprice": 7324, "profit": 476, "limit": 6609, "timest": 1701422255}, "\u2605 Moto Gloves | Finish Line (Battle-Scarred)": {"sugprice": 6633.2111111111135, "profit": 447, "limit": 5986, "timest": 1701383586}, "\u2605 Shadow Daggers | Safari Mesh (Field-Tested)": {"sugprice": 6972.1494999999995, "profit": 333, "limit": 6292, "timest": 1701417206}, "\u2605 Hand Wraps | Duct Tape (Battle-Scarred)": {"sugprice": 5147, "profit": 369, "limit": 4645, "timest": 1701422173}, "\u2605 Navaja Knife | Safari Mesh (Field-Tested)": {"sugprice": 6900.654545454544, "profit": 350, "limit": 6227, "timest": 1701422228}, "\u2605 Moto Gloves | POW! (Battle-Scarred)": {"sugprice": 8375, "profit": 558, "limit": 7558, "timest": 1701422207},