{"USP-S | Kill Confirmed (Well-Worn)": {"sugprice": 2999.6747058823526, "profit": 258, "limit": 2707, "timest": 1700430913}, "USP-S | Overgrowth (Field-Tested)": {"sugprice": 1817.187222222222, "profit": 101, "limit": 1640, "timest": 1700382708}, "\u2605 Navaja Knife | Scorched (Field-Tested)": {"sugprice": 6578.056250000001, "profit": 508, "limit": 5936, "timest": 1700431222}, "\u2605 Driver Gloves | Racing Green (Battle-Scarred)": {"sugprice": 4067.1834042553196, "profit": 319, "limit": 3670, "timest": 1700431095}, "StatTrak\u2122 M4A4 | The Emperor (Battle-Scarred)": {"sugprice": 2289.7876, "profit": 283, "limit": 2066, "timest": 1700430692}, "StatTrak\u2122 USP-S | The Traitor (Well-Worn)": {"sugprice": 2119.931428571429, "profit": 261, "limit": 1913, "timest": 1700430857}, "USP-S | Whiteout (Minimal Wear)": {"sugprice": 2737.96, "profit": 230, "limit": 2471, "timest": 1700431056}, "\u2605 Broken Fang Gloves | Needle Point (Battle-Scarred)": {"sugprice": 5206.854074074074, "profit": 326, "limit": 4699, "timest": 1700401727}, "\u2605 Broken Fang Gloves | Needle Point (Field-Tested)": {"sugprice": 5816.446363636364, "profit": 518, "limit": 5249, "timest": 1700431072}, "\u2605 Driver Gloves | Racing Green (Well-Worn)": {"sugprice": 4110.475454545455, "profit": 380, "limit": 3709, "timest": 1700431099}, "\u2605 Hand Wraps | Constrictor (Battle-Scarred)": {"sugprice": 4827.037837837837, "profit": 258, "limit": 4356, "timest": 1700431139}, "\u2605 Hydra Gloves | Rattler (Field-Tested)": {"sugprice": 4114.591, "profit": 351, "limit": 3713, "timest": 1700431174}, "\u2605 Moto Gloves | Finish Line (Battle-Scarred)": {"sugprice": 6824.787333333332, "profit": 535, "limit": 6159, "timest": 1700431185}, "\u2605 Navaja Knife | Forest DDPAT (Field-Tested)": {"sugprice": 6928.179259259259, "profit": 452, "limit": 6252, "timest": 1700431214}, "\u2605 Navaja Knife | Safari Mesh (Field-Tested)": {"sugprice": 7167.365294117647, "profit": 532, "limit": 6468, "timest": 1700431220}, "\u2605 Shadow Daggers | Bright Water (Field-Tested)": {"sugprice": 7240.399545454545, "profit": 475, "limit": 6534, "timest": 1700416483}, "\u2605 Shadow Daggers | Rust Coat (Battle-Scarred)": {"sugprice": 6632.377058823528, "profit": 432, "limit": 5985, "timest": 1700431237}, "\u2605 Broken Fang Gloves | Yellow-banded (Field-Tested)": {"sugprice": 6362.323846153846, "profit": 442, "limit": 5741, "timest": 1700431084}, "Vypa Sista of the Revolution | Guerrilla Warfare": {"sugprice": 1594.0190909090911, "profit": 134, "limit": 1438, "timest": 1700431058}, "StatTrak\u2122 M4A4 | \u9f8d\u738b (Dragon King) (Battle-Scarred)": {"sugprice": 1455.581, "profit": 167, "limit": 1313, "timest": 1700430697}, "\u2605 Hydra Gloves | Mangrove (Battle-Scarred)": {"sugprice": 4067.596052631578, "profit": 337, "limit": 3671, "timest": 1700431168}, "USP-S | Monster Mashup (Minimal Wear)": {"sugprice": 1834.9660000000003, "profit": 110, "limit": 1656, "timest": 1700426253}, "\u2605 Hydra Gloves | Mangrove (Well-Worn)": {"sugprice": 4297.728666666666, "profit": 280, "limit": 3878, "timest": 1700431170}, "\u2605 Shadow Daggers | Scorched (Field-Tested)": {"sugprice": 7118.345000000001, "profit": 502, "limit": 6424, "timest": 1700431239}, "StatTrak\u2122 M4A4 | Desolate Space (Battle-Scarred)": {"sugprice": 1246.2599999999998, "profit": 131, "limit": 1124, "timest": 1700430668}, "StatTrak\u2122 P90 | Asiimov (Battle-Scarred)": {"sugprice": 1461.6478787878787, "profit": 134, "limit": 1319, "timest": 1700430737}, "\u2605 Hand Wraps | Desert Shamagh (Field-Tested)": {"sugprice": 4971.822499999998, "profit": 450, "limit": 4487, "timest": 1700431151}, "\u2605 Gut Knife | Forest DDPAT (Field-Tested)": {"sugprice": 7542.3725, "profit": 675, "limit": 6806, "timest": 1700431113}, "\u2605 Moto Gloves | Transport (Battle-Scarred)": {"sugprice": 5390.1531428571425, "profit": 465, "limit": 4864, "timest": 1700431194}, "USP-S | The Traitor (Minimal Wear)": {"sugprice": 1401.7752631578944, "profit": 131, "limit": 1265, "timest": 1700431049}, "USP-S | Printstream (Well-Worn)": {"sugprice": 2645.693, "profit": 230, "limit": 2387, "timest": 1700431033}, "\u2605 Driver Gloves | Racing Green (Field-Tested)": {"sugprice": 4078.9047916666655, "profit": 240, "limit": 3681, "timest": 1700431098}, "\u2605 Hand Wraps | Duct Tape (Field-Tested)": {"sugprice": 5417.670769230768, "profit": 542, "limit": 4889, "timest": 1700431157}, "USP-S | Monster Mashup (Well-Worn)": {"sugprice": 1300.433125, "profit": 125, "limit": 1173, "timest": 1700431013}, "\u2605 Broken Fang Gloves | Unhinged (Battle-Scarred)": {"sugprice": 5040.256666666666, "profit": 268, "limit": 4548, "timest": 1700431076}, "\u2605 Hand Wraps | Arboreal (Field-Tested)": {"sugprice": 5789.926875000001, "profit": 539, "limit": 5225, "timest": 1700431135}, "USP-S | Kill Confirmed (Battle-Scarred)": {"sugprice": 2864.560512820513, "profit": 164, "limit": 2585, "timest": 1700430887}, "USP-S | Serum (Field-Tested)": {"sugprice": 3415.382631578947, "profit": 322, "limit": 3082, "timest": 1700431041}, "\u2605 Hand Wraps | Giraffe (Battle-Scarred)": {"sugprice": 5714, "profit": 615, "limit": 5156, "timest": 1700430196}, "USP-S | Neo-Noir (Well-Worn)": {"sugprice": 1510.8294444444446, "profit": 165, "limit": 1363, "timest": 1700431019}, "\u2605 Survival Knife | Safari Mesh (Field-Tested)": {"sugprice": 7792.812941176471, "profit": 548, "limit": 7033, "timest": 1700431260}, "\u2605 Hydra Gloves | Case Hardened (Field-Tested)": {"sugprice": 8073.998888888889, "profit": 520, "limit": 7286, "timest": 1700431166}, "\u2605 Gut Knife | Rust Coat (Battle-Scarred)": {"sugprice": 8013.559500000001, "profit": 744, "limit": 7232, "timest": 1700431117}, "\u2605 Moto Gloves | Smoke Out (Battle-Scarred)": {"sugprice": 6938.122916666666, "profit": 791, "limit": 6261, "timest": 1700431189}, "\u2605 Hydra Gloves | Rattler (Battle-Scarred)": {"sugprice": 4163.624, "profit": 288, "limit": 3757, "timest": 1700430270}, "StatTrak\u2122 M4A4 | Evil Daimyo (Minimal Wear)": {"sugprice": 754.24, "profit": 100, "limit": 680, "timest": 1700348180}, "StatTrak\u2122 SSG 08 | Dragonfire (Field-Tested)": {"sugprice": 3489.2355555555555, "profit": 454, "limit": 3149, "timest": 1700429786}, "\u2605 Specialist Gloves | Forest DDPAT (Battle-Scarred)": {"sugprice": 8020.819444444446, "profit": 770, "limit": 7238, "timest": 1700431251}, "StatTrak\u2122 M4A4 | Desert-Strike (Field-Tested)": {"sugprice": 1282.0678260869565, "profit": 124, "limit": 1157, "timest": 1700430667}, "\u2605 Broken Fang Gloves | Jade (Battle-Scarred)": {"sugprice": 7128, "profit": 739, "limit": 6433, "timest": 1700431068}, "StatTrak\u2122 M4A4 | Temukau (Battle-Scarred)": {"sugprice": 2445.3273076923074, "profit": 134, "limit": 2206, "timest": 1700430687}, "\u2605 Hydra Gloves | Rattler (Well-Worn)": {"sugprice": 5104.09, "profit": 453, "limit": 4606, "timest": 1700431176}, "\u2605 Broken Fang Gloves | Needle Point (Well-Worn)": {"sugprice": 5396.612, "profit": 280, "limit": 4870, "timest": 1700352190}, "StatTrak\u2122 USP-S | Neo-Noir (Field-Tested)": {"sugprice": 3013.0499999999997, "profit": 302, "limit": 2719, "timest": 1700430849}, "USP-S | Whiteout (Battle-Scarred)": {"sugprice": 1675.5235999999998, "profit": 130, "limit": 1512, "timest": 1700385834}, "\u2605 Bloodhound Gloves | Guerrilla (Field-Tested)": {"sugprice": 5933.102352941178, "profit": 554, "limit": 5354, "timest": 1700431064}, "\u2605 Broken Fang Gloves | Unhinged (Well-Worn)": {"sugprice": 5049.967142857144, "profit": 486, "limit": 4557, "timest": 1700426499}, "\u2605 Gut Knife | Boreal Forest (Field-Tested)": {"sugprice": 7128.587142857143, "profit": 512, "limit": 6433, "timest": 1700420699}, "\u2605 Gut Knife | Bright Water (Field-Tested)": {"sugprice": 8274.328125, "profit": 887, "limit": 7467, "timest": 1700431109}, "\u2605 Gut Knife | Safari Mesh (Field-Tested)": {"sugprice": 6981.953529411764, "profit": 334, "limit": 6301, "timest": 1700394071},