{"StatTrak\u2122 USP-S | Neo-Noir (Field-Tested)": {"sugprice": 3158.071951219512, "profit": 174, "limit": 2850, "timest": 1703928674}, "StatTrak\u2122 USP-S | The Traitor (Battle-Scarred)": {"sugprice": 2157.554117647059, "profit": 106, "limit": 1947, "timest": 1703928680}, "USP-S | Kill Confirmed (Well-Worn)": {"sugprice": 3192.674, "profit": 209, "limit": 2881, "timest": 1703928716}, "USP-S | Neo-Noir (Factory New)": {"sugprice": 3102.3790909090903, "profit": 149, "limit": 2799, "timest": 1703898675}, "\u2605 Broken Fang Gloves | Yellow-banded (Battle-Scarred)": {"sugprice": 6141.842826086957, "profit": 304, "limit": 5543, "timest": 1703926206}, "\u2605 Driver Gloves | Convoy (Field-Tested)": {"sugprice": 6423.5125714285705, "profit": 401, "limit": 5797, "timest": 1703928787}, "\u2605 Hand Wraps | Badlands (Battle-Scarred)": {"sugprice": 7644.971333333334, "profit": 521, "limit": 6899, "timest": 1703928824}, "\u2605 Moto Gloves | Transport (Field-Tested)": {"sugprice": 5763.473157894737, "profit": 355, "limit": 5201, "timest": 1703928406}, "\u2605 Navaja Knife | Scorched (Field-Tested)": {"sugprice": 6985.529361702126, "profit": 435, "limit": 6304, "timest": 1703928932}, "StatTrak\u2122 M4A4 | X-Ray (Minimal Wear)": {"sugprice": 4711, "profit": 259, "limit": 4251, "timest": 1703928586}, "\u2605 Hydra Gloves | Rattler (Field-Tested)": {"sugprice": 4246.2292857142875, "profit": 229, "limit": 3832, "timest": 1703928893}, "\u2605 Driver Gloves | Racing Green (Field-Tested)": {"sugprice": 4093.399999999999, "profit": 198, "limit": 3694, "timest": 1703925206}, "\u2605 Shadow Daggers | Boreal Forest (Field-Tested)": {"sugprice": 6955.560500000001, "profit": 337, "limit": 6277, "timest": 1703928956}, "\u2605 Bloodhound Gloves | Bronzed (Field-Tested)": {"sugprice": 6471.430606060605, "profit": 327, "limit": 5840, "timest": 1703928757}, "StatTrak\u2122 USP-S | Monster Mashup (Battle-Scarred)": {"sugprice": 1927, "profit": 122, "limit": 1739, "timest": 1703926643}, "StatTrak\u2122 USP-S | The Traitor (Well-Worn)": {"sugprice": 2151.36, "profit": 110, "limit": 1941, "timest": 1703887575}, "\u2605 Hydra Gloves | Mangrove (Battle-Scarred)": {"sugprice": 4208.745600000001, "profit": 241, "limit": 3798, "timest": 1703928882}, "\u2605 Shadow Daggers | Forest DDPAT (Field-Tested)": {"sugprice": 7238.153333333333, "profit": 475, "limit": 6532, "timest": 1703928962}, "USP-S | Printstream (Minimal Wear)": {"sugprice": 4483.04625, "profit": 228, "limit": 4045, "timest": 1703928737}, "\u2605 Huntsman Knife | Ultraviolet (Field-Tested)": {"sugprice": 10296.197333333332, "profit": 624, "limit": 9292, "timest": 1703907239}, "\u2605 Hydra Gloves | Rattler (Well-Worn)": {"sugprice": 4913.569285714286, "profit": 277, "limit": 4434, "timest": 1703925833}, "\u2605 Falchion Knife | Ultraviolet (Battle-Scarred)": {"sugprice": 9609.604444444445, "profit": 705, "limit": 8672, "timest": 1703928806}, "\u2605 Moto Gloves | Finish Line (Battle-Scarred)": {"sugprice": 6946.110769230768, "profit": 362, "limit": 6268, "timest": 1703928906}, "\u2605 Shadow Daggers | Bright Water (Field-Tested)": {"sugprice": 7654.332093023254, "profit": 380, "limit": 6908, "timest": 1703896044}, "StatTrak\u2122 USP-S | Monster Mashup (Field-Tested)": {"sugprice": 2009.0857692307688, "profit": 169, "limit": 1813, "timest": 1703928671}, "\u2605 Paracord Knife | Forest DDPAT (Field-Tested)": {"sugprice": 8024.824444444444, "profit": 443, "limit": 7242, "timest": 1703913160}, "\u2605 Navaja Knife | Night Stripe (Field-Tested)": {"sugprice": 7003.266388888887, "profit": 351, "limit": 6320, "timest": 1703928924}, "\u2605 Moto Gloves | Boom! (Battle-Scarred)": {"sugprice": 7680.817142857143, "profit": 426, "limit": 6931, "timest": 1703928902}, "\u2605 Specialist Gloves | Fade (Battle-Scarred)": {"sugprice": 15492.712857142858, "profit": 1428, "limit": 13982, "timest": 1703917038}, "StatTrak\u2122 SSG 08 | Dragonfire (Battle-Scarred)": {"sugprice": 3069, "profit": 253, "limit": 2769, "timest": 1703928646}, "\u2605 Hand Wraps | Duct Tape (Field-Tested)": {"sugprice": 5150.321578947369, "profit": 269, "limit": 4648, "timest": 1703878529}, "USP-S | Printstream (Well-Worn)": {"sugprice": 2728.104705882352, "profit": 184, "limit": 2462, "timest": 1703928739}, "\u2605 Huntsman Knife | Lore (Battle-Scarred)": {"sugprice": 14437.011000000004, "profit": 792, "limit": 13029, "timest": 1703928849}, "\u2605 Shadow Daggers | Ultraviolet (Field-Tested)": {"sugprice": 8101.054999999998, "profit": 386, "limit": 7311, "timest": 1703883843}, "\u2605 Bloodhound Gloves | Bronzed (Battle-Scarred)": {"sugprice": 6359.628333333333, "profit": 334, "limit": 5739, "timest": 1703928755}, "\u2605 Hydra Gloves | Rattler (Battle-Scarred)": {"sugprice": 4152.77512195122, "profit": 415, "limit": 3747, "timest": 1703921278}, "\u2605 Hydra Gloves | Case Hardened (Battle-Scarred)": {"sugprice": 7246.745652173914, "profit": 359, "limit": 6540, "timest": 1703927894}, "\u2605 Gut Knife | Freehand (Field-Tested)": {"sugprice": 8275.449090909091, "profit": 430, "limit": 7468, "timest": 1703862201}, "\u2605 Driver Gloves | Queen Jaguar (Battle-Scarred)": {"sugprice": 5495.796511627907, "profit": 324, "limit": 4959, "timest": 1703928793}, "\u2605 Shadow Daggers | Scorched (Field-Tested)": {"sugprice": 7125.702916666668, "profit": 526, "limit": 6430, "timest": 1703928970}, "\u2605 Gut Knife | Forest DDPAT (Field-Tested)": {"sugprice": 7834.350952380953, "profit": 385, "limit": 7070, "timest": 1703854700}, "\u2605 Specialist Gloves | Lt. Commander (Battle-Scarred)": {"sugprice": 10183.892352941175, "profit": 554, "limit": 9190, "timest": 1703927982}, "\u2605 Specialist Gloves | Buckshot (Battle-Scarred)": {"sugprice": 5288.936666666666, "profit": 256, "limit": 4773, "timest": 1703879765}, "StatTrak\u2122 Tec-9 | Blue Titanium (Factory New)": {"sugprice": 844.5366666666666, "profit": 125, "limit": 762, "timest": 1703928652}, "\u2605 Moto Gloves | 3rd Commando Company (Battle-Scarred)": {"sugprice": 5230.642916666667, "profit": 311, "limit": 4720, "timest": 1703928897}, "\u2605 Survival Knife | Safari Mesh (Field-Tested)": {"sugprice": 7512.9655555555555, "profit": 512, "limit": 6780, "timest": 1703928989}, "\u2605 Moto Gloves | POW! (Battle-Scarred)": {"sugprice": 8841.372142857143, "profit": 646, "limit": 7979, "timest": 1703928910}, "\u2605 Hand Wraps | Constrictor (Field-Tested)": {"sugprice": 4887.69, "profit": 264, "limit": 4411, "timest": 1703926258}, "\u2605 Sport Gloves | Bronze Morph (Battle-Scarred)": {"sugprice": 10305.755666666668, "profit": 618, "limit": 9300, "timest": 1703928984}, "\u2605 Bowie Knife | Bright Water (Field-Tested)": {"sugprice": 10140.463478260868, "profit": 631, "limit": 9151, "timest": 1703883572}, "\u2605 Broken Fang Gloves | Unhinged (Battle-Scarred)": {"sugprice": 5148, "profit": 260, "limit": 4646, "timest": 1703927748}, "\u2605 Moto Gloves | Blood Pressure (Battle-Scarred)": {"sugprice": 8305.720434782608, "profit": 637, "limit": 7495, "timest": 1703921391}, "StatTrak\u2122 M4A4 | \u9f8d\u738b (Dragon King) (Field-Tested)": {"sugprice": 1546.5266666666666, "profit": 132, "limit": 1395, "timest": 1703928590}, "\u2605 Hand Wraps | Constrictor (Battle-Scarred)": {"sugprice": 4837.029583333333, "profit": 237, "limit": 4365, "timest": 1703877955}, "\u2605 Driver Gloves | Racing Green (Battle-Scarred)": {"sugprice": 4060.9809302325593, "profit": 208, "limit": 3665, "timest": 1703928797}, "\u2605 Huntsman Knife | Rust Coat (Battle-Scarred)": {"sugprice": 8583, "profit": 409, "limit": 7746, "timest": 1703862237}, "StatTrak\u2122 MP9 | Hypnotic (Factory New)": {"sugprice": 3408.568666666666, "profit": 189, "limit": 3076, "timest": 1703928612}, "StatTrak\u2122 USP-S | Printstream (Battle-Scarred)": {"sugprice": 4431.866938775511, "profit": 254, "limit": 3999, "timest": 1703928677}, "\u2605 Gut Knife | Bright Water (Field-Tested)": {"sugprice": 8392.085909090909, "profit": 403, "limit": 7573, "timest": 1703928811},