{"USP-S | Kill Confirmed (Well-Worn)": {"sugprice": 3226.5355000000004, "profit": 192, "limit": 2911, "timest": 1701979531}, "\u2605 Hydra Gloves | Rattler (Field-Tested)": {"sugprice": 4359.048799999999, "profit": 343, "limit": 3934, "timest": 1701980131}, "\u2605 Moto Gloves | Transport (Battle-Scarred)": {"sugprice": 5383.444418604651, "profit": 279, "limit": 4858, "timest": 1701980151}, "\u2605 Broken Fang Gloves | Unhinged (Battle-Scarred)": {"sugprice": 5159.670599999999, "profit": 305, "limit": 4656, "timest": 1701979676}, "StatTrak\u2122 SSG 08 | Dragonfire (Field-Tested)": {"sugprice": 3119.397209302326, "profit": 172, "limit": 2815, "timest": 1701979464}, "\u2605 Bloodhound Gloves | Guerrilla (Field-Tested)": {"sugprice": 6134.446129032258, "profit": 476, "limit": 5536, "timest": 1701933455}, "StatTrak\u2122 USP-S | The Traitor (Battle-Scarred)": {"sugprice": 2237.6249999999995, "profit": 145, "limit": 2019, "timest": 1701979501}, "\u2605 Moto Gloves | Turtle (Battle-Scarred)": {"sugprice": 7968.975200000002, "profit": 395, "limit": 7192, "timest": 1701949229}, "\u2605 Bloodhound Gloves | Bronzed (Field-Tested)": {"sugprice": 6229.507894736842, "profit": 304, "limit": 5622, "timest": 1701921446}, "\u2605 Moto Gloves | Blood Pressure (Battle-Scarred)": {"sugprice": 8096, "profit": 576, "limit": 7306, "timest": 1701978971}, "\u2605 Gut Knife | Safari Mesh (Field-Tested)": {"sugprice": 7203, "profit": 381, "limit": 6500, "timest": 1701979879}, "\u2605 Gut Knife | Freehand (Field-Tested)": {"sugprice": 9232.385, "profit": 708, "limit": 8332, "timest": 1701979845}, "USP-S | Neo-Noir (Factory New)": {"sugprice": 3193.3731249999996, "profit": 183, "limit": 2882, "timest": 1701979537}, "\u2605 Driver Gloves | Convoy (Field-Tested)": {"sugprice": 6413.784285714286, "profit": 425, "limit": 5788, "timest": 1701979696}, "\u2605 Specialist Gloves | Fade (Battle-Scarred)": {"sugprice": 15499.335, "profit": 1065, "limit": 13988, "timest": 1701980220}, "Tec-9 | Nuclear Threat (Battle-Scarred)": {"sugprice": 3046.8199999999997, "profit": 153, "limit": 2749, "timest": 1701979513}, "StatTrak\u2122 M4A4 | Neo-Noir (Well-Worn)": {"sugprice": 982, "profit": 108, "limit": 886, "timest": 1701958642}, "StatTrak\u2122 M4A4 | \u9f8d\u738b (Dragon King) (Field-Tested)": {"sugprice": 1600, "profit": 159, "limit": 1444, "timest": 1701979416}, "\u2605 Bloodhound Gloves | Bronzed (Battle-Scarred)": {"sugprice": 6344.944210526316, "profit": 373, "limit": 5726, "timest": 1701946643}, "\u2605 Navaja Knife | Marble Fade (Factory New)": {"sugprice": 15146.996666666666, "profit": 750, "limit": 13670, "timest": 1701975008}, "\u2605 Shadow Daggers | Scorched (Field-Tested)": {"sugprice": 6997.043636363637, "profit": 346, "limit": 6314, "timest": 1701957148}, "StatTrak\u2122 M4A4 | The Battlestar (Field-Tested)": {"sugprice": 1516.7994444444444, "profit": 172, "limit": 1368, "timest": 1701979404}, "StatTrak\u2122 M4A4 | The Emperor (Battle-Scarred)": {"sugprice": 2567.818125, "profit": 122, "limit": 2317, "timest": 1701962258}, "\u2605 Driver Gloves | Racing Green (Field-Tested)": {"sugprice": 4199.653, "profit": 243, "limit": 3790, "timest": 1701979729}, "StatTrak\u2122 M4A4 | Temukau (Battle-Scarred)": {"sugprice": 2333.6440000000002, "profit": 122, "limit": 2106, "timest": 1701976407}, "\u2605 Hand Wraps | Constrictor (Battle-Scarred)": {"sugprice": 4995.777999999999, "profit": 422, "limit": 4508, "timest": 1701979957}, "\u2605 Shadow Daggers | Black Laminate (Well-Worn)": {"sugprice": 7720.9722222222235, "profit": 513, "limit": 6968, "timest": 1701950258}, "USP-S | Monster Mashup (Minimal Wear)": {"sugprice": 2007.0370000000003, "profit": 100, "limit": 1811, "timest": 1701960374}, "\u2605 Shadow Daggers | Freehand (Field-Tested)": {"sugprice": 9347, "profit": 603, "limit": 8435, "timest": 1701980200}, "\u2605 Bloodhound Gloves | Guerrilla (Battle-Scarred)": {"sugprice": 6138, "profit": 342, "limit": 5539, "timest": 1701979596}, "\u2605 Driver Gloves | Convoy (Battle-Scarred)": {"sugprice": 6344.463666666666, "profit": 342, "limit": 5725, "timest": 1701979693}, "\u2605 Gut Knife | Boreal Forest (Field-Tested)": {"sugprice": 7592.953846153846, "profit": 423, "limit": 6852, "timest": 1701935782}, "\u2605 Navaja Knife | Urban Masked (Field-Tested)": {"sugprice": 6920.400952380953, "profit": 416, "limit": 6245, "timest": 1701937494}, "\u2605 Navaja Knife | Boreal Forest (Field-Tested)": {"sugprice": 6914.779999999999, "profit": 381, "limit": 6240, "timest": 1701913222}, "\u2605 Shadow Daggers | Boreal Forest (Field-Tested)": {"sugprice": 7240.460769230768, "profit": 368, "limit": 6534, "timest": 1701966588}, "\u2605 Gut Knife | Bright Water (Field-Tested)": {"sugprice": 8435.948823529412, "profit": 563, "limit": 7613, "timest": 1701952361}, "\u2605 Hydra Gloves | Rattler (Well-Worn)": {"sugprice": 4487.8265, "profit": 221, "limit": 4050, "timest": 1701966528}, "StatTrak\u2122 M4A4 | In Living Color (Field-Tested)": {"sugprice": 1300.9977777777776, "profit": 103, "limit": 1174, "timest": 1701919146}, "\u2605 Driver Gloves | Queen Jaguar (Field-Tested)": {"sugprice": 6402.779230769231, "profit": 341, "limit": 5778, "timest": 1701979713}, "\u2605 Survival Knife | Scorched (Field-Tested)": {"sugprice": 7895.275, "profit": 494, "limit": 7125, "timest": 1701894581}, "\u2605 Bloodhound Gloves | Snakebite (Field-Tested)": {"sugprice": 6217.035000000001, "profit": 321, "limit": 5610, "timest": 1701975736}, "StatTrak\u2122 USP-S | Neo-Noir (Battle-Scarred)": {"sugprice": 3058.7302941176476, "profit": 161, "limit": 2760, "timest": 1701979492}, "\u2605 Specialist Gloves | Forest DDPAT (Battle-Scarred)": {"sugprice": 8826.823157894736, "profit": 679, "limit": 7966, "timest": 1701980222}, "\u2605 Moto Gloves | Smoke Out (Battle-Scarred)": {"sugprice": 8067.864000000001, "profit": 385, "limit": 7281, "timest": 1701977072}, "\u2605 Hand Wraps | Giraffe (Battle-Scarred)": {"sugprice": 6313.532121212122, "profit": 313, "limit": 5697, "timest": 1701940098}, "\u2605 Gut Knife | Rust Coat (Battle-Scarred)": {"sugprice": 7817.153684210525, "profit": 454, "limit": 7054, "timest": 1701899773}, "\u2605 Shadow Daggers | Forest DDPAT (Field-Tested)": {"sugprice": 7323.442000000001, "profit": 501, "limit": 6609, "timest": 1701980198}, "\u2605 Gut Knife | Forest DDPAT (Field-Tested)": {"sugprice": 7632.976, "profit": 374, "limit": 6888, "timest": 1701979839}, "USP-S | Printstream (Field-Tested)": {"sugprice": 3104.7350000000006, "profit": 190, "limit": 2802, "timest": 1701979551}, "StatTrak\u2122 SSG 08 | Bloodshot (Field-Tested)": {"sugprice": 1691.0949999999998, "profit": 107, "limit": 1526, "timest": 1701962368}, "\u2605 Navaja Knife | Rust Coat (Battle-Scarred)": {"sugprice": 6998.512222222222, "profit": 397, "limit": 6316, "timest": 1701980167}, "StatTrak\u2122 PP-Bizon | Judgement of Anubis (Field-Tested)": {"sugprice": 1175, "profit": 183, "limit": 1060, "timest": 1701979456}, "\u2605 Navaja Knife | Night Stripe (Field-Tested)": {"sugprice": 6861.208235294117, "profit": 400, "limit": 6192, "timest": 1701980165}, "\u2605 Paracord Knife | Forest DDPAT (Field-Tested)": {"sugprice": 8218.696923076923, "profit": 395, "limit": 7417, "timest": 1701980180}, "\u2605 Shadow Daggers | Ultraviolet (Field-Tested)": {"sugprice": 9254.381599999999, "profit": 544, "limit": 8352, "timest": 1701980214}, "\u2605 Survival Knife | Forest DDPAT (Field-Tested)": {"sugprice": 8074.56, "profit": 385, "limit": 7287, "timest": 1701952763}, "\u2605 Hydra Gloves | Emerald (Field-Tested)": {"sugprice": 4787.976999999998, "profit": 259, "limit": 4321, "timest": 1701947832}, "\u2605 Driver Gloves | Queen Jaguar (Battle-Scarred)": {"sugprice": 6044, "profit": 450, "limit": 5454, "timest": 1701979708}, "\u2605 Driver Gloves | Racing Green (Battle-Scarred)": {"sugprice": 4012.865609756098, "profit": 228, "limit": 3621, "timest": 1701959705}, "\u2605 Survival Knife | Boreal Forest (Field-Tested)": {"sugprice": 7979.361111111113,