{"StatTrak\u2122 USP-S | Neo-Noir (Field-Tested)": {"sugprice": 3168.9238709677415, "profit": 184, "limit": 2859, "timest": 1704009318}, "StatTrak\u2122 USP-S | The Traitor (Battle-Scarred)": {"sugprice": 2158.781764705882, "profit": 109, "limit": 1948, "timest": 1704009324}, "USP-S | Kill Confirmed (Well-Worn)": {"sugprice": 3160.8551219512206, "profit": 152, "limit": 2852, "timest": 1703960445}, "USP-S | Neo-Noir (Factory New)": {"sugprice": 3122.5448275862063, "profit": 200, "limit": 2818, "timest": 1703964849}, "\u2605 Broken Fang Gloves | Yellow-banded (Battle-Scarred)": {"sugprice": 6141.842826086957, "profit": 304, "limit": 5543, "timest": 1703926206}, "\u2605 Driver Gloves | Convoy (Field-Tested)": {"sugprice": 6402.4473333333335, "profit": 584, "limit": 5778, "timest": 1704009431}, "\u2605 Hand Wraps | Badlands (Battle-Scarred)": {"sugprice": 7809.483846153846, "profit": 382, "limit": 7048, "timest": 1704009470}, "\u2605 Moto Gloves | Transport (Field-Tested)": {"sugprice": 5802.986999999999, "profit": 480, "limit": 5237, "timest": 1704007162}, "\u2605 Navaja Knife | Scorched (Field-Tested)": {"sugprice": 6992.783600000001, "profit": 495, "limit": 6310, "timest": 1704009549}, "StatTrak\u2122 M4A4 | X-Ray (Minimal Wear)": {"sugprice": 4666.556, "profit": 228, "limit": 4211, "timest": 1703939828}, "\u2605 Hydra Gloves | Rattler (Field-Tested)": {"sugprice": 4296.92888888889, "profit": 210, "limit": 3877, "timest": 1704009516}, "\u2605 Driver Gloves | Racing Green (Field-Tested)": {"sugprice": 4060.412105263158, "profit": 249, "limit": 3664, "timest": 1703963268}, "\u2605 Shadow Daggers | Boreal Forest (Field-Tested)": {"sugprice": 7181.6770588235295, "profit": 617, "limit": 6481, "timest": 1704009568}, "\u2605 Bloodhound Gloves | Bronzed (Field-Tested)": {"sugprice": 6511.2303225806445, "profit": 358, "limit": 5876, "timest": 1704009400}, "StatTrak\u2122 USP-S | Monster Mashup (Battle-Scarred)": {"sugprice": 1956.7858333333331, "profit": 112, "limit": 1765, "timest": 1704009312}, "StatTrak\u2122 USP-S | The Traitor (Well-Worn)": {"sugprice": 2196.6388, "profit": 105, "limit": 1982, "timest": 1704000854}, "\u2605 Hydra Gloves | Mangrove (Battle-Scarred)": {"sugprice": 4236.584545454545, "profit": 259, "limit": 3823, "timest": 1704002277}, "\u2605 Shadow Daggers | Forest DDPAT (Field-Tested)": {"sugprice": 7214.193529411765, "profit": 559, "limit": 6510, "timest": 1703970433}, "USP-S | Printstream (Minimal Wear)": {"sugprice": 4641.803529411764, "profit": 330, "limit": 4189, "timest": 1704009380}, "\u2605 Huntsman Knife | Ultraviolet (Field-Tested)": {"sugprice": 10375.3375, "profit": 505, "limit": 9363, "timest": 1704009498}, "\u2605 Hydra Gloves | Rattler (Well-Worn)": {"sugprice": 4913.569285714286, "profit": 277, "limit": 4434, "timest": 1703925833}, "\u2605 Falchion Knife | Ultraviolet (Battle-Scarred)": {"sugprice": 9616.19, "profit": 601, "limit": 8678, "timest": 1704009451}, "\u2605 Moto Gloves | Finish Line (Battle-Scarred)": {"sugprice": 6959.779999999997, "profit": 343, "limit": 6281, "timest": 1703941202}, "\u2605 Shadow Daggers | Bright Water (Field-Tested)": {"sugprice": 7699.389, "profit": 488, "limit": 6948, "timest": 1703951386}, "StatTrak\u2122 USP-S | Monster Mashup (Field-Tested)": {"sugprice": 2009.6542105263154, "profit": 113, "limit": 1813, "timest": 1704009314}, "\u2605 Paracord Knife | Forest DDPAT (Field-Tested)": {"sugprice": 8049.996060606059, "profit": 466, "limit": 7265, "timest": 1703955194}, "\u2605 Navaja Knife | Night Stripe (Field-Tested)": {"sugprice": 6998.522121212122, "profit": 340, "limit": 6316, "timest": 1704009543}, "\u2605 Moto Gloves | Boom! (Battle-Scarred)": {"sugprice": 7825.324444444444, "profit": 693, "limit": 7062, "timest": 1704009526}, "\u2605 Specialist Gloves | Fade (Battle-Scarred)": {"sugprice": 15408.643888888888, "profit": 732, "limit": 13906, "timest": 1704004924}, "StatTrak\u2122 SSG 08 | Dragonfire (Battle-Scarred)": {"sugprice": 3098.3899999999994, "profit": 283, "limit": 2796, "timest": 1703950972}, "USP-S | Printstream (Well-Worn)": {"sugprice": 2737.8642857142845, "profit": 161, "limit": 2470, "timest": 1704009382}, "\u2605 Huntsman Knife | Lore (Battle-Scarred)": {"sugprice": 14436.293000000001, "profit": 764, "limit": 13028, "timest": 1703932455}, "\u2605 Bloodhound Gloves | Bronzed (Battle-Scarred)": {"sugprice": 6473.567142857143, "profit": 428, "limit": 5842, "timest": 1704009398}, "\u2605 Hydra Gloves | Case Hardened (Battle-Scarred)": {"sugprice": 7288.392592592593, "profit": 354, "limit": 6577, "timest": 1704009500}, "\u2605 Driver Gloves | Queen Jaguar (Battle-Scarred)": {"sugprice": 5705.117234042554, "profit": 599, "limit": 5148, "timest": 1704009436}, "\u2605 Shadow Daggers | Scorched (Field-Tested)": {"sugprice": 7123.793333333335, "profit": 430, "limit": 6429, "timest": 1704009579}, "\u2605 Specialist Gloves | Lt. Commander (Battle-Scarred)": {"sugprice": 10079.641428571429, "profit": 853, "limit": 9096, "timest": 1704001750}, "StatTrak\u2122 Tec-9 | Blue Titanium (Factory New)": {"sugprice": 853.3466666666668, "profit": 138, "limit": 770, "timest": 1704009296}, "\u2605 Moto Gloves | 3rd Commando Company (Battle-Scarred)": {"sugprice": 5309.576800000001, "profit": 254, "limit": 4791, "timest": 1704003972}, "\u2605 Survival Knife | Safari Mesh (Field-Tested)": {"sugprice": 7514.899565217392, "profit": 517, "limit": 6782, "timest": 1704009597}, "\u2605 Moto Gloves | POW! (Battle-Scarred)": {"sugprice": 8774.386428571428, "profit": 427, "limit": 7918, "timest": 1704009533}, "\u2605 Hand Wraps | Constrictor (Field-Tested)": {"sugprice": 5037.109, "profit": 249, "limit": 4545, "timest": 1703994374}, "\u2605 Sport Gloves | Bronze Morph (Battle-Scarred)": {"sugprice": 10325.297368421052, "profit": 631, "limit": 9318, "timest": 1703995271}, "\u2605 Bowie Knife | Bright Water (Field-Tested)": {"sugprice": 10174.599166666667, "profit": 652, "limit": 9182, "timest": 1704004554}, "\u2605 Broken Fang Gloves | Unhinged (Battle-Scarred)": {"sugprice": 5065.268571428572, "profit": 325, "limit": 4571, "timest": 1704002195}, "\u2605 Moto Gloves | Blood Pressure (Battle-Scarred)": {"sugprice": 8153.927894736841, "profit": 396, "limit": 7358, "timest": 1703946915}, "StatTrak\u2122 M4A4 | \u9f8d\u738b (Dragon King) (Field-Tested)": {"sugprice": 1546.4240740740743, "profit": 125, "limit": 1395, "timest": 1703934674}, "\u2605 Hand Wraps | Constrictor (Battle-Scarred)": {"sugprice": 4829.409777777777, "profit": 265, "limit": 4358, "timest": 1703934430}, "\u2605 Driver Gloves | Racing Green (Battle-Scarred)": {"sugprice": 4040.859767441861, "profit": 198, "limit": 3646, "timest": 1703945076}, "StatTrak\u2122 MP9 | Hypnotic (Factory New)": {"sugprice": 3435.9933333333324, "profit": 207, "limit": 3100, "timest": 1704009255}, "StatTrak\u2122 USP-S | Printstream (Battle-Scarred)": {"sugprice": 4485.512954545456, "profit": 214, "limit": 4048, "timest": 1703999407}, "\u2605 Gut Knife | Bright Water (Field-Tested)": {"sugprice": 8514.829444444444, "profit": 476, "limit": 7684, "timest": 1704009457}, "\u2605 Navaja Knife | Safari Mesh (Battle-Scarred)": {"sugprice": 7414.997333333333, "profit": 773, "limit": 6692, "timest": 1704009546}, "\u2605 Navaja Knife | Stained (Field-Tested)": {"sugprice": 7323.852799999999, "profit": 395, "limit": 6609, "timest": 1704002856}, "\u2605 Navaja Knife | Stained (Well-Worn)": {"sugprice": 7124.274444444443, "profit": 467, "limit": 6429, "timest": 1704009553}, "\u2605 Navaja Knife | Urban Masked (Field-Tested)": {"sugprice": 6987.643666666667, "profit": 333, "limit": 6306, "timest": 1704007190}, "\u2605 Gut Knife | Boreal Forest (Field-Tested)": {"sugprice": 7253.380588235294, "profit": 520, "limit": 6546, "timest": 1704009452}, "\u2605 Hydra Gloves | Emerald (Battle-Scarred)": {"sugprice": 4741.154, "profit": 414, "limit": 4278, "timest": 1704009502}, "USP-S | Royal Blue (Field-Tested)": {"sugprice": 1058.6289189189188, "profit": 101, "limit": 955,