{"USP-S | Kill Confirmed (Well-Worn)": {"sugprice": 2949, "profit": 227, "limit": 2661, "timest": 1700968798}, "\u2605 Navaja Knife | Scorched (Field-Tested)": {"sugprice": 6760.305555555555, "profit": 481, "limit": 6101, "timest": 1700957667}, "\u2605 Driver Gloves | Racing Green (Battle-Scarred)": {"sugprice": 3636.0922500000015, "profit": 173, "limit": 3281, "timest": 1700963559}, "StatTrak\u2122 USP-S | The Traitor (Well-Worn)": {"sugprice": 1893.9424999999999, "profit": 114, "limit": 1709, "timest": 1700968689}, "\u2605 Driver Gloves | Racing Green (Well-Worn)": {"sugprice": 3801, "profit": 191, "limit": 3430, "timest": 1700969004}, "\u2605 Hand Wraps | Constrictor (Battle-Scarred)": {"sugprice": 4711.135625, "profit": 227, "limit": 4251, "timest": 1700919165}, "\u2605 Hydra Gloves | Rattler (Field-Tested)": {"sugprice": 3972.7612765957447, "profit": 263, "limit": 3585, "timest": 1700969149}, "\u2605 Navaja Knife | Forest DDPAT (Field-Tested)": {"sugprice": 6881.887391304348, "profit": 475, "limit": 6210, "timest": 1700969254}, "\u2605 Shadow Daggers | Bright Water (Field-Tested)": {"sugprice": 7539.293548387096, "profit": 464, "limit": 6804, "timest": 1700969340}, "\u2605 Shadow Daggers | Rust Coat (Battle-Scarred)": {"sugprice": 6911.987199999999, "profit": 611, "limit": 6238, "timest": 1700969380}, "\u2605 Broken Fang Gloves | Yellow-banded (Field-Tested)": {"sugprice": 6329.246818181819, "profit": 412, "limit": 5712, "timest": 1700942369}, "\u2605 Hydra Gloves | Mangrove (Battle-Scarred)": {"sugprice": 3973.9237999999987, "profit": 314, "limit": 3586, "timest": 1700969137}, "\u2605 Hydra Gloves | Mangrove (Well-Worn)": {"sugprice": 4224.4875, "profit": 356, "limit": 3812, "timest": 1700969142}, "StatTrak\u2122 P90 | Asiimov (Battle-Scarred)": {"sugprice": 1571.6945454545457, "profit": 161, "limit": 1418, "timest": 1700963297}, "\u2605 Hand Wraps | Desert Shamagh (Field-Tested)": {"sugprice": 4893.5995652173915, "profit": 370, "limit": 4416, "timest": 1700969080}, "\u2605 Moto Gloves | Transport (Battle-Scarred)": {"sugprice": 5307.820425531913, "profit": 318, "limit": 4790, "timest": 1700969187}, "USP-S | The Traitor (Minimal Wear)": {"sugprice": 1325.957368421053, "profit": 111, "limit": 1196, "timest": 1700968920}, "USP-S | Printstream (Well-Worn)": {"sugprice": 2585.9257692307697, "profit": 170, "limit": 2333, "timest": 1700968884}, "\u2605 Hand Wraps | Duct Tape (Field-Tested)": {"sugprice": 5184.404482758621, "profit": 259, "limit": 4678, "timest": 1700960321}, "\u2605 Broken Fang Gloves | Unhinged (Battle-Scarred)": {"sugprice": 5043.634722222223, "profit": 333, "limit": 4551, "timest": 1700950833}, "\u2605 Hand Wraps | Arboreal (Field-Tested)": {"sugprice": 5690, "profit": 527, "limit": 5135, "timest": 1700969065}, "USP-S | Kill Confirmed (Battle-Scarred)": {"sugprice": 2892.127500000001, "profit": 199, "limit": 2610, "timest": 1700968781}, "\u2605 Hand Wraps | Giraffe (Battle-Scarred)": {"sugprice": 6015.205217391303, "profit": 289, "limit": 5428, "timest": 1700962932}, "USP-S | Neo-Noir (Well-Worn)": {"sugprice": 1422.5033333333333, "profit": 124, "limit": 1283, "timest": 1700968829}, "\u2605 Gut Knife | Rust Coat (Battle-Scarred)": {"sugprice": 7718.702857142856, "profit": 438, "limit": 6966, "timest": 1700969041}, "\u2605 Moto Gloves | Smoke Out (Battle-Scarred)": {"sugprice": 6836.1904545454545, "profit": 399, "limit": 6169, "timest": 1700969185}, "\u2605 Hydra Gloves | Rattler (Battle-Scarred)": {"sugprice": 4029.4476744186045, "profit": 293, "limit": 3636, "timest": 1700969144}, "StatTrak\u2122 SSG 08 | Dragonfire (Field-Tested)": {"sugprice": 3145.1577083333323, "profit": 253, "limit": 2838, "timest": 1700968603}, "\u2605 Broken Fang Gloves | Jade (Battle-Scarred)": {"sugprice": 7060.203750000001, "profit": 507, "limit": 6371, "timest": 1700968944}, "\u2605 Hydra Gloves | Rattler (Well-Worn)": {"sugprice": 4574.406875, "profit": 325, "limit": 4128, "timest": 1700932734}, "StatTrak\u2122 USP-S | Neo-Noir (Field-Tested)": {"sugprice": 3130.7536842105264, "profit": 271, "limit": 2825, "timest": 1700968671}, "\u2605 Bloodhound Gloves | Guerrilla (Field-Tested)": {"sugprice": 5952.216, "profit": 502, "limit": 5371, "timest": 1700968942}, "\u2605 Gut Knife | Boreal Forest (Field-Tested)": {"sugprice": 6938.798461538462, "profit": 333, "limit": 6262, "timest": 1700949550}, "\u2605 Gut Knife | Bright Water (Field-Tested)": {"sugprice": 8046.888999999998, "profit": 444, "limit": 7262, "timest": 1700960290}, "\u2605 Gut Knife | Safari Mesh (Field-Tested)": {"sugprice": 7143.517647058825, "profit": 386, "limit": 6447, "timest": 1700932533}, "\u2605 Hand Wraps | Constrictor (Field-Tested)": {"sugprice": 4842.758518518519, "profit": 320, "limit": 4370, "timest": 1700920545}, "\u2605 Hand Wraps | Desert Shamagh (Well-Worn)": {"sugprice": 4792.076875000001, "profit": 359, "limit": 4324, "timest": 1700969106}, "\u2605 Navaja Knife | Night Stripe (Field-Tested)": {"sugprice": 6866.299142857144, "profit": 387, "limit": 6196, "timest": 1700969257}, "\u2605 Navaja Knife | Tiger Tooth (Factory New)": {"sugprice": 11474.250384615385, "profit": 550, "limit": 10355, "timest": 1700934036}, "\u2605 Navaja Knife | Urban Masked (Field-Tested)": {"sugprice": 6961.343333333334, "profit": 427, "limit": 6282, "timest": 1700969310}, "\u2605 Survival Knife | Forest DDPAT (Field-Tested)": {"sugprice": 7579.201176470589, "profit": 377, "limit": 6840, "timest": 1700940103}, "\u2605 Survival Knife | Scorched (Field-Tested)": {"sugprice": 7666.941999999999, "profit": 726, "limit": 6919, "timest": 1700969439}, "\u2605 Moto Gloves | 3rd Commando Company (Field-Tested)": {"sugprice": 5660.395333333333, "profit": 428, "limit": 5108, "timest": 1700969154}, "StatTrak\u2122 USP-S | Neo-Noir (Battle-Scarred)": {"sugprice": 3114.1445454545456, "profit": 260, "limit": 2810, "timest": 1700968662}, "StatTrak\u2122 USP-S | The Traitor (Battle-Scarred)": {"sugprice": 1871.3603999999998, "profit": 216, "limit": 1688, "timest": 1700968686}, "\u2605 Driver Gloves | Convoy (Battle-Scarred)": {"sugprice": 6066.035000000001, "profit": 307, "limit": 5474, "timest": 1700917976}, "USP-S | Neo-Noir (Minimal Wear)": {"sugprice": 1527.5269565217393, "profit": 101, "limit": 1378, "timest": 1700951943}, "USP-S | Kill Confirmed (Field-Tested)": {"sugprice": 3136.285588235294, "profit": 174, "limit": 2830, "timest": 1700968785}, "\u2605 Driver Gloves | Queen Jaguar (Battle-Scarred)": {"sugprice": 5421.408461538462, "profit": 311, "limit": 4892, "timest": 1700969000}, "\u2605 Hand Wraps | Desert Shamagh (Battle-Scarred)": {"sugprice": 4791.05975609756, "profit": 251, "limit": 4323, "timest": 1700969078}, "\u2605 Shadow Daggers | Freehand (Field-Tested)": {"sugprice": 8576.270714285713, "profit": 410, "limit": 7740, "timest": 1700942629}, "USP-S | Neo-Noir (Factory New)": {"sugprice": 2853.5876470588228, "profit": 138, "limit": 2575, "timest": 1700905576}, "\u2605 Specialist Gloves | Buckshot (Battle-Scarred)": {"sugprice": 5067.792173913044, "profit": 304, "limit": 4573, "timest": 1700969413}, "USP-S | Orion (Minimal Wear)": {"sugprice": 3971.909387755102, "profit": 232, "limit": 3584, "timest": 1700968852}, "USP-S | Caiman (Field-Tested)": {"sugprice": 3181.403, "profit": 291, "limit": 2871, "timest": 1700968769}, "\u2605 Sport Gloves | Bronze Morph (Battle-Scarred)": {"sugprice": 9661.554545454546, "profit": 490, "limit": 8719, "timest": 1700940096}, "\u2605 Bloodhound Gloves | Guerrilla (Battle-Scarred)": {"sugprice": 5874, "profit": 287, "limit": 5301, "timest": 1700955370}, "USP-S | Orion (Field-Tested)": {"sugprice": 3898.6268181818177, "profit": 229, "limit": 3518, "timest": 1700899643}, "USP-S | The Traitor (Field-Tested)": {"sugprice": 883.1000000000001, "profit": 118, "limit": 796, "timest": 1700909572}, "USP-S | Printstream (Minimal Wear)": {"sugprice": 4034.618333333334, "profit": 257, "limit": 3641, "timest": 1700939916},