{"StatTrak\u2122 M4A4 | The Battlestar (Field-Tested)": {"sugprice": 1372.6359090909093, "profit": 100, "limit": 1238, "timest": 1702644596}, "StatTrak\u2122 M4A4 | The Emperor (Battle-Scarred)": {"sugprice": 2590.7287878787874, "profit": 132, "limit": 2338, "timest": 1702655740}, "StatTrak\u2122 M4A4 | \u9f8d\u738b (Dragon King) (Field-Tested)": {"sugprice": 1518.58, "profit": 126, "limit": 1370, "timest": 1702655752}, "StatTrak\u2122 MAC-10 | Toybox (Battle-Scarred)": {"sugprice": 598.4988888888888, "profit": 106, "limit": 540, "timest": 1702655758}, "StatTrak\u2122 MP7 | Bloodsport (Factory New)": {"sugprice": 1347.9013636363636, "profit": 114, "limit": 1216, "timest": 1702655760}, "StatTrak\u2122 MP9 | Hypnotic (Factory New)": {"sugprice": 3476.6722222222224, "profit": 196, "limit": 3137, "timest": 1702655775}, "StatTrak\u2122 P90 | Asiimov (Battle-Scarred)": {"sugprice": 1404.1435, "profit": 111, "limit": 1267, "timest": 1702655797}, "StatTrak\u2122 PP-Bizon | Judgement of Anubis (Field-Tested)": {"sugprice": 993.7982352941176, "profit": 106, "limit": 896, "timest": 1702655801}, "StatTrak\u2122 SSG 08 | Bloodshot (Field-Tested)": {"sugprice": 1972.7333333333331, "profit": 114, "limit": 1780, "timest": 1702655807}, "StatTrak\u2122 Tec-9 | Decimator (Battle-Scarred)": {"sugprice": 2079, "profit": 329, "limit": 1876, "timest": 1702655817}, "StatTrak\u2122 USP-S | Monster Mashup (Field-Tested)": {"sugprice": 1881, "profit": 142, "limit": 1697, "timest": 1702639750}, "StatTrak\u2122 USP-S | Neo-Noir (Battle-Scarred)": {"sugprice": 3098.2862962962963, "profit": 208, "limit": 2796, "timest": 1702655901}, "StatTrak\u2122 USP-S | Neo-Noir (Field-Tested)": {"sugprice": 3131.0531818181826, "profit": 242, "limit": 2825, "timest": 1702655904}, "StatTrak\u2122 USP-S | The Traitor (Battle-Scarred)": {"sugprice": 2024.797027027027, "profit": 109, "limit": 1827, "timest": 1702655909}, "Tec-9 | Nuclear Threat (Battle-Scarred)": {"sugprice": 3576.16375, "profit": 569, "limit": 3227, "timest": 1702655921}, "Tec-9 | Titanium Bit (Factory New)": {"sugprice": 597.9779999999998, "profit": 101, "limit": 539, "timest": 1702628429}, "USP-S | Kill Confirmed (Battle-Scarred)": {"sugprice": 3028.9548979591846, "profit": 163, "limit": 2733, "timest": 1702655947}, "USP-S | Kill Confirmed (Well-Worn)": {"sugprice": 3161.9939999999983, "profit": 243, "limit": 2853, "timest": 1702655951}, "USP-S | Neo-Noir (Factory New)": {"sugprice": 3190.1064516129027, "profit": 285, "limit": 2879, "timest": 1702655955}, "USP-S | Overgrowth (Field-Tested)": {"sugprice": 1780.951, "profit": 101, "limit": 1607, "timest": 1702655963}, "USP-S | The Traitor (Minimal Wear)": {"sugprice": 1446.6851612903224, "profit": 102, "limit": 1305, "timest": 1702655977}, "\u2605 Bloodhound Gloves | Bronzed (Battle-Scarred)": {"sugprice": 6309.9655, "profit": 325, "limit": 5694, "timest": 1702655427}, "\u2605 Bloodhound Gloves | Guerrilla (Battle-Scarred)": {"sugprice": 6147.59, "profit": 397, "limit": 5548, "timest": 1702655992}, "\u2605 Bloodhound Gloves | Snakebite (Field-Tested)": {"sugprice": 5898.864166666669, "profit": 308, "limit": 5323, "timest": 1702649410}, "\u2605 Broken Fang Gloves | Needle Point (Battle-Scarred)": {"sugprice": 4963.375306122449, "profit": 245, "limit": 4479, "timest": 1702656006}, "\u2605 Broken Fang Gloves | Needle Point (Well-Worn)": {"sugprice": 5079.538181818181, "profit": 250, "limit": 4584, "timest": 1702656010}, "\u2605 Broken Fang Gloves | Yellow-banded (Battle-Scarred)": {"sugprice": 5920.177999999999, "profit": 323, "limit": 5342, "timest": 1702642764}, "\u2605 Broken Fang Gloves | Yellow-banded (Field-Tested)": {"sugprice": 6202.611481481482, "profit": 320, "limit": 5597, "timest": 1702655456}, "\u2605 Driver Gloves | Convoy (Field-Tested)": {"sugprice": 6392.992333333332, "profit": 431, "limit": 5769, "timest": 1702656020}, "\u2605 Driver Gloves | Diamondback (Battle-Scarred)": {"sugprice": 7017.949999999999, "profit": 375, "limit": 6333, "timest": 1702656022}, "\u2605 Driver Gloves | Queen Jaguar (Battle-Scarred)": {"sugprice": 5662.787599999999, "profit": 429, "limit": 5110, "timest": 1702656026}, "\u2605 Driver Gloves | Queen Jaguar (Field-Tested)": {"sugprice": 5790.035999999999, "profit": 315, "limit": 5225, "timest": 1702637029}, "\u2605 Falchion Knife | Rust Coat (Battle-Scarred)": {"sugprice": 8789.797272727272, "profit": 549, "limit": 7932, "timest": 1702656038}, "\u2605 Falchion Knife | Ultraviolet (Battle-Scarred)": {"sugprice": 10030.09090909091, "profit": 537, "limit": 9052, "timest": 1702656040}, "\u2605 Gut Knife | Bright Water (Field-Tested)": {"sugprice": 8654.16142857143, "profit": 581, "limit": 7810, "timest": 1702654942}, "\u2605 Hand Wraps | Arboreal (Field-Tested)": {"sugprice": 5954.564230769231, "profit": 316, "limit": 5373, "timest": 1702640393}, "\u2605 Hand Wraps | Badlands (Battle-Scarred)": {"sugprice": 7361.478181818183, "profit": 505, "limit": 6643, "timest": 1702656058}, "\u2605 Hand Wraps | CAUTION! (Battle-Scarred)": {"sugprice": 13518.045555555555, "profit": 1010, "limit": 12200, "timest": 1702645322}, "\u2605 Hand Wraps | Constrictor (Battle-Scarred)": {"sugprice": 4838.659361702127, "profit": 267, "limit": 4366, "timest": 1702656062}, "\u2605 Hand Wraps | Constrictor (Well-Worn)": {"sugprice": 4758.2300000000005, "profit": 227, "limit": 4294, "timest": 1702628778}, "\u2605 Hand Wraps | Desert Shamagh (Battle-Scarred)": {"sugprice": 5062.448199999999, "profit": 302, "limit": 4568, "timest": 1702656068}, "\u2605 Hand Wraps | Giraffe (Battle-Scarred)": {"sugprice": 5557.632272727272, "profit": 349, "limit": 5015, "timest": 1702656078}, "\u2605 Huntsman Knife | Rust Coat (Battle-Scarred)": {"sugprice": 8617.654375, "profit": 433, "limit": 7777, "timest": 1702648131}, "\u2605 Huntsman Knife | Ultraviolet (Field-Tested)": {"sugprice": 9981.0284, "profit": 668, "limit": 9007, "timest": 1702656087}, "\u2605 Hydra Gloves | Case Hardened (Battle-Scarred)": {"sugprice": 7290, "profit": 548, "limit": 6579, "timest": 1702656089}, "\u2605 Hydra Gloves | Mangrove (Battle-Scarred)": {"sugprice": 3982.888095238095, "profit": 221, "limit": 3594, "timest": 1702636606}, "\u2605 Hydra Gloves | Mangrove (Field-Tested)": {"sugprice": 4040.4437500000004, "profit": 192, "limit": 3646, "timest": 1702653419}, "\u2605 Hydra Gloves | Rattler (Battle-Scarred)": {"sugprice": 4038.5322, "profit": 269, "limit": 3644, "timest": 1702656175}, "\u2605 Moto Gloves | 3rd Commando Company (Battle-Scarred)": {"sugprice": 5081.9788, "profit": 288, "limit": 4586, "timest": 1702656181}, "\u2605 Moto Gloves | Boom! (Battle-Scarred)": {"sugprice": 7011.530909090911, "profit": 343, "limit": 6327, "timest": 1702652342}, "\u2605 Moto Gloves | Finish Line (Battle-Scarred)": {"sugprice": 7442.203181818183, "profit": 648, "limit": 6716, "timest": 1702656191}, "\u2605 Moto Gloves | POW! (Battle-Scarred)": {"sugprice": 8483.054, "profit": 669, "limit": 7655, "timest": 1702656195}, "\u2605 Moto Gloves | Smoke Out (Battle-Scarred)": {"sugprice": 7297.749047619048, "profit": 359, "limit": 6586, "timest": 1702651343}, "\u2605 Moto Gloves | Transport (Field-Tested)": {"sugprice": 5682, "profit": 295, "limit": 5128, "timest": 1702647624}, "\u2605 Navaja Knife | Forest DDPAT (Field-Tested)": {"sugprice": 6889.887199999998, "profit": 372, "limit": 6218, "timest": 1702656205}, "\u2605 Navaja Knife | Marble Fade (Factory New)": {"sugprice": 14950.108333333334, "profit": 892, "limit": 13492, "timest": 1702638754}, "\u2605 Navaja Knife | Night Stripe (Field-Tested)": {"sugprice": 6998.341764705882, "profit": 481, "limit": 6316, "timest": 1702656210}, "\u2605 Navaja Knife | Rust Coat (Battle-Scarred)": {"sugprice": 6937.974193548385, "profit": 391, "limit": 6261, "timest": 1702656212}, "\u2605 Navaja Knife | Safari Mesh (Battle-Scarred)": {"sugprice": 6833.7919999999995, "profit": 480, "limit": 6167, "timest": 1702656214},