{"StatTrak\u2122 M4A1-S | Player Two (Battle-Scarred)": {"sugprice": 3202.8417391304347, "profit": 207, "limit": 2890, "timest": 1699791013}, "USP-S | Kill Confirmed (Well-Worn)": {"sugprice": 3465, "profit": 237, "limit": 3127, "timest": 1699787496}, "USP-S | Overgrowth (Field-Tested)": {"sugprice": 1979.114, "profit": 112, "limit": 1786, "timest": 1699791490}, "\u2605 Moto Gloves | Turtle (Battle-Scarred)": {"sugprice": 8715, "profit": 471, "limit": 7865, "timest": 1699791631}, "\u2605 Navaja Knife | Scorched (Field-Tested)": {"sugprice": 7092, "profit": 527, "limit": 6400, "timest": 1699790906}, "\u2605 Driver Gloves | Racing Green (Battle-Scarred)": {"sugprice": 3998, "profit": 245, "limit": 3608, "timest": 1699791560}, "StatTrak\u2122 M4A4 | Royal Paladin (Battle-Scarred)": {"sugprice": 2381.73, "profit": 190, "limit": 2149, "timest": 1699791035}, "StatTrak\u2122 M4A4 | Temukau (Field-Tested)": {"sugprice": 4052, "profit": 266, "limit": 3656, "timest": 1699791043}, "StatTrak\u2122 M4A4 | The Emperor (Battle-Scarred)": {"sugprice": 2817.7924000000003, "profit": 328, "limit": 2543, "timest": 1699791047}, "StatTrak\u2122 USP-S | Printstream (Battle-Scarred)": {"sugprice": 4959.028928571429, "profit": 301, "limit": 4475, "timest": 1699791325}, "StatTrak\u2122 USP-S | The Traitor (Well-Worn)": {"sugprice": 2159.7717857142857, "profit": 151, "limit": 1949, "timest": 1699791337}, "USP-S | Caiman (Field-Tested)": {"sugprice": 3358.8815909090904, "profit": 160, "limit": 3031, "timest": 1699756941}, "USP-S | Printstream (Minimal Wear)": {"sugprice": 4890.782499999999, "profit": 243, "limit": 4413, "timest": 1699787628}, "USP-S | Whiteout (Minimal Wear)": {"sugprice": 2870.9179166666668, "profit": 253, "limit": 2591, "timest": 1699791520}, "\u2605 Bowie Knife | Rust Coat (Battle-Scarred)": {"sugprice": 9757.139285714287, "profit": 514, "limit": 8805, "timest": 1699791530}, "\u2605 Broken Fang Gloves | Needle Point (Battle-Scarred)": {"sugprice": 5316, "profit": 338, "limit": 4797, "timest": 1699791534}, "\u2605 Broken Fang Gloves | Needle Point (Field-Tested)": {"sugprice": 5667.984583333334, "profit": 499, "limit": 5115, "timest": 1699791536}, "\u2605 Driver Gloves | Racing Green (Well-Worn)": {"sugprice": 4023.953125, "profit": 210, "limit": 3631, "timest": 1699791564}, "\u2605 Hand Wraps | Constrictor (Battle-Scarred)": {"sugprice": 5059.251794871795, "profit": 376, "limit": 4565, "timest": 1699791589}, "\u2605 Hydra Gloves | Rattler (Field-Tested)": {"sugprice": 4318.051666666666, "profit": 212, "limit": 3897, "timest": 1699781371}, "\u2605 Moto Gloves | Finish Line (Battle-Scarred)": {"sugprice": 7251.66681818182, "profit": 457, "limit": 6544, "timest": 1699791625}, "\u2605 Navaja Knife | Forest DDPAT (Field-Tested)": {"sugprice": 7118, "profit": 417, "limit": 6423, "timest": 1699791636}, "\u2605 Navaja Knife | Safari Mesh (Field-Tested)": {"sugprice": 7543.11606060606, "profit": 404, "limit": 6807, "timest": 1699791641}, "\u2605 Shadow Daggers | Bright Water (Field-Tested)": {"sugprice": 8232, "profit": 412, "limit": 7429, "timest": 1699788235}, "\u2605 Shadow Daggers | Rust Coat (Battle-Scarred)": {"sugprice": 7294, "profit": 618, "limit": 6582, "timest": 1699791659}, "\u2605 Broken Fang Gloves | Yellow-banded (Field-Tested)": {"sugprice": 6687.364347826087, "profit": 320, "limit": 6035, "timest": 1699790813}, "\u2605 Hand Wraps | Arboreal (Battle-Scarred)": {"sugprice": 5425.479736842105, "profit": 455, "limit": 4896, "timest": 1699791583}, "Vypa Sista of the Revolution | Guerrilla Warfare": {"sugprice": 1750, "profit": 104, "limit": 1579, "timest": 1699791522}, "\u2605 Shadow Daggers | Freehand (Field-Tested)": {"sugprice": 8860.509999999998, "profit": 476, "limit": 7996, "timest": 1699709503}, "StatTrak\u2122 M4A4 | \u9f8d\u738b (Dragon King) (Battle-Scarred)": {"sugprice": 1546.1073809523807, "profit": 108, "limit": 1395, "timest": 1699791053}, "\u2605 Hydra Gloves | Mangrove (Battle-Scarred)": {"sugprice": 4168.332291666667, "profit": 391, "limit": 3761, "timest": 1699791613}, "USP-S | Monster Mashup (Minimal Wear)": {"sugprice": 2149.0364705882353, "profit": 163, "limit": 1939, "timest": 1699791462}, "USP-S | Neo-Noir (Factory New)": {"sugprice": 3154.5483333333336, "profit": 184, "limit": 2846, "timest": 1699705961}, "USP-S | Orion (Minimal Wear)": {"sugprice": 4458.343414634147, "profit": 234, "limit": 4023, "timest": 1699791488}, "\u2605 Broken Fang Gloves | Yellow-banded (Battle-Scarred)": {"sugprice": 6391.435800000001, "profit": 466, "limit": 5768, "timest": 1699791545}, "\u2605 Specialist Gloves | Buckshot (Battle-Scarred)": {"sugprice": 5247.084074074074, "profit": 342, "limit": 4735, "timest": 1699791667}, "\u2605 Hydra Gloves | Mangrove (Well-Worn)": {"sugprice": 4417.8431578947375, "profit": 266, "limit": 3987, "timest": 1699791615}, "\u2605 Shadow Daggers | Scorched (Field-Tested)": {"sugprice": 7416.484375, "profit": 374, "limit": 6693, "timest": 1699791661}, "StatTrak\u2122 M4A4 | Desolate Space (Battle-Scarred)": {"sugprice": 1384.6191836734693, "profit": 165, "limit": 1249, "timest": 1699766219}, "StatTrak\u2122 USP-S | Blueprint (Battle-Scarred)": {"sugprice": 1215.3447999999999, "profit": 154, "limit": 1096, "timest": 1699791226}, "StatTrak\u2122 P90 | Asiimov (Battle-Scarred)": {"sugprice": 1423, "profit": 126, "limit": 1284, "timest": 1699791090}, "\u2605 Bloodhound Gloves | Guerrilla (Battle-Scarred)": {"sugprice": 6313.949999999999, "profit": 349, "limit": 5698, "timest": 1699791526}, "\u2605 Hand Wraps | Desert Shamagh (Field-Tested)": {"sugprice": 5032.460487804878, "profit": 258, "limit": 4541, "timest": 1699781349}, "\u2605 Gut Knife | Forest DDPAT (Field-Tested)": {"sugprice": 8302.150000000001, "profit": 581, "limit": 7492, "timest": 1699791575}, "\u2605 Moto Gloves | Transport (Battle-Scarred)": {"sugprice": 5445, "profit": 272, "limit": 4914, "timest": 1699790892}, "USP-S | The Traitor (Minimal Wear)": {"sugprice": 1573.6383333333326, "profit": 115, "limit": 1420, "timest": 1699791514}, "USP-S | Printstream (Well-Worn)": {"sugprice": 2972, "profit": 310, "limit": 2682, "timest": 1699791498}, "\u2605 Driver Gloves | Racing Green (Field-Tested)": {"sugprice": 4158.301224489796, "profit": 329, "limit": 3752, "timest": 1699789605}, "StatTrak\u2122 P90 | Trigon (Field-Tested)": {"sugprice": 1391.48, "profit": 131, "limit": 1255, "timest": 1699791118}, "\u2605 Hand Wraps | Duct Tape (Field-Tested)": {"sugprice": 5252, "profit": 278, "limit": 4739, "timest": 1699791603}, "USP-S | Monster Mashup (Well-Worn)": {"sugprice": 1329.1560869565217, "profit": 115, "limit": 1199, "timest": 1699791469}, "\u2605 Broken Fang Gloves | Unhinged (Battle-Scarred)": {"sugprice": 4999, "profit": 246, "limit": 4511, "timest": 1699791540}, "\u2605 Hand Wraps | Arboreal (Field-Tested)": {"sugprice": 6397.228695652174, "profit": 377, "limit": 5773, "timest": 1699740709}, "StatTrak\u2122 M4A4 | Neo-Noir (Field-Tested)": {"sugprice": 1245.8183333333336, "profit": 153, "limit": 1124, "timest": 1699791033}, "USP-S | Kill Confirmed (Battle-Scarred)": {"sugprice": 3264, "profit": 210, "limit": 2945, "timest": 1699791418}, "USP-S | Kill Confirmed (Minimal Wear)": {"sugprice": 6040, "profit": 633, "limit": 5451, "timest": 1699791433}, "StatTrak\u2122 M4A4 | Cyber Security (Battle-Scarred)": {"sugprice": 1735.30375, "profit": 182, "limit": 1566, "timest": 1699791015}, "USP-S | Purple DDPAT (Minimal Wear)": {"sugprice": 1042.3683333333333, "profit": 109, "limit": 940, "timest": 1699724302}, "USP-S | Serum (Field-Tested)": {"sugprice": 3663, "profit": 241, "limit": 3305, "timest": 1699786308}, "\u2605 Hand Wraps | Giraffe (Battle-Scarred)": {"sugprice": 6540.241304347827, "profit": 448, "limit": 5902, "timest": 1699791605}, "USP-S | Neo-Noir (Well-Worn)": {"sugprice": 1863.4967741935486, "profit": 199, "limit": 1681, "timest": 1699791484}, "\u2605 Survival Knife | Safari Mesh (Field-Tested)": {"sugprice": 8415, "profit": 557, "limit": 7594,