{"USP-S | Whiteout (Battle-Scarred)": {"sugprice": 2139.669736842105, "profit": 109, "limit": 1931, "timest": 1708005693}, "\u2605 Hydra Gloves | Case Hardened (Field-Tested)": {"sugprice": 9162.223999999998, "profit": 632, "limit": 8268, "timest": 1708005889}, "StatTrak\u2122 P90 | Nostalgia (Battle-Scarred)": {"sugprice": 999.2858823529413, "profit": 125, "limit": 901, "timest": 1708005530}, "USP-S | Kill Confirmed (Battle-Scarred)": {"sugprice": 3480.481162790698, "profit": 224, "limit": 3141, "timest": 1707984037}, "\u2605 Hand Wraps | CAUTION! (Battle-Scarred)": {"sugprice": 14554.15294117647, "profit": 841, "limit": 13135, "timest": 1708005829}, "\u2605 Shadow Daggers | Autotronic (Battle-Scarred)": {"sugprice": 9025.6925, "profit": 433, "limit": 8145, "timest": 1708005979}, "USP-S | Kill Confirmed (Well-Worn)": {"sugprice": 3436.45925, "profit": 164, "limit": 3101, "timest": 1707984040}, "USP-S | Royal Blue (Field-Tested)": {"sugprice": 1257.8692857142858, "profit": 143, "limit": 1135, "timest": 1708005680}, "\u2605 Bloodhound Gloves | Bronzed (Battle-Scarred)": {"sugprice": 6427.1892307692315, "profit": 333, "limit": 5800, "timest": 1707990946}, "StatTrak\u2122 SSG 08 | Big Iron (Battle-Scarred)": {"sugprice": 1540.8627272727274, "profit": 111, "limit": 1390, "timest": 1708005544}, "\u2605 Ursus Knife | Ultraviolet (Battle-Scarred)": {"sugprice": 11949.556, "profit": 1004, "limit": 10784, "timest": 1708006075}, "\u2605 Driver Gloves | Racing Green (Field-Tested)": {"sugprice": 4141, "profit": 230, "limit": 3737, "timest": 1708005105}, "\u2605 Gut Knife | Boreal Forest (Field-Tested)": {"sugprice": 7169.914705882353, "profit": 361, "limit": 6470, "timest": 1707929172}, "\u2605 Driver Gloves | Black Tie (Battle-Scarred)": {"sugprice": 10538.847692307692, "profit": 544, "limit": 9511, "timest": 1708002386}, "\u2605 Gut Knife | Doppler (Factory New)": {"sugprice": 16219.20642857143, "profit": 832, "limit": 14637, "timest": 1707984842}, "\u2605 Paracord Knife | Forest DDPAT (Battle-Scarred)": {"sugprice": 8013.003571428571, "profit": 381, "limit": 7231, "timest": 1707954491}, "\u2605 Navaja Knife | Crimson Web (Battle-Scarred)": {"sugprice": 8274.436000000002, "profit": 405, "limit": 7467, "timest": 1707934079}, "\u2605 Navaja Knife | Ultraviolet (Battle-Scarred)": {"sugprice": 7291, "profit": 608, "limit": 6580, "timest": 1708005953}, "USP-S | Monster Mashup (Minimal Wear)": {"sugprice": 2273.9494999999997, "profit": 111, "limit": 2052, "timest": 1708005645}, "\u2605 Gut Knife | Safari Mesh (Field-Tested)": {"sugprice": 7404.079230769232, "profit": 677, "limit": 6682, "timest": 1708005810}, "\u2605 Hand Wraps | Spruce DDPAT (Battle-Scarred)": {"sugprice": 7404.314444444444, "profit": 485, "limit": 6682, "timest": 1708005860}, "\u2605 Navaja Knife | Stained (Battle-Scarred)": {"sugprice": 7210.294999999999, "profit": 359, "limit": 6507, "timest": 1708004657}, "StatTrak\u2122 P2000 | Imperial Dragon (Field-Tested)": {"sugprice": 807.0460465116277, "profit": 173, "limit": 728, "timest": 1708004829}, "StatTrak\u2122 USP-S | The Traitor (Battle-Scarred)": {"sugprice": 2337.223695652174, "profit": 133, "limit": 2109, "timest": 1707991517}, "\u2605 Navaja Knife | Doppler (Factory New)": {"sugprice": 17711, "profit": 1639, "limit": 15984, "timest": 1708005933}, "USP-S | Serum (Minimal Wear)": {"sugprice": 3467.4735, "profit": 296, "limit": 3129, "timest": 1708005684}, "USP-S | Purple DDPAT (Minimal Wear)": {"sugprice": 1230.6141666666667, "profit": 101, "limit": 1110, "timest": 1707986663}, "\u2605 Gut Knife | Scorched (Field-Tested)": {"sugprice": 7775.49, "profit": 414, "limit": 7017, "timest": 1707950278}, "\u2605 Navaja Knife | Ultraviolet (Field-Tested)": {"sugprice": 7366.274285714286, "profit": 392, "limit": 6648, "timest": 1708005306}, "\u2605 Specialist Gloves | Lt. Commander (Battle-Scarred)": {"sugprice": 9961.928461538462, "profit": 560, "limit": 8990, "timest": 1707920989}, "\u2605 Broken Fang Gloves | Unhinged (Field-Tested)": {"sugprice": 5753.214, "profit": 337, "limit": 5192, "timest": 1707998447}, "\u2605 Huntsman Knife | Lore (Battle-Scarred)": {"sugprice": 14444, "profit": 1069, "limit": 13035, "timest": 1708003961}, "StatTrak\u2122 USP-S | Neo-Noir (Battle-Scarred)": {"sugprice": 3414.2844444444445, "profit": 281, "limit": 3081, "timest": 1708005579}, "USP-S | Whiteout (Minimal Wear)": {"sugprice": 3138.5438461538465, "profit": 171, "limit": 2832, "timest": 1708005696}, "\u2605 Hydra Gloves | Rattler (Well-Worn)": {"sugprice": 4286, "profit": 213, "limit": 3868, "timest": 1708002571}, "StatTrak\u2122 USP-S | Monster Mashup (Battle-Scarred)": {"sugprice": 1803.8808695652178, "profit": 100, "limit": 1628, "timest": 1707931006}, "StatTrak\u2122 Sawed-Off | Devourer (Battle-Scarred)": {"sugprice": 623.6725, "profit": 112, "limit": 562, "timest": 1707976925}, "USP-S | Neo-Noir (Factory New)": {"sugprice": 3398.175, "profit": 370, "limit": 3066, "timest": 1708005649}, "\u2605 Hand Wraps | Arboreal (Field-Tested)": {"sugprice": 6793.251999999999, "profit": 325, "limit": 6130, "timest": 1708005821}, "StatTrak\u2122 USP-S | Printstream (Battle-Scarred)": {"sugprice": 4403, "profit": 224, "limit": 3973, "timest": 1708002194}, "USP-S | Neo-Noir (Well-Worn)": {"sugprice": 1565.5375, "profit": 115, "limit": 1412, "timest": 1707986647}, "\u2605 Falchion Knife | Ultraviolet (Battle-Scarred)": {"sugprice": 9878.10857142857, "profit": 471, "limit": 8914, "timest": 1707996327}, "\u2605 Bowie Knife | Tiger Tooth (Factory New)": {"sugprice": 21687.18857142857, "profit": 1070, "limit": 19572, "timest": 1707987273}, "\u2605 Hand Wraps | Giraffe (Well-Worn)": {"sugprice": 6012.566250000001, "profit": 552, "limit": 5426, "timest": 1708005857}, "\u2605 Driver Gloves | Diamondback (Battle-Scarred)": {"sugprice": 6930, "profit": 426, "limit": 6254, "timest": 1708004463}, "\u2605 Navaja Knife | Rust Coat (Battle-Scarred)": {"sugprice": 6672.211956521739, "profit": 349, "limit": 6021, "timest": 1708005295}, "StatTrak\u2122 SSG 08 | Turbo Peek (Field-Tested)": {"sugprice": 863.531785714286, "profit": 102, "limit": 779, "timest": 1707980385}, "StatTrak\u2122 USP-S | Neo-Noir (Field-Tested)": {"sugprice": 3456.032631578947, "profit": 410, "limit": 3119, "timest": 1708005580}, "StatTrak\u2122 USP-S | Overgrowth (Field-Tested)": {"sugprice": 3989.1759999999995, "profit": 208, "limit": 3600, "timest": 1708001461}, "\u2605 Hand Wraps | Duct Tape (Field-Tested)": {"sugprice": 5546.124999999999, "profit": 348, "limit": 5005, "timest": 1707950326}, "StatTrak\u2122 USP-S | The Traitor (Well-Worn)": {"sugprice": 2350.2438235294117, "profit": 144, "limit": 2121, "timest": 1707954790}, "\u2605 Sport Gloves | Amphibious (Battle-Scarred)": {"sugprice": 39525, "profit": 2892, "limit": 35671, "timest": 1708006057}, "\u2605 Navaja Knife | Boreal Forest (Field-Tested)": {"sugprice": 6868.942340425531, "profit": 418, "limit": 6199, "timest": 1707927208}, "\u2605 Specialist Gloves | Crimson Web (Battle-Scarred)": {"sugprice": 12428.837333333333, "profit": 601, "limit": 11217, "timest": 1707956599}, "\u2605 Driver Gloves | Racing Green (Battle-Scarred)": {"sugprice": 4122.555750000001, "profit": 292, "limit": 3720, "timest": 1708005104}, "\u2605 Huntsman Knife | Freehand (Field-Tested)": {"sugprice": 10892.479166666666, "profit": 547, "limit": 9830, "timest": 1707920811}, "\u2605 Hydra Gloves | Mangrove (Battle-Scarred)": {"sugprice": 4272.996363636363, "profit": 304, "limit": 3856, "timest": 1708005897}, "\u2605 Huntsman Knife | Ultraviolet (Field-Tested)": {"sugprice": 10072.071200000002, "profit": 507, "limit": 9090, "timest": 1707920816}, "\u2605 Specialist Gloves | Field Agent (Battle-Scarred)": {"sugprice": 12134.508333333333, "profit": 616, "limit": 10951, "timest": 1707978894}, "\u2605 Driver Gloves | Convoy (Field-Tested)": {"sugprice": 6222.311379310345, "profit": 316, "limit": 5615, "timest": 1707950220},