{"StatTrak\u2122 MAC-10 | Neon Rider (Field-Tested)": {"sugprice": 1540.1052, "profit": 125, "limit": 1389, "timest": 1706821277}, "StatTrak\u2122 MP9 | Hypnotic (Factory New)": {"sugprice": 2893.2831818181817, "profit": 165, "limit": 2611, "timest": 1706823738}, "StatTrak\u2122 P2000 | Corticera (Field-Tested)": {"sugprice": 1476.4516666666668, "profit": 116, "limit": 1332, "timest": 1706821292}, "StatTrak\u2122 SSG 08 | Big Iron (Battle-Scarred)": {"sugprice": 1524.2372727272727, "profit": 205, "limit": 1375, "timest": 1706823791}, "StatTrak\u2122 SSG 08 | Dragonfire (Field-Tested)": {"sugprice": 2577.220285714286, "profit": 151, "limit": 2325, "timest": 1706823797}, "StatTrak\u2122 Tec-9 | Decimator (Battle-Scarred)": {"sugprice": 1719.532352941177, "profit": 100, "limit": 1551, "timest": 1706814653}, "StatTrak\u2122 USP-S | Blueprint (Battle-Scarred)": {"sugprice": 849.1909999999998, "profit": 124, "limit": 766, "timest": 1706814103}, "StatTrak\u2122 USP-S | Cyrex (Well-Worn)": {"sugprice": 482.2984615384615, "profit": 104, "limit": 435, "timest": 1706812914}, "StatTrak\u2122 USP-S | Monster Mashup (Battle-Scarred)": {"sugprice": 1662.679411764706, "profit": 130, "limit": 1500, "timest": 1706823832}, "StatTrak\u2122 USP-S | Printstream (Battle-Scarred)": {"sugprice": 4121.33090909091, "profit": 227, "limit": 3719, "timest": 1706821385}, "StatTrak\u2122 USP-S | The Traitor (Battle-Scarred)": {"sugprice": 2064.770454545454, "profit": 124, "limit": 1863, "timest": 1706814132}, "StatTrak\u2122 USP-S | The Traitor (Well-Worn)": {"sugprice": 2095.8314634146345, "profit": 149, "limit": 1891, "timest": 1706823859}, "Tec-9 | Nuclear Threat (Battle-Scarred)": {"sugprice": 3072.2569999999996, "profit": 264, "limit": 2772, "timest": 1706821406}, "USP-S | Kill Confirmed (Minimal Wear)": {"sugprice": 5394.6218181818185, "profit": 313, "limit": 4868, "timest": 1706821446}, "USP-S | Neo-Noir (Factory New)": {"sugprice": 2779.2826666666665, "profit": 148, "limit": 2508, "timest": 1706820262}, "USP-S | Whiteout (Battle-Scarred)": {"sugprice": 1994.2796000000005, "profit": 100, "limit": 1799, "timest": 1706816685}, "Vypa Sista of the Revolution | Guerrilla Warfare": {"sugprice": 1769.7338095238097, "profit": 105, "limit": 1597, "timest": 1706823950}, "\u2605 Bloodhound Gloves | Guerrilla (Battle-Scarred)": {"sugprice": 5662.828571428572, "profit": 297, "limit": 5110, "timest": 1706821507}, "\u2605 Bloodhound Gloves | Guerrilla (Field-Tested)": {"sugprice": 5601.846785714287, "profit": 535, "limit": 5055, "timest": 1706821508}, "\u2605 Bowie Knife | Lore (Battle-Scarred)": {"sugprice": 12616.814999999997, "profit": 1032, "limit": 11386, "timest": 1706821535}, "\u2605 Bowie Knife | Tiger Tooth (Factory New)": {"sugprice": 21337.570000000003, "profit": 1392, "limit": 19257, "timest": 1706823955}, "\u2605 Broken Fang Gloves | Needle Point (Battle-Scarred)": {"sugprice": 4301.663863636364, "profit": 212, "limit": 3882, "timest": 1706823961}, "\u2605 Driver Gloves | Diamondback (Battle-Scarred)": {"sugprice": 6152.427333333332, "profit": 367, "limit": 5552, "timest": 1706817325}, "\u2605 Driver Gloves | Queen Jaguar (Field-Tested)": {"sugprice": 5546.469375, "profit": 340, "limit": 5005, "timest": 1706823994}, "\u2605 Falchion Knife | Black Laminate (Well-Worn)": {"sugprice": 8913.677777777777, "profit": 488, "limit": 8044, "timest": 1706824015}, "\u2605 Falchion Knife | Rust Coat (Battle-Scarred)": {"sugprice": 7722, "profit": 406, "limit": 6969, "timest": 1706821599}, "\u2605 Gut Knife | Scorched (Field-Tested)": {"sugprice": 6790.653, "profit": 369, "limit": 6128, "timest": 1706824055}, "\u2605 Hand Wraps | Arboreal (Battle-Scarred)": {"sugprice": 5062.428750000001, "profit": 241, "limit": 4568, "timest": 1706813242}, "\u2605 Hand Wraps | Badlands (Battle-Scarred)": {"sugprice": 7117.029230769231, "profit": 449, "limit": 6423, "timest": 1706821624}, "\u2605 Hand Wraps | Desert Shamagh (Well-Worn)": {"sugprice": 4339.732857142858, "profit": 296, "limit": 3916, "timest": 1706821627}, "\u2605 Hand Wraps | Duct Tape (Field-Tested)": {"sugprice": 4786.072352941177, "profit": 233, "limit": 4319, "timest": 1706822904}, "\u2605 Hand Wraps | Giraffe (Battle-Scarred)": {"sugprice": 5237.8012, "profit": 279, "limit": 4727, "timest": 1706824098}, "\u2605 Hand Wraps | Overprint (Battle-Scarred)": {"sugprice": 9691, "profit": 543, "limit": 8746, "timest": 1706824104}, "\u2605 Huntsman Knife | Lore (Battle-Scarred)": {"sugprice": 13327.540624999998, "profit": 640, "limit": 12028, "timest": 1706814925}, "\u2605 Hydra Gloves | Emerald (Field-Tested)": {"sugprice": 4302.852708333335, "profit": 205, "limit": 3883, "timest": 1706813854}, "\u2605 Hydra Gloves | Emerald (Well-Worn)": {"sugprice": 4398.952727272727, "profit": 227, "limit": 3970, "timest": 1706821654}, "\u2605 Hydra Gloves | Mangrove (Battle-Scarred)": {"sugprice": 3616.4826000000003, "profit": 179, "limit": 3263, "timest": 1706824134}, "\u2605 Hydra Gloves | Rattler (Field-Tested)": {"sugprice": 3689.160999999999, "profit": 207, "limit": 3329, "timest": 1706824142}, "\u2605 Moto Gloves | 3rd Commando Company (Field-Tested)": {"sugprice": 5312.272631578948, "profit": 280, "limit": 4794, "timest": 1706819095}, "\u2605 Moto Gloves | POW! (Battle-Scarred)": {"sugprice": 7552.950833333335, "profit": 397, "limit": 6816, "timest": 1706821678}, "\u2605 Moto Gloves | Transport (Battle-Scarred)": {"sugprice": 4567.707199999999, "profit": 273, "limit": 4122, "timest": 1706814423}, "\u2605 Moto Gloves | Turtle (Battle-Scarred)": {"sugprice": 7094.210833333332, "profit": 347, "limit": 6402, "timest": 1706814427}, "\u2605 Navaja Knife | Stained (Field-Tested)": {"sugprice": 6614.753846153846, "profit": 348, "limit": 5969, "timest": 1706821696}, "\u2605 Paracord Knife | Forest DDPAT (Field-Tested)": {"sugprice": 7705.0427272727275, "profit": 438, "limit": 6953, "timest": 1706824209}, "\u2605 Paracord Knife | Urban Masked (Battle-Scarred)": {"sugprice": 7130.589473684209, "profit": 419, "limit": 6435, "timest": 1706821714}, "\u2605 Shadow Daggers | Boreal Forest (Field-Tested)": {"sugprice": 6238.2664, "profit": 319, "limit": 5630, "timest": 1706824224}, "\u2605 Shadow Daggers | Bright Water (Field-Tested)": {"sugprice": 6883.91409090909, "profit": 335, "limit": 6212, "timest": 1706824226}, "\u2605 Shadow Daggers | Freehand (Field-Tested)": {"sugprice": 8004.888484848485, "profit": 435, "limit": 7224, "timest": 1706824234}, "\u2605 Shadow Daggers | Safari Mesh (Field-Tested)": {"sugprice": 6255.257096774194, "profit": 351, "limit": 5645, "timest": 1706824242}, "\u2605 Shadow Daggers | Ultraviolet (Battle-Scarred)": {"sugprice": 7219.936111111112, "profit": 369, "limit": 6515, "timest": 1706824249}, "\u2605 Specialist Gloves | Buckshot (Field-Tested)": {"sugprice": 5262.252941176471, "profit": 288, "limit": 4749, "timest": 1706815123}, "\u2605 Specialist Gloves | Fade (Battle-Scarred)": {"sugprice": 13744.415833333333, "profit": 660, "limit": 12404, "timest": 1706821761}, "\u2605 Specialist Gloves | Field Agent (Battle-Scarred)": {"sugprice": 10396.735, "profit": 632, "limit": 9383, "timest": 1706824262}, "\u2605 Survival Knife | Boreal Forest (Field-Tested)": {"sugprice": 6798.458947368421, "profit": 370, "limit": 6135, "timest": 1706821774}, "\u2605 Survival Knife | Forest DDPAT (Field-Tested)": {"sugprice": 6996.620000000002, "profit": 345, "limit": 6314, "timest": 1706824282}, "\u2605 Driver Gloves | Racing Green (Field-Tested)": {"sugprice": 3468.148936170213, "profit": 169, "limit": 3130, "timest": 1706819015}, "\u2605 Driver Gloves | Racing Green (Well-Worn)": {"sugprice": 3528.627894736842, "profit": 173, "limit": 3184, "timest": 1706824009}, "\u2605 Driver Gloves | Convoy (Field-Tested)": {"sugprice": 5724.433636363636, "profit": 272, "limit": 5166, "timest": 1706821572}, "\u2605 Gut Knife | Bright Water (Field-Tested)": {"sugprice": 7992.159999999999, "profit": 404, "limit": 7212, "timest": 1706816767},