{"USP-S | Kill Confirmed (Well-Worn)": {"sugprice": 2969.80744680851, "profit": 233, "limit": 2680, "timest": 1701058220}, "\u2605 Navaja Knife | Scorched (Field-Tested)": {"sugprice": 6814.427307692307, "profit": 373, "limit": 6150, "timest": 1701058926}, "\u2605 Driver Gloves | Racing Green (Battle-Scarred)": {"sugprice": 3744.7617391304348, "profit": 281, "limit": 3379, "timest": 1701058490}, "StatTrak\u2122 USP-S | The Traitor (Well-Worn)": {"sugprice": 1865.1935714285717, "profit": 190, "limit": 1683, "timest": 1700993697}, "\u2605 Driver Gloves | Racing Green (Well-Worn)": {"sugprice": 3855.259615384615, "profit": 360, "limit": 3479, "timest": 1701058495}, "\u2605 Hydra Gloves | Rattler (Field-Tested)": {"sugprice": 3965.5076595744686, "profit": 331, "limit": 3578, "timest": 1700992059}, "\u2605 Navaja Knife | Forest DDPAT (Field-Tested)": {"sugprice": 6876.103636363637, "profit": 331, "limit": 6205, "timest": 1700997251}, "\u2605 Shadow Daggers | Bright Water (Field-Tested)": {"sugprice": 7546.913939393939, "profit": 482, "limit": 6811, "timest": 1701058973}, "\u2605 Shadow Daggers | Rust Coat (Battle-Scarred)": {"sugprice": 6879.666250000001, "profit": 335, "limit": 6208, "timest": 1701008966}, "\u2605 Broken Fang Gloves | Yellow-banded (Field-Tested)": {"sugprice": 6324.889166666665, "profit": 352, "limit": 5708, "timest": 1701056746}, "\u2605 Hydra Gloves | Mangrove (Battle-Scarred)": {"sugprice": 3844, "profit": 205, "limit": 3469, "timest": 1701058786}, "\u2605 Hydra Gloves | Mangrove (Well-Worn)": {"sugprice": 4033.333076923077, "profit": 201, "limit": 3640, "timest": 1701042517}, "StatTrak\u2122 P90 | Asiimov (Battle-Scarred)": {"sugprice": 1534, "profit": 121, "limit": 1384, "timest": 1701025901}, "\u2605 Hand Wraps | Desert Shamagh (Field-Tested)": {"sugprice": 4874.251224489795, "profit": 323, "limit": 4399, "timest": 1701058707}, "\u2605 Moto Gloves | Transport (Battle-Scarred)": {"sugprice": 5252.715813953489, "profit": 379, "limit": 4740, "timest": 1701058848}, "USP-S | The Traitor (Minimal Wear)": {"sugprice": 1327.7943243243244, "profit": 111, "limit": 1198, "timest": 1701045224}, "USP-S | Printstream (Well-Worn)": {"sugprice": 2687.690769230769, "profit": 139, "limit": 2425, "timest": 1701058283}, "\u2605 Hand Wraps | Duct Tape (Field-Tested)": {"sugprice": 5254.168823529411, "profit": 368, "limit": 4741, "timest": 1701058721}, "\u2605 Broken Fang Gloves | Unhinged (Battle-Scarred)": {"sugprice": 5009.9842499999995, "profit": 302, "limit": 4521, "timest": 1701038458}, "\u2605 Hand Wraps | Arboreal (Field-Tested)": {"sugprice": 5694.897368421053, "profit": 477, "limit": 5139, "timest": 1701058587}, "USP-S | Kill Confirmed (Battle-Scarred)": {"sugprice": 2918.309767441861, "profit": 189, "limit": 2633, "timest": 1700985872}, "\u2605 Hand Wraps | Giraffe (Battle-Scarred)": {"sugprice": 5982.954705882354, "profit": 415, "limit": 5399, "timest": 1701058723}, "USP-S | Neo-Noir (Well-Worn)": {"sugprice": 1444.224857142857, "profit": 121, "limit": 1303, "timest": 1701058232}, "\u2605 Gut Knife | Rust Coat (Battle-Scarred)": {"sugprice": 7549.584736842105, "profit": 408, "limit": 6813, "timest": 1701016149}, "\u2605 Moto Gloves | Smoke Out (Battle-Scarred)": {"sugprice": 6803.849565217391, "profit": 333, "limit": 6140, "timest": 1701023877}, "\u2605 Hydra Gloves | Rattler (Battle-Scarred)": {"sugprice": 3976.739787234043, "profit": 307, "limit": 3589, "timest": 1701058798}, "StatTrak\u2122 SSG 08 | Dragonfire (Field-Tested)": {"sugprice": 3219.875, "profit": 333, "limit": 2905, "timest": 1701057943}, "\u2605 Broken Fang Gloves | Jade (Battle-Scarred)": {"sugprice": 6972.468125, "profit": 423, "limit": 6292, "timest": 1700997874}, "\u2605 Hydra Gloves | Rattler (Well-Worn)": {"sugprice": 4404.6918749999995, "profit": 284, "limit": 3975, "timest": 1700993982}, "StatTrak\u2122 USP-S | Neo-Noir (Field-Tested)": {"sugprice": 3202.05, "profit": 256, "limit": 2889, "timest": 1701058032}, "\u2605 Bloodhound Gloves | Guerrilla (Field-Tested)": {"sugprice": 5909.950555555555, "profit": 312, "limit": 5333, "timest": 1701058367}, "\u2605 Gut Knife | Bright Water (Field-Tested)": {"sugprice": 8214.615000000002, "profit": 582, "limit": 7413, "timest": 1701058533}, "\u2605 Hand Wraps | Constrictor (Field-Tested)": {"sugprice": 4769.488571428572, "profit": 263, "limit": 4304, "timest": 1701035271}, "\u2605 Hand Wraps | Desert Shamagh (Well-Worn)": {"sugprice": 4733.568666666667, "profit": 278, "limit": 4272, "timest": 1701058711}, "\u2605 Navaja Knife | Night Stripe (Field-Tested)": {"sugprice": 6925.885454545455, "profit": 529, "limit": 6250, "timest": 1701058908}, "\u2605 Navaja Knife | Urban Masked (Field-Tested)": {"sugprice": 6894.681111111113, "profit": 445, "limit": 6222, "timest": 1701058945}, "\u2605 Survival Knife | Scorched (Field-Tested)": {"sugprice": 7580.4400000000005, "profit": 366, "limit": 6841, "timest": 1701059029}, "\u2605 Moto Gloves | 3rd Commando Company (Field-Tested)": {"sugprice": 5535.7, "profit": 403, "limit": 4995, "timest": 1701058815}, "StatTrak\u2122 USP-S | Neo-Noir (Battle-Scarred)": {"sugprice": 3066.7465714285713, "profit": 174, "limit": 2767, "timest": 1701058029}, "StatTrak\u2122 USP-S | The Traitor (Battle-Scarred)": {"sugprice": 1858.4522000000009, "profit": 183, "limit": 1677, "timest": 1701058052}, "\u2605 Driver Gloves | Convoy (Battle-Scarred)": {"sugprice": 6076.433076923076, "profit": 291, "limit": 5483, "timest": 1700988787}, "USP-S | Neo-Noir (Minimal Wear)": {"sugprice": 1526.45, "profit": 107, "limit": 1377, "timest": 1701002939}, "USP-S | Kill Confirmed (Field-Tested)": {"sugprice": 3177.2331578947365, "profit": 225, "limit": 2867, "timest": 1701058217}, "\u2605 Driver Gloves | Queen Jaguar (Battle-Scarred)": {"sugprice": 5292.585, "profit": 305, "limit": 4776, "timest": 1701058488}, "\u2605 Hand Wraps | Desert Shamagh (Battle-Scarred)": {"sugprice": 4752.258157894736, "profit": 260, "limit": 4288, "timest": 1701058702}, "\u2605 Shadow Daggers | Freehand (Field-Tested)": {"sugprice": 8709.935, "profit": 419, "limit": 7860, "timest": 1701002426}, "\u2605 Specialist Gloves | Buckshot (Battle-Scarred)": {"sugprice": 4861.141764705883, "profit": 236, "limit": 4387, "timest": 1701033310}, "USP-S | Orion (Minimal Wear)": {"sugprice": 3996.3165999999997, "profit": 352, "limit": 3606, "timest": 1701058241}, "USP-S | Caiman (Field-Tested)": {"sugprice": 3233.1989583333325, "profit": 264, "limit": 2917, "timest": 1701058200}, "\u2605 Sport Gloves | Bronze Morph (Battle-Scarred)": {"sugprice": 9930.814285714283, "profit": 476, "limit": 8962, "timest": 1701017777}, "\u2605 Bloodhound Gloves | Guerrilla (Battle-Scarred)": {"sugprice": 6188.979310344827, "profit": 521, "limit": 5585, "timest": 1701058353}, "USP-S | Printstream (Minimal Wear)": {"sugprice": 4115.11925925926, "profit": 209, "limit": 3713, "timest": 1701028728}, "\u2605 Moto Gloves | Turtle (Battle-Scarred)": {"sugprice": 7895.435925925926, "profit": 480, "limit": 7125, "timest": 1701058865}, "\u2605 Hand Wraps | Arboreal (Battle-Scarred)": {"sugprice": 5233.930303030304, "profit": 344, "limit": 4723, "timest": 1701058583}, "\u2605 Broken Fang Gloves | Yellow-banded (Battle-Scarred)": {"sugprice": 5697.0294, "profit": 413, "limit": 5141, "timest": 1701058450}, "StatTrak\u2122 USP-S | Printstream (Battle-Scarred)": {"sugprice": 4405.819999999999, "profit": 414, "limit": 3976, "timest": 1701058040}, "USP-S | Overgrowth (Field-Tested)": {"sugprice": 1666.9021739130437, "profit": 157, "limit": 1504, "timest": 1701058243}, "StatTrak\u2122 USP-S | Stainless (Battle-Scarred)": {"sugprice": 1028.3303030303032, "profit": 119, "limit": 928, "timest": 1701058042}, "\u2605 Broken Fang Gloves | Needle Point (Battle-Scarred)": {"sugprice": 4922, "profit": 271, "limit": 4442, "timest": 1701058395}, "\u2605 Navaja Knife | Damascus Steel (Field-Tested)": {"sugprice": 7285.836666666666, "profit": 588, "limit": 6575, "timest": 1701058890},