{"USP-S | Kill Confirmed (Well-Worn)": {"sugprice": 3277.187380952381, "profit": 212, "limit": 2957, "timest": 1701902948}, "\u2605 Hydra Gloves | Rattler (Field-Tested)": {"sugprice": 4218.5650000000005, "profit": 286, "limit": 3807, "timest": 1701903226}, "\u2605 Moto Gloves | Transport (Battle-Scarred)": {"sugprice": 5389.1849999999995, "profit": 258, "limit": 4863, "timest": 1701895893}, "\u2605 Broken Fang Gloves | Unhinged (Battle-Scarred)": {"sugprice": 5216.150799999999, "profit": 320, "limit": 4707, "timest": 1701903085}, "StatTrak\u2122 SSG 08 | Dragonfire (Field-Tested)": {"sugprice": 3122.3184090909085, "profit": 155, "limit": 2817, "timest": 1701902743}, "\u2605 Bloodhound Gloves | Guerrilla (Field-Tested)": {"sugprice": 6109.529629629629, "profit": 441, "limit": 5513, "timest": 1701903058}, "\u2605 Hand Wraps | Desert Shamagh (Well-Worn)": {"sugprice": 5272.483888888889, "profit": 255, "limit": 4758, "timest": 1701844899}, "StatTrak\u2122 USP-S | The Traitor (Battle-Scarred)": {"sugprice": 2194.3414, "profit": 144, "limit": 1980, "timest": 1701902827}, "\u2605 Moto Gloves | Turtle (Battle-Scarred)": {"sugprice": 8081.310799999998, "profit": 394, "limit": 7293, "timest": 1701897613}, "\u2605 Bloodhound Gloves | Bronzed (Field-Tested)": {"sugprice": 6229.2457894736835, "profit": 466, "limit": 5621, "timest": 1701903051}, "\u2605 Moto Gloves | Blood Pressure (Battle-Scarred)": {"sugprice": 8522.454375000001, "profit": 462, "limit": 7691, "timest": 1701903235}, "\u2605 Hand Wraps | Duct Tape (Battle-Scarred)": {"sugprice": 5233.762857142858, "profit": 257, "limit": 4723, "timest": 1701830871}, "\u2605 Gut Knife | Safari Mesh (Field-Tested)": {"sugprice": 7139, "profit": 341, "limit": 6442, "timest": 1701865099}, "\u2605 Gut Knife | Freehand (Field-Tested)": {"sugprice": 9019.72, "profit": 874, "limit": 8140, "timest": 1701837412}, "USP-S | Neo-Noir (Factory New)": {"sugprice": 3231.6412499999997, "profit": 195, "limit": 2916, "timest": 1701902958}, "\u2605 Driver Gloves | Convoy (Field-Tested)": {"sugprice": 6422.819130434781, "profit": 380, "limit": 5796, "timest": 1701903118}, "\u2605 Hand Wraps | Constrictor (Well-Worn)": {"sugprice": 4965.155925925926, "profit": 359, "limit": 4481, "timest": 1701892104}, "\u2605 Shadow Daggers | Damascus Steel (Field-Tested)": {"sugprice": 8016.825833333332, "profit": 385, "limit": 7235, "timest": 1701855814}, "\u2605 Specialist Gloves | Fade (Battle-Scarred)": {"sugprice": 15402.500833333334, "profit": 1218, "limit": 13900, "timest": 1701903349}, "USP-S | Orion (Field-Tested)": {"sugprice": 4028.5868292682926, "profit": 195, "limit": 3635, "timest": 1701854791}, "Tec-9 | Nuclear Threat (Battle-Scarred)": {"sugprice": 3036.513333333334, "profit": 163, "limit": 2740, "timest": 1701883494}, "USP-S | Purple DDPAT (Minimal Wear)": {"sugprice": 1005.5120000000001, "profit": 104, "limit": 907, "timest": 1701893464}, "StatTrak\u2122 M4A4 | Buzz Kill (Field-Tested)": {"sugprice": 1976.5182352941174, "profit": 101, "limit": 1783, "timest": 1701869708}, "StatTrak\u2122 M4A4 | Desert-Strike (Field-Tested)": {"sugprice": 1429.007555555555, "profit": 104, "limit": 1289, "timest": 1701817585}, "StatTrak\u2122 M4A4 | Neo-Noir (Well-Worn)": {"sugprice": 1009.4569230769232, "profit": 123, "limit": 911, "timest": 1701902503}, "StatTrak\u2122 M4A4 | \u9f8d\u738b (Dragon King) (Field-Tested)": {"sugprice": 1561.5334999999998, "profit": 111, "limit": 1409, "timest": 1701902539}, "\u2605 Bloodhound Gloves | Bronzed (Battle-Scarred)": {"sugprice": 6422.650769230769, "profit": 459, "limit": 5796, "timest": 1701903036}, "\u2605 Navaja Knife | Marble Fade (Factory New)": {"sugprice": 15748.225454545453, "profit": 870, "limit": 14212, "timest": 1701903274}, "\u2605 Shadow Daggers | Scorched (Field-Tested)": {"sugprice": 7025.465833333333, "profit": 337, "limit": 6340, "timest": 1701886776}, "StatTrak\u2122 M4A4 | The Battlestar (Field-Tested)": {"sugprice": 1520.1061111111112, "profit": 180, "limit": 1371, "timest": 1701902519}, "StatTrak\u2122 M4A4 | The Emperor (Battle-Scarred)": {"sugprice": 2637.756388888889, "profit": 158, "limit": 2380, "timest": 1701902521}, "\u2605 Driver Gloves | Racing Green (Field-Tested)": {"sugprice": 4062.3640909090905, "profit": 249, "limit": 3666, "timest": 1701892047}, "StatTrak\u2122 M4A4 | Temukau (Battle-Scarred)": {"sugprice": 2440, "profit": 134, "limit": 2202, "timest": 1701902516}, "\u2605 Hand Wraps | Constrictor (Battle-Scarred)": {"sugprice": 4949.920833333334, "profit": 272, "limit": 4467, "timest": 1701890311}, "\u2605 Shadow Daggers | Black Laminate (Well-Worn)": {"sugprice": 7544.638000000001, "profit": 385, "limit": 6809, "timest": 1701903314}, "USP-S | Monster Mashup (Minimal Wear)": {"sugprice": 1988.09125, "profit": 104, "limit": 1794, "timest": 1701876364}, "\u2605 Shadow Daggers | Freehand (Field-Tested)": {"sugprice": 9383, "profit": 881, "limit": 8468, "timest": 1701903328}, "\u2605 Huntsman Knife | Bright Water (Field-Tested)": {"sugprice": 10314.03166666667, "profit": 689, "limit": 9308, "timest": 1701854925}, "\u2605 Bloodhound Gloves | Guerrilla (Battle-Scarred)": {"sugprice": 6196, "profit": 341, "limit": 5591, "timest": 1701903056}, "\u2605 Driver Gloves | Convoy (Battle-Scarred)": {"sugprice": 6358.802499999999, "profit": 361, "limit": 5738, "timest": 1701903108}, "\u2605 Gut Knife | Boreal Forest (Field-Tested)": {"sugprice": 7566.63, "profit": 505, "limit": 6828, "timest": 1701903140}, "\u2605 Navaja Knife | Urban Masked (Field-Tested)": {"sugprice": 6961.721000000002, "profit": 332, "limit": 6282, "timest": 1701903303}, "\u2605 Navaja Knife | Boreal Forest (Field-Tested)": {"sugprice": 6910.325833333332, "profit": 383, "limit": 6236, "timest": 1701903255}, "\u2605 Shadow Daggers | Boreal Forest (Field-Tested)": {"sugprice": 7213.606923076923, "profit": 381, "limit": 6510, "timest": 1701903321}, "\u2605 Gut Knife | Bright Water (Field-Tested)": {"sugprice": 8480.336875, "profit": 625, "limit": 7653, "timest": 1701903142}, "\u2605 Hydra Gloves | Rattler (Well-Worn)": {"sugprice": 4475.35, "profit": 307, "limit": 4039, "timest": 1701903228}, "StatTrak\u2122 M4A4 | In Living Color (Field-Tested)": {"sugprice": 1292.4311999999998, "profit": 105, "limit": 1166, "timest": 1701900283}, "\u2605 Driver Gloves | Queen Jaguar (Field-Tested)": {"sugprice": 6389.908571428571, "profit": 329, "limit": 5766, "timest": 1701903127}, "\u2605 Survival Knife | Scorched (Field-Tested)": {"sugprice": 7895.275, "profit": 494, "limit": 7125, "timest": 1701894581}, "\u2605 Bloodhound Gloves | Snakebite (Field-Tested)": {"sugprice": 6321.61076923077, "profit": 429, "limit": 5705, "timest": 1701860459}, "StatTrak\u2122 USP-S | Neo-Noir (Battle-Scarred)": {"sugprice": 3114.7551724137925, "profit": 200, "limit": 2811, "timest": 1701902816}, "\u2605 Specialist Gloves | Forest DDPAT (Battle-Scarred)": {"sugprice": 8788.873749999999, "profit": 672, "limit": 7931, "timest": 1701902406}, "\u2605 Moto Gloves | Smoke Out (Battle-Scarred)": {"sugprice": 7929.6179999999995, "profit": 399, "limit": 7156, "timest": 1701903246}, "\u2605 Hand Wraps | Giraffe (Battle-Scarred)": {"sugprice": 6325.092424242424, "profit": 304, "limit": 5708, "timest": 1701903188}, "\u2605 Gut Knife | Rust Coat (Battle-Scarred)": {"sugprice": 7817.153684210525, "profit": 454, "limit": 7054, "timest": 1701899773}, "\u2605 Shadow Daggers | Forest DDPAT (Field-Tested)": {"sugprice": 7183.252941176472, "profit": 404, "limit": 6482, "timest": 1701903326}, "\u2605 Gut Knife | Forest DDPAT (Field-Tested)": {"sugprice": 7757.683333333333, "profit": 555, "limit": 7001, "timest": 1701903149}, "USP-S | Printstream (Field-Tested)": {"sugprice": 3048.2741860465117, "profit": 148, "limit": 2751, "timest": 1701884600}, "USP-S | Serum (Field-Tested)": {"sugprice": 3271.8694736842103, "profit": 164, "limit": 2952, "timest": 1701860425}, "\u2605 Moto Gloves | 3rd Commando Company (Field-Tested)": {"sugprice": 5800.705238095239, "profit": 282,