{"StatTrak\u2122 M4A4 | The Emperor (Battle-Scarred)": {"sugprice": 2573, "profit": 134, "limit": 2322, "timest": 1702807094}, "StatTrak\u2122 M4A4 | \u9f8d\u738b (Dragon King) (Field-Tested)": {"sugprice": 1550.40358974359, "profit": 150, "limit": 1399, "timest": 1702810501}, "StatTrak\u2122 MAC-10 | Toybox (Battle-Scarred)": {"sugprice": 570.17375, "profit": 100, "limit": 514, "timest": 1702793409}, "StatTrak\u2122 MP7 | Bloodsport (Factory New)": {"sugprice": 1381.8799999999999, "profit": 146, "limit": 1247, "timest": 1702810582}, "StatTrak\u2122 MP9 | Hypnotic (Factory New)": {"sugprice": 3486.0468181818183, "profit": 389, "limit": 3146, "timest": 1702810620}, "StatTrak\u2122 P90 | Asiimov (Battle-Scarred)": {"sugprice": 1499.0666666666664, "profit": 163, "limit": 1352, "timest": 1702810683}, "StatTrak\u2122 PP-Bizon | Judgement of Anubis (Field-Tested)": {"sugprice": 1003.117, "profit": 112, "limit": 905, "timest": 1702810687}, "StatTrak\u2122 SSG 08 | Bloodshot (Field-Tested)": {"sugprice": 1994.2917647058823, "profit": 170, "limit": 1799, "timest": 1702810695}, "StatTrak\u2122 Tec-9 | Decimator (Battle-Scarred)": {"sugprice": 1919.07125, "profit": 150, "limit": 1731, "timest": 1702810714}, "StatTrak\u2122 USP-S | Neo-Noir (Battle-Scarred)": {"sugprice": 3066.793939393939, "profit": 243, "limit": 2767, "timest": 1702810736}, "StatTrak\u2122 USP-S | Neo-Noir (Field-Tested)": {"sugprice": 3147.626774193548, "profit": 224, "limit": 2840, "timest": 1702810739}, "StatTrak\u2122 USP-S | The Traitor (Battle-Scarred)": {"sugprice": 2112.1616000000004, "profit": 140, "limit": 1906, "timest": 1702810746}, "Tec-9 | Nuclear Threat (Battle-Scarred)": {"sugprice": 3455.421428571429, "profit": 429, "limit": 3118, "timest": 1702810759}, "USP-S | Kill Confirmed (Battle-Scarred)": {"sugprice": 3123.3526000000006, "profit": 222, "limit": 2818, "timest": 1702800437}, "USP-S | Kill Confirmed (Well-Worn)": {"sugprice": 3117.4214634146347, "profit": 150, "limit": 2813, "timest": 1702810802}, "USP-S | Neo-Noir (Factory New)": {"sugprice": 3184.8704000000002, "profit": 161, "limit": 2874, "timest": 1702810806}, "USP-S | The Traitor (Minimal Wear)": {"sugprice": 1428.062, "profit": 106, "limit": 1288, "timest": 1702792612}, "\u2605 Bloodhound Gloves | Bronzed (Battle-Scarred)": {"sugprice": 6357.793333333332, "profit": 407, "limit": 5737, "timest": 1702782834}, "\u2605 Bloodhound Gloves | Guerrilla (Battle-Scarred)": {"sugprice": 6082.611739130435, "profit": 347, "limit": 5489, "timest": 1702810861}, "\u2605 Broken Fang Gloves | Needle Point (Battle-Scarred)": {"sugprice": 4953.958260869565, "profit": 240, "limit": 4470, "timest": 1702800945}, "\u2605 Broken Fang Gloves | Needle Point (Well-Worn)": {"sugprice": 5018.584, "profit": 267, "limit": 4529, "timest": 1702810881}, "\u2605 Broken Fang Gloves | Yellow-banded (Battle-Scarred)": {"sugprice": 5920, "profit": 421, "limit": 5342, "timest": 1702810887}, "\u2605 Broken Fang Gloves | Yellow-banded (Field-Tested)": {"sugprice": 6248.705625, "profit": 301, "limit": 5639, "timest": 1702750691}, "\u2605 Driver Gloves | Convoy (Field-Tested)": {"sugprice": 6209.2776, "profit": 310, "limit": 5603, "timest": 1702808014}, "\u2605 Driver Gloves | Diamondback (Battle-Scarred)": {"sugprice": 6773.962727272727, "profit": 500, "limit": 6113, "timest": 1702810903}, "\u2605 Driver Gloves | Queen Jaguar (Battle-Scarred)": {"sugprice": 5246, "profit": 262, "limit": 4734, "timest": 1702810907}, "\u2605 Falchion Knife | Rust Coat (Battle-Scarred)": {"sugprice": 8537.540833333334, "profit": 431, "limit": 7705, "timest": 1702809702}, "\u2605 Falchion Knife | Ultraviolet (Battle-Scarred)": {"sugprice": 9939.49789473684, "profit": 668, "limit": 8970, "timest": 1702810923}, "\u2605 Gut Knife | Bright Water (Field-Tested)": {"sugprice": 8316, "profit": 425, "limit": 7505, "timest": 1702810934}, "\u2605 Hand Wraps | Arboreal (Field-Tested)": {"sugprice": 5972.033478260869, "profit": 289, "limit": 5389, "timest": 1702810947}, "\u2605 Hand Wraps | Badlands (Battle-Scarred)": {"sugprice": 7285.234166666666, "profit": 458, "limit": 6574, "timest": 1702810949}, "\u2605 Hand Wraps | Desert Shamagh (Battle-Scarred)": {"sugprice": 4851, "profit": 298, "limit": 4378, "timest": 1702810960}, "\u2605 Hand Wraps | Giraffe (Battle-Scarred)": {"sugprice": 5435, "profit": 261, "limit": 4905, "timest": 1702744914}, "\u2605 Huntsman Knife | Ultraviolet (Field-Tested)": {"sugprice": 9812.025294117646, "profit": 497, "limit": 8855, "timest": 1702809186}, "\u2605 Hydra Gloves | Case Hardened (Battle-Scarred)": {"sugprice": 7338.288666666666, "profit": 447, "limit": 6622, "timest": 1702810990}, "\u2605 Hydra Gloves | Mangrove (Field-Tested)": {"sugprice": 4012.7163414634147, "profit": 196, "limit": 3621, "timest": 1702808097}, "\u2605 Hydra Gloves | Rattler (Battle-Scarred)": {"sugprice": 4101.2418181818175, "profit": 236, "limit": 3701, "timest": 1702811007}, "\u2605 Moto Gloves | 3rd Commando Company (Battle-Scarred)": {"sugprice": 5019.415, "profit": 265, "limit": 4530, "timest": 1702806928}, "\u2605 Moto Gloves | Boom! (Battle-Scarred)": {"sugprice": 7130.563809523808, "profit": 668, "limit": 6435, "timest": 1702811027}, "\u2605 Moto Gloves | Finish Line (Battle-Scarred)": {"sugprice": 7212, "profit": 513, "limit": 6508, "timest": 1702808691}, "\u2605 Moto Gloves | POW! (Battle-Scarred)": {"sugprice": 8085.442857142856, "profit": 412, "limit": 7297, "timest": 1702811037}, "\u2605 Moto Gloves | Smoke Out (Battle-Scarred)": {"sugprice": 7263.892058823528, "profit": 480, "limit": 6555, "timest": 1702811040}, "\u2605 Moto Gloves | Transport (Field-Tested)": {"sugprice": 5664.252857142857, "profit": 321, "limit": 5111, "timest": 1702805888}, "\u2605 Navaja Knife | Marble Fade (Factory New)": {"sugprice": 14840.719999999998, "profit": 803, "limit": 13393, "timest": 1702732369}, "\u2605 Navaja Knife | Night Stripe (Field-Tested)": {"sugprice": 7037.112400000001, "profit": 447, "limit": 6350, "timest": 1702811054}, "\u2605 Navaja Knife | Rust Coat (Battle-Scarred)": {"sugprice": 6854.253571428571, "profit": 388, "limit": 6185, "timest": 1702811062}, "\u2605 Navaja Knife | Safari Mesh (Battle-Scarred)": {"sugprice": 6791.424166666667, "profit": 395, "limit": 6129, "timest": 1702811077}, "\u2605 Navaja Knife | Scorched (Field-Tested)": {"sugprice": 6959, "profit": 512, "limit": 6280, "timest": 1702811081}, "\u2605 Navaja Knife | Ultraviolet (Field-Tested)": {"sugprice": 7426.538947368421, "profit": 366, "limit": 6702, "timest": 1702811095}, "\u2605 Navaja Knife | Urban Masked (Field-Tested)": {"sugprice": 6920.1277272727275, "profit": 353, "limit": 6245, "timest": 1702811098}, "\u2605 Paracord Knife | Forest DDPAT (Field-Tested)": {"sugprice": 8375.605937499999, "profit": 586, "limit": 7558, "timest": 1702779125}, "\u2605 Paracord Knife | Scorched (Field-Tested)": {"sugprice": 7670.88105263158, "profit": 547, "limit": 6922, "timest": 1702792783}, "\u2605 Shadow Daggers | Bright Water (Field-Tested)": {"sugprice": 7671.40935483871, "profit": 373, "limit": 6923, "timest": 1702766112}, "\u2605 Shadow Daggers | Freehand (Field-Tested)": {"sugprice": 8958.582068965517, "profit": 625, "limit": 8085, "timest": 1702811119}, "\u2605 Shadow Daggers | Rust Coat (Battle-Scarred)": {"sugprice": 6857.081086956521, "profit": 377, "limit": 6188, "timest": 1702811122}, "\u2605 Shadow Daggers | Ultraviolet (Battle-Scarred)": {"sugprice": 7649.323333333334, "profit": 440, "limit": 6903, "timest": 1702811128}, "\u2605 Shadow Daggers | Ultraviolet (Field-Tested)": {"sugprice": 8880, "profit": 475, "limit": 8014, "timest": 1702811129}, "\u2605 Sport Gloves | Bronze Morph (Battle-Scarred)": {"sugprice": 10462.491304347828, "profit": 641, "limit": 9442, "timest": 1702811147}, "\u2605 Survival Knife | Boreal Forest (Field-Tested)": {"sugprice": 7761.477857142857, "profit": 530, "limit": 7004, "timest": 1702811149},