{"USP-S | Kill Confirmed (Well-Worn)": {"sugprice": 2934.7632, "profit": 236, "limit": 2648, "timest": 1701289611}, "\u2605 Navaja Knife | Scorched (Field-Tested)": {"sugprice": 6709.973913043478, "profit": 464, "limit": 6055, "timest": 1701289923}, "\u2605 Driver Gloves | Racing Green (Battle-Scarred)": {"sugprice": 3549.363, "profit": 211, "limit": 3203, "timest": 1701289810}, "\u2605 Driver Gloves | Racing Green (Well-Worn)": {"sugprice": 3637.4447999999993, "profit": 250, "limit": 3282, "timest": 1701289812}, "\u2605 Hydra Gloves | Rattler (Field-Tested)": {"sugprice": 3897.522599999999, "profit": 268, "limit": 3517, "timest": 1701289879}, "\u2605 Navaja Knife | Forest DDPAT (Field-Tested)": {"sugprice": 6748.792857142857, "profit": 321, "limit": 6090, "timest": 1701279176}, "\u2605 Shadow Daggers | Bright Water (Field-Tested)": {"sugprice": 7440.942926829269, "profit": 650, "limit": 6715, "timest": 1701289941}, "\u2605 Shadow Daggers | Rust Coat (Battle-Scarred)": {"sugprice": 6706.749047619047, "profit": 386, "limit": 6052, "timest": 1701289949}, "\u2605 Broken Fang Gloves | Yellow-banded (Field-Tested)": {"sugprice": 6297.6446153846155, "profit": 484, "limit": 5683, "timest": 1701289799}, "\u2605 Hydra Gloves | Mangrove (Battle-Scarred)": {"sugprice": 3794.378333333333, "profit": 223, "limit": 3424, "timest": 1701289864}, "\u2605 Hydra Gloves | Mangrove (Well-Worn)": {"sugprice": 3968.640588235295, "profit": 268, "limit": 3581, "timest": 1701289875}, "\u2605 Hand Wraps | Desert Shamagh (Field-Tested)": {"sugprice": 4907.287714285714, "profit": 392, "limit": 4428, "timest": 1701289845}, "\u2605 Moto Gloves | Transport (Battle-Scarred)": {"sugprice": 5115.303548387096, "profit": 244, "limit": 4616, "timest": 1701288513}, "USP-S | Printstream (Well-Worn)": {"sugprice": 2674.795882352941, "profit": 133, "limit": 2414, "timest": 1701256477}, "\u2605 Hand Wraps | Duct Tape (Field-Tested)": {"sugprice": 5109.566000000001, "profit": 269, "limit": 4611, "timest": 1701289852}, "\u2605 Broken Fang Gloves | Unhinged (Battle-Scarred)": {"sugprice": 5086.5476, "profit": 306, "limit": 4590, "timest": 1701289792}, "\u2605 Hand Wraps | Arboreal (Field-Tested)": {"sugprice": 5519.331923076922, "profit": 417, "limit": 4981, "timest": 1701289835}, "\u2605 Hand Wraps | Giraffe (Battle-Scarred)": {"sugprice": 5909.336315789475, "profit": 348, "limit": 5333, "timest": 1701289854}, "USP-S | Neo-Noir (Well-Worn)": {"sugprice": 1453.6553846153843, "profit": 100, "limit": 1311, "timest": 1701287779}, "\u2605 Moto Gloves | Smoke Out (Battle-Scarred)": {"sugprice": 6967.842105263157, "profit": 419, "limit": 6288, "timest": 1701274824}, "\u2605 Hydra Gloves | Rattler (Battle-Scarred)": {"sugprice": 3929.8129999999987, "profit": 307, "limit": 3546, "timest": 1701289877}, "StatTrak\u2122 SSG 08 | Dragonfire (Field-Tested)": {"sugprice": 3095.315428571429, "profit": 229, "limit": 2793, "timest": 1701289247}, "StatTrak\u2122 USP-S | Neo-Noir (Field-Tested)": {"sugprice": 3165.7149999999997, "profit": 242, "limit": 2857, "timest": 1701289378}, "\u2605 Bloodhound Gloves | Guerrilla (Field-Tested)": {"sugprice": 6016.5753125, "profit": 494, "limit": 5429, "timest": 1701289778}, "\u2605 Gut Knife | Bright Water (Field-Tested)": {"sugprice": 8113.487857142857, "profit": 521, "limit": 7322, "timest": 1701289821}, "\u2605 Hand Wraps | Constrictor (Field-Tested)": {"sugprice": 4974.7192, "profit": 332, "limit": 4489, "timest": 1701289839}, "\u2605 Hand Wraps | Desert Shamagh (Well-Worn)": {"sugprice": 4829.686315789473, "profit": 307, "limit": 4358, "timest": 1701289847}, "\u2605 Navaja Knife | Night Stripe (Field-Tested)": {"sugprice": 6573.794545454546, "profit": 336, "limit": 5932, "timest": 1701266321}, "\u2605 Survival Knife | Scorched (Field-Tested)": {"sugprice": 7809.407692307693, "profit": 568, "limit": 7047, "timest": 1701289973}, "\u2605 Moto Gloves | 3rd Commando Company (Field-Tested)": {"sugprice": 5565.585, "profit": 385, "limit": 5022, "timest": 1701289882}, "StatTrak\u2122 USP-S | The Traitor (Battle-Scarred)": {"sugprice": 1868.390208333334, "profit": 126, "limit": 1686, "timest": 1701289395}, "\u2605 Driver Gloves | Queen Jaguar (Battle-Scarred)": {"sugprice": 5175.108888888889, "profit": 247, "limit": 4670, "timest": 1701248773}, "\u2605 Hand Wraps | Desert Shamagh (Battle-Scarred)": {"sugprice": 4889.963235294118, "profit": 362, "limit": 4413, "timest": 1701289843}, "USP-S | Orion (Minimal Wear)": {"sugprice": 3711.761944444445, "profit": 181, "limit": 3349, "timest": 1701289730}, "USP-S | Caiman (Field-Tested)": {"sugprice": 3035.2988095238093, "profit": 214, "limit": 2739, "timest": 1701289572}, "\u2605 Sport Gloves | Bronze Morph (Battle-Scarred)": {"sugprice": 9908.736153846154, "profit": 518, "limit": 8942, "timest": 1701289963}, "\u2605 Moto Gloves | Turtle (Battle-Scarred)": {"sugprice": 7532.919374999999, "profit": 421, "limit": 6798, "timest": 1701269853}, "\u2605 Hand Wraps | Arboreal (Battle-Scarred)": {"sugprice": 4984.804285714286, "profit": 240, "limit": 4498, "timest": 1701289831}, "\u2605 Broken Fang Gloves | Yellow-banded (Battle-Scarred)": {"sugprice": 5126, "profit": 319, "limit": 4626, "timest": 1701289797}, "StatTrak\u2122 USP-S | Printstream (Battle-Scarred)": {"sugprice": 4330.52488372093, "profit": 301, "limit": 3908, "timest": 1701289389}, "USP-S | Overgrowth (Field-Tested)": {"sugprice": 1645.8390000000004, "profit": 121, "limit": 1485, "timest": 1701289748}, "StatTrak\u2122 USP-S | Stainless (Battle-Scarred)": {"sugprice": 1018.3199999999998, "profit": 100, "limit": 919, "timest": 1701289392}, "\u2605 Broken Fang Gloves | Needle Point (Battle-Scarred)": {"sugprice": 5064.123599999999, "profit": 310, "limit": 4570, "timest": 1701289785}, "StatTrak\u2122 P250 | Muertos (Field-Tested)": {"sugprice": 1045.9921428571429, "profit": 110, "limit": 944, "timest": 1701289140}, "StatTrak\u2122 USP-S | Monster Mashup (Field-Tested)": {"sugprice": 1791.2935294117651, "profit": 118, "limit": 1616, "timest": 1701283706}, "Tec-9 | Nuclear Threat (Battle-Scarred)": {"sugprice": 2951.314, "profit": 237, "limit": 2663, "timest": 1701245990}, "USP-S | Orion (Factory New)": {"sugprice": 3963.5995238095243, "profit": 212, "limit": 3577, "timest": 1701289711}, "\u2605 Bloodhound Gloves | Bronzed (Field-Tested)": {"sugprice": 6250.751739130436, "profit": 402, "limit": 5641, "timest": 1701289775}, "\u2605 Gut Knife | Scorched (Field-Tested)": {"sugprice": 7564.707647058824, "profit": 586, "limit": 6827, "timest": 1701289830}, "\u2605 Hydra Gloves | Emerald (Battle-Scarred)": {"sugprice": 4527.1406, "profit": 336, "limit": 4085, "timest": 1701289860}, "\u2605 Hydra Gloves | Emerald (Field-Tested)": {"sugprice": 4567.61306122449, "profit": 404, "limit": 4122, "timest": 1701289862}, "\u2605 Moto Gloves | Blood Pressure (Battle-Scarred)": {"sugprice": 8612, "profit": 746, "limit": 7772, "timest": 1701289885}, "\u2605 Moto Gloves | Polygon (Battle-Scarred)": {"sugprice": 9984.249444444444, "profit": 485, "limit": 9010, "timest": 1701288470}, "\u2605 Navaja Knife | Boreal Forest (Field-Tested)": {"sugprice": 7032.336170212764, "profit": 611, "limit": 6346, "timest": 1701289909}, "\u2605 Navaja Knife | Rust Coat (Battle-Scarred)": {"sugprice": 6637.072352941176, "profit": 391, "limit": 5989, "timest": 1701289918}, "\u2605 Navaja Knife | Ultraviolet (Field-Tested)": {"sugprice": 7052.723703703704, "profit": 408, "limit": 6365, "timest": 1701289930}, "\u2605 Paracord Knife | Safari Mesh (Field-Tested)": {"sugprice": 7202.32125, "profit": 592, "limit": 6500, "timest": 1701258011}, "\u2605 Shadow Daggers | Ultraviolet (Field-Tested)": {"sugprice": 7935.383684210527, "profit": 583, "limit": 7161, "timest": 1701289955}, "\u2605 Paracord Knife | Scorched (Field-Tested)": {"sugprice": 7619.47076923077, "profit": 670, "limit": 6876, "timest": 1701289937}, "\u2605 Huntsman Knife | Rust Coat (Battle-Scarred)": {"sugprice": 8860.782272727272, "profit": 610, "limit": 7996,