{"USP-S | Kill Confirmed (Well-Worn)": {"sugprice": 3035.8163157894733, "profit": 146, "limit": 2739, "timest": 1701606908}, "\u2605 Navaja Knife | Scorched (Field-Tested)": {"sugprice": 6707.419677419355, "profit": 331, "limit": 6053, "timest": 1701545623}, "\u2605 Driver Gloves | Racing Green (Battle-Scarred)": {"sugprice": 3735.7754, "profit": 181, "limit": 3371, "timest": 1701550938}, "\u2605 Hydra Gloves | Rattler (Field-Tested)": {"sugprice": 4089.971086956522, "profit": 204, "limit": 3691, "timest": 1701607345}, "\u2605 Shadow Daggers | Bright Water (Field-Tested)": {"sugprice": 7444.952727272728, "profit": 421, "limit": 6719, "timest": 1701524479}, "\u2605 Moto Gloves | Transport (Battle-Scarred)": {"sugprice": 5285.403469387756, "profit": 258, "limit": 4770, "timest": 1701564052}, "\u2605 Broken Fang Gloves | Unhinged (Battle-Scarred)": {"sugprice": 5225.500400000001, "profit": 256, "limit": 4716, "timest": 1701607178}, "\u2605 Hand Wraps | Arboreal (Field-Tested)": {"sugprice": 5585.135263157895, "profit": 305, "limit": 5040, "timest": 1701552343}, "USP-S | Neo-Noir (Well-Worn)": {"sugprice": 1552.6000000000001, "profit": 125, "limit": 1401, "timest": 1701606938}, "StatTrak\u2122 SSG 08 | Dragonfire (Field-Tested)": {"sugprice": 3126.9481250000003, "profit": 186, "limit": 2822, "timest": 1701606772}, "StatTrak\u2122 USP-S | Neo-Noir (Field-Tested)": {"sugprice": 3286.508333333333, "profit": 226, "limit": 2966, "timest": 1701601355}, "\u2605 Bloodhound Gloves | Guerrilla (Field-Tested)": {"sugprice": 6304.878400000002, "profit": 367, "limit": 5690, "timest": 1701607143}, "\u2605 Hand Wraps | Constrictor (Field-Tested)": {"sugprice": 5066.757096774194, "profit": 312, "limit": 4572, "timest": 1701605996}, "\u2605 Hand Wraps | Desert Shamagh (Well-Worn)": {"sugprice": 5027.229, "profit": 411, "limit": 4537, "timest": 1701607288}, "StatTrak\u2122 USP-S | The Traitor (Battle-Scarred)": {"sugprice": 1981.9971999999998, "profit": 150, "limit": 1788, "timest": 1701606844}, "\u2605 Hand Wraps | Desert Shamagh (Battle-Scarred)": {"sugprice": 4941.444782608696, "profit": 254, "limit": 4459, "timest": 1701526545}, "USP-S | Orion (Minimal Wear)": {"sugprice": 3942.546666666667, "profit": 191, "limit": 3558, "timest": 1701557151}, "USP-S | Caiman (Field-Tested)": {"sugprice": 3137.399047619048, "profit": 152, "limit": 2831, "timest": 1701542469}, "\u2605 Moto Gloves | Turtle (Battle-Scarred)": {"sugprice": 7902.496666666667, "profit": 433, "limit": 7132, "timest": 1701607413}, "\u2605 Hand Wraps | Arboreal (Battle-Scarred)": {"sugprice": 5127.000599999999, "profit": 260, "limit": 4627, "timest": 1701551022}, "StatTrak\u2122 USP-S | Printstream (Battle-Scarred)": {"sugprice": 4452.149444444444, "profit": 214, "limit": 4018, "timest": 1701592252}, "StatTrak\u2122 USP-S | Monster Mashup (Field-Tested)": {"sugprice": 1904.0580952380953, "profit": 148, "limit": 1718, "timest": 1701606828}, "\u2605 Bloodhound Gloves | Bronzed (Field-Tested)": {"sugprice": 6366.898, "profit": 348, "limit": 5746, "timest": 1701605852}, "\u2605 Hydra Gloves | Emerald (Battle-Scarred)": {"sugprice": 4731.460199999999, "profit": 292, "limit": 4270, "timest": 1701607310}, "\u2605 Moto Gloves | Blood Pressure (Battle-Scarred)": {"sugprice": 8737.8915, "profit": 480, "limit": 7885, "timest": 1701607358}, "\u2605 Navaja Knife | Boreal Forest (Field-Tested)": {"sugprice": 6857.057954545453, "profit": 364, "limit": 6188, "timest": 1701539282}, "\u2605 Navaja Knife | Rust Coat (Battle-Scarred)": {"sugprice": 6754.797931034481, "profit": 336, "limit": 6096, "timest": 1701526724}, "\u2605 Paracord Knife | Scorched (Field-Tested)": {"sugprice": 7516.897142857143, "profit": 401, "limit": 6783, "timest": 1701588433}, "USP-S | Printstream (Field-Tested)": {"sugprice": 2992.24976744186, "profit": 143, "limit": 2700, "timest": 1701557159}, "\u2605 Moto Gloves | Finish Line (Battle-Scarred)": {"sugprice": 6867.0744117647055, "profit": 405, "limit": 6197, "timest": 1701607365}, "\u2605 Hand Wraps | Duct Tape (Battle-Scarred)": {"sugprice": 5179.648421052632, "profit": 264, "limit": 4674, "timest": 1701603321}, "\u2605 Navaja Knife | Safari Mesh (Field-Tested)": {"sugprice": 6985.128999999998, "profit": 346, "limit": 6304, "timest": 1701605253}, "\u2605 Moto Gloves | POW! (Battle-Scarred)": {"sugprice": 8504.061153846154, "profit": 453, "limit": 7674, "timest": 1701535147}, "\u2605 Navaja Knife | Boreal Forest (Battle-Scarred)": {"sugprice": 6790.027142857143, "profit": 380, "limit": 6127, "timest": 1701525508}, "\u2605 Gut Knife | Safari Mesh (Field-Tested)": {"sugprice": 7327.141428571429, "profit": 384, "limit": 6612, "timest": 1701607239}, "\u2605 Gut Knife | Freehand (Field-Tested)": {"sugprice": 8727.414, "profit": 640, "limit": 7876, "timest": 1701607235}, "USP-S | Neo-Noir (Factory New)": {"sugprice": 3088.8824999999997, "profit": 166, "limit": 2787, "timest": 1701598926}, "\u2605 Driver Gloves | Convoy (Field-Tested)": {"sugprice": 6318.538461538462, "profit": 304, "limit": 5702, "timest": 1701607188}, "\u2605 Hand Wraps | Constrictor (Well-Worn)": {"sugprice": 5040.794400000001, "profit": 287, "limit": 4549, "timest": 1701605998}, "\u2605 Shadow Daggers | Damascus Steel (Field-Tested)": {"sugprice": 7951.380666666667, "profit": 473, "limit": 7176, "timest": 1701607516}, "\u2605 Hydra Gloves | Mangrove (Field-Tested)": {"sugprice": 4084.7225999999996, "profit": 267, "limit": 3686, "timest": 1701607324}, "StatTrak\u2122 USP-S | The Traitor (Well-Worn)": {"sugprice": 1944.6674999999998, "profit": 102, "limit": 1755, "timest": 1701600628}, "\u2605 Specialist Gloves | Buckshot (Battle-Scarred)": {"sugprice": 5201.341891891891, "profit": 249, "limit": 4694, "timest": 1701597814}, "StatTrak\u2122 P90 | Blind Spot (Field-Tested)": {"sugprice": 1204, "profit": 127, "limit": 1086, "timest": 1701524755}, "USP-S | The Traitor (Minimal Wear)": {"sugprice": 1389, "profit": 101, "limit": 1253, "timest": 1701604011}, "\u2605 Survival Knife | Boreal Forest (Field-Tested)": {"sugprice": 7861.262857142856, "profit": 380, "limit": 7094, "timest": 1701607539}, "\u2605 Specialist Gloves | Fade (Battle-Scarred)": {"sugprice": 14765.376470588235, "profit": 829, "limit": 13325, "timest": 1701563032}, "StatTrak\u2122 USP-S | Neo-Noir (Battle-Scarred)": {"sugprice": 3150.242068965518, "profit": 160, "limit": 2843, "timest": 1701546394}, "\u2605 Moto Gloves | Transport (Field-Tested)": {"sugprice": 5570.657500000001, "profit": 356, "limit": 5027, "timest": 1701607409}, "\u2605 Shadow Daggers | Autotronic (Field-Tested)": {"sugprice": 9972.286470588235, "profit": 673, "limit": 8999, "timest": 1701607506}, "USP-S | Kill Confirmed (Battle-Scarred)": {"sugprice": 3104.672553191489, "profit": 197, "limit": 2801, "timest": 1701606898}, "\u2605 Broken Fang Gloves | Needle Point (Well-Worn)": {"sugprice": 5162.846363636363, "profit": 337, "limit": 4659, "timest": 1701525106}, "\u2605 Broken Fang Gloves | Needle Point (Field-Tested)": {"sugprice": 5214.931428571429, "profit": 248, "limit": 4706, "timest": 1701601495}, "StatTrak\u2122 P90 | Asiimov (Battle-Scarred)": {"sugprice": 1381, "profit": 105, "limit": 1246, "timest": 1701563266}, "USP-S | Orion (Field-Tested)": {"sugprice": 3903.362439024391, "profit": 187, "limit": 3522, "timest": 1701601419}, "UMP-45 | Blaze (Factory New)": {"sugprice": 1597.2342222222223, "profit": 103, "limit": 1441, "timest": 1701542460}, "\u2605 Hand Wraps | Desert Shamagh (Field-Tested)": {"sugprice": 5002, "profit": 381, "limit": 4514, "timest": 1701607286}, "\u2605 Hydra Gloves | Rattler (Battle-Scarred)": {"sugprice": 4074.2368750000005, "profit": 227, "limit": 3676, "timest": 1701607329}, "Tec-9 | Nuclear Threat (Battle-Scarred)": {"sugprice": 3062.3281250000005, "profit": 260, "limit": 2763, "timest": 1701606861}, "\u2605 Gut Knife | Doppler (Factory New)": {"sugprice": 15965.863214285715, "profit": 1176, "limit": 14409, "timest": 1701563803},