{"StatTrak\u2122 M4A4 | The Battlestar (Field-Tested)": {"sugprice": 1372.6359090909093, "profit": 100, "limit": 1238, "timest": 1702644596}, "StatTrak\u2122 M4A4 | The Emperor (Battle-Scarred)": {"sugprice": 2608.456060606061, "profit": 148, "limit": 2354, "timest": 1702659003}, "StatTrak\u2122 M4A4 | \u9f8d\u738b (Dragon King) (Field-Tested)": {"sugprice": 1519.057857142857, "profit": 126, "limit": 1370, "timest": 1702659015}, "StatTrak\u2122 MAC-10 | Toybox (Battle-Scarred)": {"sugprice": 598.6244444444443, "profit": 116, "limit": 540, "timest": 1702659020}, "StatTrak\u2122 MP7 | Bloodsport (Factory New)": {"sugprice": 1342.2469999999998, "profit": 108, "limit": 1211, "timest": 1702659023}, "StatTrak\u2122 MP9 | Hypnotic (Factory New)": {"sugprice": 3478.5664864864866, "profit": 198, "limit": 3139, "timest": 1702659036}, "StatTrak\u2122 P90 | Asiimov (Battle-Scarred)": {"sugprice": 1404.6592500000002, "profit": 109, "limit": 1267, "timest": 1702659058}, "StatTrak\u2122 PP-Bizon | Judgement of Anubis (Field-Tested)": {"sugprice": 993.7982352941176, "profit": 106, "limit": 896, "timest": 1702655801}, "StatTrak\u2122 SSG 08 | Bloodshot (Field-Tested)": {"sugprice": 1973.1433333333334, "profit": 115, "limit": 1780, "timest": 1702659069}, "StatTrak\u2122 Tec-9 | Decimator (Battle-Scarred)": {"sugprice": 2078, "profit": 328, "limit": 1875, "timest": 1702659079}, "StatTrak\u2122 USP-S | Monster Mashup (Field-Tested)": {"sugprice": 1881, "profit": 142, "limit": 1697, "timest": 1702639750}, "StatTrak\u2122 USP-S | Neo-Noir (Battle-Scarred)": {"sugprice": 3099.7948148148143, "profit": 209, "limit": 2797, "timest": 1702659097}, "StatTrak\u2122 USP-S | Neo-Noir (Field-Tested)": {"sugprice": 3136.9995652173916, "profit": 247, "limit": 2831, "timest": 1702659099}, "StatTrak\u2122 USP-S | The Traitor (Battle-Scarred)": {"sugprice": 2026.8471794871793, "profit": 111, "limit": 1829, "timest": 1702659105}, "Tec-9 | Nuclear Threat (Battle-Scarred)": {"sugprice": 3514, "profit": 510, "limit": 3171, "timest": 1702659111}, "Tec-9 | Titanium Bit (Factory New)": {"sugprice": 597.9779999999998, "profit": 101, "limit": 539, "timest": 1702628429}, "USP-S | Kill Confirmed (Battle-Scarred)": {"sugprice": 3038.393877551021, "profit": 166, "limit": 2742, "timest": 1702659137}, "USP-S | Kill Confirmed (Well-Worn)": {"sugprice": 3164.164, "profit": 236, "limit": 2855, "timest": 1702659141}, "USP-S | Neo-Noir (Factory New)": {"sugprice": 3178.110625, "profit": 273, "limit": 2868, "timest": 1702659144}, "USP-S | Overgrowth (Field-Tested)": {"sugprice": 1782.0049999999997, "profit": 102, "limit": 1608, "timest": 1702659153}, "USP-S | The Traitor (Minimal Wear)": {"sugprice": 1446.6851612903224, "profit": 102, "limit": 1305, "timest": 1702655977}, "\u2605 Bloodhound Gloves | Bronzed (Battle-Scarred)": {"sugprice": 6318.7585714285715, "profit": 333, "limit": 5702, "timest": 1702659178}, "\u2605 Bloodhound Gloves | Guerrilla (Battle-Scarred)": {"sugprice": 6149.508888888888, "profit": 398, "limit": 5549, "timest": 1702659182}, "\u2605 Bloodhound Gloves | Snakebite (Field-Tested)": {"sugprice": 5898.864166666669, "profit": 308, "limit": 5323, "timest": 1702649410}, "\u2605 Broken Fang Gloves | Needle Point (Battle-Scarred)": {"sugprice": 4967.981428571429, "profit": 248, "limit": 4483, "timest": 1702658701}, "\u2605 Broken Fang Gloves | Needle Point (Well-Worn)": {"sugprice": 5082.112727272728, "profit": 252, "limit": 4586, "timest": 1702659200}, "\u2605 Broken Fang Gloves | Yellow-banded (Battle-Scarred)": {"sugprice": 5920.177999999999, "profit": 323, "limit": 5342, "timest": 1702642764}, "\u2605 Broken Fang Gloves | Yellow-banded (Field-Tested)": {"sugprice": 6202.611481481482, "profit": 320, "limit": 5597, "timest": 1702655456}, "\u2605 Driver Gloves | Convoy (Field-Tested)": {"sugprice": 6401.3516666666665, "profit": 437, "limit": 5777, "timest": 1702659210}, "\u2605 Driver Gloves | Diamondback (Battle-Scarred)": {"sugprice": 7015.306363636363, "profit": 373, "limit": 6331, "timest": 1702659212}, "\u2605 Driver Gloves | Queen Jaguar (Battle-Scarred)": {"sugprice": 5578, "profit": 278, "limit": 5034, "timest": 1702659216}, "\u2605 Driver Gloves | Queen Jaguar (Field-Tested)": {"sugprice": 5790.035999999999, "profit": 315, "limit": 5225, "timest": 1702637029}, "\u2605 Falchion Knife | Rust Coat (Battle-Scarred)": {"sugprice": 8791.984166666667, "profit": 452, "limit": 7934, "timest": 1702659228}, "\u2605 Falchion Knife | Ultraviolet (Battle-Scarred)": {"sugprice": 10033.496363636365, "profit": 491, "limit": 9055, "timest": 1702659230}, "\u2605 Gut Knife | Bright Water (Field-Tested)": {"sugprice": 8540.58857142857, "profit": 473, "limit": 7707, "timest": 1702659234}, "\u2605 Hand Wraps | Arboreal (Field-Tested)": {"sugprice": 5921.566666666667, "profit": 374, "limit": 5344, "timest": 1702658763}, "\u2605 Hand Wraps | Badlands (Battle-Scarred)": {"sugprice": 7324.139, "profit": 468, "limit": 6610, "timest": 1702659248}, "\u2605 Hand Wraps | CAUTION! (Battle-Scarred)": {"sugprice": 13518.045555555555, "profit": 1010, "limit": 12200, "timest": 1702645322}, "\u2605 Hand Wraps | Constrictor (Battle-Scarred)": {"sugprice": 4842.990833333332, "profit": 270, "limit": 4370, "timest": 1702659252}, "\u2605 Hand Wraps | Constrictor (Well-Worn)": {"sugprice": 4758.2300000000005, "profit": 227, "limit": 4294, "timest": 1702628778}, "\u2605 Hand Wraps | Desert Shamagh (Battle-Scarred)": {"sugprice": 5070.2508, "profit": 308, "limit": 4575, "timest": 1702659258}, "\u2605 Hand Wraps | Giraffe (Battle-Scarred)": {"sugprice": 5558.711363636364, "profit": 350, "limit": 5016, "timest": 1702659268}, "\u2605 Huntsman Knife | Rust Coat (Battle-Scarred)": {"sugprice": 8617.654375, "profit": 433, "limit": 7777, "timest": 1702648131}, "\u2605 Huntsman Knife | Ultraviolet (Field-Tested)": {"sugprice": 9983.2832, "profit": 661, "limit": 9009, "timest": 1702659359}, "\u2605 Hydra Gloves | Case Hardened (Battle-Scarred)": {"sugprice": 7297, "profit": 535, "limit": 6585, "timest": 1702659360}, "\u2605 Hydra Gloves | Mangrove (Battle-Scarred)": {"sugprice": 3982.888095238095, "profit": 221, "limit": 3594, "timest": 1702636606}, "\u2605 Hydra Gloves | Mangrove (Field-Tested)": {"sugprice": 4040.4437500000004, "profit": 192, "limit": 3646, "timest": 1702653419}, "\u2605 Hydra Gloves | Rattler (Battle-Scarred)": {"sugprice": 4037.2539999999995, "profit": 266, "limit": 3643, "timest": 1702659375}, "\u2605 Moto Gloves | 3rd Commando Company (Battle-Scarred)": {"sugprice": 5084.1602, "profit": 287, "limit": 4588, "timest": 1702659381}, "\u2605 Moto Gloves | Boom! (Battle-Scarred)": {"sugprice": 7021.702608695652, "profit": 700, "limit": 6337, "timest": 1702659387}, "\u2605 Moto Gloves | Finish Line (Battle-Scarred)": {"sugprice": 7413.100869565219, "profit": 617, "limit": 6690, "timest": 1702657145}, "\u2605 Moto Gloves | POW! (Battle-Scarred)": {"sugprice": 8483.585333333334, "profit": 669, "limit": 7656, "timest": 1702659395}, "\u2605 Moto Gloves | Smoke Out (Battle-Scarred)": {"sugprice": 7297.749047619048, "profit": 359, "limit": 6586, "timest": 1702651343}, "\u2605 Moto Gloves | Transport (Field-Tested)": {"sugprice": 5587, "profit": 297, "limit": 5042, "timest": 1702657640}, "\u2605 Navaja Knife | Forest DDPAT (Field-Tested)": {"sugprice": 6900.4586, "profit": 374, "limit": 6227, "timest": 1702659405}, "\u2605 Navaja Knife | Marble Fade (Factory New)": {"sugprice": 14778.448124999999, "profit": 707, "limit": 13337, "timest": 1702659407}, "\u2605 Navaja Knife | Night Stripe (Field-Tested)": {"sugprice": 6999.187647058825, "profit": 481, "limit": 6316, "timest": 1702659409}, "\u2605 Navaja Knife | Rust Coat (Battle-Scarred)": {"sugprice": 6940.929677419354, "profit": 423, "limit": 6264, "timest": 1702659411}, "\u2605 Navaja Knife | Safari Mesh (Battle-Scarred)": {"sugprice": 6833.7919999999995, "profit": 479, "limit": 6167, "timest": 1702657167},