{"USP-S | Kill Confirmed (Well-Worn)": {"sugprice": 3199.3818000000006, "profit": 172, "limit": 2887, "timest": 1702404033}, "\u2605 Gut Knife | Safari Mesh (Field-Tested)": {"sugprice": 7085.897142857143, "profit": 347, "limit": 6395, "timest": 1702389049}, "\u2605 Gut Knife | Freehand (Field-Tested)": {"sugprice": 9114.287333333334, "profit": 439, "limit": 8225, "timest": 1702398492}, "\u2605 Driver Gloves | Convoy (Field-Tested)": {"sugprice": 6385.451481481482, "profit": 380, "limit": 5762, "timest": 1702404217}, "\u2605 Specialist Gloves | Fade (Battle-Scarred)": {"sugprice": 15389.306111111115, "profit": 743, "limit": 13888, "timest": 1702348851}, "StatTrak\u2122 M4A4 | \u9f8d\u738b (Dragon King) (Field-Tested)": {"sugprice": 1538.6892000000005, "profit": 111, "limit": 1388, "timest": 1702403904}, "\u2605 Bloodhound Gloves | Bronzed (Battle-Scarred)": {"sugprice": 6251.9845000000005, "profit": 366, "limit": 5642, "timest": 1702404185}, "\u2605 Shadow Daggers | Scorched (Field-Tested)": {"sugprice": 7267.043636363636, "profit": 546, "limit": 6558, "timest": 1702404466}, "StatTrak\u2122 M4A4 | The Emperor (Battle-Scarred)": {"sugprice": 2582.754871794872, "profit": 153, "limit": 2330, "timest": 1702403893}, "\u2605 Driver Gloves | Racing Green (Field-Tested)": {"sugprice": 3993.4477551020395, "profit": 205, "limit": 3604, "timest": 1702401126}, "\u2605 Shadow Daggers | Freehand (Field-Tested)": {"sugprice": 9180.246799999999, "profit": 620, "limit": 8285, "timest": 1702404459}, "\u2605 Bloodhound Gloves | Guerrilla (Battle-Scarred)": {"sugprice": 6076.638333333333, "profit": 357, "limit": 5484, "timest": 1702395837}, "\u2605 Driver Gloves | Convoy (Battle-Scarred)": {"sugprice": 6221.2257142857125, "profit": 304, "limit": 5614, "timest": 1702390770}, "\u2605 Navaja Knife | Boreal Forest (Field-Tested)": {"sugprice": 7068.147826086955, "profit": 376, "limit": 6379, "timest": 1702404335}, "\u2605 Gut Knife | Bright Water (Field-Tested)": {"sugprice": 8701.948823529412, "profit": 414, "limit": 7853, "timest": 1702401920}, "StatTrak\u2122 USP-S | Neo-Noir (Battle-Scarred)": {"sugprice": 3057.414230769231, "profit": 196, "limit": 2759, "timest": 1702403986}, "\u2605 Moto Gloves | Smoke Out (Battle-Scarred)": {"sugprice": 7685, "profit": 400, "limit": 6935, "timest": 1702404325}, "\u2605 Hand Wraps | Giraffe (Battle-Scarred)": {"sugprice": 5804.621190476191, "profit": 282, "limit": 5238, "timest": 1702400335}, "\u2605 Shadow Daggers | Forest DDPAT (Field-Tested)": {"sugprice": 7135.453750000001, "profit": 381, "limit": 6439, "timest": 1702404456}, "\u2605 Gut Knife | Forest DDPAT (Field-Tested)": {"sugprice": 8179.761111111112, "profit": 586, "limit": 7382, "timest": 1702404243}, "USP-S | Printstream (Field-Tested)": {"sugprice": 2949.0845833333337, "profit": 315, "limit": 2661, "timest": 1702404086}, "\u2605 Navaja Knife | Rust Coat (Battle-Scarred)": {"sugprice": 6888.70125, "profit": 406, "limit": 6217, "timest": 1702404345}, "\u2605 Navaja Knife | Night Stripe (Field-Tested)": {"sugprice": 6914.655161290321, "profit": 435, "limit": 6240, "timest": 1702404343}, "\u2605 Shadow Daggers | Ultraviolet (Field-Tested)": {"sugprice": 8963.995555555555, "profit": 464, "limit": 8090, "timest": 1702404472}, "\u2605 Survival Knife | Forest DDPAT (Field-Tested)": {"sugprice": 7632.692857142857, "profit": 433, "limit": 6888, "timest": 1702404484}, "\u2605 Driver Gloves | Queen Jaguar (Battle-Scarred)": {"sugprice": 5893.006999999999, "profit": 467, "limit": 5318, "timest": 1702404222}, "\u2605 Driver Gloves | Racing Green (Battle-Scarred)": {"sugprice": 4020.224468085105, "profit": 199, "limit": 3628, "timest": 1702404226}, "\u2605 Survival Knife | Boreal Forest (Field-Tested)": {"sugprice": 7814.192666666667, "profit": 382, "limit": 7052, "timest": 1702391373}, "USP-S | Printstream (Well-Worn)": {"sugprice": 2895.607647058823, "profit": 220, "limit": 2613, "timest": 1702404155}, "StatTrak\u2122 USP-S | The Traitor (Well-Worn)": {"sugprice": 2178, "profit": 223, "limit": 1965, "timest": 1702403995}, "\u2605 Hydra Gloves | Mangrove (Battle-Scarred)": {"sugprice": 4163.562765957446, "profit": 299, "limit": 3757, "timest": 1702401186}, "StatTrak\u2122 M4A4 | Buzz Kill (Battle-Scarred)": {"sugprice": 1946, "profit": 312, "limit": 1756, "timest": 1702402489}, "\u2605 Hand Wraps | CAUTION! (Battle-Scarred)": {"sugprice": 13915.4475, "profit": 735, "limit": 12558, "timest": 1702386405}, "\u2605 Paracord Knife | Safari Mesh (Field-Tested)": {"sugprice": 7953.479444444445, "profit": 554, "limit": 7178, "timest": 1702404360}, "StatTrak\u2122 M4A4 | Royal Paladin (Battle-Scarred)": {"sugprice": 2374.697333333333, "profit": 115, "limit": 2143, "timest": 1702400702}, "StatTrak\u2122 USP-S | Monster Mashup (Battle-Scarred)": {"sugprice": 1839.3611111111106, "profit": 130, "limit": 1660, "timest": 1702397357}, "\u2605 Hydra Gloves | Mangrove (Field-Tested)": {"sugprice": 4217.827346938775, "profit": 230, "limit": 3806, "timest": 1702404299}, "USP-S | Orion (Field-Tested)": {"sugprice": 3906.5659459459466, "profit": 188, "limit": 3525, "timest": 1702379933}, "\u2605 Driver Gloves | Racing Green (Well-Worn)": {"sugprice": 4094.9464285714284, "profit": 260, "limit": 3695, "timest": 1702404230}, "USP-S | Whiteout (Battle-Scarred)": {"sugprice": 1757.3322500000002, "profit": 130, "limit": 1585, "timest": 1702404176}, "\u2605 Hand Wraps | Desert Shamagh (Field-Tested)": {"sugprice": 5046.782391304348, "profit": 240, "limit": 4554, "timest": 1702381568}, "\u2605 Moto Gloves | Polygon (Battle-Scarred)": {"sugprice": 11009.208636363635, "profit": 654, "limit": 9935, "timest": 1702404321}, "\u2605 Navaja Knife | Safari Mesh (Field-Tested)": {"sugprice": 6962.152083333332, "profit": 378, "limit": 6283, "timest": 1702404348}, "\u2605 Hand Wraps | Arboreal (Field-Tested)": {"sugprice": 5983.35, "profit": 290, "limit": 5399, "timest": 1702320894}, "\u2605 Moto Gloves | Finish Line (Battle-Scarred)": {"sugprice": 7131.470799999999, "profit": 367, "limit": 6436, "timest": 1702389387}, "UMP-45 | Blaze (Factory New)": {"sugprice": 1627.3971052631578, "profit": 106, "limit": 1468, "timest": 1702381154}, "StatTrak\u2122 Tec-9 | Decimator (Battle-Scarred)": {"sugprice": 2097.2, "profit": 380, "limit": 1892, "timest": 1702403966}, "\u2605 Moto Gloves | Boom! (Battle-Scarred)": {"sugprice": 7008.530833333333, "profit": 524, "limit": 6325, "timest": 1702404317}, "\u2605 Huntsman Knife | Bright Water (Field-Tested)": {"sugprice": 10392.011999999999, "profit": 768, "limit": 9378, "timest": 1702399293}, "\u2605 Shadow Daggers | Ultraviolet (Battle-Scarred)": {"sugprice": 7787.484000000001, "profit": 717, "limit": 7028, "timest": 1702404470}, "StatTrak\u2122 M4A4 | Desolate Space (Field-Tested)": {"sugprice": 1385, "profit": 109, "limit": 1249, "timest": 1702340472}, "\u2605 Bloodhound Gloves | Bronzed (Field-Tested)": {"sugprice": 6223.3246666666655, "profit": 351, "limit": 5616, "timest": 1702394990}, "\u2605 Navaja Knife | Urban Masked (Field-Tested)": {"sugprice": 6923.54, "profit": 450, "limit": 6248, "timest": 1702404357}, "\u2605 Broken Fang Gloves | Needle Point (Battle-Scarred)": {"sugprice": 5056.447399999999, "profit": 253, "limit": 4563, "timest": 1702404205}, "\u2605 Navaja Knife | Scorched (Field-Tested)": {"sugprice": 6882.234117647058, "profit": 335, "limit": 6211, "timest": 1702404350}, "StatTrak\u2122 M4A4 | Buzz Kill (Field-Tested)": {"sugprice": 1941.760625, "profit": 123, "limit": 1752, "timest": 1702334238}, "\u2605 Bloodhound Gloves | Guerrilla (Field-Tested)": {"sugprice": 6090.81064516129, "profit": 355, "limit": 5496, "timest": 1702404191}, "\u2605 Huntsman Knife | Ultraviolet (Field-Tested)": {"sugprice": 10003.731818181817, "profit": 532, "limit": 9028, "timest": 1702404288}, "\u2605 Shadow Daggers | Black Laminate (Well-Worn)": {"sugprice": 7355.674444444445, "profit": 423, "limit": 6638, "timest": 1702381658},