{"StatTrak\u2122 USP-S | Monster Mashup (Battle-Scarred)": {"sugprice": 1805, "profit": 197, "limit": 1629, "timest": 1707468851}, "StatTrak\u2122 USP-S | Caiman (Field-Tested)": {"sugprice": 5082.2, "profit": 254, "limit": 4586, "timest": 1707468170}, "StatTrak\u2122 USP-S | Overgrowth (Field-Tested)": {"sugprice": 4195.337142857143, "profit": 221, "limit": 3786, "timest": 1707466753}, "\u2605 Paracord Knife | Scorched (Field-Tested)": {"sugprice": 7322.836923076925, "profit": 435, "limit": 6608, "timest": 1707469220}, "USP-S | Printstream (Well-Worn)": {"sugprice": 2415.2119148936167, "profit": 115, "limit": 2179, "timest": 1707453624}, "\u2605 Hand Wraps | Duct Tape (Well-Worn)": {"sugprice": 5205.452307692307, "profit": 248, "limit": 4697, "timest": 1707459368}, "StatTrak\u2122 USP-S | The Traitor (Battle-Scarred)": {"sugprice": 2386.8537499999998, "profit": 129, "limit": 2154, "timest": 1707468198}, "StatTrak\u2122 USP-S | The Traitor (Well-Worn)": {"sugprice": 2355, "profit": 113, "limit": 2125, "timest": 1707468885}, "\u2605 Driver Gloves | Queen Jaguar (Well-Worn)": {"sugprice": 5144, "profit": 316, "limit": 4642, "timest": 1707465569}, "\u2605 Shadow Daggers | Ultraviolet (Battle-Scarred)": {"sugprice": 7844.956, "profit": 383, "limit": 7080, "timest": 1707469260}, "StatTrak\u2122 USP-S | Printstream (Battle-Scarred)": {"sugprice": 4192.279333333332, "profit": 200, "limit": 3783, "timest": 1707383958}, "\u2605 Specialist Gloves | Forest DDPAT (Battle-Scarred)": {"sugprice": 8489, "profit": 420, "limit": 7661, "timest": 1707465917}, "USP-S | Orion (Field-Tested)": {"sugprice": 3560.6559183673467, "profit": 171, "limit": 3213, "timest": 1707429344}, "USP-S | Whiteout (Battle-Scarred)": {"sugprice": 2006.8888000000006, "profit": 118, "limit": 1811, "timest": 1707468956}, "\u2605 Shadow Daggers | Forest DDPAT (Field-Tested)": {"sugprice": 6571.194761904763, "profit": 348, "limit": 5930, "timest": 1707424919}, "USP-S | Orion (Factory New)": {"sugprice": 4319.62, "profit": 321, "limit": 3898, "timest": 1707389386}, "\u2605 Hydra Gloves | Case Hardened (Field-Tested)": {"sugprice": 8601.846666666666, "profit": 809, "limit": 7763, "timest": 1707468539}, "\u2605 Gut Knife | Scorched (Field-Tested)": {"sugprice": 7326, "profit": 357, "limit": 6611, "timest": 1707395892}, "\u2605 Hand Wraps | Duct Tape (Field-Tested)": {"sugprice": 5235.179047619048, "profit": 257, "limit": 4724, "timest": 1707403739}, "\u2605 Shadow Daggers | Boreal Forest (Field-Tested)": {"sugprice": 6576.76380952381, "profit": 313, "limit": 5935, "timest": 1707447168}, "USP-S | Whiteout (Field-Tested)": {"sugprice": 2071.03119047619, "profit": 102, "limit": 1869, "timest": 1707411435}, "StatTrak\u2122 P90 | Nostalgia (Battle-Scarred)": {"sugprice": 888.3658333333334, "profit": 169, "limit": 801, "timest": 1707468788}, "\u2605 Paracord Knife | Stained (Battle-Scarred)": {"sugprice": 10310.527333333332, "profit": 500, "limit": 9305, "timest": 1707469224}, "\u2605 Shadow Daggers | Safari Mesh (Field-Tested)": {"sugprice": 6508.006153846154, "profit": 340, "limit": 5873, "timest": 1707451309}, "StatTrak\u2122 SSG 08 | Dragonfire (Field-Tested)": {"sugprice": 2702.7509523809526, "profit": 132, "limit": 2439, "timest": 1707468806}, "StatTrak\u2122 MP9 | Hypnotic (Factory New)": {"sugprice": 3122.3238461538467, "profit": 375, "limit": 2817, "timest": 1707468758}, "\u2605 Hand Wraps | Giraffe (Well-Worn)": {"sugprice": 5558.195555555556, "profit": 322, "limit": 5016, "timest": 1707464969}, "\u2605 Hand Wraps | Giraffe (Battle-Scarred)": {"sugprice": 5117.1994, "profit": 251, "limit": 4618, "timest": 1707400380}, "\u2605 Hand Wraps | Constrictor (Field-Tested)": {"sugprice": 4911.169523809523, "profit": 270, "limit": 4432, "timest": 1707469098}, "\u2605 Navaja Knife | Ultraviolet (Battle-Scarred)": {"sugprice": 6669.641428571429, "profit": 415, "limit": 6019, "timest": 1707413818}, "\u2605 Hydra Gloves | Rattler (Field-Tested)": {"sugprice": 4126.251777777778, "profit": 196, "limit": 3723, "timest": 1707433651}, "USP-S | Kill Confirmed (Battle-Scarred)": {"sugprice": 2771, "profit": 141, "limit": 2500, "timest": 1707468910}, "USP-S | Kill Confirmed (Well-Worn)": {"sugprice": 2865.9936170212754, "profit": 164, "limit": 2586, "timest": 1707383348}, "\u2605 Broken Fang Gloves | Needle Point (Field-Tested)": {"sugprice": 4519.2536842105255, "profit": 228, "limit": 4078, "timest": 1707390810}, "\u2605 Gut Knife | Boreal Forest (Field-Tested)": {"sugprice": 7095.7699999999995, "profit": 478, "limit": 6403, "timest": 1707446276}, "StatTrak\u2122 P2000 | Imperial Dragon (Field-Tested)": {"sugprice": 706.8136363636363, "profit": 142, "limit": 637, "timest": 1707468765}, "\u2605 Specialist Gloves | Crimson Web (Battle-Scarred)": {"sugprice": 10811.538571428575, "profit": 602, "limit": 9757, "timest": 1707469272}, "\u2605 Hand Wraps | Duct Tape (Battle-Scarred)": {"sugprice": 5123.841304347827, "profit": 378, "limit": 4624, "timest": 1707395921}, "\u2605 Huntsman Knife | Freehand (Field-Tested)": {"sugprice": 10345.194615384615, "profit": 496, "limit": 9336, "timest": 1707405343}, "\u2605 Driver Gloves | Racing Green (Well-Worn)": {"sugprice": 3773.2084999999997, "profit": 213, "limit": 3405, "timest": 1707453776}, "\u2605 Shadow Daggers | Night (Field-Tested)": {"sugprice": 6935.233636363637, "profit": 331, "limit": 6259, "timest": 1707448700}, "\u2605 Survival Knife | Stained (Battle-Scarred)": {"sugprice": 9448.729999999998, "profit": 463, "limit": 8527, "timest": 1707429713}, "\u2605 Broken Fang Gloves | Needle Point (Battle-Scarred)": {"sugprice": 4492.414545454546, "profit": 222, "limit": 4054, "timest": 1707392999}, "\u2605 Hand Wraps | Arboreal (Field-Tested)": {"sugprice": 5653.432083333334, "profit": 269, "limit": 5102, "timest": 1707463453}, "\u2605 Huntsman Knife | Bright Water (Field-Tested)": {"sugprice": 9245.695555555554, "profit": 522, "limit": 8344, "timest": 1707407842}, "\u2605 Shadow Daggers | Tiger Tooth (Factory New)": {"sugprice": 13598.985625, "profit": 661, "limit": 12273, "timest": 1707465854}, "\u2605 Survival Knife | Boreal Forest (Field-Tested)": {"sugprice": 7163.943333333334, "profit": 410, "limit": 6465, "timest": 1707456219}, "\u2605 Navaja Knife | Safari Mesh (Field-Tested)": {"sugprice": 6450.369199999999, "profit": 316, "limit": 5821, "timest": 1707469198}, "\u2605 Driver Gloves | Diamondback (Battle-Scarred)": {"sugprice": 6214.83, "profit": 366, "limit": 5608, "timest": 1707465550}, "USP-S | Whiteout (Minimal Wear)": {"sugprice": 2869.7815384615383, "profit": 137, "limit": 2589, "timest": 1707438268}, "\u2605 Driver Gloves | Black Tie (Battle-Scarred)": {"sugprice": 9369.623157894737, "profit": 471, "limit": 8456, "timest": 1707404377}, "\u2605 Driver Gloves | Convoy (Battle-Scarred)": {"sugprice": 5610, "profit": 281, "limit": 5063, "timest": 1707431520}, "USP-S | Printstream (Minimal Wear)": {"sugprice": 4420.9077777777775, "profit": 246, "limit": 3989, "timest": 1707414906}, "\u2605 Hydra Gloves | Case Hardened (Battle-Scarred)": {"sugprice": 7266.27, "profit": 381, "limit": 6557, "timest": 1707469150}, "\u2605 Hand Wraps | Desert Shamagh (Battle-Scarred)": {"sugprice": 4509.4816, "profit": 230, "limit": 4069, "timest": 1707419942}, "StatTrak\u2122 SSG 08 | Big Iron (Battle-Scarred)": {"sugprice": 1351.4833333333331, "profit": 120, "limit": 1219, "timest": 1707413401}, "StatTrak\u2122 SSG 08 | Turbo Peek (Battle-Scarred)": {"sugprice": 779.2963043478263, "profit": 101, "limit": 703, "timest": 1707414792}, "USP-S | Printstream (Field-Tested)": {"sugprice": 2517.9440909090913, "profit": 120, "limit": 2272, "timest": 1707420455}, "USP-S | Purple DDPAT (Minimal Wear)": {"sugprice": 1090.639375, "profit": 124, "limit": 984, "timest": 1707414326}, "StatTrak\u2122 P250 | Asiimov (Well-Worn)": {"sugprice": 729.6019047619045, "profit": 125, "limit": 658, "timest": 1707468772}, "USP-S | Serum (Field-Tested)": {"sugprice": 2629.394347826087, "profit": 149,