{"USP-S | Kill Confirmed (Well-Worn)": {"sugprice": 3225.652173913044, "profit": 169, "limit": 2911, "timest": 1702053584}, "\u2605 Hydra Gloves | Rattler (Field-Tested)": {"sugprice": 4317.5365909090915, "profit": 293, "limit": 3896, "timest": 1702065286}, "\u2605 Moto Gloves | Transport (Battle-Scarred)": {"sugprice": 5336.645510204082, "profit": 274, "limit": 4816, "timest": 1702075886}, "\u2605 Broken Fang Gloves | Unhinged (Battle-Scarred)": {"sugprice": 5141.4076000000005, "profit": 326, "limit": 4640, "timest": 1702065915}, "StatTrak\u2122 SSG 08 | Dragonfire (Field-Tested)": {"sugprice": 3058.4065909090905, "profit": 214, "limit": 2760, "timest": 1702053372}, "StatTrak\u2122 USP-S | The Traitor (Battle-Scarred)": {"sugprice": 2259.2684000000004, "profit": 154, "limit": 2038, "timest": 1702078767}, "\u2605 Gut Knife | Safari Mesh (Field-Tested)": {"sugprice": 7255.342666666666, "profit": 400, "limit": 6547, "timest": 1702061865}, "\u2605 Gut Knife | Freehand (Field-Tested)": {"sugprice": 8898.542222222222, "profit": 451, "limit": 8030, "timest": 1702079198}, "USP-S | Neo-Noir (Factory New)": {"sugprice": 3166.183333333333, "profit": 163, "limit": 2857, "timest": 1702052310}, "\u2605 Driver Gloves | Convoy (Field-Tested)": {"sugprice": 6165.714, "profit": 301, "limit": 5564, "timest": 1702079116}, "\u2605 Specialist Gloves | Fade (Battle-Scarred)": {"sugprice": 15275.458461538461, "profit": 895, "limit": 13786, "timest": 1702054367}, "Tec-9 | Nuclear Threat (Battle-Scarred)": {"sugprice": 3146.027, "profit": 222, "limit": 2839, "timest": 1702078795}, "StatTrak\u2122 M4A4 | \u9f8d\u738b (Dragon King) (Field-Tested)": {"sugprice": 1542, "profit": 134, "limit": 1391, "timest": 1702078326}, "\u2605 Bloodhound Gloves | Bronzed (Battle-Scarred)": {"sugprice": 6213.850000000001, "profit": 311, "limit": 5607, "timest": 1702048340}, "\u2605 Navaja Knife | Marble Fade (Factory New)": {"sugprice": 15309.48636363636, "profit": 789, "limit": 13816, "timest": 1702033205}, "\u2605 Shadow Daggers | Scorched (Field-Tested)": {"sugprice": 7123.157777777778, "profit": 558, "limit": 6428, "timest": 1702079337}, "StatTrak\u2122 M4A4 | The Battlestar (Field-Tested)": {"sugprice": 1519.1494444444445, "profit": 106, "limit": 1371, "timest": 1702078282}, "StatTrak\u2122 M4A4 | The Emperor (Battle-Scarred)": {"sugprice": 2576.6352500000007, "profit": 165, "limit": 2325, "timest": 1702078287}, "\u2605 Driver Gloves | Racing Green (Field-Tested)": {"sugprice": 4116.661914893617, "profit": 254, "limit": 3715, "timest": 1702063333}, "StatTrak\u2122 M4A4 | Temukau (Battle-Scarred)": {"sugprice": 2427.319111111112, "profit": 122, "limit": 2190, "timest": 1702004078}, "\u2605 Hand Wraps | Constrictor (Battle-Scarred)": {"sugprice": 5013.894599999999, "profit": 309, "limit": 4525, "timest": 1702079222}, "\u2605 Shadow Daggers | Freehand (Field-Tested)": {"sugprice": 9304.196538461538, "profit": 868, "limit": 8397, "timest": 1702079329}, "\u2605 Bloodhound Gloves | Guerrilla (Battle-Scarred)": {"sugprice": 6242.585454545455, "profit": 429, "limit": 5633, "timest": 1702078998}, "\u2605 Driver Gloves | Convoy (Battle-Scarred)": {"sugprice": 6346.724838709676, "profit": 344, "limit": 5727, "timest": 1702079107}, "\u2605 Navaja Knife | Boreal Forest (Field-Tested)": {"sugprice": 6948.038999999998, "profit": 340, "limit": 6270, "timest": 1702079285}, "\u2605 Gut Knife | Bright Water (Field-Tested)": {"sugprice": 8356.414615384614, "profit": 432, "limit": 7541, "timest": 1702079179}, "\u2605 Hydra Gloves | Rattler (Well-Worn)": {"sugprice": 4487.778695652175, "profit": 263, "limit": 4050, "timest": 1702079262}, "StatTrak\u2122 M4A4 | In Living Color (Field-Tested)": {"sugprice": 1307.4123809523812, "profit": 111, "limit": 1179, "timest": 1702007089}, "\u2605 Driver Gloves | Queen Jaguar (Field-Tested)": {"sugprice": 6522.3341666666665, "profit": 356, "limit": 5886, "timest": 1702079136}, "\u2605 Bloodhound Gloves | Snakebite (Field-Tested)": {"sugprice": 6021.023571428572, "profit": 318, "limit": 5433, "timest": 1702050226}, "StatTrak\u2122 USP-S | Neo-Noir (Battle-Scarred)": {"sugprice": 3059.134347826087, "profit": 173, "limit": 2760, "timest": 1702078722}, "\u2605 Specialist Gloves | Forest DDPAT (Battle-Scarred)": {"sugprice": 8612, "profit": 667, "limit": 7772, "timest": 1702036033}, "\u2605 Moto Gloves | Smoke Out (Battle-Scarred)": {"sugprice": 8045.933000000002, "profit": 458, "limit": 7261, "timest": 1702079277}, "\u2605 Hand Wraps | Giraffe (Battle-Scarred)": {"sugprice": 6303.650357142856, "profit": 357, "limit": 5689, "timest": 1702079238}, "\u2605 Shadow Daggers | Forest DDPAT (Field-Tested)": {"sugprice": 7244.361666666667, "profit": 469, "limit": 6538, "timest": 1702079327}, "\u2605 Gut Knife | Forest DDPAT (Field-Tested)": {"sugprice": 7845.345000000001, "profit": 537, "limit": 7080, "timest": 1702079193}, "USP-S | Printstream (Field-Tested)": {"sugprice": 3146.734651162792, "profit": 186, "limit": 2839, "timest": 1702078909}, "\u2605 Navaja Knife | Rust Coat (Battle-Scarred)": {"sugprice": 6964.589375, "profit": 348, "limit": 6285, "timest": 1702038053}, "StatTrak\u2122 PP-Bizon | Judgement of Anubis (Field-Tested)": {"sugprice": 1103, "profit": 151, "limit": 995, "timest": 1702029955}, "\u2605 Navaja Knife | Night Stripe (Field-Tested)": {"sugprice": 6756.849375, "profit": 416, "limit": 6098, "timest": 1702062072}, "\u2605 Paracord Knife | Forest DDPAT (Field-Tested)": {"sugprice": 8231.133214285714, "profit": 404, "limit": 7428, "timest": 1702003814}, "\u2605 Shadow Daggers | Ultraviolet (Field-Tested)": {"sugprice": 9073, "profit": 505, "limit": 8188, "timest": 1702079343}, "\u2605 Survival Knife | Forest DDPAT (Field-Tested)": {"sugprice": 8031.760769230769, "profit": 398, "limit": 7248, "timest": 1702053023}, "\u2605 Hydra Gloves | Emerald (Field-Tested)": {"sugprice": 4797.194489795917, "profit": 239, "limit": 4329, "timest": 1702079250}, "\u2605 Driver Gloves | Queen Jaguar (Battle-Scarred)": {"sugprice": 6078.039761904763, "profit": 492, "limit": 5485, "timest": 1702079134}, "\u2605 Driver Gloves | Racing Green (Battle-Scarred)": {"sugprice": 4156.399999999999, "profit": 224, "limit": 3751, "timest": 1702075806}, "\u2605 Survival Knife | Boreal Forest (Field-Tested)": {"sugprice": 7872.459285714285, "profit": 530, "limit": 7104, "timest": 1702079418}, "StatTrak\u2122 M4A4 | X-Ray (Minimal Wear)": {"sugprice": 4705.146428571429, "profit": 225, "limit": 4246, "timest": 1702020067}, "\u2605 Gut Knife | Doppler (Factory New)": {"sugprice": 16276.683076923076, "profit": 967, "limit": 14689, "timest": 1702049474}, "USP-S | Printstream (Well-Worn)": {"sugprice": 3018.7381578947375, "profit": 179, "limit": 2724, "timest": 1702045657}, "StatTrak\u2122 USP-S | The Traitor (Well-Worn)": {"sugprice": 2173.1880952380952, "profit": 113, "limit": 1961, "timest": 1702078771}, "StatTrak\u2122 USP-S | Neo-Noir (Field-Tested)": {"sugprice": 3103.0306250000003, "profit": 208, "limit": 2800, "timest": 1702078724}, "\u2605 Gut Knife | Scorched (Field-Tested)": {"sugprice": 7602.5275, "profit": 468, "limit": 6861, "timest": 1702079212}, "StatTrak\u2122 M4A4 | Royal Paladin (Field-Tested)": {"sugprice": 2231, "profit": 178, "limit": 2013, "timest": 1702078255}, "\u2605 Sport Gloves | Bronze Morph (Battle-Scarred)": {"sugprice": 10592.069411764705, "profit": 712, "limit": 9559, "timest": 1702061488}, "\u2605 Specialist Gloves | Buckshot (Field-Tested)": {"sugprice": 5475.491818181818, "profit": 314, "limit": 4941, "timest": 1701994639}, "\u2605 Driver Gloves | Overtake (Battle-Scarred)": {"sugprice": 6874.740689655174, "profit": 370, "limit": 6204, "timest": 1702072926}, "\u2605 Hydra Gloves | Mangrove (Battle-Scarred)": {"sugprice": 4247.373235294118, "profit": 254, "limit": 3833, "timest": 1702047724}, "StatTrak\u2122 M4A4 | Buzz Kill (Battle-Scarred)": {"sugprice": 2020.1245454545456, "profit": 136, "limit": 1823, "timest": 1702078115},