{"StatTrak\u2122 USP-S | Neo-Noir (Field-Tested)": {"sugprice": 3282.464285714285, "profit": 225, "limit": 2962, "timest": 1704303016}, "StatTrak\u2122 USP-S | The Traitor (Battle-Scarred)": {"sugprice": 2170.629523809524, "profit": 104, "limit": 1958, "timest": 1704279813}, "USP-S | Kill Confirmed (Well-Worn)": {"sugprice": 3330.8919148936175, "profit": 195, "limit": 3006, "timest": 1704303057}, "\u2605 Driver Gloves | Convoy (Field-Tested)": {"sugprice": 6442.234285714287, "profit": 485, "limit": 5814, "timest": 1704294058}, "\u2605 Driver Gloves | Racing Green (Field-Tested)": {"sugprice": 4047.092, "profit": 237, "limit": 3652, "timest": 1704303139}, "\u2605 Shadow Daggers | Boreal Forest (Field-Tested)": {"sugprice": 7207.02619047619, "profit": 407, "limit": 6504, "timest": 1704303265}, "\u2605 Bloodhound Gloves | Bronzed (Field-Tested)": {"sugprice": 6449.673181818181, "profit": 345, "limit": 5820, "timest": 1704303097}, "StatTrak\u2122 USP-S | Monster Mashup (Battle-Scarred)": {"sugprice": 1913, "profit": 107, "limit": 1726, "timest": 1704303009}, "USP-S | Printstream (Minimal Wear)": {"sugprice": 4600.399090909092, "profit": 284, "limit": 4151, "timest": 1704291421}, "StatTrak\u2122 USP-S | Monster Mashup (Field-Tested)": {"sugprice": 2027.482727272727, "profit": 144, "limit": 1829, "timest": 1704269369}, "\u2605 Paracord Knife | Forest DDPAT (Field-Tested)": {"sugprice": 8275.61705882353, "profit": 457, "limit": 7468, "timest": 1704303259}, "\u2605 Navaja Knife | Night Stripe (Field-Tested)": {"sugprice": 7031.871739130434, "profit": 347, "limit": 6346, "timest": 1704303241}, "\u2605 Specialist Gloves | Fade (Battle-Scarred)": {"sugprice": 15543, "profit": 873, "limit": 14027, "timest": 1704303282}, "USP-S | Printstream (Well-Worn)": {"sugprice": 2802.8993939393945, "profit": 155, "limit": 2529, "timest": 1704303079}, "\u2605 Bloodhound Gloves | Bronzed (Battle-Scarred)": {"sugprice": 6319.477727272726, "profit": 319, "limit": 5703, "timest": 1704268428}, "\u2605 Hydra Gloves | Case Hardened (Battle-Scarred)": {"sugprice": 7440.938333333333, "profit": 438, "limit": 6715, "timest": 1704298481}, "\u2605 Driver Gloves | Queen Jaguar (Battle-Scarred)": {"sugprice": 5940.6884, "profit": 459, "limit": 5361, "timest": 1704299474}, "StatTrak\u2122 Tec-9 | Blue Titanium (Factory New)": {"sugprice": 852.6514285714286, "profit": 114, "limit": 769, "timest": 1704302993}, "\u2605 Survival Knife | Safari Mesh (Field-Tested)": {"sugprice": 7697.851428571428, "profit": 403, "limit": 6947, "timest": 1704303291}, "\u2605 Hand Wraps | Constrictor (Field-Tested)": {"sugprice": 5317.719411764707, "profit": 423, "limit": 4799, "timest": 1704303171}, "\u2605 Broken Fang Gloves | Unhinged (Battle-Scarred)": {"sugprice": 5247.340199999999, "profit": 302, "limit": 4735, "timest": 1704303119}, "StatTrak\u2122 M4A4 | \u9f8d\u738b (Dragon King) (Field-Tested)": {"sugprice": 1576, "profit": 110, "limit": 1422, "timest": 1704302930}, "StatTrak\u2122 USP-S | Printstream (Battle-Scarred)": {"sugprice": 4721.1625, "profit": 643, "limit": 4260, "timest": 1704303018}, "\u2605 Gut Knife | Bright Water (Field-Tested)": {"sugprice": 8551.705000000002, "profit": 497, "limit": 7717, "timest": 1704303151}, "\u2605 Navaja Knife | Safari Mesh (Battle-Scarred)": {"sugprice": 7167.48625, "profit": 535, "limit": 6468, "timest": 1704303244}, "\u2605 Navaja Knife | Stained (Field-Tested)": {"sugprice": 7726.861764705882, "profit": 577, "limit": 6973, "timest": 1704300156}, "\u2605 Navaja Knife | Stained (Well-Worn)": {"sugprice": 7609.6225, "profit": 419, "limit": 6867, "timest": 1704303251}, "\u2605 Gut Knife | Boreal Forest (Field-Tested)": {"sugprice": 7498.374166666667, "profit": 416, "limit": 6767, "timest": 1704298436}, "USP-S | Royal Blue (Field-Tested)": {"sugprice": 1120.2677777777778, "profit": 100, "limit": 1011, "timest": 1704299422}, "USP-S | Printstream (Field-Tested)": {"sugprice": 2819.7553658536585, "profit": 160, "limit": 2544, "timest": 1704290707}, "StatTrak\u2122 SSG 08 | Turbo Peek (Battle-Scarred)": {"sugprice": 1017.9912195121949, "profit": 135, "limit": 918, "timest": 1704302989}, "StatTrak\u2122 M4A4 | The Emperor (Battle-Scarred)": {"sugprice": 2586.9778378378383, "profit": 180, "limit": 2334, "timest": 1704302918}, "USP-S | Kill Confirmed (Battle-Scarred)": {"sugprice": 3083.6932432432436, "profit": 148, "limit": 2783, "timest": 1704277944}, "\u2605 Bowie Knife | Ultraviolet (Battle-Scarred)": {"sugprice": 9407.214210526317, "profit": 892, "limit": 8490, "timest": 1704303111}, "\u2605 Paracord Knife | Safari Mesh (Field-Tested)": {"sugprice": 8085.313181818181, "profit": 639, "limit": 7296, "timest": 1704303260}, "\u2605 Hand Wraps | Arboreal (Field-Tested)": {"sugprice": 6039.131111111111, "profit": 371, "limit": 5450, "timest": 1704303163}, "Vypa Sista of the Revolution | Guerrilla Warfare": {"sugprice": 1963.865, "profit": 152, "limit": 1772, "timest": 1704301490}, "\u2605 Broken Fang Gloves | Yellow-banded (Field-Tested)": {"sugprice": 6521, "profit": 332, "limit": 5885, "timest": 1704284584}, "\u2605 Huntsman Knife | Freehand (Field-Tested)": {"sugprice": 11998.43, "profit": 908, "limit": 10828, "timest": 1704303186}, "\u2605 Shadow Daggers | Rust Coat (Battle-Scarred)": {"sugprice": 7074.2556, "profit": 430, "limit": 6384, "timest": 1704303273}, "\u2605 Gut Knife | Safari Mesh (Field-Tested)": {"sugprice": 7510.335625000001, "profit": 402, "limit": 6778, "timest": 1704303159}, "StatTrak\u2122 P90 | Asiimov (Battle-Scarred)": {"sugprice": 1903, "profit": 101, "limit": 1717, "timest": 1704302974}, "\u2605 Hydra Gloves | Emerald (Field-Tested)": {"sugprice": 5078, "profit": 244, "limit": 4582, "timest": 1704303199}, "StatTrak\u2122 SSG 08 | Bloodshot (Field-Tested)": {"sugprice": 1611.7863157894735, "profit": 140, "limit": 1454, "timest": 1704302985}, "\u2605 Bloodhound Gloves | Guerrilla (Battle-Scarred)": {"sugprice": 6390.488749999998, "profit": 407, "limit": 5767, "timest": 1704303099}, "USP-S | The Traitor (Minimal Wear)": {"sugprice": 1524.6897560975608, "profit": 160, "limit": 1376, "timest": 1704303083}, "StatTrak\u2122 SSG 08 | Turbo Peek (Field-Tested)": {"sugprice": 983.8970588235294, "profit": 135, "limit": 887, "timest": 1704302991}, "Tec-9 | Nuclear Threat (Battle-Scarred)": {"sugprice": 3268.2533333333326, "profit": 211, "limit": 2949, "timest": 1704258063}, "StatTrak\u2122 M4A4 | The Battlestar (Field-Tested)": {"sugprice": 1579, "profit": 148, "limit": 1425, "timest": 1704302916}, "USP-S | Whiteout (Battle-Scarred)": {"sugprice": 1818, "profit": 100, "limit": 1640, "timest": 1704276206}, "StatTrak\u2122 USP-S | Blueprint (Battle-Scarred)": {"sugprice": 1071.318148148148, "profit": 218, "limit": 966, "timest": 1704302999}, "StatTrak\u2122 M4A4 | Tooth Fairy (Field-Tested)": {"sugprice": 526.8922222222222, "profit": 100, "limit": 475, "timest": 1704297649}, "StatTrak\u2122 M4A4 | Tooth Fairy (Battle-Scarred)": {"sugprice": 600.4378125, "profit": 129, "limit": 541, "timest": 1704302920}, "\u2605 Falchion Knife | Rust Coat (Battle-Scarred)": {"sugprice": 8681.216666666667, "profit": 497, "limit": 7834, "timest": 1704303145}, "\u2605 Hand Wraps | Giraffe (Battle-Scarred)": {"sugprice": 5988.366904761904, "profit": 377, "limit": 5404, "timest": 1704303184}, "\u2605 Bowie Knife | Rust Coat (Battle-Scarred)": {"sugprice": 8407.58, "profit": 600, "limit": 7587, "timest": 1704303109}, "\u2605 Gut Knife | Freehand (Field-Tested)": {"sugprice": 8882.614545454546, "profit": 438, "limit": 8016, "timest": 1704268003}, "\u2605 Shadow Daggers | Damascus Steel (Field-Tested)": {"sugprice": 8070, "profit": 390, "limit": 7283, "timest": 1704253654}, "\u2605 Moto Gloves | Turtle (Battle-Scarred)": {"sugprice": 8178.746666666669, "profit": 588, "limit": 7381, "timest": 1704303236}, "\u2605 Hand Wraps | Duct Tape (Field-Tested)": {"sugprice": 5265.13625, "profit": 332, "limit": 4751, "timest": 1704274804},