{"StatTrak\u2122 USP-S | Neo-Noir (Field-Tested)": {"sugprice": 3168.326052631579, "profit": 201, "limit": 2859, "timest": 1703947273}, "StatTrak\u2122 USP-S | The Traitor (Battle-Scarred)": {"sugprice": 2151.4208823529416, "profit": 133, "limit": 1941, "timest": 1703947278}, "USP-S | Kill Confirmed (Well-Worn)": {"sugprice": 3188.3076190476186, "profit": 186, "limit": 2877, "timest": 1703947341}, "USP-S | Neo-Noir (Factory New)": {"sugprice": 3126.741034482758, "profit": 225, "limit": 2821, "timest": 1703947346}, "\u2605 Broken Fang Gloves | Yellow-banded (Battle-Scarred)": {"sugprice": 6141.842826086957, "profit": 304, "limit": 5543, "timest": 1703926206}, "\u2605 Driver Gloves | Convoy (Field-Tested)": {"sugprice": 6415.412142857144, "profit": 383, "limit": 5789, "timest": 1703947443}, "\u2605 Hand Wraps | Badlands (Battle-Scarred)": {"sugprice": 7680.312307692308, "profit": 543, "limit": 6931, "timest": 1703947511}, "\u2605 Moto Gloves | Transport (Field-Tested)": {"sugprice": 5796.969999999999, "profit": 444, "limit": 5231, "timest": 1703945782}, "\u2605 Navaja Knife | Scorched (Field-Tested)": {"sugprice": 7005.7451111111095, "profit": 451, "limit": 6322, "timest": 1703947614}, "StatTrak\u2122 M4A4 | X-Ray (Minimal Wear)": {"sugprice": 4666.556, "profit": 228, "limit": 4211, "timest": 1703939828}, "\u2605 Hydra Gloves | Rattler (Field-Tested)": {"sugprice": 4247.216904761904, "profit": 225, "limit": 3833, "timest": 1703943734}, "\u2605 Driver Gloves | Racing Green (Field-Tested)": {"sugprice": 4031.013333333333, "profit": 264, "limit": 3637, "timest": 1703945687}, "\u2605 Shadow Daggers | Boreal Forest (Field-Tested)": {"sugprice": 7169.824500000001, "profit": 372, "limit": 6470, "timest": 1703947637}, "\u2605 Bloodhound Gloves | Bronzed (Field-Tested)": {"sugprice": 6513.92657142857, "profit": 487, "limit": 5878, "timest": 1703947386}, "StatTrak\u2122 USP-S | Monster Mashup (Battle-Scarred)": {"sugprice": 1961.2646153846158, "profit": 152, "limit": 1770, "timest": 1703947266}, "StatTrak\u2122 USP-S | The Traitor (Well-Worn)": {"sugprice": 2192.1765625000003, "profit": 156, "limit": 1978, "timest": 1703947286}, "\u2605 Hydra Gloves | Mangrove (Battle-Scarred)": {"sugprice": 4242.213, "profit": 209, "limit": 3828, "timest": 1703946890}, "\u2605 Shadow Daggers | Forest DDPAT (Field-Tested)": {"sugprice": 7263.7284615384615, "profit": 493, "limit": 6555, "timest": 1703947643}, "USP-S | Printstream (Minimal Wear)": {"sugprice": 4523.817083333334, "profit": 255, "limit": 4082, "timest": 1703943588}, "\u2605 Huntsman Knife | Ultraviolet (Field-Tested)": {"sugprice": 10296.197333333332, "profit": 624, "limit": 9292, "timest": 1703907239}, "\u2605 Hydra Gloves | Rattler (Well-Worn)": {"sugprice": 4913.569285714286, "profit": 277, "limit": 4434, "timest": 1703925833}, "\u2605 Falchion Knife | Ultraviolet (Battle-Scarred)": {"sugprice": 9708.973, "profit": 773, "limit": 8762, "timest": 1703947480}, "\u2605 Moto Gloves | Finish Line (Battle-Scarred)": {"sugprice": 6959.779999999997, "profit": 343, "limit": 6281, "timest": 1703941202}, "\u2605 Shadow Daggers | Bright Water (Field-Tested)": {"sugprice": 7703.053589743589, "profit": 501, "limit": 6952, "timest": 1703947639}, "StatTrak\u2122 USP-S | Monster Mashup (Field-Tested)": {"sugprice": 2002.972608695652, "profit": 182, "limit": 1807, "timest": 1703947269}, "\u2605 Paracord Knife | Forest DDPAT (Field-Tested)": {"sugprice": 8041.847666666666, "profit": 452, "limit": 7257, "timest": 1703947629}, "\u2605 Navaja Knife | Night Stripe (Field-Tested)": {"sugprice": 6990.219142857142, "profit": 340, "limit": 6308, "timest": 1703945180}, "\u2605 Moto Gloves | Boom! (Battle-Scarred)": {"sugprice": 7647.150769230769, "profit": 387, "limit": 6901, "timest": 1703947583}, "\u2605 Specialist Gloves | Fade (Battle-Scarred)": {"sugprice": 15544.240000000003, "profit": 1411, "limit": 14028, "timest": 1703947657}, "StatTrak\u2122 SSG 08 | Dragonfire (Battle-Scarred)": {"sugprice": 3098.154444444444, "profit": 279, "limit": 2796, "timest": 1703947241}, "\u2605 Hand Wraps | Duct Tape (Field-Tested)": {"sugprice": 5150.321578947369, "profit": 269, "limit": 4648, "timest": 1703878529}, "USP-S | Printstream (Well-Worn)": {"sugprice": 2709, "profit": 218, "limit": 2444, "timest": 1703947365}, "\u2605 Huntsman Knife | Lore (Battle-Scarred)": {"sugprice": 14436.293000000001, "profit": 764, "limit": 13028, "timest": 1703932455}, "\u2605 Shadow Daggers | Ultraviolet (Field-Tested)": {"sugprice": 8101.054999999998, "profit": 386, "limit": 7311, "timest": 1703883843}, "\u2605 Bloodhound Gloves | Bronzed (Battle-Scarred)": {"sugprice": 6469.474999999999, "profit": 434, "limit": 5838, "timest": 1703947383}, "\u2605 Hydra Gloves | Rattler (Battle-Scarred)": {"sugprice": 4152.77512195122, "profit": 415, "limit": 3747, "timest": 1703921278}, "\u2605 Hydra Gloves | Case Hardened (Battle-Scarred)": {"sugprice": 7246.745652173914, "profit": 359, "limit": 6540, "timest": 1703927894}, "\u2605 Gut Knife | Freehand (Field-Tested)": {"sugprice": 8275.449090909091, "profit": 430, "limit": 7468, "timest": 1703862201}, "\u2605 Driver Gloves | Queen Jaguar (Battle-Scarred)": {"sugprice": 5561.524418604651, "profit": 381, "limit": 5019, "timest": 1703947452}, "\u2605 Shadow Daggers | Scorched (Field-Tested)": {"sugprice": 7131.497037037038, "profit": 361, "limit": 6436, "timest": 1703947650}, "\u2605 Specialist Gloves | Lt. Commander (Battle-Scarred)": {"sugprice": 10172.9265, "profit": 537, "limit": 9181, "timest": 1703944679}, "\u2605 Specialist Gloves | Buckshot (Battle-Scarred)": {"sugprice": 5288.936666666666, "profit": 256, "limit": 4773, "timest": 1703879765}, "StatTrak\u2122 Tec-9 | Blue Titanium (Factory New)": {"sugprice": 851.2595238095239, "profit": 138, "limit": 768, "timest": 1703947247}, "\u2605 Moto Gloves | 3rd Commando Company (Battle-Scarred)": {"sugprice": 5251.700000000001, "profit": 317, "limit": 4739, "timest": 1703947578}, "\u2605 Survival Knife | Safari Mesh (Field-Tested)": {"sugprice": 7550.175416666669, "profit": 372, "limit": 6814, "timest": 1703945258}, "\u2605 Moto Gloves | POW! (Battle-Scarred)": {"sugprice": 8889.334705882353, "profit": 682, "limit": 8022, "timest": 1703947591}, "\u2605 Hand Wraps | Constrictor (Field-Tested)": {"sugprice": 4969.481111111111, "profit": 289, "limit": 4484, "timest": 1703943691}, "\u2605 Sport Gloves | Bronze Morph (Battle-Scarred)": {"sugprice": 10241, "profit": 547, "limit": 9242, "timest": 1703946364}, "\u2605 Bowie Knife | Bright Water (Field-Tested)": {"sugprice": 10116.384375000001, "profit": 510, "limit": 9130, "timest": 1703947403}, "\u2605 Broken Fang Gloves | Unhinged (Battle-Scarred)": {"sugprice": 5160.3542499999985, "profit": 254, "limit": 4657, "timest": 1703947433}, "\u2605 Moto Gloves | Blood Pressure (Battle-Scarred)": {"sugprice": 8153.927894736841, "profit": 396, "limit": 7358, "timest": 1703946915}, "StatTrak\u2122 M4A4 | \u9f8d\u738b (Dragon King) (Field-Tested)": {"sugprice": 1546.4240740740743, "profit": 125, "limit": 1395, "timest": 1703934674}, "\u2605 Hand Wraps | Constrictor (Battle-Scarred)": {"sugprice": 4829.409777777777, "profit": 265, "limit": 4358, "timest": 1703934430}, "\u2605 Driver Gloves | Racing Green (Battle-Scarred)": {"sugprice": 4040.859767441861, "profit": 198, "limit": 3646, "timest": 1703945076}, "\u2605 Huntsman Knife | Rust Coat (Battle-Scarred)": {"sugprice": 8583, "profit": 409, "limit": 7746, "timest": 1703862237}, "StatTrak\u2122 MP9 | Hypnotic (Factory New)": {"sugprice": 3383.9706249999995, "profit": 165, "limit": 3054, "timest": 1703947188}, "StatTrak\u2122 USP-S | Printstream (Battle-Scarred)": {"sugprice": 4430.970612244899, "profit": 243, "limit": 3998, "timest": 1703947275}, "\u2605 Gut Knife | Bright Water (Field-Tested)": {"sugprice": 8441.289523809524, "profit": 440, "limit": 7618, "timest": 1703947491}, "\u2605 Navaja Knife | Safari Mesh (Battle-Scarred)": {"sugprice": 7263.065, "profit": 600, "limit": 6554,