{"USP-S | Kill Confirmed (Well-Worn)": {"sugprice": 2880.3544897959196, "profit": 240, "limit": 2599, "timest": 1700797815}, "\u2605 Navaja Knife | Scorched (Field-Tested)": {"sugprice": 6714.870769230769, "profit": 435, "limit": 6060, "timest": 1700798479}, "\u2605 Driver Gloves | Racing Green (Battle-Scarred)": {"sugprice": 3730.769361702128, "profit": 342, "limit": 3367, "timest": 1700798054}, "StatTrak\u2122 USP-S | The Traitor (Well-Worn)": {"sugprice": 1867.6136363636363, "profit": 100, "limit": 1685, "timest": 1700790464}, "\u2605 Broken Fang Gloves | Needle Point (Field-Tested)": {"sugprice": 5305.764545454545, "profit": 281, "limit": 4788, "timest": 1700764355}, "\u2605 Driver Gloves | Racing Green (Well-Worn)": {"sugprice": 3819.5386363636367, "profit": 356, "limit": 3447, "timest": 1700798058}, "\u2605 Hand Wraps | Constrictor (Battle-Scarred)": {"sugprice": 4863.481162790698, "profit": 396, "limit": 4389, "timest": 1700798191}, "\u2605 Hydra Gloves | Rattler (Field-Tested)": {"sugprice": 4019.3226530612246, "profit": 409, "limit": 3627, "timest": 1700798339}, "\u2605 Navaja Knife | Forest DDPAT (Field-Tested)": {"sugprice": 6878.9000000000015, "profit": 407, "limit": 6208, "timest": 1700787185}, "\u2605 Navaja Knife | Safari Mesh (Field-Tested)": {"sugprice": 6828.200232558139, "profit": 340, "limit": 6162, "timest": 1700798460}, "\u2605 Shadow Daggers | Bright Water (Field-Tested)": {"sugprice": 7702.583939393939, "profit": 608, "limit": 6951, "timest": 1700798648}, "\u2605 Shadow Daggers | Rust Coat (Battle-Scarred)": {"sugprice": 6735.00111111111, "profit": 398, "limit": 6078, "timest": 1700791297}, "\u2605 Broken Fang Gloves | Yellow-banded (Field-Tested)": {"sugprice": 6379.0651851851835, "profit": 507, "limit": 5757, "timest": 1700798038}, "\u2605 Hydra Gloves | Mangrove (Battle-Scarred)": {"sugprice": 3833.870357142857, "profit": 227, "limit": 3460, "timest": 1700798313}, "\u2605 Hydra Gloves | Mangrove (Well-Worn)": {"sugprice": 4328.009444444444, "profit": 450, "limit": 3906, "timest": 1700798323}, "StatTrak\u2122 P90 | Asiimov (Battle-Scarred)": {"sugprice": 1509.7152777777771, "profit": 186, "limit": 1362, "timest": 1700797542}, "\u2605 Hand Wraps | Desert Shamagh (Field-Tested)": {"sugprice": 4828.653636363635, "profit": 464, "limit": 4357, "timest": 1700798235}, "\u2605 Moto Gloves | Transport (Battle-Scarred)": {"sugprice": 5146.937916666666, "profit": 315, "limit": 4645, "timest": 1700798403}, "USP-S | The Traitor (Minimal Wear)": {"sugprice": 1323.5969230769228, "profit": 123, "limit": 1194, "timest": 1700797943}, "USP-S | Printstream (Well-Worn)": {"sugprice": 2444.733157894737, "profit": 184, "limit": 2206, "timest": 1700797910}, "\u2605 Hand Wraps | Duct Tape (Field-Tested)": {"sugprice": 5177.707647058824, "profit": 428, "limit": 4672, "timest": 1700798246}, "\u2605 Broken Fang Gloves | Unhinged (Battle-Scarred)": {"sugprice": 5065.205714285714, "profit": 406, "limit": 4571, "timest": 1700798028}, "\u2605 Hand Wraps | Arboreal (Field-Tested)": {"sugprice": 5642.366666666667, "profit": 607, "limit": 5092, "timest": 1700798187}, "USP-S | Kill Confirmed (Battle-Scarred)": {"sugprice": 2866.8298, "profit": 239, "limit": 2587, "timest": 1700797798}, "USP-S | Serum (Field-Tested)": {"sugprice": 3306.429285714286, "profit": 239, "limit": 2984, "timest": 1700757613}, "\u2605 Hand Wraps | Giraffe (Battle-Scarred)": {"sugprice": 5727.023214285714, "profit": 273, "limit": 5168, "timest": 1700785043}, "USP-S | Neo-Noir (Well-Worn)": {"sugprice": 1368.9435, "profit": 111, "limit": 1235, "timest": 1700797861}, "\u2605 Gut Knife | Rust Coat (Battle-Scarred)": {"sugprice": 7566.397999999999, "profit": 428, "limit": 6828, "timest": 1700798153}, "\u2605 Moto Gloves | Smoke Out (Battle-Scarred)": {"sugprice": 6716.644583333332, "profit": 577, "limit": 6061, "timest": 1700798392}, "\u2605 Hydra Gloves | Rattler (Battle-Scarred)": {"sugprice": 3983.325128205128, "profit": 328, "limit": 3594, "timest": 1700798327}, "StatTrak\u2122 SSG 08 | Dragonfire (Field-Tested)": {"sugprice": 3029.4925714285714, "profit": 165, "limit": 2734, "timest": 1700797579}, "\u2605 Broken Fang Gloves | Jade (Battle-Scarred)": {"sugprice": 7159.822083333333, "profit": 744, "limit": 6461, "timest": 1700788355}, "\u2605 Hydra Gloves | Rattler (Well-Worn)": {"sugprice": 4821.515625, "profit": 582, "limit": 4351, "timest": 1700798344}, "StatTrak\u2122 USP-S | Neo-Noir (Field-Tested)": {"sugprice": 3040.1122727272727, "profit": 255, "limit": 2743, "timest": 1700797690}, "\u2605 Bloodhound Gloves | Guerrilla (Field-Tested)": {"sugprice": 6070.157083333334, "profit": 390, "limit": 5478, "timest": 1700797972}, "\u2605 Gut Knife | Boreal Forest (Field-Tested)": {"sugprice": 7063.97, "profit": 528, "limit": 6375, "timest": 1700798141}, "\u2605 Gut Knife | Bright Water (Field-Tested)": {"sugprice": 7805.575555555555, "profit": 677, "limit": 7044, "timest": 1700798144}, "\u2605 Gut Knife | Safari Mesh (Field-Tested)": {"sugprice": 7234.635882352941, "profit": 798, "limit": 6529, "timest": 1700798156}, "\u2605 Hand Wraps | Constrictor (Field-Tested)": {"sugprice": 4952.527727272728, "profit": 480, "limit": 4469, "timest": 1700798194}, "\u2605 Hand Wraps | Desert Shamagh (Well-Worn)": {"sugprice": 4610.975, "profit": 578, "limit": 4161, "timest": 1700798238}, "\u2605 Navaja Knife | Night Stripe (Field-Tested)": {"sugprice": 6713.946774193549, "profit": 577, "limit": 6059, "timest": 1700798452}, "\u2605 Navaja Knife | Tiger Tooth (Factory New)": {"sugprice": 10997.930588235295, "profit": 586, "limit": 9925, "timest": 1700785187}, "\u2605 Navaja Knife | Urban Masked (Field-Tested)": {"sugprice": 6691.91705882353, "profit": 342, "limit": 6039, "timest": 1700780142}, "\u2605 Survival Knife | Forest DDPAT (Field-Tested)": {"sugprice": 7935.353076923079, "profit": 1084, "limit": 7161, "timest": 1700798686}, "\u2605 Survival Knife | Scorched (Field-Tested)": {"sugprice": 7535.421818181818, "profit": 822, "limit": 6800, "timest": 1700798688}, "\u2605 Moto Gloves | 3rd Commando Company (Field-Tested)": {"sugprice": 5729.225517241379, "profit": 778, "limit": 5170, "timest": 1700798350}, "StatTrak\u2122 USP-S | Neo-Noir (Battle-Scarred)": {"sugprice": 3062.7630232558145, "profit": 331, "limit": 2764, "timest": 1700797685}, "UMP-45 | Blaze (Factory New)": {"sugprice": 1414, "profit": 100, "limit": 1276, "timest": 1700744514}, "StatTrak\u2122 USP-S | The Traitor (Battle-Scarred)": {"sugprice": 1811.1379591836733, "profit": 183, "limit": 1634, "timest": 1700797698}, "\u2605 Driver Gloves | Convoy (Battle-Scarred)": {"sugprice": 6251.963157894736, "profit": 371, "limit": 5642, "timest": 1700798041}, "USP-S | Neo-Noir (Minimal Wear)": {"sugprice": 1496.1421052631576, "profit": 149, "limit": 1350, "timest": 1700797843}, "USP-S | Kill Confirmed (Field-Tested)": {"sugprice": 3091.399642857142, "profit": 186, "limit": 2789, "timest": 1700794945}, "\u2605 Driver Gloves | Queen Jaguar (Battle-Scarred)": {"sugprice": 5249.261818181817, "profit": 318, "limit": 4737, "timest": 1700798050}, "\u2605 Hand Wraps | Desert Shamagh (Battle-Scarred)": {"sugprice": 4954.228235294118, "profit": 447, "limit": 4471, "timest": 1700798218}, "\u2605 Shadow Daggers | Freehand (Field-Tested)": {"sugprice": 8718.175294117647, "profit": 506, "limit": 7868, "timest": 1700798652}, "USP-S | Monster Mashup (Battle-Scarred)": {"sugprice": 1173.6039130434783, "profit": 105, "limit": 1059, "timest": 1700797832}, "USP-S | Neo-Noir (Factory New)": {"sugprice": 2941.694615384615, "profit": 312, "limit": 2654, "timest": 1700797839}, "\u2605 Specialist Gloves | Buckshot (Battle-Scarred)": {"sugprice": 5108.080000000001, "profit": 496, "limit": 4610, "timest": 1700798673}, "USP-S | Orion (Minimal Wear)": {"sugprice": 4037.0843750000004, "profit": 381, "limit": 3643, "timest": 1700797876}, "USP-S | Caiman (Field-Tested)": {"sugprice": 3144.646739130435, "profit": 295, "limit": 2838, "timest": 1700797782},