{"StatTrak\u2122 USP-S | Overgrowth (Field-Tested)": {"sugprice": 4096.51923076923, "profit": 246, "limit": 3697, "timest": 1707786131}, "\u2605 Paracord Knife | Scorched (Field-Tested)": {"sugprice": 7621.974999999999, "profit": 364, "limit": 6878, "timest": 1707829014}, "StatTrak\u2122 USP-S | The Traitor (Well-Worn)": {"sugprice": 2376.220714285714, "profit": 113, "limit": 2144, "timest": 1707819320}, "\u2605 Driver Gloves | Queen Jaguar (Well-Worn)": {"sugprice": 5364.148181818182, "profit": 379, "limit": 4841, "timest": 1707796095}, "USP-S | Whiteout (Battle-Scarred)": {"sugprice": 2153.8252000000007, "profit": 142, "limit": 1943, "timest": 1707854221}, "\u2605 Hydra Gloves | Case Hardened (Field-Tested)": {"sugprice": 9032.758571428572, "profit": 513, "limit": 8152, "timest": 1707854368}, "StatTrak\u2122 P90 | Nostalgia (Battle-Scarred)": {"sugprice": 974.1047058823528, "profit": 166, "limit": 879, "timest": 1707854001}, "StatTrak\u2122 MP9 | Hypnotic (Factory New)": {"sugprice": 3078, "profit": 153, "limit": 2777, "timest": 1707815506}, "USP-S | Kill Confirmed (Battle-Scarred)": {"sugprice": 3263.5695833333334, "profit": 160, "limit": 2945, "timest": 1707826834}, "\u2605 Hand Wraps | CAUTION! (Battle-Scarred)": {"sugprice": 14736.104285714284, "profit": 874, "limit": 13299, "timest": 1707854318}, "\u2605 Sport Gloves | Amphibious (Battle-Scarred)": {"sugprice": 38773.06818181818, "profit": 1904, "limit": 34992, "timest": 1707787372}, "\u2605 Shadow Daggers | Black Laminate (Well-Worn)": {"sugprice": 7112.9344999999985, "profit": 342, "limit": 6419, "timest": 1707854456}, "\u2605 Shadow Daggers | Autotronic (Battle-Scarred)": {"sugprice": 8774.914444444445, "profit": 646, "limit": 7919, "timest": 1707854452}, "\u2605 Broken Fang Gloves | Jade (Field-Tested)": {"sugprice": 9765.752499999999, "profit": 500, "limit": 8813, "timest": 1707832857}, "\u2605 Falchion Knife | Black Laminate (Well-Worn)": {"sugprice": 10307.216666666667, "profit": 648, "limit": 9302, "timest": 1707823120}, "\u2605 Paracord Knife | Stained (Battle-Scarred)": {"sugprice": 10015.618461538463, "profit": 644, "limit": 9039, "timest": 1707784898}, "\u2605 Falchion Knife | Lore (Battle-Scarred)": {"sugprice": 13491.564444444442, "profit": 916, "limit": 12176, "timest": 1707820323}, "\u2605 Hand Wraps | Constrictor (Well-Worn)": {"sugprice": 4946.608888888888, "profit": 235, "limit": 4464, "timest": 1707815201}, "\u2605 Survival Knife | Forest DDPAT (Field-Tested)": {"sugprice": 7603.025000000001, "profit": 362, "limit": 6861, "timest": 1707810949}, "USP-S | Kill Confirmed (Well-Worn)": {"sugprice": 3344.486595744681, "profit": 207, "limit": 3018, "timest": 1707854153}, "\u2605 Driver Gloves | Racing Green (Well-Worn)": {"sugprice": 3931.2803333333336, "profit": 189, "limit": 3547, "timest": 1707854279}, "USP-S | Royal Blue (Field-Tested)": {"sugprice": 1253.6382352941177, "profit": 187, "limit": 1131, "timest": 1707854205}, "\u2605 Bloodhound Gloves | Bronzed (Battle-Scarred)": {"sugprice": 6386.109090909092, "profit": 481, "limit": 5763, "timest": 1707854232}, "StatTrak\u2122 USP-S | Neo-Noir (Field-Tested)": {"sugprice": 3356.0472727272722, "profit": 369, "limit": 3028, "timest": 1707822949}, "StatTrak\u2122 SSG 08 | Big Iron (Battle-Scarred)": {"sugprice": 1528.3091666666667, "profit": 106, "limit": 1379, "timest": 1707847367}, "\u2605 Ursus Knife | Ultraviolet (Battle-Scarred)": {"sugprice": 11962.654285714287, "profit": 1225, "limit": 10796, "timest": 1707854538}, "\u2605 Navaja Knife | Marble Fade (Factory New)": {"sugprice": 14452.70375, "profit": 725, "limit": 13043, "timest": 1707772841}, "\u2605 Driver Gloves | Racing Green (Field-Tested)": {"sugprice": 3968.989599999999, "profit": 195, "limit": 3582, "timest": 1707854277}, "\u2605 Gut Knife | Boreal Forest (Field-Tested)": {"sugprice": 7131.17, "profit": 375, "limit": 6435, "timest": 1707844320}, "\u2605 Hydra Gloves | Rattler (Battle-Scarred)": {"sugprice": 4287.0646, "profit": 312, "limit": 3869, "timest": 1707768440}, "\u2605 Huntsman Knife | Ultraviolet (Field-Tested)": {"sugprice": 9947.93142857143, "profit": 490, "limit": 8978, "timest": 1707822530}, "\u2605 Survival Knife | Stained (Battle-Scarred)": {"sugprice": 10100.965263157896, "profit": 543, "limit": 9116, "timest": 1707783467}, "\u2605 Falchion Knife | Ultraviolet (Field-Tested)": {"sugprice": 9870.698333333334, "profit": 469, "limit": 8908, "timest": 1707800646}, "\u2605 Shadow Daggers | Black Laminate (Field-Tested)": {"sugprice": 6856.0125, "profit": 326, "limit": 6187, "timest": 1707792593}, "\u2605 Driver Gloves | Black Tie (Battle-Scarred)": {"sugprice": 10343.13117647059, "profit": 496, "limit": 9334, "timest": 1707838244}, "\u2605 Gut Knife | Doppler (Factory New)": {"sugprice": 16290.887999999997, "profit": 1101, "limit": 14702, "timest": 1707854301}, "\u2605 Paracord Knife | Forest DDPAT (Battle-Scarred)": {"sugprice": 7975.861999999999, "profit": 597, "limit": 7198, "timest": 1707854441}, "\u2605 Navaja Knife | Crimson Web (Battle-Scarred)": {"sugprice": 8182.464, "profit": 551, "limit": 7384, "timest": 1707854412}, "\u2605 Gut Knife | Rust Coat (Battle-Scarred)": {"sugprice": 7482.8829166666665, "profit": 391, "limit": 6753, "timest": 1707777172}, "\u2605 Navaja Knife | Ultraviolet (Battle-Scarred)": {"sugprice": 7217.578666666667, "profit": 534, "limit": 6513, "timest": 1707854430}, "\u2605 Shadow Daggers | Lore (Battle-Scarred)": {"sugprice": 10651.445263157893, "profit": 515, "limit": 9612, "timest": 1707784961}, "USP-S | Monster Mashup (Minimal Wear)": {"sugprice": 2260.371764705883, "profit": 151, "limit": 2039, "timest": 1707854167}, "USP-S | Printstream (Well-Worn)": {"sugprice": 2622.839375, "profit": 134, "limit": 2367, "timest": 1707854191}, "\u2605 Gut Knife | Safari Mesh (Field-Tested)": {"sugprice": 7306.1107142857145, "profit": 578, "limit": 6593, "timest": 1707854307}, "\u2605 Paracord Knife | Forest DDPAT (Field-Tested)": {"sugprice": 8019.270625000001, "profit": 411, "limit": 7237, "timest": 1707854445}, "\u2605 Specialist Gloves | Fade (Battle-Scarred)": {"sugprice": 14959.443684210526, "profit": 773, "limit": 13500, "timest": 1707768553}, "UMP-45 | Blaze (Factory New)": {"sugprice": 1565.9945833333331, "profit": 100, "limit": 1413, "timest": 1707786181}, "\u2605 Hand Wraps | Spruce DDPAT (Battle-Scarred)": {"sugprice": 7183, "profit": 369, "limit": 6482, "timest": 1707854353}, "\u2605 Navaja Knife | Stained (Battle-Scarred)": {"sugprice": 7101.615294117646, "profit": 338, "limit": 6409, "timest": 1707854424}, "\u2605 Paracord Knife | Safari Mesh (Field-Tested)": {"sugprice": 7489.553888888889, "profit": 357, "limit": 6759, "timest": 1707805230}, "\u2605 Survival Knife | Case Hardened (Battle-Scarred)": {"sugprice": 14162.676000000001, "profit": 770, "limit": 12781, "timest": 1707833194}, "StatTrak\u2122 P2000 | Imperial Dragon (Field-Tested)": {"sugprice": 732.5320833333335, "profit": 112, "limit": 661, "timest": 1707853979}, "StatTrak\u2122 USP-S | The Traitor (Battle-Scarred)": {"sugprice": 2327.432222222222, "profit": 120, "limit": 2100, "timest": 1707854093}, "\u2605 Shadow Daggers | Ultraviolet (Battle-Scarred)": {"sugprice": 7678.324545454546, "profit": 396, "limit": 6929, "timest": 1707772149}, "\u2605 Shadow Daggers | Forest DDPAT (Field-Tested)": {"sugprice": 6784.0493750000005, "profit": 333, "limit": 6122, "timest": 1707772915}, "\u2605 Navaja Knife | Doppler (Factory New)": {"sugprice": 17820, "profit": 1035, "limit": 16082, "timest": 1707854413}, "USP-S | Serum (Minimal Wear)": {"sugprice": 3161.8919999999994, "profit": 151, "limit": 2853, "timest": 1707850840}, "USP-S | Purple DDPAT (Minimal Wear)": {"sugprice": 1246.6299999999999, "profit": 118, "limit": 1125, "timest": 1707854198}, "\u2605 Gut Knife | Scorched (Field-Tested)": {"sugprice": 7804.955294117646, "profit": 548, "limit": 7043, "timest": 1707854312}, "StatTrak\u2122 PP-Bizon | Judgement of Anubis (Field-Tested)": {"sugprice": 1015.3083333333333,