{"StatTrak\u2122 M4A1-S | Player Two (Battle-Scarred)": {"sugprice": 3293.363333333333, "profit": 249, "limit": 2972, "timest": 1699925741}, "USP-S | Kill Confirmed (Well-Worn)": {"sugprice": 3438.7770833333343, "profit": 251, "limit": 3103, "timest": 1699925977}, "USP-S | Overgrowth (Field-Tested)": {"sugprice": 2008.0024242424238, "profit": 101, "limit": 1812, "timest": 1699881896}, "\u2605 Moto Gloves | Turtle (Battle-Scarred)": {"sugprice": 8519.51, "profit": 815, "limit": 7688, "timest": 1699926127}, "\u2605 Navaja Knife | Scorched (Field-Tested)": {"sugprice": 7092.711470588235, "profit": 528, "limit": 6401, "timest": 1699926136}, "\u2605 Driver Gloves | Racing Green (Battle-Scarred)": {"sugprice": 4192.2065999999995, "profit": 203, "limit": 3783, "timest": 1699926067}, "StatTrak\u2122 M4A4 | Royal Paladin (Battle-Scarred)": {"sugprice": 2397.6195, "profit": 180, "limit": 2163, "timest": 1699925762}, "StatTrak\u2122 M4A4 | Temukau (Field-Tested)": {"sugprice": 3936, "profit": 373, "limit": 3552, "timest": 1699925770}, "StatTrak\u2122 M4A4 | The Emperor (Battle-Scarred)": {"sugprice": 2841.611612903226, "profit": 322, "limit": 2564, "timest": 1699925774}, "StatTrak\u2122 USP-S | The Traitor (Well-Worn)": {"sugprice": 2182.0160000000005, "profit": 170, "limit": 1969, "timest": 1699925943}, "USP-S | Printstream (Minimal Wear)": {"sugprice": 4988, "profit": 329, "limit": 4501, "timest": 1699926003}, "USP-S | Whiteout (Minimal Wear)": {"sugprice": 2841.6357142857146, "profit": 303, "limit": 2564, "timest": 1699926027}, "\u2605 Bowie Knife | Rust Coat (Battle-Scarred)": {"sugprice": 9400.514444444445, "profit": 553, "limit": 8483, "timest": 1699871102}, "\u2605 Broken Fang Gloves | Needle Point (Battle-Scarred)": {"sugprice": 5552.0322916666655, "profit": 271, "limit": 5010, "timest": 1699926041}, "\u2605 Broken Fang Gloves | Needle Point (Field-Tested)": {"sugprice": 5722.7028125, "profit": 346, "limit": 5164, "timest": 1699926043}, "\u2605 Driver Gloves | Racing Green (Well-Worn)": {"sugprice": 4082.360810810812, "profit": 290, "limit": 3684, "timest": 1699924137}, "\u2605 Hand Wraps | Constrictor (Battle-Scarred)": {"sugprice": 5041.638800000001, "profit": 497, "limit": 4550, "timest": 1699926096}, "\u2605 Hydra Gloves | Rattler (Field-Tested)": {"sugprice": 4504.806199999997, "profit": 306, "limit": 4065, "timest": 1699926119}, "\u2605 Moto Gloves | Finish Line (Battle-Scarred)": {"sugprice": 7337.689583333333, "profit": 453, "limit": 6622, "timest": 1699926123}, "\u2605 Navaja Knife | Forest DDPAT (Field-Tested)": {"sugprice": 7169.16347826087, "profit": 509, "limit": 6470, "timest": 1699926130}, "\u2605 Navaja Knife | Safari Mesh (Field-Tested)": {"sugprice": 7554.085833333332, "profit": 578, "limit": 6817, "timest": 1699926134}, "\u2605 Shadow Daggers | Bright Water (Field-Tested)": {"sugprice": 8279.82268292683, "profit": 555, "limit": 7472, "timest": 1699926143}, "\u2605 Shadow Daggers | Rust Coat (Battle-Scarred)": {"sugprice": 7335.275000000001, "profit": 369, "limit": 6620, "timest": 1699926147}, "\u2605 Broken Fang Gloves | Yellow-banded (Field-Tested)": {"sugprice": 6660.045263157894, "profit": 555, "limit": 6010, "timest": 1699907774}, "\u2605 Hand Wraps | Arboreal (Battle-Scarred)": {"sugprice": 5417.064047619047, "profit": 268, "limit": 4888, "timest": 1699926089}, "Vypa Sista of the Revolution | Guerrilla Warfare": {"sugprice": 1737.5296774193548, "profit": 155, "limit": 1568, "timest": 1699901672}, "StatTrak\u2122 M4A4 | \u9f8d\u738b (Dragon King) (Battle-Scarred)": {"sugprice": 1542.9099999999999, "profit": 140, "limit": 1392, "timest": 1699925780}, "\u2605 Hydra Gloves | Mangrove (Battle-Scarred)": {"sugprice": 4217.705909090909, "profit": 254, "limit": 3806, "timest": 1699924648}, "USP-S | Monster Mashup (Minimal Wear)": {"sugprice": 2147.4666666666667, "profit": 132, "limit": 1938, "timest": 1699918508}, "USP-S | Orion (Minimal Wear)": {"sugprice": 4531.472051282051, "profit": 218, "limit": 4089, "timest": 1699854674}, "\u2605 Broken Fang Gloves | Yellow-banded (Battle-Scarred)": {"sugprice": 6349.573799999997, "profit": 519, "limit": 5730, "timest": 1699926053}, "\u2605 Hydra Gloves | Mangrove (Well-Worn)": {"sugprice": 4548.664999999999, "profit": 335, "limit": 4105, "timest": 1699926117}, "\u2605 Shadow Daggers | Scorched (Field-Tested)": {"sugprice": 7107.075555555555, "profit": 365, "limit": 6414, "timest": 1699896496}, "StatTrak\u2122 M4A4 | Desolate Space (Battle-Scarred)": {"sugprice": 1304.7386842105261, "profit": 113, "limit": 1177, "timest": 1699925749}, "StatTrak\u2122 USP-S | Blueprint (Battle-Scarred)": {"sugprice": 1153, "profit": 122, "limit": 1040, "timest": 1699905630}, "StatTrak\u2122 P90 | Asiimov (Battle-Scarred)": {"sugprice": 1443.6148780487806, "profit": 110, "limit": 1302, "timest": 1699925885}, "\u2605 Bloodhound Gloves | Guerrilla (Battle-Scarred)": {"sugprice": 5979.285, "profit": 288, "limit": 5396, "timest": 1699909182}, "\u2605 Hand Wraps | Desert Shamagh (Field-Tested)": {"sugprice": 4915.4574999999995, "profit": 269, "limit": 4436, "timest": 1699926104}, "\u2605 Gut Knife | Forest DDPAT (Field-Tested)": {"sugprice": 7985.244000000001, "profit": 615, "limit": 7206, "timest": 1699926081}, "\u2605 Moto Gloves | Transport (Battle-Scarred)": {"sugprice": 5445, "profit": 272, "limit": 4914, "timest": 1699926126}, "USP-S | The Traitor (Minimal Wear)": {"sugprice": 1546.8213513513515, "profit": 149, "limit": 1396, "timest": 1699926021}, "USP-S | Printstream (Well-Worn)": {"sugprice": 2929.5089473684216, "profit": 214, "limit": 2643, "timest": 1699926005}, "\u2605 Driver Gloves | Racing Green (Field-Tested)": {"sugprice": 4261.792857142859, "profit": 297, "limit": 3846, "timest": 1699926069}, "StatTrak\u2122 P90 | Trigon (Field-Tested)": {"sugprice": 1345.3533333333332, "profit": 103, "limit": 1214, "timest": 1699888362}, "\u2605 Hand Wraps | Duct Tape (Field-Tested)": {"sugprice": 5344.778571428571, "profit": 425, "limit": 4823, "timest": 1699926108}, "USP-S | Monster Mashup (Well-Worn)": {"sugprice": 1354.7930000000001, "profit": 104, "limit": 1222, "timest": 1699925985}, "\u2605 Broken Fang Gloves | Unhinged (Battle-Scarred)": {"sugprice": 4979.05465116279, "profit": 375, "limit": 4493, "timest": 1699908245}, "\u2605 Hand Wraps | Arboreal (Field-Tested)": {"sugprice": 6504.10238095238, "profit": 426, "limit": 5869, "timest": 1699926092}, "StatTrak\u2122 M4A4 | Neo-Noir (Field-Tested)": {"sugprice": 1196.5583333333336, "profit": 104, "limit": 1079, "timest": 1699914566}, "USP-S | Kill Confirmed (Battle-Scarred)": {"sugprice": 3327.1224000000016, "profit": 160, "limit": 3002, "timest": 1699925971}, "USP-S | Kill Confirmed (Minimal Wear)": {"sugprice": 5684.456, "profit": 324, "limit": 5130, "timest": 1699876956}, "StatTrak\u2122 M4A4 | Cyber Security (Battle-Scarred)": {"sugprice": 1673, "profit": 128, "limit": 1509, "timest": 1699925743}, "USP-S | Serum (Field-Tested)": {"sugprice": 3636.85625, "profit": 278, "limit": 3282, "timest": 1699926013}, "\u2605 Hand Wraps | Giraffe (Battle-Scarred)": {"sugprice": 6500.514761904759, "profit": 625, "limit": 5866, "timest": 1699926110}, "USP-S | Neo-Noir (Well-Worn)": {"sugprice": 1829, "profit": 133, "limit": 1650, "timest": 1699925991}, "\u2605 Survival Knife | Safari Mesh (Field-Tested)": {"sugprice": 8134.893333333333, "profit": 558, "limit": 7341, "timest": 1699926162}, "StatTrak\u2122 USP-S | Stainless (Battle-Scarred)": {"sugprice": 977.423125, "profit": 118, "limit": 882, "timest": 1699895309}, "\u2605 Hydra Gloves | Case Hardened (Field-Tested)": {"sugprice": 8697.626923076923, "profit": 745, "limit": 7849, "timest": 1699926114}, "\u2605 Gut Knife | Rust Coat (Battle-Scarred)": {"sugprice": 8219.76827586207, "profit": 621, "limit": 7418, "timest": 1699926083}, "\u2605 Moto Gloves | Smoke Out (Battle-Scarred)": {"sugprice": 7876.055483870969, "profit": 845, "limit": 7108, "timest": 1699926125},