{"USP-S | Kill Confirmed (Well-Worn)": {"sugprice": 3316.1879591836746, "profit": 234, "limit": 2992, "timest": 1700168068}, "USP-S | Overgrowth (Field-Tested)": {"sugprice": 2013.260357142857, "profit": 111, "limit": 1816, "timest": 1700168154}, "\u2605 Moto Gloves | Turtle (Battle-Scarred)": {"sugprice": 8045.756086956522, "profit": 561, "limit": 7261, "timest": 1700168818}, "\u2605 Navaja Knife | Scorched (Field-Tested)": {"sugprice": 6940.900344827587, "profit": 651, "limit": 6264, "timest": 1700168856}, "\u2605 Driver Gloves | Racing Green (Battle-Scarred)": {"sugprice": 4125.170212765956, "profit": 477, "limit": 3722, "timest": 1700168511}, "StatTrak\u2122 M4A4 | Royal Paladin (Battle-Scarred)": {"sugprice": 2172.3508333333334, "profit": 106, "limit": 1960, "timest": 1700155541}, "StatTrak\u2122 M4A4 | The Emperor (Battle-Scarred)": {"sugprice": 2663, "profit": 280, "limit": 2403, "timest": 1700167395}, "StatTrak\u2122 USP-S | The Traitor (Well-Worn)": {"sugprice": 2118, "profit": 194, "limit": 1911, "timest": 1700167885}, "USP-S | Printstream (Minimal Wear)": {"sugprice": 4358, "profit": 371, "limit": 3933, "timest": 1700168217}, "USP-S | Whiteout (Minimal Wear)": {"sugprice": 2510, "profit": 302, "limit": 2265, "timest": 1700164688}, "\u2605 Broken Fang Gloves | Needle Point (Battle-Scarred)": {"sugprice": 5526.796808510638, "profit": 364, "limit": 4987, "timest": 1700168404}, "\u2605 Broken Fang Gloves | Needle Point (Field-Tested)": {"sugprice": 5577.922068965517, "profit": 499, "limit": 5034, "timest": 1700168407}, "\u2605 Driver Gloves | Racing Green (Well-Worn)": {"sugprice": 4263.5295, "profit": 344, "limit": 3847, "timest": 1700168520}, "\u2605 Hand Wraps | Constrictor (Battle-Scarred)": {"sugprice": 4885.107777777779, "profit": 497, "limit": 4408, "timest": 1700168628}, "\u2605 Hydra Gloves | Rattler (Field-Tested)": {"sugprice": 4251.9355000000005, "profit": 518, "limit": 3837, "timest": 1700168771}, "\u2605 Moto Gloves | Finish Line (Battle-Scarred)": {"sugprice": 7264.947142857143, "profit": 445, "limit": 6556, "timest": 1700168786}, "\u2605 Navaja Knife | Forest DDPAT (Field-Tested)": {"sugprice": 6913.049615384617, "profit": 466, "limit": 6239, "timest": 1700168837}, "\u2605 Navaja Knife | Safari Mesh (Field-Tested)": {"sugprice": 7028, "profit": 533, "limit": 6342, "timest": 1700168853}, "\u2605 Shadow Daggers | Bright Water (Field-Tested)": {"sugprice": 7816.473428571427, "profit": 613, "limit": 7054, "timest": 1700154572}, "\u2605 Shadow Daggers | Rust Coat (Battle-Scarred)": {"sugprice": 7015.336333333334, "profit": 574, "limit": 6331, "timest": 1700168970}, "\u2605 Broken Fang Gloves | Yellow-banded (Field-Tested)": {"sugprice": 6746.652222222223, "profit": 596, "limit": 6088, "timest": 1700168471}, "\u2605 Hand Wraps | Arboreal (Battle-Scarred)": {"sugprice": 5102.5086363636365, "profit": 492, "limit": 4605, "timest": 1700168607}, "Vypa Sista of the Revolution | Guerrilla Warfare": {"sugprice": 1643.816111111111, "profit": 148, "limit": 1483, "timest": 1700168346}, "StatTrak\u2122 M4A4 | \u9f8d\u738b (Dragon King) (Battle-Scarred)": {"sugprice": 1507.9850000000001, "profit": 124, "limit": 1360, "timest": 1700167419}, "\u2605 Hydra Gloves | Mangrove (Battle-Scarred)": {"sugprice": 4135.599743589744, "profit": 212, "limit": 3732, "timest": 1700168740}, "USP-S | Monster Mashup (Minimal Wear)": {"sugprice": 1868.999333333333, "profit": 114, "limit": 1686, "timest": 1700168084}, "\u2605 Broken Fang Gloves | Yellow-banded (Battle-Scarred)": {"sugprice": 6109.917551020408, "profit": 581, "limit": 5514, "timest": 1700168466}, "\u2605 Hydra Gloves | Mangrove (Well-Worn)": {"sugprice": 4434.552857142857, "profit": 269, "limit": 4002, "timest": 1700168753}, "\u2605 Shadow Daggers | Scorched (Field-Tested)": {"sugprice": 7333.048000000001, "profit": 552, "limit": 6618, "timest": 1700168974}, "StatTrak\u2122 M4A4 | Desolate Space (Battle-Scarred)": {"sugprice": 1216.7697297297298, "profit": 104, "limit": 1098, "timest": 1700156883}, "StatTrak\u2122 P90 | Asiimov (Battle-Scarred)": {"sugprice": 1425.7920454545456, "profit": 132, "limit": 1286, "timest": 1700167529}, "\u2605 Hand Wraps | Desert Shamagh (Field-Tested)": {"sugprice": 4911.241578947368, "profit": 445, "limit": 4432, "timest": 1700153361}, "\u2605 Gut Knife | Forest DDPAT (Field-Tested)": {"sugprice": 7403.901666666668, "profit": 453, "limit": 6682, "timest": 1700163310}, "\u2605 Moto Gloves | Transport (Battle-Scarred)": {"sugprice": 5251.441142857144, "profit": 256, "limit": 4739, "timest": 1700168812}, "USP-S | The Traitor (Minimal Wear)": {"sugprice": 1429.9409090909094, "profit": 264, "limit": 1290, "timest": 1700168330}, "USP-S | Printstream (Well-Worn)": {"sugprice": 2752, "profit": 285, "limit": 2483, "timest": 1700168220}, "\u2605 Driver Gloves | Racing Green (Field-Tested)": {"sugprice": 4092.9116279069776, "profit": 229, "limit": 3693, "timest": 1700168514}, "\u2605 Hand Wraps | Duct Tape (Field-Tested)": {"sugprice": 5174.58947368421, "profit": 472, "limit": 4670, "timest": 1700168715}, "USP-S | Monster Mashup (Well-Worn)": {"sugprice": 1329.6072222222224, "profit": 138, "limit": 1199, "timest": 1700168098}, "\u2605 Broken Fang Gloves | Unhinged (Battle-Scarred)": {"sugprice": 5111.961428571429, "profit": 454, "limit": 4613, "timest": 1700168429}, "\u2605 Hand Wraps | Arboreal (Field-Tested)": {"sugprice": 6212.348235294118, "profit": 455, "limit": 5606, "timest": 1700168611}, "USP-S | Kill Confirmed (Battle-Scarred)": {"sugprice": 3008.3361111111117, "profit": 212, "limit": 2715, "timest": 1700145869}, "StatTrak\u2122 M4A4 | Cyber Security (Battle-Scarred)": {"sugprice": 1576.0388235294117, "profit": 123, "limit": 1422, "timest": 1700130324}, "USP-S | Serum (Field-Tested)": {"sugprice": 3463.320416666666, "profit": 308, "limit": 3125, "timest": 1700168259}, "\u2605 Hand Wraps | Giraffe (Battle-Scarred)": {"sugprice": 6004.187647058823, "profit": 449, "limit": 5418, "timest": 1700168721}, "USP-S | Neo-Noir (Well-Worn)": {"sugprice": 1534, "profit": 102, "limit": 1384, "timest": 1700168126}, "\u2605 Survival Knife | Safari Mesh (Field-Tested)": {"sugprice": 7620, "profit": 562, "limit": 6877, "timest": 1700169097}, "\u2605 Hydra Gloves | Case Hardened (Field-Tested)": {"sugprice": 8117, "profit": 529, "limit": 7325, "timest": 1700168736}, "\u2605 Gut Knife | Rust Coat (Battle-Scarred)": {"sugprice": 7958.8051428571425, "profit": 660, "limit": 7182, "timest": 1700168566}, "\u2605 Moto Gloves | Smoke Out (Battle-Scarred)": {"sugprice": 6843, "profit": 547, "limit": 6175, "timest": 1700168792}, "\u2605 Hydra Gloves | Rattler (Battle-Scarred)": {"sugprice": 4420, "profit": 417, "limit": 3989, "timest": 1700168758}, "StatTrak\u2122 M4A4 | Evil Daimyo (Minimal Wear)": {"sugprice": 807.8368749999998, "profit": 101, "limit": 729, "timest": 1700158599}, "StatTrak\u2122 SSG 08 | Dragonfire (Field-Tested)": {"sugprice": 3850.380625, "profit": 487, "limit": 3474, "timest": 1700167628}, "\u2605 Specialist Gloves | Forest DDPAT (Battle-Scarred)": {"sugprice": 8201.24125, "profit": 757, "limit": 7401, "timest": 1700169014}, "StatTrak\u2122 M4A4 | Desert-Strike (Field-Tested)": {"sugprice": 1414.1538461538464, "profit": 261, "limit": 1276, "timest": 1700167301}, "\u2605 Broken Fang Gloves | Jade (Battle-Scarred)": {"sugprice": 7472.486153846154, "profit": 543, "limit": 6743, "timest": 1700168399}, "StatTrak\u2122 M4A4 | Temukau (Battle-Scarred)": {"sugprice": 2545.2688372093016, "profit": 205, "limit": 2297, "timest": 1700167372}, "\u2605 Hydra Gloves | Rattler (Well-Worn)": {"sugprice": 4906.21, "profit": 308, "limit": 4427, "timest": 1700168776}, "\u2605 Broken Fang Gloves | Needle Point (Well-Worn)": {"sugprice": 5563.493636363636, "profit": 539, "limit": 5021, "timest": 1700168418}, "StatTrak\u2122 USP-S | Neo-Noir (Field-Tested)": {"sugprice": 3154, "profit": 309, "limit": 2846, "timest": 1700167831}, "USP-S | Whiteout (Battle-Scarred)": {"sugprice": 1740, "profit": 180,