{"USP-S | Kill Confirmed (Well-Worn)": {"sugprice": 2886.6532, "profit": 204, "limit": 2605, "timest": 1701355136}, "\u2605 Navaja Knife | Scorched (Field-Tested)": {"sugprice": 6723.609199999999, "profit": 367, "limit": 6068, "timest": 1701355729}, "\u2605 Driver Gloves | Racing Green (Battle-Scarred)": {"sugprice": 3558.0790000000006, "profit": 175, "limit": 3211, "timest": 1701355526}, "\u2605 Driver Gloves | Racing Green (Well-Worn)": {"sugprice": 3645.8661538461547, "profit": 246, "limit": 3290, "timest": 1701355534}, "\u2605 Hydra Gloves | Rattler (Field-Tested)": {"sugprice": 3812.7454, "profit": 193, "limit": 3441, "timest": 1701355693}, "\u2605 Navaja Knife | Forest DDPAT (Field-Tested)": {"sugprice": 6740.591111111111, "profit": 366, "limit": 6083, "timest": 1701344849}, "\u2605 Shadow Daggers | Bright Water (Field-Tested)": {"sugprice": 7127, "profit": 349, "limit": 6432, "timest": 1701334662}, "\u2605 Shadow Daggers | Rust Coat (Battle-Scarred)": {"sugprice": 6689.2621739130445, "profit": 324, "limit": 6037, "timest": 1701342176}, "\u2605 Broken Fang Gloves | Yellow-banded (Field-Tested)": {"sugprice": 6308.732105263159, "profit": 361, "limit": 5693, "timest": 1701354360}, "\u2605 Hydra Gloves | Mangrove (Battle-Scarred)": {"sugprice": 3799.0332258064514, "profit": 181, "limit": 3428, "timest": 1701352582}, "\u2605 Hydra Gloves | Mangrove (Well-Worn)": {"sugprice": 3935, "profit": 194, "limit": 3551, "timest": 1701355689}, "\u2605 Hand Wraps | Desert Shamagh (Field-Tested)": {"sugprice": 4843.76638888889, "profit": 231, "limit": 4371, "timest": 1701354409}, "\u2605 Moto Gloves | Transport (Battle-Scarred)": {"sugprice": 5122.608571428572, "profit": 247, "limit": 4623, "timest": 1701355708}, "USP-S | Printstream (Well-Worn)": {"sugprice": 2641.3795000000005, "profit": 128, "limit": 2383, "timest": 1701352135}, "\u2605 Hand Wraps | Duct Tape (Field-Tested)": {"sugprice": 5113.0314285714285, "profit": 257, "limit": 4614, "timest": 1701351144}, "\u2605 Broken Fang Gloves | Unhinged (Battle-Scarred)": {"sugprice": 5079.823200000001, "profit": 336, "limit": 4584, "timest": 1701354355}, "\u2605 Hand Wraps | Arboreal (Field-Tested)": {"sugprice": 5491.951363636364, "profit": 261, "limit": 4956, "timest": 1701342836}, "\u2605 Hand Wraps | Giraffe (Battle-Scarred)": {"sugprice": 5951.736956521739, "profit": 421, "limit": 5371, "timest": 1701355675}, "USP-S | Neo-Noir (Well-Worn)": {"sugprice": 1466.1425, "profit": 119, "limit": 1323, "timest": 1701355192}, "\u2605 Moto Gloves | Smoke Out (Battle-Scarred)": {"sugprice": 6716.833846153847, "profit": 378, "limit": 6061, "timest": 1701355707}, "\u2605 Hydra Gloves | Rattler (Battle-Scarred)": {"sugprice": 3871.9663636363634, "profit": 258, "limit": 3494, "timest": 1701355691}, "StatTrak\u2122 SSG 08 | Dragonfire (Field-Tested)": {"sugprice": 3077.4644444444452, "profit": 222, "limit": 2777, "timest": 1701354824}, "StatTrak\u2122 USP-S | Neo-Noir (Field-Tested)": {"sugprice": 3128.17, "profit": 211, "limit": 2823, "timest": 1701354904}, "\u2605 Bloodhound Gloves | Guerrilla (Field-Tested)": {"sugprice": 6010.365757575757, "profit": 299, "limit": 5424, "timest": 1701352171}, "\u2605 Gut Knife | Bright Water (Field-Tested)": {"sugprice": 8012.968181818182, "profit": 512, "limit": 7231, "timest": 1701330716}, "\u2605 Hand Wraps | Constrictor (Field-Tested)": {"sugprice": 5039.9340909090915, "profit": 387, "limit": 4548, "timest": 1701355661}, "\u2605 Hand Wraps | Desert Shamagh (Well-Worn)": {"sugprice": 4887.4349999999995, "profit": 431, "limit": 4410, "timest": 1701355669}, "\u2605 Navaja Knife | Night Stripe (Field-Tested)": {"sugprice": 6575.691176470587, "profit": 313, "limit": 5934, "timest": 1701324007}, "\u2605 Survival Knife | Scorched (Field-Tested)": {"sugprice": 7768.560714285714, "profit": 469, "limit": 7011, "timest": 1701355768}, "\u2605 Moto Gloves | 3rd Commando Company (Field-Tested)": {"sugprice": 5539.272173913043, "profit": 344, "limit": 4999, "timest": 1701335835}, "StatTrak\u2122 USP-S | The Traitor (Battle-Scarred)": {"sugprice": 1871.4380851063831, "profit": 157, "limit": 1688, "timest": 1701354930}, "\u2605 Hand Wraps | Desert Shamagh (Battle-Scarred)": {"sugprice": 4840.521379310345, "profit": 287, "limit": 4368, "timest": 1701355666}, "USP-S | Orion (Minimal Wear)": {"sugprice": 3806.9139583333326, "profit": 269, "limit": 3435, "timest": 1701355205}, "USP-S | Caiman (Field-Tested)": {"sugprice": 3053.0997674418613, "profit": 146, "limit": 2755, "timest": 1701319612}, "\u2605 Sport Gloves | Bronze Morph (Battle-Scarred)": {"sugprice": 9808, "profit": 515, "limit": 8851, "timest": 1701355763}, "\u2605 Moto Gloves | Turtle (Battle-Scarred)": {"sugprice": 7597.374444444444, "profit": 361, "limit": 6856, "timest": 1701343871}, "\u2605 Hand Wraps | Arboreal (Battle-Scarred)": {"sugprice": 5023.3115, "profit": 302, "limit": 4533, "timest": 1701355646}, "\u2605 Broken Fang Gloves | Yellow-banded (Battle-Scarred)": {"sugprice": 5187.705454545454, "profit": 268, "limit": 4681, "timest": 1701314086}, "StatTrak\u2122 USP-S | Printstream (Battle-Scarred)": {"sugprice": 4390.573877551019, "profit": 313, "limit": 3962, "timest": 1701354920}, "USP-S | Overgrowth (Field-Tested)": {"sugprice": 1630.2428, "profit": 104, "limit": 1471, "timest": 1701346570}, "StatTrak\u2122 USP-S | Stainless (Battle-Scarred)": {"sugprice": 1017.2182142857142, "profit": 100, "limit": 918, "timest": 1701293106}, "\u2605 Broken Fang Gloves | Needle Point (Battle-Scarred)": {"sugprice": 4954, "profit": 256, "limit": 4470, "timest": 1701355361}, "StatTrak\u2122 P250 | Muertos (Field-Tested)": {"sugprice": 1042.0389655172414, "profit": 118, "limit": 940, "timest": 1701349687}, "StatTrak\u2122 USP-S | Monster Mashup (Field-Tested)": {"sugprice": 1790.3586666666665, "profit": 100, "limit": 1615, "timest": 1701338279}, "USP-S | Orion (Factory New)": {"sugprice": 3963.8100000000004, "profit": 189, "limit": 3577, "timest": 1701316309}, "\u2605 Bloodhound Gloves | Bronzed (Field-Tested)": {"sugprice": 6207.129166666668, "profit": 360, "limit": 5601, "timest": 1701350933}, "\u2605 Gut Knife | Scorched (Field-Tested)": {"sugprice": 7520.501428571428, "profit": 544, "limit": 6787, "timest": 1701355623}, "\u2605 Hydra Gloves | Emerald (Battle-Scarred)": {"sugprice": 4537.4569999999985, "profit": 298, "limit": 4095, "timest": 1701355682}, "\u2605 Hydra Gloves | Emerald (Field-Tested)": {"sugprice": 4534.9014285714275, "profit": 293, "limit": 4092, "timest": 1701355683}, "\u2605 Moto Gloves | Blood Pressure (Battle-Scarred)": {"sugprice": 8337.5275, "profit": 661, "limit": 7524, "timest": 1701355699}, "\u2605 Moto Gloves | Polygon (Battle-Scarred)": {"sugprice": 9984.249444444444, "profit": 485, "limit": 9010, "timest": 1701288470}, "\u2605 Navaja Knife | Boreal Forest (Field-Tested)": {"sugprice": 6905, "profit": 388, "limit": 6231, "timest": 1701355717}, "\u2605 Navaja Knife | Rust Coat (Battle-Scarred)": {"sugprice": 6788.960625000001, "profit": 396, "limit": 6127, "timest": 1701355725}, "\u2605 Navaja Knife | Ultraviolet (Field-Tested)": {"sugprice": 7046.416666666665, "profit": 495, "limit": 6359, "timest": 1701355737}, "\u2605 Shadow Daggers | Ultraviolet (Field-Tested)": {"sugprice": 7940.424999999998, "profit": 430, "limit": 7166, "timest": 1701348688}, "\u2605 Paracord Knife | Scorched (Field-Tested)": {"sugprice": 7559.749444444444, "profit": 659, "limit": 6822, "timest": 1701355745}, "\u2605 Huntsman Knife | Rust Coat (Battle-Scarred)": {"sugprice": 8789.363333333333, "profit": 533, "limit": 7932, "timest": 1701355678}, "StatTrak\u2122 PP-Bizon | Judgement of Anubis (Field-Tested)": {"sugprice": 974.5509090909092, "profit": 129, "limit": 879, "timest": 1701348847}, "USP-S | Printstream (Field-Tested)": {"sugprice": 2814.3290243902447, "profit": 155, "limit": 2539, "timest": 1701355223}, "\u2605 Shadow Daggers | Night (Field-Tested)": {"sugprice": 7378.549999999999, "profit": 470, "limit": 6659, "timest": 1701355754},