{"StatTrak\u2122 M4A1-S | Player Two (Battle-Scarred)": {"sugprice": 3168, "profit": 193, "limit": 2859, "timest": 1699906488}, "USP-S | Kill Confirmed (Well-Worn)": {"sugprice": 3440.132916666668, "profit": 282, "limit": 3104, "timest": 1699906638}, "USP-S | Overgrowth (Field-Tested)": {"sugprice": 2008.0024242424238, "profit": 101, "limit": 1812, "timest": 1699881896}, "\u2605 Moto Gloves | Turtle (Battle-Scarred)": {"sugprice": 8415, "profit": 722, "limit": 7594, "timest": 1699906797}, "\u2605 Navaja Knife | Scorched (Field-Tested)": {"sugprice": 7135.352285714284, "profit": 568, "limit": 6439, "timest": 1699906810}, "\u2605 Driver Gloves | Racing Green (Battle-Scarred)": {"sugprice": 4174.1532, "profit": 289, "limit": 3767, "timest": 1699906727}, "StatTrak\u2122 M4A4 | Royal Paladin (Battle-Scarred)": {"sugprice": 2392.4015789473683, "profit": 193, "limit": 2159, "timest": 1699906510}, "StatTrak\u2122 M4A4 | Temukau (Field-Tested)": {"sugprice": 3886, "profit": 264, "limit": 3507, "timest": 1699906518}, "StatTrak\u2122 M4A4 | The Emperor (Battle-Scarred)": {"sugprice": 2747, "profit": 272, "limit": 2479, "timest": 1699906522}, "StatTrak\u2122 USP-S | The Traitor (Well-Worn)": {"sugprice": 2168, "profit": 163, "limit": 1956, "timest": 1699906609}, "USP-S | Printstream (Minimal Wear)": {"sugprice": 5020, "profit": 361, "limit": 4530, "timest": 1699906664}, "USP-S | Whiteout (Minimal Wear)": {"sugprice": 2814, "profit": 255, "limit": 2539, "timest": 1699906688}, "\u2605 Bowie Knife | Rust Coat (Battle-Scarred)": {"sugprice": 9400.514444444445, "profit": 553, "limit": 8483, "timest": 1699871102}, "\u2605 Broken Fang Gloves | Needle Point (Battle-Scarred)": {"sugprice": 5554.138510638299, "profit": 487, "limit": 5012, "timest": 1699906702}, "\u2605 Broken Fang Gloves | Needle Point (Field-Tested)": {"sugprice": 5720.9521875, "profit": 371, "limit": 5163, "timest": 1699906703}, "\u2605 Driver Gloves | Racing Green (Well-Worn)": {"sugprice": 4082.0386486486486, "profit": 292, "limit": 3684, "timest": 1699906732}, "\u2605 Hand Wraps | Constrictor (Battle-Scarred)": {"sugprice": 5001.116170212765, "profit": 488, "limit": 4513, "timest": 1699906755}, "\u2605 Hydra Gloves | Rattler (Field-Tested)": {"sugprice": 4502.437800000001, "profit": 304, "limit": 4063, "timest": 1699906785}, "\u2605 Moto Gloves | Finish Line (Battle-Scarred)": {"sugprice": 7340.880740740739, "profit": 493, "limit": 6625, "timest": 1699906791}, "\u2605 Navaja Knife | Forest DDPAT (Field-Tested)": {"sugprice": 7221.257037037037, "profit": 459, "limit": 6517, "timest": 1699906802}, "\u2605 Navaja Knife | Safari Mesh (Field-Tested)": {"sugprice": 7509, "profit": 413, "limit": 6776, "timest": 1699906808}, "\u2605 Shadow Daggers | Bright Water (Field-Tested)": {"sugprice": 8318.887619047619, "profit": 586, "limit": 7507, "timest": 1699906820}, "\u2605 Shadow Daggers | Rust Coat (Battle-Scarred)": {"sugprice": 7341.054871794872, "profit": 373, "limit": 6625, "timest": 1699906826}, "\u2605 Broken Fang Gloves | Yellow-banded (Field-Tested)": {"sugprice": 6660.007368421052, "profit": 556, "limit": 6010, "timest": 1699906716}, "\u2605 Hand Wraps | Arboreal (Battle-Scarred)": {"sugprice": 5415.420731707316, "profit": 393, "limit": 4887, "timest": 1699906749}, "Vypa Sista of the Revolution | Guerrilla Warfare": {"sugprice": 1737.5296774193548, "profit": 155, "limit": 1568, "timest": 1699901672}, "StatTrak\u2122 M4A4 | \u9f8d\u738b (Dragon King) (Battle-Scarred)": {"sugprice": 1544.1142857142854, "profit": 166, "limit": 1393, "timest": 1699906528}, "\u2605 Hydra Gloves | Mangrove (Battle-Scarred)": {"sugprice": 4215.31931818182, "profit": 342, "limit": 3804, "timest": 1699906779}, "USP-S | Monster Mashup (Minimal Wear)": {"sugprice": 2135.829230769231, "profit": 122, "limit": 1927, "timest": 1699906644}, "USP-S | Orion (Minimal Wear)": {"sugprice": 4531.472051282051, "profit": 218, "limit": 4089, "timest": 1699854674}, "\u2605 Broken Fang Gloves | Yellow-banded (Battle-Scarred)": {"sugprice": 6347.757799999999, "profit": 557, "limit": 5728, "timest": 1699906714}, "\u2605 Hydra Gloves | Mangrove (Well-Worn)": {"sugprice": 4543.044090909091, "profit": 335, "limit": 4100, "timest": 1699906782}, "\u2605 Shadow Daggers | Scorched (Field-Tested)": {"sugprice": 7107.075555555555, "profit": 365, "limit": 6414, "timest": 1699896496}, "StatTrak\u2122 M4A4 | Desolate Space (Battle-Scarred)": {"sugprice": 1274, "profit": 109, "limit": 1149, "timest": 1699906496}, "StatTrak\u2122 USP-S | Blueprint (Battle-Scarred)": {"sugprice": 1153, "profit": 122, "limit": 1040, "timest": 1699905630}, "StatTrak\u2122 P90 | Asiimov (Battle-Scarred)": {"sugprice": 1444.1179999999997, "profit": 141, "limit": 1303, "timest": 1699905604}, "\u2605 Bloodhound Gloves | Guerrilla (Battle-Scarred)": {"sugprice": 6096.3225, "profit": 402, "limit": 5501, "timest": 1699906694}, "\u2605 Hand Wraps | Desert Shamagh (Field-Tested)": {"sugprice": 4888.495588235293, "profit": 256, "limit": 4411, "timest": 1699906763}, "\u2605 Gut Knife | Forest DDPAT (Field-Tested)": {"sugprice": 7971.985555555555, "profit": 535, "limit": 7194, "timest": 1699906742}, "\u2605 Moto Gloves | Transport (Battle-Scarred)": {"sugprice": 5445, "profit": 272, "limit": 4914, "timest": 1699906796}, "USP-S | The Traitor (Minimal Wear)": {"sugprice": 1541.3813513513514, "profit": 133, "limit": 1391, "timest": 1699906682}, "USP-S | Printstream (Well-Worn)": {"sugprice": 2932.5460000000003, "profit": 304, "limit": 2646, "timest": 1699906666}, "\u2605 Driver Gloves | Racing Green (Field-Tested)": {"sugprice": 4253.8046938775515, "profit": 332, "limit": 3839, "timest": 1699906729}, "StatTrak\u2122 P90 | Trigon (Field-Tested)": {"sugprice": 1345.3533333333332, "profit": 103, "limit": 1214, "timest": 1699888362}, "\u2605 Hand Wraps | Duct Tape (Field-Tested)": {"sugprice": 5376.977142857142, "profit": 340, "limit": 4852, "timest": 1699906769}, "USP-S | Monster Mashup (Well-Worn)": {"sugprice": 1351.1051612903227, "profit": 104, "limit": 1219, "timest": 1699906646}, "\u2605 Broken Fang Gloves | Unhinged (Battle-Scarred)": {"sugprice": 4983.297209302325, "profit": 240, "limit": 4497, "timest": 1699903603}, "\u2605 Hand Wraps | Arboreal (Field-Tested)": {"sugprice": 6391, "profit": 473, "limit": 5767, "timest": 1699906752}, "StatTrak\u2122 M4A4 | Neo-Noir (Field-Tested)": {"sugprice": 1196.0309090909093, "profit": 105, "limit": 1079, "timest": 1699906508}, "USP-S | Kill Confirmed (Battle-Scarred)": {"sugprice": 3310.0061999999994, "profit": 194, "limit": 2987, "timest": 1699899645}, "USP-S | Kill Confirmed (Minimal Wear)": {"sugprice": 5684.456, "profit": 324, "limit": 5130, "timest": 1699876956}, "StatTrak\u2122 M4A4 | Cyber Security (Battle-Scarred)": {"sugprice": 1681, "profit": 142, "limit": 1517, "timest": 1699906490}, "USP-S | Serum (Field-Tested)": {"sugprice": 3387, "profit": 239, "limit": 3056, "timest": 1699906673}, "\u2605 Hand Wraps | Giraffe (Battle-Scarred)": {"sugprice": 6558.201666666665, "profit": 695, "limit": 5918, "timest": 1699906772}, "USP-S | Neo-Noir (Well-Worn)": {"sugprice": 1781, "profit": 128, "limit": 1607, "timest": 1699896862}, "\u2605 Survival Knife | Safari Mesh (Field-Tested)": {"sugprice": 8134.079166666666, "profit": 561, "limit": 7341, "timest": 1699906848}, "StatTrak\u2122 USP-S | Stainless (Battle-Scarred)": {"sugprice": 977.423125, "profit": 118, "limit": 882, "timest": 1699895309}, "\u2605 Hydra Gloves | Case Hardened (Field-Tested)": {"sugprice": 8761.564166666667, "profit": 815, "limit": 7907, "timest": 1699906777}, "\u2605 Gut Knife | Rust Coat (Battle-Scarred)": {"sugprice": 8218.021111111111, "profit": 807, "limit": 7416, "timest": 1699906744}, "\u2605 Moto Gloves | Smoke Out (Battle-Scarred)": {"sugprice": 7759, "profit": 743, "limit": 7002, "timest": 1699906793}, "USP-S | Serum (Minimal Wear)": {"sugprice": 3794.57625, "profit": 225, "limit": 3424, "timest": 1699887944},