{"USP-S | Kill Confirmed (Well-Worn)": {"sugprice": 2911.143541666667, "profit": 163, "limit": 2627, "timest": 1700818346}, "\u2605 Navaja Knife | Scorched (Field-Tested)": {"sugprice": 6727.983599999999, "profit": 419, "limit": 6072, "timest": 1700818523}, "\u2605 Driver Gloves | Racing Green (Battle-Scarred)": {"sugprice": 3608, "profit": 212, "limit": 3256, "timest": 1700818418}, "StatTrak\u2122 USP-S | The Traitor (Well-Worn)": {"sugprice": 1867.6136363636363, "profit": 100, "limit": 1685, "timest": 1700790464}, "\u2605 Broken Fang Gloves | Needle Point (Field-Tested)": {"sugprice": 5289.989230769231, "profit": 255, "limit": 4774, "timest": 1700810203}, "\u2605 Driver Gloves | Racing Green (Well-Worn)": {"sugprice": 3821.4475, "profit": 353, "limit": 3448, "timest": 1700818420}, "\u2605 Hand Wraps | Constrictor (Battle-Scarred)": {"sugprice": 4687, "profit": 302, "limit": 4230, "timest": 1700818446}, "\u2605 Hydra Gloves | Rattler (Field-Tested)": {"sugprice": 4024.395102040817, "profit": 223, "limit": 3632, "timest": 1700817557}, "\u2605 Navaja Knife | Forest DDPAT (Field-Tested)": {"sugprice": 6878.9000000000015, "profit": 407, "limit": 6208, "timest": 1700787185}, "\u2605 Navaja Knife | Safari Mesh (Field-Tested)": {"sugprice": 6860.286363636363, "profit": 326, "limit": 6191, "timest": 1700818521}, "\u2605 Shadow Daggers | Bright Water (Field-Tested)": {"sugprice": 7714.671875, "profit": 570, "limit": 6962, "timest": 1700818692}, "\u2605 Shadow Daggers | Rust Coat (Battle-Scarred)": {"sugprice": 6735.00111111111, "profit": 398, "limit": 6078, "timest": 1700791297}, "\u2605 Broken Fang Gloves | Yellow-banded (Field-Tested)": {"sugprice": 6394.6964285714275, "profit": 459, "limit": 5771, "timest": 1700812702}, "\u2605 Hydra Gloves | Mangrove (Battle-Scarred)": {"sugprice": 3848.3613333333333, "profit": 285, "limit": 3473, "timest": 1700818471}, "\u2605 Hydra Gloves | Mangrove (Well-Worn)": {"sugprice": 4273.7522222222215, "profit": 390, "limit": 3857, "timest": 1700817553}, "StatTrak\u2122 P90 | Asiimov (Battle-Scarred)": {"sugprice": 1512.9268421052627, "profit": 184, "limit": 1365, "timest": 1700818124}, "\u2605 Hand Wraps | Desert Shamagh (Field-Tested)": {"sugprice": 4826.114545454544, "profit": 463, "limit": 4355, "timest": 1700818453}, "\u2605 Moto Gloves | Transport (Battle-Scarred)": {"sugprice": 5150.701666666666, "profit": 245, "limit": 4648, "timest": 1700807106}, "USP-S | The Traitor (Minimal Wear)": {"sugprice": 1331.5032142857142, "profit": 125, "limit": 1201, "timest": 1700818384}, "USP-S | Printstream (Well-Worn)": {"sugprice": 2455.1835, "profit": 167, "limit": 2215, "timest": 1700818372}, "\u2605 Hand Wraps | Duct Tape (Field-Tested)": {"sugprice": 5182.9670588235285, "profit": 323, "limit": 4677, "timest": 1700818459}, "\u2605 Broken Fang Gloves | Unhinged (Battle-Scarred)": {"sugprice": 5042.488529411765, "profit": 411, "limit": 4550, "timest": 1700818402}, "\u2605 Hand Wraps | Arboreal (Field-Tested)": {"sugprice": 5686.246111111111, "profit": 696, "limit": 5131, "timest": 1700818444}, "USP-S | Kill Confirmed (Battle-Scarred)": {"sugprice": 2816, "profit": 164, "limit": 2541, "timest": 1700818342}, "USP-S | Serum (Field-Tested)": {"sugprice": 3306.429285714286, "profit": 239, "limit": 2984, "timest": 1700757613}, "\u2605 Hand Wraps | Giraffe (Battle-Scarred)": {"sugprice": 5749.064090909092, "profit": 400, "limit": 5188, "timest": 1700818461}, "USP-S | Neo-Noir (Well-Worn)": {"sugprice": 1372.6404761904766, "profit": 139, "limit": 1238, "timest": 1700818356}, "\u2605 Gut Knife | Rust Coat (Battle-Scarred)": {"sugprice": 7568.858499999999, "profit": 363, "limit": 6830, "timest": 1700818437}, "\u2605 Moto Gloves | Smoke Out (Battle-Scarred)": {"sugprice": 6775.8358333333335, "profit": 502, "limit": 6115, "timest": 1700818500}, "\u2605 Hydra Gloves | Rattler (Battle-Scarred)": {"sugprice": 3910, "profit": 263, "limit": 3528, "timest": 1700818477}, "StatTrak\u2122 SSG 08 | Dragonfire (Field-Tested)": {"sugprice": 3040.8854285714287, "profit": 247, "limit": 2744, "timest": 1700816996}, "\u2605 Broken Fang Gloves | Jade (Battle-Scarred)": {"sugprice": 7152.49590909091, "profit": 447, "limit": 6455, "timest": 1700818392}, "\u2605 Hydra Gloves | Rattler (Well-Worn)": {"sugprice": 4823.91375, "profit": 586, "limit": 4353, "timest": 1700818481}, "StatTrak\u2122 USP-S | Neo-Noir (Field-Tested)": {"sugprice": 3046.0457142857144, "profit": 261, "limit": 2749, "timest": 1700818299}, "\u2605 Bloodhound Gloves | Guerrilla (Field-Tested)": {"sugprice": 6030.6325, "profit": 339, "limit": 5442, "timest": 1700818390}, "\u2605 Gut Knife | Boreal Forest (Field-Tested)": {"sugprice": 7063.97, "profit": 528, "limit": 6375, "timest": 1700798141}, "\u2605 Gut Knife | Bright Water (Field-Tested)": {"sugprice": 7846.317, "profit": 709, "limit": 7081, "timest": 1700818430}, "\u2605 Gut Knife | Safari Mesh (Field-Tested)": {"sugprice": 7211.416111111111, "profit": 467, "limit": 6508, "timest": 1700818438}, "\u2605 Hand Wraps | Constrictor (Field-Tested)": {"sugprice": 4908.85761904762, "profit": 364, "limit": 4430, "timest": 1700818448}, "\u2605 Hand Wraps | Desert Shamagh (Well-Worn)": {"sugprice": 4610.975, "profit": 578, "limit": 4161, "timest": 1700818455}, "\u2605 Navaja Knife | Night Stripe (Field-Tested)": {"sugprice": 6717.306774193547, "profit": 468, "limit": 6062, "timest": 1700818518}, "\u2605 Navaja Knife | Tiger Tooth (Factory New)": {"sugprice": 11320.09181818182, "profit": 743, "limit": 10216, "timest": 1700818632}, "\u2605 Navaja Knife | Urban Masked (Field-Tested)": {"sugprice": 6699.859285714287, "profit": 364, "limit": 6046, "timest": 1700818639}, "\u2605 Survival Knife | Forest DDPAT (Field-Tested)": {"sugprice": 7706.384666666668, "profit": 374, "limit": 6955, "timest": 1700818824}, "\u2605 Survival Knife | Scorched (Field-Tested)": {"sugprice": 7425, "profit": 753, "limit": 6701, "timest": 1700818834}, "\u2605 Moto Gloves | 3rd Commando Company (Field-Tested)": {"sugprice": 5719.2396874999995, "profit": 372, "limit": 5161, "timest": 1700818483}, "StatTrak\u2122 USP-S | Neo-Noir (Battle-Scarred)": {"sugprice": 3068.7497560975617, "profit": 325, "limit": 2769, "timest": 1700818297}, "UMP-45 | Blaze (Factory New)": {"sugprice": 1414, "profit": 100, "limit": 1276, "timest": 1700744514}, "StatTrak\u2122 USP-S | The Traitor (Battle-Scarred)": {"sugprice": 1829.3625999999997, "profit": 196, "limit": 1650, "timest": 1700818305}, "\u2605 Driver Gloves | Convoy (Battle-Scarred)": {"sugprice": 6243.495555555554, "profit": 700, "limit": 5634, "timest": 1700818410}, "USP-S | Neo-Noir (Minimal Wear)": {"sugprice": 1497.5960975609755, "profit": 157, "limit": 1351, "timest": 1700818354}, "USP-S | Kill Confirmed (Field-Tested)": {"sugprice": 3124.6825, "profit": 188, "limit": 2820, "timest": 1700818344}, "\u2605 Driver Gloves | Queen Jaguar (Battle-Scarred)": {"sugprice": 5239.313720930231, "profit": 259, "limit": 4728, "timest": 1700818416}, "\u2605 Hand Wraps | Desert Shamagh (Battle-Scarred)": {"sugprice": 4934.716315789473, "profit": 420, "limit": 4453, "timest": 1700818451}, "\u2605 Shadow Daggers | Freehand (Field-Tested)": {"sugprice": 8364, "profit": 595, "limit": 7548, "timest": 1700818740}, "USP-S | Monster Mashup (Battle-Scarred)": {"sugprice": 1178.7846808510635, "profit": 127, "limit": 1063, "timest": 1700818348}, "USP-S | Neo-Noir (Factory New)": {"sugprice": 2926.051176470588, "profit": 278, "limit": 2640, "timest": 1700818352}, "\u2605 Specialist Gloves | Buckshot (Battle-Scarred)": {"sugprice": 5073.7674074074075, "profit": 459, "limit": 4579, "timest": 1700818773}, "USP-S | Orion (Minimal Wear)": {"sugprice": 4040.123695652175, "profit": 357, "limit": 3646, "timest": 1700814546}, "USP-S | Caiman (Field-Tested)": {"sugprice": 3069, "profit": 225, "limit": 2769, "timest": 1700818338}, "\u2605 Sport Gloves | Bronze Morph (Battle-Scarred)": {"sugprice": 9932.226153846155, "profit": 473, "limit": 8963, "timest": 1700811974},