{"StatTrak\u2122 USP-S | Neo-Noir (Battle-Scarred)": {"sugprice": 2967.69625, "profit": 175, "limit": 2678, "timest": 1703508166}, "StatTrak\u2122 USP-S | Neo-Noir (Field-Tested)": {"sugprice": 3113.408421052631, "profit": 201, "limit": 2809, "timest": 1703508168}, "StatTrak\u2122 USP-S | The Traitor (Battle-Scarred)": {"sugprice": 2065.240434782608, "profit": 100, "limit": 1863, "timest": 1703508174}, "Tec-9 | Nuclear Threat (Battle-Scarred)": {"sugprice": 3260.757777777778, "profit": 162, "limit": 2942, "timest": 1703492957}, "USP-S | Kill Confirmed (Well-Worn)": {"sugprice": 3060.1686666666665, "profit": 165, "limit": 2761, "timest": 1703508213}, "USP-S | Neo-Noir (Factory New)": {"sugprice": 3107.766666666667, "profit": 212, "limit": 2804, "timest": 1703508217}, "\u2605 Broken Fang Gloves | Yellow-banded (Battle-Scarred)": {"sugprice": 6227.3742, "profit": 351, "limit": 5620, "timest": 1703507252}, "\u2605 Driver Gloves | Convoy (Field-Tested)": {"sugprice": 6343, "profit": 325, "limit": 5724, "timest": 1703508286}, "\u2605 Hand Wraps | Arboreal (Field-Tested)": {"sugprice": 5790.296315789474, "profit": 301, "limit": 5225, "timest": 1703440775}, "\u2605 Hand Wraps | Badlands (Battle-Scarred)": {"sugprice": 7385.836666666665, "profit": 576, "limit": 6665, "timest": 1703508326}, "\u2605 Hydra Gloves | Mangrove (Field-Tested)": {"sugprice": 3976.912600000002, "profit": 233, "limit": 3589, "timest": 1703508367}, "\u2605 Moto Gloves | Smoke Out (Battle-Scarred)": {"sugprice": 6887.004399999998, "profit": 389, "limit": 6215, "timest": 1703508406}, "\u2605 Moto Gloves | Transport (Field-Tested)": {"sugprice": 5559.123684210526, "profit": 325, "limit": 5017, "timest": 1703508411}, "\u2605 Navaja Knife | Scorched (Field-Tested)": {"sugprice": 6943.250333333334, "profit": 367, "limit": 6266, "timest": 1703508429}, "\u2605 Navaja Knife | Urban Masked (Field-Tested)": {"sugprice": 6854.799999999999, "profit": 342, "limit": 6186, "timest": 1703466419}, "\u2605 Shadow Daggers | Freehand (Field-Tested)": {"sugprice": 9114.890526315792, "profit": 587, "limit": 8226, "timest": 1703508463}, "StatTrak\u2122 M4A4 | X-Ray (Minimal Wear)": {"sugprice": 4546.246, "profit": 247, "limit": 4102, "timest": 1703508068}, "\u2605 Hydra Gloves | Rattler (Field-Tested)": {"sugprice": 4083.5345999999995, "profit": 244, "limit": 3685, "timest": 1703508375}, "\u2605 Driver Gloves | Racing Green (Field-Tested)": {"sugprice": 3767.2202127659575, "profit": 208, "limit": 3399, "timest": 1703508297}, "\u2605 Hydra Gloves | Mangrove (Well-Worn)": {"sugprice": 4352.6875675675665, "profit": 207, "limit": 3928, "timest": 1703438165}, "\u2605 Shadow Daggers | Boreal Forest (Field-Tested)": {"sugprice": 7005.825833333333, "profit": 416, "limit": 6322, "timest": 1703508454}, "\u2605 Bloodhound Gloves | Bronzed (Field-Tested)": {"sugprice": 6071, "profit": 477, "limit": 5479, "timest": 1703505870}, "StatTrak\u2122 USP-S | Monster Mashup (Battle-Scarred)": {"sugprice": 1882.9916666666668, "profit": 137, "limit": 1699, "timest": 1703508161}, "StatTrak\u2122 P250 | Muertos (Field-Tested)": {"sugprice": 1064.3455999999999, "profit": 101, "limit": 960, "timest": 1703467078}, "\u2605 Shadow Daggers | Damascus Steel (Field-Tested)": {"sugprice": 7901, "profit": 453, "limit": 7130, "timest": 1703428700}, "StatTrak\u2122 USP-S | The Traitor (Well-Worn)": {"sugprice": 2114.0177777777776, "profit": 110, "limit": 1907, "timest": 1703508176}, "\u2605 Hydra Gloves | Mangrove (Battle-Scarred)": {"sugprice": 3929.6785999999997, "profit": 248, "limit": 3546, "timest": 1703508366}, "StatTrak\u2122 USP-S | Stainless (Battle-Scarred)": {"sugprice": 1121.5913636363634, "profit": 102, "limit": 1012, "timest": 1703508172}, "USP-S | Printstream (Field-Tested)": {"sugprice": 2684.375833333333, "profit": 129, "limit": 2422, "timest": 1703506685}, "\u2605 Hand Wraps | Arboreal (Battle-Scarred)": {"sugprice": 5301.369555555556, "profit": 365, "limit": 4784, "timest": 1703499070}, "\u2605 Shadow Daggers | Forest DDPAT (Field-Tested)": {"sugprice": 7124.589565217391, "profit": 416, "limit": 6429, "timest": 1703508460}, "\u2605 Hand Wraps | Duct Tape (Battle-Scarred)": {"sugprice": 5082.338222222221, "profit": 253, "limit": 4586, "timest": 1703508342}, "\u2605 Broken Fang Gloves | Yellow-banded (Field-Tested)": {"sugprice": 6283.021739130436, "profit": 562, "limit": 5670, "timest": 1703440685}, "\u2605 Bloodhound Gloves | Snakebite (Battle-Scarred)": {"sugprice": 6312.5363636363645, "profit": 503, "limit": 5697, "timest": 1703502441}, "USP-S | Printstream (Minimal Wear)": {"sugprice": 4387.792272727272, "profit": 221, "limit": 3959, "timest": 1703508240}, "\u2605 Huntsman Knife | Ultraviolet (Field-Tested)": {"sugprice": 9996.918999999998, "profit": 520, "limit": 9022, "timest": 1703506827}, "\u2605 Navaja Knife | Ultraviolet (Battle-Scarred)": {"sugprice": 7079.393529411765, "profit": 440, "limit": 6389, "timest": 1703497472}, "USP-S | Neo-Noir (Well-Worn)": {"sugprice": 1331.8355999999997, "profit": 107, "limit": 1201, "timest": 1703461108}, "\u2605 Hydra Gloves | Rattler (Well-Worn)": {"sugprice": 4560.922333333334, "profit": 221, "limit": 4116, "timest": 1703508377}, "\u2605 Falchion Knife | Ultraviolet (Battle-Scarred)": {"sugprice": 9810.06695652174, "profit": 514, "limit": 8853, "timest": 1703508306}, "\u2605 Navaja Knife | Safari Mesh (Field-Tested)": {"sugprice": 7007.459199999998, "profit": 385, "limit": 6324, "timest": 1703508427}, "StatTrak\u2122 Tec-9 | Decimator (Battle-Scarred)": {"sugprice": 1992.5933333333332, "profit": 120, "limit": 1798, "timest": 1703496612}, "\u2605 Moto Gloves | Finish Line (Battle-Scarred)": {"sugprice": 6905.511851851851, "profit": 459, "limit": 6232, "timest": 1703508396}, "\u2605 Shadow Daggers | Bright Water (Field-Tested)": {"sugprice": 7551.689047619045, "profit": 476, "limit": 6815, "timest": 1703508456}, "\u2605 Moto Gloves | Turtle (Battle-Scarred)": {"sugprice": 7633.945789473686, "profit": 497, "limit": 6889, "timest": 1703478098}, "\u2605 Navaja Knife | Stained (Well-Worn)": {"sugprice": 7011.23125, "profit": 497, "limit": 6327, "timest": 1703500961}, "\u2605 Bowie Knife | Rust Coat (Battle-Scarred)": {"sugprice": 7934.67875, "profit": 438, "limit": 7161, "timest": 1703507238}, "StatTrak\u2122 USP-S | Monster Mashup (Field-Tested)": {"sugprice": 1946.9005555555555, "profit": 144, "limit": 1757, "timest": 1703508164}, "\u2605 Paracord Knife | Forest DDPAT (Field-Tested)": {"sugprice": 8088.959090909091, "profit": 430, "limit": 7300, "timest": 1703508444}, "\u2605 Survival Knife | Boreal Forest (Field-Tested)": {"sugprice": 7496.15846153846, "profit": 428, "limit": 6765, "timest": 1703508485}, "\u2605 Navaja Knife | Night Stripe (Field-Tested)": {"sugprice": 7021.268695652174, "profit": 446, "limit": 6336, "timest": 1703508419}, "\u2605 Shadow Daggers | Rust Coat (Battle-Scarred)": {"sugprice": 6830.195799999999, "profit": 338, "limit": 6164, "timest": 1703454477}, "\u2605 Hydra Gloves | Emerald (Well-Worn)": {"sugprice": 4599, "profit": 219, "limit": 4150, "timest": 1703508363}, "\u2605 Moto Gloves | Boom! (Battle-Scarred)": {"sugprice": 7439.57, "profit": 417, "limit": 6714, "timest": 1703508391}, "\u2605 Specialist Gloves | Fade (Battle-Scarred)": {"sugprice": 14870.5565, "profit": 818, "limit": 13420, "timest": 1703508475}, "USP-S | Para Green (Battle-Scarred)": {"sugprice": 667.805, "profit": 144, "limit": 602, "timest": 1703501296}, "\u2605 Shadow Daggers | Ultraviolet (Battle-Scarred)": {"sugprice": 7812.19619047619, "profit": 372, "limit": 7050, "timest": 1703482765}, "USP-S | Orion (Field-Tested)": {"sugprice": 3988.015263157896, "profit": 224, "limit": 3599, "timest": 1703451449}, "USP-S | Kill Confirmed (Battle-Scarred)": {"sugprice": 3049.8730000000005, "profit": 186, "limit": 2752, "timest": 1703491856}, "Vypa Sista of the Revolution | Guerrilla Warfare": {"sugprice": 1747.8053333333335, "profit": 100, "limit": 1577, "timest": 1703442432},