{"StatTrak\u2122 SSG 08 | Dragonfire (Field-Tested)": {"sugprice": 2613.7767500000004, "profit": 125, "limit": 2358, "timest": 1707170232}, "StatTrak\u2122 USP-S | Monster Mashup (Battle-Scarred)": {"sugprice": 1697.0838095238096, "profit": 165, "limit": 1531, "timest": 1707226923}, "\u2605 Falchion Knife | Black Laminate (Well-Worn)": {"sugprice": 9370.85909090909, "profit": 490, "limit": 8457, "timest": 1707214543}, "\u2605 Shadow Daggers | Scorched (Field-Tested)": {"sugprice": 6289.064210526317, "profit": 321, "limit": 5675, "timest": 1707159301}, "StatTrak\u2122 USP-S | Caiman (Field-Tested)": {"sugprice": 5183.405555555557, "profit": 390, "limit": 4678, "timest": 1707226904}, "StatTrak\u2122 USP-S | Overgrowth (Field-Tested)": {"sugprice": 4263.624166666667, "profit": 379, "limit": 3847, "timest": 1707226933}, "\u2605 Gut Knife | Doppler (Factory New)": {"sugprice": 15718.850909090908, "profit": 802, "limit": 14186, "timest": 1707157649}, "\u2605 Navaja Knife | Doppler (Factory New)": {"sugprice": 16327.995384615384, "profit": 899, "limit": 14736, "timest": 1707196142}, "\u2605 Paracord Knife | Boreal Forest (Field-Tested)": {"sugprice": 7779.084545454545, "profit": 499, "limit": 7020, "timest": 1707227310}, "USP-S | Kill Confirmed (Battle-Scarred)": {"sugprice": 2734.6056, "profit": 134, "limit": 2467, "timest": 1707206296}, "\u2605 Paracord Knife | Scorched (Field-Tested)": {"sugprice": 7231.790000000001, "profit": 438, "limit": 6526, "timest": 1707227319}, "\u2605 Hand Wraps | Spruce DDPAT (Battle-Scarred)": {"sugprice": 6729.044, "profit": 388, "limit": 6072, "timest": 1707155095}, "\u2605 Stiletto Knife | Ultraviolet (Battle-Scarred)": {"sugprice": 15249.491999999998, "profit": 1084, "limit": 13762, "timest": 1707227399}, "\u2605 Navaja Knife | Stained (Battle-Scarred)": {"sugprice": 6689.6720000000005, "profit": 352, "limit": 6037, "timest": 1707224378}, "USP-S | Purple DDPAT (Factory New)": {"sugprice": 1236.3500000000004, "profit": 102, "limit": 1115, "timest": 1707146265}, "\u2605 Gut Knife | Freehand (Field-Tested)": {"sugprice": 8028.1161111111105, "profit": 390, "limit": 7245, "timest": 1707165665}, "\u2605 Shadow Daggers | Autotronic (Battle-Scarred)": {"sugprice": 8135.014, "profit": 398, "limit": 7341, "timest": 1707227326}, "USP-S | Printstream (Well-Worn)": {"sugprice": 2386.178780487806, "profit": 138, "limit": 2153, "timest": 1707227025}, "\u2605 Bowie Knife | Tiger Tooth (Factory New)": {"sugprice": 20594.502, "profit": 994, "limit": 18586, "timest": 1707160339}, "\u2605 Hydra Gloves | Mangrove (Field-Tested)": {"sugprice": 3776.597021276595, "profit": 182, "limit": 3408, "timest": 1707199631}, "StatTrak\u2122 MP7 | Bloodsport (Factory New)": {"sugprice": 1206, "profit": 100, "limit": 1088, "timest": 1707226799}, "\u2605 Moto Gloves | 3rd Commando Company (Well-Worn)": {"sugprice": 5039.388333333333, "profit": 242, "limit": 4548, "timest": 1707198300}, "StatTrak\u2122 P2000 | Imperial Dragon (Field-Tested)": {"sugprice": 613.8627999999999, "profit": 103, "limit": 554, "timest": 1707157357}, "\u2605 Hand Wraps | Duct Tape (Well-Worn)": {"sugprice": 4980.705, "profit": 237, "limit": 4495, "timest": 1707208656}, "StatTrak\u2122 USP-S | The Traitor (Battle-Scarred)": {"sugprice": 2303.6000000000004, "profit": 171, "limit": 2078, "timest": 1707226945}, "StatTrak\u2122 USP-S | The Traitor (Well-Worn)": {"sugprice": 2326.4436956521745, "profit": 128, "limit": 2099, "timest": 1707226948}, "USP-S | Neo-Noir (Factory New)": {"sugprice": 2924.459166666666, "profit": 164, "limit": 2639, "timest": 1707227007}, "\u2605 Broken Fang Gloves | Needle Point (Well-Worn)": {"sugprice": 4419.798, "profit": 218, "limit": 3988, "timest": 1707227074}, "\u2605 Hand Wraps | Constrictor (Battle-Scarred)": {"sugprice": 4516.327499999999, "profit": 218, "limit": 4075, "timest": 1707145720}, "\u2605 Specialist Gloves | Fade (Battle-Scarred)": {"sugprice": 14283.564545454545, "profit": 808, "limit": 12890, "timest": 1707195204}, "StatTrak\u2122 USP-S | Neo-Noir (Field-Tested)": {"sugprice": 2847, "profit": 156, "limit": 2569, "timest": 1707219725}, "\u2605 Hand Wraps | Arboreal (Field-Tested)": {"sugprice": 5720.556500000001, "profit": 294, "limit": 5162, "timest": 1707208633}, "\u2605 Driver Gloves | Queen Jaguar (Well-Worn)": {"sugprice": 5298.583333333333, "profit": 293, "limit": 4781, "timest": 1707157619}, "\u2605 Driver Gloves | Queen Jaguar (Field-Tested)": {"sugprice": 5504.825454545455, "profit": 275, "limit": 4968, "timest": 1707202250}, "\u2605 Moto Gloves | Smoke Out (Battle-Scarred)": {"sugprice": 7102.460909090908, "profit": 574, "limit": 6409, "timest": 1707217610}, "\u2605 Survival Knife | Case Hardened (Battle-Scarred)": {"sugprice": 14145.043749999999, "profit": 812, "limit": 12765, "timest": 1707227403}, "\u2605 Hydra Gloves | Rattler (Battle-Scarred)": {"sugprice": 3845.6025531914884, "profit": 186, "limit": 3470, "timest": 1707227242}, "\u2605 Specialist Gloves | Field Agent (Battle-Scarred)": {"sugprice": 10227.53923076923, "profit": 543, "limit": 9230, "timest": 1707162757}, "\u2605 Shadow Daggers | Ultraviolet (Battle-Scarred)": {"sugprice": 7489.7528571428575, "profit": 387, "limit": 6759, "timest": 1707227355}, "\u2605 Navaja Knife | Crimson Web (Battle-Scarred)": {"sugprice": 7703, "profit": 377, "limit": 6951, "timest": 1707213504}, "StatTrak\u2122 P90 | Asiimov (Battle-Scarred)": {"sugprice": 1247.6490625000001, "profit": 103, "limit": 1126, "timest": 1707141360}, "\u2605 Ursus Knife | Ultraviolet (Battle-Scarred)": {"sugprice": 10331.39736842105, "profit": 504, "limit": 9324, "timest": 1707216565}, "StatTrak\u2122 USP-S | Neo-Noir (Battle-Scarred)": {"sugprice": 2772, "profit": 169, "limit": 2501, "timest": 1707226925}, "USP-S | Neo-Noir (Minimal Wear)": {"sugprice": 1704, "profit": 101, "limit": 1537, "timest": 1707150247}, "USP-S | Monster Mashup (Minimal Wear)": {"sugprice": 1988.2213333333332, "profit": 116, "limit": 1794, "timest": 1707222047}, "\u2605 Falchion Knife | Ultraviolet (Field-Tested)": {"sugprice": 9530.01333333333, "profit": 462, "limit": 8600, "timest": 1707154321}, "\u2605 Broken Fang Gloves | Needle Point (Field-Tested)": {"sugprice": 4559.097058823529, "profit": 222, "limit": 4114, "timest": 1707167822}, "\u2605 Hydra Gloves | Rattler (Well-Worn)": {"sugprice": 3974.6043333333346, "profit": 189, "limit": 3587, "timest": 1707224353}, "\u2605 Driver Gloves | Overtake (Battle-Scarred)": {"sugprice": 5291.613125000001, "profit": 291, "limit": 4775, "timest": 1707164147}, "\u2605 Hand Wraps | Desert Shamagh (Field-Tested)": {"sugprice": 4467.638139534884, "profit": 214, "limit": 4032, "timest": 1707166486}, "\u2605 Driver Gloves | Rezan the Red (Battle-Scarred)": {"sugprice": 5891.853793103449, "profit": 293, "limit": 5317, "timest": 1707167860}, "\u2605 Shadow Daggers | Damascus Steel (Field-Tested)": {"sugprice": 7266.935454545454, "profit": 347, "limit": 6558, "timest": 1707176156}, "\u2605 Gut Knife | Tiger Tooth (Factory New)": {"sugprice": 13053.72, "profit": 666, "limit": 11780, "timest": 1707221001}, "USP-S | Kill Confirmed (Well-Worn)": {"sugprice": 2807.619200000001, "profit": 134, "limit": 2533, "timest": 1707224649}, "\u2605 Huntsman Knife | Lore (Battle-Scarred)": {"sugprice": 13384.814545454545, "profit": 650, "limit": 12079, "timest": 1707205160}, "\u2605 Moto Gloves | 3rd Commando Company (Battle-Scarred)": {"sugprice": 4576, "profit": 232, "limit": 4129, "timest": 1707214049}, "\u2605 Hand Wraps | Constrictor (Field-Tested)": {"sugprice": 4823.718000000001, "profit": 279, "limit": 4353, "timest": 1707198841}, "\u2605 Broken Fang Gloves | Jade (Battle-Scarred)": {"sugprice": 7142.139444444444, "profit": 346, "limit": 6445, "timest": 1707207117}, "\u2605 Gut Knife | Bright Water (Field-Tested)": {"sugprice": 7983.371000000001, "profit": 557, "limit": 7204, "timest": 1707202293}, "StatTrak\u2122 USP-S | Printstream (Battle-Scarred)": {"sugprice": 4244.767954545454, "profit": 204, "limit": 3830,