{"StatTrak\u2122 M4A4 | The Emperor (Battle-Scarred)": {"sugprice": 2573, "profit": 134, "limit": 2322, "timest": 1702806562}, "StatTrak\u2122 M4A4 | \u9f8d\u738b (Dragon King) (Field-Tested)": {"sugprice": 1548.608888888889, "profit": 149, "limit": 1397, "timest": 1702806574}, "StatTrak\u2122 MAC-10 | Toybox (Battle-Scarred)": {"sugprice": 570.17375, "profit": 100, "limit": 514, "timest": 1702793409}, "StatTrak\u2122 MP7 | Bloodsport (Factory New)": {"sugprice": 1382.0094444444444, "profit": 147, "limit": 1247, "timest": 1702806651}, "StatTrak\u2122 MP9 | Hypnotic (Factory New)": {"sugprice": 3486.269318181819, "profit": 391, "limit": 3146, "timest": 1702806665}, "StatTrak\u2122 P90 | Asiimov (Battle-Scarred)": {"sugprice": 1492.737333333333, "profit": 158, "limit": 1347, "timest": 1702806687}, "StatTrak\u2122 PP-Bizon | Judgement of Anubis (Field-Tested)": {"sugprice": 1003.1923333333333, "profit": 114, "limit": 905, "timest": 1702806691}, "StatTrak\u2122 SSG 08 | Bloodshot (Field-Tested)": {"sugprice": 1988.9272222222219, "profit": 124, "limit": 1795, "timest": 1702806697}, "StatTrak\u2122 Tec-9 | Decimator (Battle-Scarred)": {"sugprice": 1919.15625, "profit": 150, "limit": 1732, "timest": 1702806708}, "StatTrak\u2122 USP-S | Neo-Noir (Battle-Scarred)": {"sugprice": 3066.9339393939395, "profit": 231, "limit": 2767, "timest": 1702806726}, "StatTrak\u2122 USP-S | Neo-Noir (Field-Tested)": {"sugprice": 3142.9631034482754, "profit": 220, "limit": 2836, "timest": 1702806728}, "StatTrak\u2122 USP-S | The Traitor (Battle-Scarred)": {"sugprice": 2111.4296000000004, "profit": 140, "limit": 1905, "timest": 1702806734}, "Tec-9 | Nuclear Threat (Battle-Scarred)": {"sugprice": 3455.6114285714284, "profit": 429, "limit": 3118, "timest": 1702806740}, "USP-S | Kill Confirmed (Battle-Scarred)": {"sugprice": 3123.3526000000006, "profit": 222, "limit": 2818, "timest": 1702800437}, "USP-S | Kill Confirmed (Well-Worn)": {"sugprice": 3115.977826086956, "profit": 180, "limit": 2812, "timest": 1702760258}, "USP-S | Neo-Noir (Factory New)": {"sugprice": 3185.276, "profit": 162, "limit": 2874, "timest": 1702806775}, "USP-S | The Traitor (Minimal Wear)": {"sugprice": 1428.062, "profit": 106, "limit": 1288, "timest": 1702792612}, "\u2605 Bloodhound Gloves | Bronzed (Battle-Scarred)": {"sugprice": 6357.793333333332, "profit": 407, "limit": 5737, "timest": 1702782834}, "\u2605 Bloodhound Gloves | Guerrilla (Battle-Scarred)": {"sugprice": 6091.83260869565, "profit": 339, "limit": 5497, "timest": 1702806814}, "\u2605 Broken Fang Gloves | Needle Point (Battle-Scarred)": {"sugprice": 4953.958260869565, "profit": 240, "limit": 4470, "timest": 1702800945}, "\u2605 Broken Fang Gloves | Needle Point (Well-Worn)": {"sugprice": 5020.9655555555555, "profit": 269, "limit": 4531, "timest": 1702806831}, "\u2605 Broken Fang Gloves | Yellow-banded (Battle-Scarred)": {"sugprice": 6136.382195121952, "profit": 349, "limit": 5538, "timest": 1702805776}, "\u2605 Broken Fang Gloves | Yellow-banded (Field-Tested)": {"sugprice": 6248.705625, "profit": 301, "limit": 5639, "timest": 1702750691}, "\u2605 Driver Gloves | Convoy (Field-Tested)": {"sugprice": 6209.464, "profit": 312, "limit": 5604, "timest": 1702806841}, "\u2605 Driver Gloves | Diamondback (Battle-Scarred)": {"sugprice": 6751.648000000001, "profit": 481, "limit": 6093, "timest": 1702806843}, "\u2605 Driver Gloves | Queen Jaguar (Battle-Scarred)": {"sugprice": 5378, "profit": 271, "limit": 4853, "timest": 1702805788}, "\u2605 Falchion Knife | Rust Coat (Battle-Scarred)": {"sugprice": 8518.761818181818, "profit": 414, "limit": 7688, "timest": 1702806860}, "\u2605 Falchion Knife | Ultraviolet (Battle-Scarred)": {"sugprice": 9875, "profit": 609, "limit": 8912, "timest": 1702806862}, "\u2605 Gut Knife | Bright Water (Field-Tested)": {"sugprice": 8769.627222222223, "profit": 595, "limit": 7914, "timest": 1702806866}, "\u2605 Hand Wraps | Arboreal (Field-Tested)": {"sugprice": 5916.178695652175, "profit": 347, "limit": 5339, "timest": 1702775654}, "\u2605 Hand Wraps | Badlands (Battle-Scarred)": {"sugprice": 7249.3436363636365, "profit": 786, "limit": 6542, "timest": 1702800036}, "\u2605 Hand Wraps | Desert Shamagh (Battle-Scarred)": {"sugprice": 5082.526599999999, "profit": 326, "limit": 4586, "timest": 1702806889}, "\u2605 Hand Wraps | Giraffe (Battle-Scarred)": {"sugprice": 5435, "profit": 261, "limit": 4905, "timest": 1702744914}, "\u2605 Huntsman Knife | Ultraviolet (Field-Tested)": {"sugprice": 9812.248235294117, "profit": 499, "limit": 8855, "timest": 1702806907}, "\u2605 Hydra Gloves | Case Hardened (Battle-Scarred)": {"sugprice": 7251, "profit": 364, "limit": 6544, "timest": 1702806909}, "\u2605 Hydra Gloves | Mangrove (Field-Tested)": {"sugprice": 4012.8341463414636, "profit": 200, "limit": 3621, "timest": 1702806919}, "\u2605 Hydra Gloves | Rattler (Battle-Scarred)": {"sugprice": 4103.978636363636, "profit": 248, "limit": 3703, "timest": 1702760408}, "\u2605 Moto Gloves | 3rd Commando Company (Battle-Scarred)": {"sugprice": 5019.415, "profit": 265, "limit": 4530, "timest": 1702806928}, "\u2605 Moto Gloves | Boom! (Battle-Scarred)": {"sugprice": 7111.07, "profit": 653, "limit": 6417, "timest": 1702806934}, "\u2605 Moto Gloves | Finish Line (Battle-Scarred)": {"sugprice": 7389.204761904763, "profit": 353, "limit": 6668, "timest": 1702744470}, "\u2605 Moto Gloves | POW! (Battle-Scarred)": {"sugprice": 8258.653333333332, "profit": 417, "limit": 7453, "timest": 1702739313}, "\u2605 Moto Gloves | Smoke Out (Battle-Scarred)": {"sugprice": 7264.453235294119, "profit": 478, "limit": 6556, "timest": 1702806944}, "\u2605 Moto Gloves | Transport (Field-Tested)": {"sugprice": 5664.252857142857, "profit": 321, "limit": 5111, "timest": 1702805888}, "\u2605 Navaja Knife | Marble Fade (Factory New)": {"sugprice": 14840.719999999998, "profit": 803, "limit": 13393, "timest": 1702732369}, "\u2605 Navaja Knife | Night Stripe (Field-Tested)": {"sugprice": 7037.7964, "profit": 447, "limit": 6351, "timest": 1702806954}, "\u2605 Navaja Knife | Rust Coat (Battle-Scarred)": {"sugprice": 6812.320370370371, "profit": 359, "limit": 6148, "timest": 1702806955}, "\u2605 Navaja Knife | Safari Mesh (Battle-Scarred)": {"sugprice": 6791.5275, "profit": 397, "limit": 6129, "timest": 1702806956}, "\u2605 Navaja Knife | Scorched (Field-Tested)": {"sugprice": 7002.768571428572, "profit": 560, "limit": 6319, "timest": 1702806959}, "\u2605 Navaja Knife | Ultraviolet (Field-Tested)": {"sugprice": 7426.835789473685, "profit": 366, "limit": 6702, "timest": 1702806968}, "\u2605 Navaja Knife | Urban Masked (Field-Tested)": {"sugprice": 6920.368636363637, "profit": 366, "limit": 6245, "timest": 1702806969}, "\u2605 Paracord Knife | Forest DDPAT (Field-Tested)": {"sugprice": 8375.605937499999, "profit": 586, "limit": 7558, "timest": 1702779125}, "\u2605 Paracord Knife | Scorched (Field-Tested)": {"sugprice": 7670.88105263158, "profit": 547, "limit": 6922, "timest": 1702792783}, "\u2605 Shadow Daggers | Bright Water (Field-Tested)": {"sugprice": 7671.40935483871, "profit": 373, "limit": 6923, "timest": 1702766112}, "\u2605 Shadow Daggers | Freehand (Field-Tested)": {"sugprice": 8958.700689655172, "profit": 628, "limit": 8085, "timest": 1702806983}, "\u2605 Shadow Daggers | Rust Coat (Battle-Scarred)": {"sugprice": 6944.329318181816, "profit": 359, "limit": 6267, "timest": 1702801780}, "\u2605 Shadow Daggers | Ultraviolet (Battle-Scarred)": {"sugprice": 7649.486666666668, "profit": 443, "limit": 6903, "timest": 1702806988}, "\u2605 Shadow Daggers | Ultraviolet (Field-Tested)": {"sugprice": 8890, "profit": 569, "limit": 8023, "timest": 1702804856}, "\u2605 Sport Gloves | Bronze Morph (Battle-Scarred)": {"sugprice": 10329.820454545456, "profit": 516, "limit": 9322, "timest": 1702806996}, "\u2605 Survival Knife | Boreal Forest (Field-Tested)": {"sugprice": 7891.0013333333345, "profit": 626, "limit": 7121, "timest": 1702806997},