{"USP-S | Kill Confirmed (Well-Worn)": {"sugprice": 3225.652173913044, "profit": 169, "limit": 2911, "timest": 1702053584}, "\u2605 Hydra Gloves | Rattler (Field-Tested)": {"sugprice": 4317.5365909090915, "profit": 293, "limit": 3896, "timest": 1702065286}, "\u2605 Moto Gloves | Transport (Battle-Scarred)": {"sugprice": 5336.645510204082, "profit": 274, "limit": 4816, "timest": 1702075886}, "\u2605 Broken Fang Gloves | Unhinged (Battle-Scarred)": {"sugprice": 5141.4076000000005, "profit": 326, "limit": 4640, "timest": 1702065915}, "StatTrak\u2122 SSG 08 | Dragonfire (Field-Tested)": {"sugprice": 3058.4065909090905, "profit": 214, "limit": 2760, "timest": 1702053372}, "StatTrak\u2122 USP-S | The Traitor (Battle-Scarred)": {"sugprice": 2258.848, "profit": 153, "limit": 2038, "timest": 1702080552}, "\u2605 Gut Knife | Safari Mesh (Field-Tested)": {"sugprice": 7255.342666666666, "profit": 400, "limit": 6547, "timest": 1702061865}, "\u2605 Gut Knife | Freehand (Field-Tested)": {"sugprice": 8898.347777777779, "profit": 450, "limit": 8030, "timest": 1702080677}, "USP-S | Neo-Noir (Factory New)": {"sugprice": 3166.183333333333, "profit": 163, "limit": 2857, "timest": 1702052310}, "\u2605 Driver Gloves | Convoy (Field-Tested)": {"sugprice": 6165.2405, "profit": 299, "limit": 5564, "timest": 1702080653}, "\u2605 Specialist Gloves | Fade (Battle-Scarred)": {"sugprice": 15275.458461538461, "profit": 895, "limit": 13786, "timest": 1702054367}, "Tec-9 | Nuclear Threat (Battle-Scarred)": {"sugprice": 3146.027, "profit": 222, "limit": 2839, "timest": 1702080561}, "StatTrak\u2122 M4A4 | \u9f8d\u738b (Dragon King) (Field-Tested)": {"sugprice": 1566.0876923076926, "profit": 157, "limit": 1413, "timest": 1702080484}, "\u2605 Bloodhound Gloves | Bronzed (Battle-Scarred)": {"sugprice": 6213.850000000001, "profit": 311, "limit": 5607, "timest": 1702048340}, "\u2605 Navaja Knife | Marble Fade (Factory New)": {"sugprice": 15309.48636363636, "profit": 789, "limit": 13816, "timest": 1702033205}, "\u2605 Shadow Daggers | Scorched (Field-Tested)": {"sugprice": 7123.005, "profit": 556, "limit": 6428, "timest": 1702080880}, "StatTrak\u2122 M4A4 | The Battlestar (Field-Tested)": {"sugprice": 1519.1494444444445, "profit": 106, "limit": 1371, "timest": 1702078282}, "StatTrak\u2122 M4A4 | The Emperor (Battle-Scarred)": {"sugprice": 2577.3992682926832, "profit": 162, "limit": 2326, "timest": 1702080475}, "\u2605 Driver Gloves | Racing Green (Field-Tested)": {"sugprice": 4116.661914893617, "profit": 254, "limit": 3715, "timest": 1702063333}, "StatTrak\u2122 M4A4 | Temukau (Battle-Scarred)": {"sugprice": 2427.319111111112, "profit": 122, "limit": 2190, "timest": 1702004078}, "\u2605 Hand Wraps | Constrictor (Battle-Scarred)": {"sugprice": 5013.5862, "profit": 307, "limit": 4524, "timest": 1702080693}, "\u2605 Shadow Daggers | Freehand (Field-Tested)": {"sugprice": 9303.374230769228, "profit": 865, "limit": 8396, "timest": 1702080846}, "\u2605 Bloodhound Gloves | Guerrilla (Battle-Scarred)": {"sugprice": 6240.793181818182, "profit": 426, "limit": 5632, "timest": 1702080627}, "\u2605 Driver Gloves | Convoy (Battle-Scarred)": {"sugprice": 6344.844838709678, "profit": 342, "limit": 5726, "timest": 1702080651}, "\u2605 Navaja Knife | Boreal Forest (Field-Tested)": {"sugprice": 6947.774, "profit": 339, "limit": 6270, "timest": 1702080757}, "\u2605 Gut Knife | Bright Water (Field-Tested)": {"sugprice": 8355.57076923077, "profit": 431, "limit": 7540, "timest": 1702080671}, "\u2605 Hydra Gloves | Rattler (Well-Worn)": {"sugprice": 4487.513043478261, "profit": 262, "limit": 4049, "timest": 1702080733}, "StatTrak\u2122 M4A4 | In Living Color (Field-Tested)": {"sugprice": 1307.4123809523812, "profit": 111, "limit": 1179, "timest": 1702007089}, "\u2605 Driver Gloves | Queen Jaguar (Field-Tested)": {"sugprice": 6519.45, "profit": 533, "limit": 5883, "timest": 1702080659}, "\u2605 Bloodhound Gloves | Snakebite (Field-Tested)": {"sugprice": 6021.023571428572, "profit": 318, "limit": 5433, "timest": 1702050226}, "StatTrak\u2122 USP-S | Neo-Noir (Battle-Scarred)": {"sugprice": 3056.175555555556, "profit": 170, "limit": 2758, "timest": 1702080546}, "\u2605 Specialist Gloves | Forest DDPAT (Battle-Scarred)": {"sugprice": 8612, "profit": 667, "limit": 7772, "timest": 1702036033}, "\u2605 Moto Gloves | Smoke Out (Battle-Scarred)": {"sugprice": 8054.240952380952, "profit": 511, "limit": 7268, "timest": 1702080749}, "\u2605 Hand Wraps | Giraffe (Battle-Scarred)": {"sugprice": 6303.214999999999, "profit": 355, "limit": 5688, "timest": 1702080709}, "\u2605 Shadow Daggers | Forest DDPAT (Field-Tested)": {"sugprice": 7243.8261111111115, "profit": 467, "limit": 6537, "timest": 1702080845}, "\u2605 Gut Knife | Forest DDPAT (Field-Tested)": {"sugprice": 7830.07888888889, "profit": 521, "limit": 7066, "timest": 1702080675}, "USP-S | Printstream (Field-Tested)": {"sugprice": 3145.853488372094, "profit": 184, "limit": 2839, "timest": 1702080595}, "\u2605 Navaja Knife | Rust Coat (Battle-Scarred)": {"sugprice": 6964.589375, "profit": 348, "limit": 6285, "timest": 1702038053}, "StatTrak\u2122 PP-Bizon | Judgement of Anubis (Field-Tested)": {"sugprice": 1103, "profit": 151, "limit": 995, "timest": 1702029955}, "\u2605 Navaja Knife | Night Stripe (Field-Tested)": {"sugprice": 6756.849375, "profit": 416, "limit": 6098, "timest": 1702062072}, "\u2605 Paracord Knife | Forest DDPAT (Field-Tested)": {"sugprice": 8231.133214285714, "profit": 404, "limit": 7428, "timest": 1702003814}, "\u2605 Shadow Daggers | Ultraviolet (Field-Tested)": {"sugprice": 9247.436111111112, "profit": 666, "limit": 8345, "timest": 1702080895}, "\u2605 Survival Knife | Forest DDPAT (Field-Tested)": {"sugprice": 8031.760769230769, "profit": 398, "limit": 7248, "timest": 1702053023}, "\u2605 Hydra Gloves | Emerald (Field-Tested)": {"sugprice": 4794.259999999999, "profit": 236, "limit": 4326, "timest": 1702080047}, "\u2605 Driver Gloves | Queen Jaguar (Battle-Scarred)": {"sugprice": 6076.321666666667, "profit": 490, "limit": 5483, "timest": 1702080657}, "\u2605 Driver Gloves | Racing Green (Battle-Scarred)": {"sugprice": 4156.399999999999, "profit": 224, "limit": 3751, "timest": 1702075806}, "\u2605 Survival Knife | Boreal Forest (Field-Tested)": {"sugprice": 7871.812857142858, "profit": 528, "limit": 7104, "timest": 1702080992}, "StatTrak\u2122 M4A4 | X-Ray (Minimal Wear)": {"sugprice": 4705.146428571429, "profit": 225, "limit": 4246, "timest": 1702020067}, "\u2605 Gut Knife | Doppler (Factory New)": {"sugprice": 16276.683076923076, "profit": 967, "limit": 14689, "timest": 1702049474}, "USP-S | Printstream (Well-Worn)": {"sugprice": 3018.7381578947375, "profit": 179, "limit": 2724, "timest": 1702045657}, "StatTrak\u2122 USP-S | The Traitor (Well-Worn)": {"sugprice": 2172.7685714285712, "profit": 105, "limit": 1960, "timest": 1702080553}, "StatTrak\u2122 USP-S | Neo-Noir (Field-Tested)": {"sugprice": 3103.0306250000003, "profit": 208, "limit": 2800, "timest": 1702078724}, "\u2605 Gut Knife | Scorched (Field-Tested)": {"sugprice": 7601.571875000001, "profit": 467, "limit": 6860, "timest": 1702080683}, "StatTrak\u2122 M4A4 | Royal Paladin (Field-Tested)": {"sugprice": 2229, "profit": 176, "limit": 2011, "timest": 1702080452}, "\u2605 Sport Gloves | Bronze Morph (Battle-Scarred)": {"sugprice": 10592.069411764705, "profit": 712, "limit": 9559, "timest": 1702061488}, "\u2605 Driver Gloves | Overtake (Battle-Scarred)": {"sugprice": 6874.740689655174, "profit": 370, "limit": 6204, "timest": 1702072926}, "\u2605 Hydra Gloves | Mangrove (Battle-Scarred)": {"sugprice": 4247.373235294118, "profit": 254, "limit": 3833, "timest": 1702047724}, "StatTrak\u2122 M4A4 | Buzz Kill (Battle-Scarred)": {"sugprice": 2019.526875, "profit": 135, "limit": 1822, "timest": 1702080346}, "\u2605 Specialist Gloves | Buckshot (Battle-Scarred)": {"sugprice": 5233.696249999999, "profit": 251, "limit": 4723, "timest": 1702058252},