{"StatTrak\u2122 USP-S | Caiman (Field-Tested)": {"sugprice": 4941.53, "profit": 267, "limit": 4459, "timest": 1707575875}, "StatTrak\u2122 USP-S | Overgrowth (Field-Tested)": {"sugprice": 4152.603076923077, "profit": 232, "limit": 3747, "timest": 1707641440}, "\u2605 Paracord Knife | Scorched (Field-Tested)": {"sugprice": 7454.582857142857, "profit": 382, "limit": 6727, "timest": 1707648790}, "StatTrak\u2122 USP-S | The Traitor (Well-Worn)": {"sugprice": 2315, "profit": 111, "limit": 2089, "timest": 1707648426}, "\u2605 Driver Gloves | Queen Jaguar (Well-Worn)": {"sugprice": 5289.227142857142, "profit": 279, "limit": 4773, "timest": 1707615416}, "USP-S | Whiteout (Battle-Scarred)": {"sugprice": 2063.1043181818186, "profit": 113, "limit": 1861, "timest": 1707648528}, "\u2605 Hydra Gloves | Case Hardened (Field-Tested)": {"sugprice": 9106.97875, "profit": 461, "limit": 8219, "timest": 1707648712}, "StatTrak\u2122 P90 | Nostalgia (Battle-Scarred)": {"sugprice": 898.8525, "profit": 144, "limit": 811, "timest": 1707648291}, "\u2605 Shadow Daggers | Safari Mesh (Field-Tested)": {"sugprice": 6486.1605, "profit": 309, "limit": 5853, "timest": 1707573156}, "StatTrak\u2122 SSG 08 | Dragonfire (Field-Tested)": {"sugprice": 2756.6591428571433, "profit": 134, "limit": 2487, "timest": 1707641399}, "StatTrak\u2122 MP9 | Hypnotic (Factory New)": {"sugprice": 3094.0346153846153, "profit": 190, "limit": 2792, "timest": 1707648265}, "USP-S | Kill Confirmed (Battle-Scarred)": {"sugprice": 2915.255, "profit": 167, "limit": 2631, "timest": 1707648452}, "StatTrak\u2122 P2000 | Imperial Dragon (Field-Tested)": {"sugprice": 694.95125, "profit": 116, "limit": 627, "timest": 1707639277}, "\u2605 Survival Knife | Stained (Battle-Scarred)": {"sugprice": 9880.04590909091, "profit": 675, "limit": 8916, "timest": 1707601294}, "\u2605 Driver Gloves | Diamondback (Battle-Scarred)": {"sugprice": 6324.219999999999, "profit": 352, "limit": 5707, "timest": 1707598685}, "\u2605 Hydra Gloves | Case Hardened (Battle-Scarred)": {"sugprice": 7310.345333333332, "profit": 349, "limit": 6597, "timest": 1707636838}, "\u2605 Navaja Knife | Tiger Tooth (Factory New)": {"sugprice": 11966, "profit": 578, "limit": 10799, "timest": 1707646661}, "StatTrak\u2122 MP7 | Bloodsport (Factory New)": {"sugprice": 1387.297, "profit": 203, "limit": 1252, "timest": 1707648257}, "\u2605 Hand Wraps | CAUTION! (Battle-Scarred)": {"sugprice": 14008.409375, "profit": 892, "limit": 12642, "timest": 1707648653}, "\u2605 Shadow Daggers | Black Laminate (Field-Tested)": {"sugprice": 6733.349999999999, "profit": 393, "limit": 6076, "timest": 1707580395}, "\u2605 Driver Gloves | Racing Green (Field-Tested)": {"sugprice": 3735.7370454545458, "profit": 188, "limit": 3371, "timest": 1707590215}, "\u2605 Gut Knife | Doppler (Factory New)": {"sugprice": 15875.894375, "profit": 1056, "limit": 14327, "timest": 1707608839}, "\u2605 Sport Gloves | Amphibious (Battle-Scarred)": {"sugprice": 39104, "profit": 2827, "limit": 35291, "timest": 1707648870}, "\u2605 Navaja Knife | Ultraviolet (Field-Tested)": {"sugprice": 6965.5136842105285, "profit": 336, "limit": 6286, "timest": 1707569958}, "\u2605 Shadow Daggers | Black Laminate (Well-Worn)": {"sugprice": 6982.839130434782, "profit": 462, "limit": 6302, "timest": 1707648806}, "\u2605 Hydra Gloves | Mangrove (Field-Tested)": {"sugprice": 4154.5152, "profit": 199, "limit": 3749, "timest": 1707598812}, "Vypa Sista of the Revolution | Guerrilla Warfare": {"sugprice": 1763.3818181818183, "profit": 105, "limit": 1591, "timest": 1707647113}, "\u2605 Shadow Daggers | Autotronic (Battle-Scarred)": {"sugprice": 8517.896666666666, "profit": 483, "limit": 7687, "timest": 1707646702}, "\u2605 Broken Fang Gloves | Jade (Field-Tested)": {"sugprice": 9801, "profit": 574, "limit": 8845, "timest": 1707647861}, "USP-S | Monster Mashup (Minimal Wear)": {"sugprice": 2258.756923076923, "profit": 109, "limit": 2038, "timest": 1707605408}, "\u2605 Navaja Knife | Boreal Forest (Field-Tested)": {"sugprice": 6647.850612244899, "profit": 376, "limit": 5999, "timest": 1707595151}, "\u2605 Hand Wraps | Spruce DDPAT (Battle-Scarred)": {"sugprice": 6874.761818181819, "profit": 331, "limit": 6204, "timest": 1707569035}, "\u2605 Shadow Daggers | Night (Field-Tested)": {"sugprice": 7074.187999999998, "profit": 337, "limit": 6384, "timest": 1707568367}, "\u2605 Gut Knife | Safari Mesh (Field-Tested)": {"sugprice": 7122.426153846154, "profit": 347, "limit": 6427, "timest": 1707576432}, "\u2605 Driver Gloves | Racing Green (Battle-Scarred)": {"sugprice": 3795.6713999999997, "profit": 221, "limit": 3425, "timest": 1707627153}, "StatTrak\u2122 USP-S | Stainless (Battle-Scarred)": {"sugprice": 1012.4147999999997, "profit": 102, "limit": 913, "timest": 1707571060}, "StatTrak\u2122 P90 | Asiimov (Well-Worn)": {"sugprice": 1272.1471428571429, "profit": 108, "limit": 1148, "timest": 1707585924}, "USP-S | Monster Mashup (Well-Worn)": {"sugprice": 1266.178918918919, "profit": 138, "limit": 1142, "timest": 1707648462}, "StatTrak\u2122 P90 | Asiimov (Battle-Scarred)": {"sugprice": 1268.205, "profit": 100, "limit": 1144, "timest": 1707573381}, "\u2605 Hand Wraps | Giraffe (Well-Worn)": {"sugprice": 5651.702, "profit": 331, "limit": 5100, "timest": 1707639008}, "\u2605 Hand Wraps | Overprint (Battle-Scarred)": {"sugprice": 10268.571666666665, "profit": 691, "limit": 9267, "timest": 1707602871}, "\u2605 Driver Gloves | Rezan the Red (Battle-Scarred)": {"sugprice": 6113.791333333333, "profit": 297, "limit": 5517, "timest": 1707573772}, "\u2605 Paracord Knife | Boreal Forest (Field-Tested)": {"sugprice": 7617.753333333333, "profit": 372, "limit": 6875, "timest": 1707648779}, "\u2605 Hand Wraps | Duct Tape (Field-Tested)": {"sugprice": 5309.3605, "profit": 263, "limit": 4791, "timest": 1707581525}, "\u2605 Driver Gloves | Queen Jaguar (Battle-Scarred)": {"sugprice": 5118.14976744186, "profit": 308, "limit": 4619, "timest": 1707648580}, "USP-S | Neo-Noir (Factory New)": {"sugprice": 3196.884545454546, "profit": 352, "limit": 2885, "timest": 1707612524}, "StatTrak\u2122 USP-S | The Traitor (Battle-Scarred)": {"sugprice": 2232.23975, "profit": 130, "limit": 2014, "timest": 1707604643}, "StatTrak\u2122 USP-S | Blueprint (Battle-Scarred)": {"sugprice": 899.8136000000003, "profit": 110, "limit": 812, "timest": 1707598421}, "StatTrak\u2122 P250 | Cartel (Field-Tested)": {"sugprice": 1039, "profit": 112, "limit": 937, "timest": 1707648278}, "\u2605 Falchion Knife | Black Laminate (Well-Worn)": {"sugprice": 9680.751999999999, "profit": 558, "limit": 8736, "timest": 1707648601}, "USP-S | Neo-Noir (Minimal Wear)": {"sugprice": 1819.5870588235296, "profit": 108, "limit": 1642, "timest": 1707644988}, "\u2605 Shadow Daggers | Damascus Steel (Field-Tested)": {"sugprice": 7395.364545454545, "profit": 353, "limit": 6674, "timest": 1707613633}, "\u2605 Huntsman Knife | Lore (Battle-Scarred)": {"sugprice": 13391.381764705882, "profit": 646, "limit": 12085, "timest": 1707605707}, "\u2605 Moto Gloves | 3rd Commando Company (Well-Worn)": {"sugprice": 5030.636666666666, "profit": 257, "limit": 4540, "timest": 1707645309}, "\u2605 Paracord Knife | Stained (Battle-Scarred)": {"sugprice": 10065.077000000001, "profit": 520, "limit": 9083, "timest": 1707639830}, "StatTrak\u2122 MP9 | Starlight Protector (Battle-Scarred)": {"sugprice": 621.3744000000002, "profit": 101, "limit": 560, "timest": 1707637140}, "\u2605 Gut Knife | Tiger Tooth (Factory New)": {"sugprice": 13841.159333333335, "profit": 862, "limit": 12491, "timest": 1707648647}, "\u2605 Shadow Daggers | Autotronic (Field-Tested)": {"sugprice": 8586.85125, "profit": 460, "limit": 7749, "timest": 1707646705}, "\u2605 Survival Knife | Case Hardened (Battle-Scarred)": {"sugprice": 13932.845, "profit": 694, "limit": 12574, "timest": 1707648878}, "StatTrak\u2122 P250 | Asiimov (Well-Worn)": {"sugprice": 713.1478947368422, "profit": 108, "limit": 643, "timest": 1707648276},