{"USP-S | Kill Confirmed (Well-Worn)": {"sugprice": 2964.2822500000007, "profit": 201, "limit": 2675, "timest": 1701531268}, "\u2605 Navaja Knife | Scorched (Field-Tested)": {"sugprice": 6705.388125, "profit": 328, "limit": 6051, "timest": 1701529330}, "\u2605 Driver Gloves | Racing Green (Battle-Scarred)": {"sugprice": 3700.0725531914895, "profit": 188, "limit": 3339, "timest": 1701519712}, "\u2605 Driver Gloves | Racing Green (Well-Worn)": {"sugprice": 3628.539142857143, "profit": 214, "limit": 3274, "timest": 1701453260}, "\u2605 Hydra Gloves | Rattler (Field-Tested)": {"sugprice": 3911.793913043478, "profit": 187, "limit": 3530, "timest": 1701506137}, "\u2605 Shadow Daggers | Bright Water (Field-Tested)": {"sugprice": 7444.952727272728, "profit": 421, "limit": 6719, "timest": 1701524479}, "\u2605 Hydra Gloves | Mangrove (Well-Worn)": {"sugprice": 3986.908965517242, "profit": 236, "limit": 3598, "timest": 1701504120}, "\u2605 Moto Gloves | Transport (Battle-Scarred)": {"sugprice": 5224.840833333333, "profit": 275, "limit": 4715, "timest": 1701531688}, "\u2605 Broken Fang Gloves | Unhinged (Battle-Scarred)": {"sugprice": 5203.393, "profit": 318, "limit": 4696, "timest": 1701531495}, "\u2605 Hand Wraps | Arboreal (Field-Tested)": {"sugprice": 5571.7265, "profit": 293, "limit": 5028, "timest": 1701531561}, "\u2605 Hand Wraps | Giraffe (Battle-Scarred)": {"sugprice": 5875.759999999999, "profit": 309, "limit": 5302, "timest": 1701456579}, "USP-S | Neo-Noir (Well-Worn)": {"sugprice": 1531, "profit": 152, "limit": 1381, "timest": 1701531287}, "\u2605 Moto Gloves | Smoke Out (Battle-Scarred)": {"sugprice": 6898.439166666667, "profit": 366, "limit": 6225, "timest": 1701513813}, "StatTrak\u2122 SSG 08 | Dragonfire (Field-Tested)": {"sugprice": 3080.213793103448, "profit": 174, "limit": 2779, "timest": 1701530987}, "StatTrak\u2122 USP-S | Neo-Noir (Field-Tested)": {"sugprice": 3213.323636363637, "profit": 175, "limit": 2900, "timest": 1701531163}, "\u2605 Bloodhound Gloves | Guerrilla (Field-Tested)": {"sugprice": 6194.390625, "profit": 333, "limit": 5590, "timest": 1701531479}, "\u2605 Hand Wraps | Constrictor (Field-Tested)": {"sugprice": 5046.663157894739, "profit": 328, "limit": 4554, "timest": 1701531586}, "\u2605 Hand Wraps | Desert Shamagh (Well-Worn)": {"sugprice": 5007.911111111111, "profit": 450, "limit": 4519, "timest": 1701531599}, "StatTrak\u2122 USP-S | The Traitor (Battle-Scarred)": {"sugprice": 1857.8128888888887, "profit": 100, "limit": 1676, "timest": 1701526112}, "\u2605 Hand Wraps | Desert Shamagh (Battle-Scarred)": {"sugprice": 4941.444782608696, "profit": 254, "limit": 4459, "timest": 1701526545}, "USP-S | Orion (Minimal Wear)": {"sugprice": 3928.24175, "profit": 239, "limit": 3545, "timest": 1701531292}, "USP-S | Caiman (Field-Tested)": {"sugprice": 3121.8031818181817, "profit": 151, "limit": 2817, "timest": 1701519539}, "\u2605 Moto Gloves | Turtle (Battle-Scarred)": {"sugprice": 7920, "profit": 402, "limit": 7147, "timest": 1701531696}, "\u2605 Hand Wraps | Arboreal (Battle-Scarred)": {"sugprice": 5123.6817999999985, "profit": 265, "limit": 4624, "timest": 1701531557}, "StatTrak\u2122 USP-S | Printstream (Battle-Scarred)": {"sugprice": 4393.965365853657, "profit": 244, "limit": 3965, "timest": 1701512010}, "StatTrak\u2122 USP-S | Stainless (Battle-Scarred)": {"sugprice": 1023.2041379310344, "profit": 136, "limit": 923, "timest": 1701449786}, "\u2605 Broken Fang Gloves | Needle Point (Battle-Scarred)": {"sugprice": 5029.758399999999, "profit": 246, "limit": 4539, "timest": 1701510068}, "StatTrak\u2122 USP-S | Monster Mashup (Field-Tested)": {"sugprice": 1898.1894444444447, "profit": 140, "limit": 1713, "timest": 1701531053}, "\u2605 Bloodhound Gloves | Bronzed (Field-Tested)": {"sugprice": 6409.029090909092, "profit": 390, "limit": 5784, "timest": 1701531464}, "\u2605 Gut Knife | Scorched (Field-Tested)": {"sugprice": 7478.65, "profit": 488, "limit": 6749, "timest": 1701460065}, "\u2605 Hydra Gloves | Emerald (Battle-Scarred)": {"sugprice": 4713.798799999999, "profit": 298, "limit": 4254, "timest": 1701531627}, "\u2605 Hydra Gloves | Emerald (Field-Tested)": {"sugprice": 4581.921818181819, "profit": 242, "limit": 4135, "timest": 1701511630}, "\u2605 Moto Gloves | Blood Pressure (Battle-Scarred)": {"sugprice": 8513, "profit": 644, "limit": 7682, "timest": 1701523443}, "\u2605 Navaja Knife | Boreal Forest (Field-Tested)": {"sugprice": 6857.898636363636, "profit": 355, "limit": 6189, "timest": 1701531701}, "\u2605 Navaja Knife | Rust Coat (Battle-Scarred)": {"sugprice": 6754.797931034481, "profit": 336, "limit": 6096, "timest": 1701526724}, "\u2605 Paracord Knife | Scorched (Field-Tested)": {"sugprice": 7508.626000000001, "profit": 532, "limit": 6776, "timest": 1701531782}, "StatTrak\u2122 PP-Bizon | Judgement of Anubis (Field-Tested)": {"sugprice": 979.0199999999999, "profit": 105, "limit": 883, "timest": 1701446706}, "USP-S | Printstream (Field-Tested)": {"sugprice": 2943.2671428571434, "profit": 141, "limit": 2656, "timest": 1701513500}, "\u2605 Shadow Daggers | Night (Field-Tested)": {"sugprice": 7367.658571428571, "profit": 370, "limit": 6649, "timest": 1701503658}, "\u2605 Moto Gloves | Finish Line (Battle-Scarred)": {"sugprice": 6803.702692307691, "profit": 418, "limit": 6140, "timest": 1701531676}, "\u2605 Hand Wraps | Duct Tape (Battle-Scarred)": {"sugprice": 5147, "profit": 293, "limit": 4645, "timest": 1701531602}, "\u2605 Navaja Knife | Safari Mesh (Field-Tested)": {"sugprice": 6971.4276315789475, "profit": 332, "limit": 6291, "timest": 1701531730}, "\u2605 Moto Gloves | POW! (Battle-Scarred)": {"sugprice": 8507.658076923077, "profit": 458, "limit": 7678, "timest": 1701531681}, "\u2605 Navaja Knife | Boreal Forest (Battle-Scarred)": {"sugprice": 6790.027142857143, "profit": 380, "limit": 6127, "timest": 1701525508}, "StatTrak\u2122 P250 | Muertos (Battle-Scarred)": {"sugprice": 1038.6779999999999, "profit": 100, "limit": 937, "timest": 1701464007}, "\u2605 Gut Knife | Safari Mesh (Field-Tested)": {"sugprice": 7292.645294117647, "profit": 353, "limit": 6581, "timest": 1701531550}, "\u2605 Gut Knife | Freehand (Field-Tested)": {"sugprice": 8661.968181818183, "profit": 426, "limit": 7817, "timest": 1701531545}, "USP-S | Neo-Noir (Factory New)": {"sugprice": 3214.0141176470593, "profit": 354, "limit": 2900, "timest": 1701531276}, "\u2605 Driver Gloves | Convoy (Field-Tested)": {"sugprice": 6295.60111111111, "profit": 401, "limit": 5681, "timest": 1701531508}, "\u2605 Hand Wraps | Constrictor (Well-Worn)": {"sugprice": 5034.413333333334, "profit": 307, "limit": 4543, "timest": 1701531591}, "\u2605 Navaja Knife | Damascus Steel (Field-Tested)": {"sugprice": 7367.59625, "profit": 350, "limit": 6649, "timest": 1701506191}, "\u2605 Shadow Daggers | Damascus Steel (Field-Tested)": {"sugprice": 7940.447222222223, "profit": 542, "limit": 7166, "timest": 1701531816}, "\u2605 Hydra Gloves | Mangrove (Field-Tested)": {"sugprice": 4000.7437999999993, "profit": 229, "limit": 3610, "timest": 1701531636}, "\u2605 Driver Gloves | Convoy (Battle-Scarred)": {"sugprice": 6210.766666666667, "profit": 298, "limit": 5605, "timest": 1701460744}, "\u2605 Navaja Knife | Stained (Battle-Scarred)": {"sugprice": 7272.524285714286, "profit": 360, "limit": 6563, "timest": 1701460216}, "\u2605 Hand Wraps | Constrictor (Battle-Scarred)": {"sugprice": 4823.525121951218, "profit": 230, "limit": 4353, "timest": 1701491391}, "StatTrak\u2122 USP-S | The Traitor (Well-Worn)": {"sugprice": 1924.0118518518516, "profit": 110, "limit": 1736, "timest": 1701531180}, "\u2605 Specialist Gloves | Buckshot (Battle-Scarred)": {"sugprice": 5117.803225806452, "profit": 246, "limit": 4618, "timest": 1701470034}, "USP-S | Kill Confirmed (Field-Tested)": {"sugprice": 3225.569411764706, "profit": 192, "limit": 2911, "timest": 1701457838}, "StatTrak\u2122 P90 | Blind Spot (Field-Tested)": {"sugprice": 1204, "profit": 127, "limit": 1086, "timest": 1701524755},