{"StatTrak\u2122 M4A4 | The Emperor (Battle-Scarred)": {"sugprice": 2632.5108, "profit": 140, "limit": 2375, "timest": 1702977591}, "StatTrak\u2122 M4A4 | \u9f8d\u738b (Dragon King) (Field-Tested)": {"sugprice": 1534.9680769230768, "profit": 154, "limit": 1385, "timest": 1702977604}, "StatTrak\u2122 MAC-10 | Toybox (Battle-Scarred)": {"sugprice": 593, "profit": 100, "limit": 535, "timest": 1702977610}, "StatTrak\u2122 MP7 | Bloodsport (Factory New)": {"sugprice": 1348, "profit": 170, "limit": 1216, "timest": 1702977612}, "StatTrak\u2122 MP9 | Hypnotic (Factory New)": {"sugprice": 3436.864516129033, "profit": 214, "limit": 3101, "timest": 1702977626}, "StatTrak\u2122 P90 | Asiimov (Battle-Scarred)": {"sugprice": 1543, "profit": 144, "limit": 1392, "timest": 1702977648}, "StatTrak\u2122 PP-Bizon | Judgement of Anubis (Field-Tested)": {"sugprice": 1000.4063636363636, "profit": 100, "limit": 902, "timest": 1702976038}, "StatTrak\u2122 SSG 08 | Bloodshot (Field-Tested)": {"sugprice": 1996.5935135135128, "profit": 226, "limit": 1801, "timest": 1702977657}, "StatTrak\u2122 USP-S | Neo-Noir (Battle-Scarred)": {"sugprice": 3044.866785714286, "profit": 191, "limit": 2747, "timest": 1702960799}, "StatTrak\u2122 USP-S | Neo-Noir (Field-Tested)": {"sugprice": 3126.7725, "profit": 197, "limit": 2821, "timest": 1702977687}, "StatTrak\u2122 USP-S | The Traitor (Battle-Scarred)": {"sugprice": 2123.1114, "profit": 175, "limit": 1916, "timest": 1702977693}, "Tec-9 | Nuclear Threat (Battle-Scarred)": {"sugprice": 3514, "profit": 451, "limit": 3171, "timest": 1702977699}, "USP-S | Kill Confirmed (Battle-Scarred)": {"sugprice": 3069.06875, "profit": 166, "limit": 2769, "timest": 1702977725}, "USP-S | Kill Confirmed (Well-Worn)": {"sugprice": 3148.711666666667, "profit": 210, "limit": 2841, "timest": 1702977729}, "USP-S | Neo-Noir (Factory New)": {"sugprice": 3148.5214285714283, "profit": 181, "limit": 2841, "timest": 1702977733}, "USP-S | The Traitor (Minimal Wear)": {"sugprice": 1390.57875, "profit": 117, "limit": 1254, "timest": 1702937251}, "\u2605 Bloodhound Gloves | Guerrilla (Battle-Scarred)": {"sugprice": 6045.813703703704, "profit": 343, "limit": 5456, "timest": 1702977771}, "\u2605 Broken Fang Gloves | Needle Point (Well-Worn)": {"sugprice": 4990.319, "profit": 240, "limit": 4503, "timest": 1702977298}, "\u2605 Broken Fang Gloves | Yellow-banded (Battle-Scarred)": {"sugprice": 6103.3170731707305, "profit": 325, "limit": 5508, "timest": 1702893826}, "\u2605 Driver Gloves | Convoy (Field-Tested)": {"sugprice": 6189.016315789474, "profit": 297, "limit": 5585, "timest": 1702930519}, "\u2605 Driver Gloves | Diamondback (Battle-Scarred)": {"sugprice": 6685.408461538462, "profit": 349, "limit": 6033, "timest": 1702977801}, "\u2605 Driver Gloves | Queen Jaguar (Battle-Scarred)": {"sugprice": 5147, "profit": 248, "limit": 4645, "timest": 1702974205}, "\u2605 Falchion Knife | Rust Coat (Battle-Scarred)": {"sugprice": 8525.358235294118, "profit": 554, "limit": 7694, "timest": 1702892122}, "\u2605 Gut Knife | Bright Water (Field-Tested)": {"sugprice": 8697.265833333333, "profit": 736, "limit": 7849, "timest": 1702976212}, "\u2605 Hand Wraps | Arboreal (Field-Tested)": {"sugprice": 6132.047931034483, "profit": 354, "limit": 5534, "timest": 1702977836}, "\u2605 Hand Wraps | Badlands (Battle-Scarred)": {"sugprice": 7263, "profit": 454, "limit": 6554, "timest": 1702977838}, "\u2605 Hand Wraps | Desert Shamagh (Battle-Scarred)": {"sugprice": 4992.020606060605, "profit": 431, "limit": 4505, "timest": 1702976237}, "\u2605 Hydra Gloves | Mangrove (Field-Tested)": {"sugprice": 4074.2195348837217, "profit": 198, "limit": 3676, "timest": 1702977878}, "\u2605 Hydra Gloves | Rattler (Battle-Scarred)": {"sugprice": 4151.2428, "profit": 213, "limit": 3746, "timest": 1702977883}, "\u2605 Moto Gloves | 3rd Commando Company (Battle-Scarred)": {"sugprice": 5059.8306, "profit": 298, "limit": 4566, "timest": 1702977889}, "\u2605 Moto Gloves | Boom! (Battle-Scarred)": {"sugprice": 6966.138666666668, "profit": 617, "limit": 6286, "timest": 1702898865}, "\u2605 Moto Gloves | Finish Line (Battle-Scarred)": {"sugprice": 7054.205, "profit": 353, "limit": 6366, "timest": 1702914380}, "\u2605 Moto Gloves | POW! (Battle-Scarred)": {"sugprice": 7853.144444444445, "profit": 500, "limit": 7087, "timest": 1702975316}, "\u2605 Moto Gloves | Smoke Out (Battle-Scarred)": {"sugprice": 7049.624285714285, "profit": 591, "limit": 6362, "timest": 1702977905}, "\u2605 Moto Gloves | Transport (Field-Tested)": {"sugprice": 5652.031428571428, "profit": 294, "limit": 5100, "timest": 1702972058}, "\u2605 Navaja Knife | Night Stripe (Field-Tested)": {"sugprice": 6935.838666666665, "profit": 403, "limit": 6259, "timest": 1702977917}, "\u2605 Navaja Knife | Rust Coat (Battle-Scarred)": {"sugprice": 6926.92551724138, "profit": 349, "limit": 6251, "timest": 1702977918}, "\u2605 Navaja Knife | Scorched (Field-Tested)": {"sugprice": 6875, "profit": 406, "limit": 6204, "timest": 1702977923}, "\u2605 Navaja Knife | Ultraviolet (Field-Tested)": {"sugprice": 7326, "profit": 373, "limit": 6611, "timest": 1702961395}, "\u2605 Navaja Knife | Urban Masked (Field-Tested)": {"sugprice": 7022.4725, "profit": 335, "limit": 6337, "timest": 1702977983}, "\u2605 Paracord Knife | Forest DDPAT (Field-Tested)": {"sugprice": 8294.056363636364, "profit": 478, "limit": 7485, "timest": 1702975355}, "\u2605 Paracord Knife | Scorched (Field-Tested)": {"sugprice": 7575.3778571428575, "profit": 419, "limit": 6836, "timest": 1702947821}, "\u2605 Shadow Daggers | Bright Water (Field-Tested)": {"sugprice": 7624.59, "profit": 363, "limit": 6881, "timest": 1702955693}, "\u2605 Shadow Daggers | Freehand (Field-Tested)": {"sugprice": 8848.699523809524, "profit": 480, "limit": 7985, "timest": 1702951359}, "\u2605 Shadow Daggers | Ultraviolet (Battle-Scarred)": {"sugprice": 7320.281538461539, "profit": 407, "limit": 6606, "timest": 1702975864}, "\u2605 Shadow Daggers | Ultraviolet (Field-Tested)": {"sugprice": 8938, "profit": 449, "limit": 8066, "timest": 1702976988}, "\u2605 Sport Gloves | Bronze Morph (Battle-Scarred)": {"sugprice": 10420.5705, "profit": 724, "limit": 9404, "timest": 1702978021}, "\u2605 Survival Knife | Boreal Forest (Field-Tested)": {"sugprice": 7756.137647058823, "profit": 503, "limit": 6999, "timest": 1702897697}, "\u2605 Survival Knife | Forest DDPAT (Field-Tested)": {"sugprice": 7814.0215384615385, "profit": 411, "limit": 7052, "timest": 1702973894}, "StatTrak\u2122 M4A4 | X-Ray (Minimal Wear)": {"sugprice": 4576.511764705882, "profit": 220, "limit": 4130, "timest": 1702953564}, "\u2605 Driver Gloves | Racing Green (Battle-Scarred)": {"sugprice": 3846.7206, "profit": 193, "limit": 3471, "timest": 1702974209}, "\u2605 Gut Knife | Boreal Forest (Field-Tested)": {"sugprice": 7304.162666666667, "profit": 438, "limit": 6592, "timest": 1702977821}, "\u2605 Gut Knife | Forest DDPAT (Field-Tested)": {"sugprice": 7905.559200000001, "profit": 548, "limit": 7134, "timest": 1702977826}, "\u2605 Hydra Gloves | Rattler (Field-Tested)": {"sugprice": 4092.5364285714286, "profit": 269, "limit": 3693, "timest": 1702977885}, "\u2605 Paracord Knife | Safari Mesh (Field-Tested)": {"sugprice": 7494.82875, "profit": 408, "limit": 6764, "timest": 1702977987}, "\u2605 Shadow Daggers | Safari Mesh (Field-Tested)": {"sugprice": 7138.332857142857, "profit": 561, "limit": 6442, "timest": 1702973332}, "\u2605 Specialist Gloves | Fade (Battle-Scarred)": {"sugprice": 15073.991578947367, "profit": 1205, "limit": 13604, "timest": 1702978015}, "\u2605 Driver Gloves | Racing Green (Field-Tested)": {"sugprice": 3811, "profit": 190, "limit": 3439, "timest": 1702976200}, "\u2605 Hand Wraps | Constrictor (Field-Tested)": {"sugprice": 4926.4053125, "profit": 235, "limit": 4446, "timest": 1702952164}, "\u2605 Hand Wraps | Desert Shamagh (Field-Tested)": {"sugprice": 4986.917391304348, "profit": 276, "limit": 4500, "timest": 1702977850},