{"StatTrak\u2122 M4A1-S | Player Two (Battle-Scarred)": {"sugprice": 3292.3954545454544, "profit": 157, "limit": 2971, "timest": 1700006075}, "USP-S | Kill Confirmed (Well-Worn)": {"sugprice": 3368.9594000000006, "profit": 251, "limit": 3040, "timest": 1700030075}, "USP-S | Overgrowth (Field-Tested)": {"sugprice": 2008.6283333333336, "profit": 123, "limit": 1812, "timest": 1700017460}, "\u2605 Moto Gloves | Turtle (Battle-Scarred)": {"sugprice": 8307.243333333334, "profit": 410, "limit": 7497, "timest": 1700030360}, "\u2605 Navaja Knife | Scorched (Field-Tested)": {"sugprice": 6999.295263157894, "profit": 439, "limit": 6316, "timest": 1700030376}, "\u2605 Driver Gloves | Racing Green (Battle-Scarred)": {"sugprice": 4113.991086956522, "profit": 252, "limit": 3712, "timest": 1700030235}, "StatTrak\u2122 M4A4 | Royal Paladin (Battle-Scarred)": {"sugprice": 2325.053999999999, "profit": 267, "limit": 2098, "timest": 1700029921}, "StatTrak\u2122 M4A4 | Temukau (Field-Tested)": {"sugprice": 3967.9739999999997, "profit": 225, "limit": 3581, "timest": 1699956888}, "StatTrak\u2122 M4A4 | The Emperor (Battle-Scarred)": {"sugprice": 2787.047727272727, "profit": 321, "limit": 2515, "timest": 1700029937}, "StatTrak\u2122 USP-S | The Traitor (Well-Worn)": {"sugprice": 2177.9344444444446, "profit": 194, "limit": 1965, "timest": 1700030028}, "USP-S | Printstream (Minimal Wear)": {"sugprice": 4737.419333333334, "profit": 327, "limit": 4275, "timest": 1700030126}, "USP-S | Whiteout (Minimal Wear)": {"sugprice": 2758.558518518518, "profit": 291, "limit": 2489, "timest": 1700030151}, "\u2605 Broken Fang Gloves | Needle Point (Battle-Scarred)": {"sugprice": 5482.818372093024, "profit": 396, "limit": 4948, "timest": 1700030173}, "\u2605 Broken Fang Gloves | Needle Point (Field-Tested)": {"sugprice": 5637.882000000001, "profit": 294, "limit": 5088, "timest": 1700030178}, "\u2605 Driver Gloves | Racing Green (Well-Worn)": {"sugprice": 4204.929166666665, "profit": 217, "limit": 3794, "timest": 1700030248}, "\u2605 Hand Wraps | Constrictor (Battle-Scarred)": {"sugprice": 5017.276800000001, "profit": 276, "limit": 4528, "timest": 1700010846}, "\u2605 Hydra Gloves | Rattler (Field-Tested)": {"sugprice": 4365.1902325581395, "profit": 246, "limit": 3939, "timest": 1699994531}, "\u2605 Moto Gloves | Finish Line (Battle-Scarred)": {"sugprice": 7374.631052631578, "profit": 351, "limit": 6655, "timest": 1700010346}, "\u2605 Navaja Knife | Forest DDPAT (Field-Tested)": {"sugprice": 7043.486296296294, "profit": 386, "limit": 6356, "timest": 1700024538}, "\u2605 Navaja Knife | Safari Mesh (Field-Tested)": {"sugprice": 7297.440357142857, "profit": 442, "limit": 6585, "timest": 1700025689}, "\u2605 Shadow Daggers | Bright Water (Field-Tested)": {"sugprice": 8099.7669444444455, "profit": 539, "limit": 7310, "timest": 1700030387}, "\u2605 Shadow Daggers | Rust Coat (Battle-Scarred)": {"sugprice": 7223.991315789474, "profit": 521, "limit": 6519, "timest": 1700026537}, "\u2605 Broken Fang Gloves | Yellow-banded (Field-Tested)": {"sugprice": 6887.887142857143, "profit": 537, "limit": 6216, "timest": 1700030210}, "\u2605 Hand Wraps | Arboreal (Battle-Scarred)": {"sugprice": 5309.256486486486, "profit": 289, "limit": 4791, "timest": 1700030266}, "Vypa Sista of the Revolution | Guerrilla Warfare": {"sugprice": 1698.880740740741, "profit": 143, "limit": 1533, "timest": 1700030153}, "StatTrak\u2122 M4A4 | \u9f8d\u738b (Dragon King) (Battle-Scarred)": {"sugprice": 1520.238717948718, "profit": 121, "limit": 1372, "timest": 1700029942}, "\u2605 Hydra Gloves | Mangrove (Battle-Scarred)": {"sugprice": 4205.507352941177, "profit": 283, "limit": 3795, "timest": 1700030319}, "USP-S | Monster Mashup (Minimal Wear)": {"sugprice": 1979.0916666666665, "profit": 101, "limit": 1786, "timest": 1700008674}, "\u2605 Broken Fang Gloves | Yellow-banded (Battle-Scarred)": {"sugprice": 6257.046600000001, "profit": 333, "limit": 5646, "timest": 1700030209}, "\u2605 Hydra Gloves | Mangrove (Well-Worn)": {"sugprice": 4531.751904761904, "profit": 366, "limit": 4089, "timest": 1700030320}, "\u2605 Shadow Daggers | Scorched (Field-Tested)": {"sugprice": 7187.45, "profit": 377, "limit": 6486, "timest": 1699993555}, "StatTrak\u2122 M4A4 | Desolate Space (Battle-Scarred)": {"sugprice": 1230.7264444444447, "profit": 108, "limit": 1110, "timest": 1700029897}, "StatTrak\u2122 USP-S | Blueprint (Battle-Scarred)": {"sugprice": 1028.3764516129033, "profit": 100, "limit": 928, "timest": 1699999269}, "StatTrak\u2122 P90 | Asiimov (Battle-Scarred)": {"sugprice": 1427.8850000000002, "profit": 135, "limit": 1288, "timest": 1700029976}, "\u2605 Hand Wraps | Desert Shamagh (Field-Tested)": {"sugprice": 4942.279268292684, "profit": 313, "limit": 4460, "timest": 1700013941}, "\u2605 Gut Knife | Forest DDPAT (Field-Tested)": {"sugprice": 7717.993, "profit": 425, "limit": 6965, "timest": 1700030256}, "\u2605 Moto Gloves | Transport (Battle-Scarred)": {"sugprice": 5390.558780487803, "profit": 281, "limit": 4864, "timest": 1700030353}, "USP-S | The Traitor (Minimal Wear)": {"sugprice": 1488.674, "profit": 133, "limit": 1343, "timest": 1700030145}, "USP-S | Printstream (Well-Worn)": {"sugprice": 2890, "profit": 287, "limit": 2608, "timest": 1700030128}, "\u2605 Driver Gloves | Racing Green (Field-Tested)": {"sugprice": 4158, "profit": 282, "limit": 3752, "timest": 1700030240}, "\u2605 Hand Wraps | Duct Tape (Field-Tested)": {"sugprice": 5344.977619047619, "profit": 360, "limit": 4823, "timest": 1700030301}, "USP-S | Monster Mashup (Well-Worn)": {"sugprice": 1357.3106896551722, "profit": 116, "limit": 1224, "timest": 1700030095}, "\u2605 Broken Fang Gloves | Unhinged (Battle-Scarred)": {"sugprice": 5116.496600000002, "profit": 406, "limit": 4617, "timest": 1700030180}, "\u2605 Hand Wraps | Arboreal (Field-Tested)": {"sugprice": 6440.701052631578, "profit": 657, "limit": 5812, "timest": 1700030268}, "USP-S | Kill Confirmed (Battle-Scarred)": {"sugprice": 3250.7487755102043, "profit": 158, "limit": 2933, "timest": 1700030055}, "StatTrak\u2122 M4A4 | Cyber Security (Battle-Scarred)": {"sugprice": 1603, "profit": 112, "limit": 1446, "timest": 1700029879}, "USP-S | Serum (Field-Tested)": {"sugprice": 3561.508823529412, "profit": 326, "limit": 3214, "timest": 1700030138}, "\u2605 Hand Wraps | Giraffe (Battle-Scarred)": {"sugprice": 6310.726666666667, "profit": 385, "limit": 5695, "timest": 1700030305}, "USP-S | Neo-Noir (Well-Worn)": {"sugprice": 1649, "profit": 101, "limit": 1488, "timest": 1700028529}, "\u2605 Survival Knife | Safari Mesh (Field-Tested)": {"sugprice": 7858.71625, "profit": 654, "limit": 7092, "timest": 1700030435}, "StatTrak\u2122 USP-S | Stainless (Battle-Scarred)": {"sugprice": 969.2270588235294, "profit": 102, "limit": 874, "timest": 1699949530}, "\u2605 Hydra Gloves | Case Hardened (Field-Tested)": {"sugprice": 8414, "profit": 417, "limit": 7593, "timest": 1700030315}, "\u2605 Gut Knife | Rust Coat (Battle-Scarred)": {"sugprice": 8068.326538461538, "profit": 442, "limit": 7281, "timest": 1700030257}, "\u2605 Moto Gloves | Smoke Out (Battle-Scarred)": {"sugprice": 7369, "profit": 567, "limit": 6650, "timest": 1700030352}, "\u2605 Hydra Gloves | Rattler (Battle-Scarred)": {"sugprice": 4489.861489361703, "profit": 229, "limit": 4052, "timest": 1700030325}, "StatTrak\u2122 M4A4 | Evil Daimyo (Minimal Wear)": {"sugprice": 810.4899999999999, "profit": 102, "limit": 731, "timest": 1700029902}, "StatTrak\u2122 SSG 08 | Dragonfire (Field-Tested)": {"sugprice": 3682.606896551724, "profit": 375, "limit": 3323, "timest": 1700029988}, "USP-S | The Traitor (Field-Tested)": {"sugprice": 949.9602127659577, "profit": 110, "limit": 857, "timest": 1699952783}, "\u2605 Specialist Gloves | Forest DDPAT (Battle-Scarred)": {"sugprice": 8447, "profit": 593, "limit": 7623, "timest": 1700030418}, "StatTrak\u2122 M4A4 | Desert-Strike (Field-Tested)": {"sugprice": 1188.4981818181818, "profit": 119, "limit": 1072, "timest": 1700029893},