{"USP-S | Kill Confirmed (Well-Worn)": {"sugprice": 2916.5464285714284, "profit": 262, "limit": 2632, "timest": 1700627372}, "\u2605 Navaja Knife | Scorched (Field-Tested)": {"sugprice": 6696.490400000001, "profit": 717, "limit": 6043, "timest": 1700627704}, "\u2605 Driver Gloves | Racing Green (Battle-Scarred)": {"sugprice": 3848.0033999999996, "profit": 429, "limit": 3472, "timest": 1700627557}, "StatTrak\u2122 M4A4 | The Emperor (Battle-Scarred)": {"sugprice": 2275.46875, "profit": 109, "limit": 2053, "timest": 1700607998}, "StatTrak\u2122 USP-S | The Traitor (Well-Worn)": {"sugprice": 1966.8024999999998, "profit": 172, "limit": 1775, "timest": 1700627298}, "USP-S | Whiteout (Minimal Wear)": {"sugprice": 2405.692727272727, "profit": 240, "limit": 2171, "timest": 1700624781}, "\u2605 Broken Fang Gloves | Needle Point (Field-Tested)": {"sugprice": 5557.201818181818, "profit": 306, "limit": 5015, "timest": 1700627509}, "\u2605 Driver Gloves | Racing Green (Well-Worn)": {"sugprice": 3837.821111111111, "profit": 218, "limit": 3463, "timest": 1700627564}, "\u2605 Hand Wraps | Constrictor (Battle-Scarred)": {"sugprice": 4585.180000000001, "profit": 392, "limit": 4138, "timest": 1700627611}, "\u2605 Hydra Gloves | Rattler (Field-Tested)": {"sugprice": 4121.844042553193, "profit": 520, "limit": 3719, "timest": 1700627663}, "\u2605 Moto Gloves | Finish Line (Battle-Scarred)": {"sugprice": 6794.229523809524, "profit": 377, "limit": 6131, "timest": 1700627681}, "\u2605 Navaja Knife | Forest DDPAT (Field-Tested)": {"sugprice": 6801.842222222221, "profit": 442, "limit": 6138, "timest": 1700627692}, "\u2605 Navaja Knife | Safari Mesh (Field-Tested)": {"sugprice": 6994.8899999999985, "profit": 476, "limit": 6312, "timest": 1700627701}, "\u2605 Shadow Daggers | Bright Water (Field-Tested)": {"sugprice": 7692.3330000000005, "profit": 647, "limit": 6942, "timest": 1700627741}, "\u2605 Shadow Daggers | Rust Coat (Battle-Scarred)": {"sugprice": 6486.410476190476, "profit": 487, "limit": 5853, "timest": 1700627748}, "\u2605 Broken Fang Gloves | Yellow-banded (Field-Tested)": {"sugprice": 6247.302727272728, "profit": 433, "limit": 5638, "timest": 1700627530}, "Vypa Sista of the Revolution | Guerrilla Warfare": {"sugprice": 1573.6637500000002, "profit": 170, "limit": 1420, "timest": 1700627461}, "StatTrak\u2122 M4A4 | \u9f8d\u738b (Dragon King) (Battle-Scarred)": {"sugprice": 1409.5647222222224, "profit": 100, "limit": 1272, "timest": 1700626204}, "\u2605 Hydra Gloves | Mangrove (Battle-Scarred)": {"sugprice": 3994.757906976744, "profit": 441, "limit": 3605, "timest": 1700627657}, "\u2605 Hydra Gloves | Mangrove (Well-Worn)": {"sugprice": 4259.38, "profit": 413, "limit": 3844, "timest": 1700627659}, "\u2605 Shadow Daggers | Scorched (Field-Tested)": {"sugprice": 7041, "profit": 781, "limit": 6354, "timest": 1700627750}, "StatTrak\u2122 M4A4 | Desolate Space (Battle-Scarred)": {"sugprice": 1216.7765999999997, "profit": 103, "limit": 1098, "timest": 1700597311}, "StatTrak\u2122 P90 | Asiimov (Battle-Scarred)": {"sugprice": 1512.1517391304346, "profit": 152, "limit": 1364, "timest": 1700627207}, "\u2605 Hand Wraps | Desert Shamagh (Field-Tested)": {"sugprice": 4878.741081081082, "profit": 474, "limit": 4403, "timest": 1700627620}, "\u2605 Gut Knife | Forest DDPAT (Field-Tested)": {"sugprice": 7150.878749999999, "profit": 660, "limit": 6453, "timest": 1700627590}, "\u2605 Moto Gloves | Transport (Battle-Scarred)": {"sugprice": 5151, "profit": 350, "limit": 4648, "timest": 1700627685}, "USP-S | The Traitor (Minimal Wear)": {"sugprice": 1340.759090909091, "profit": 144, "limit": 1210, "timest": 1700627446}, "USP-S | Printstream (Well-Worn)": {"sugprice": 2569.9357894736836, "profit": 295, "limit": 2319, "timest": 1700624743}, "\u2605 Driver Gloves | Racing Green (Field-Tested)": {"sugprice": 3790.2747727272726, "profit": 182, "limit": 3420, "timest": 1700627562}, "\u2605 Hand Wraps | Duct Tape (Field-Tested)": {"sugprice": 5250, "profit": 635, "limit": 4738, "timest": 1700627633}, "\u2605 Broken Fang Gloves | Unhinged (Battle-Scarred)": {"sugprice": 5117.089545454544, "profit": 554, "limit": 4618, "timest": 1700627517}, "\u2605 Hand Wraps | Arboreal (Field-Tested)": {"sugprice": 5685, "profit": 465, "limit": 5130, "timest": 1700627606}, "USP-S | Kill Confirmed (Battle-Scarred)": {"sugprice": 2850.792608695652, "profit": 182, "limit": 2572, "timest": 1700624654}, "USP-S | Serum (Field-Tested)": {"sugprice": 3381, "profit": 251, "limit": 3051, "timest": 1700627437}, "\u2605 Hand Wraps | Giraffe (Battle-Scarred)": {"sugprice": 5664.479375000001, "profit": 489, "limit": 5112, "timest": 1700627636}, "USP-S | Neo-Noir (Well-Worn)": {"sugprice": 1360, "profit": 120, "limit": 1227, "timest": 1700627398}, "\u2605 Survival Knife | Safari Mesh (Field-Tested)": {"sugprice": 7489.989333333334, "profit": 646, "limit": 6759, "timest": 1700627791}, "\u2605 Hydra Gloves | Case Hardened (Field-Tested)": {"sugprice": 7763.058333333334, "profit": 574, "limit": 7006, "timest": 1700618676}, "\u2605 Gut Knife | Rust Coat (Battle-Scarred)": {"sugprice": 7821.872222222221, "profit": 716, "limit": 7059, "timest": 1700627593}, "\u2605 Moto Gloves | Smoke Out (Battle-Scarred)": {"sugprice": 6741.7764, "profit": 775, "limit": 6084, "timest": 1700627683}, "\u2605 Hydra Gloves | Rattler (Battle-Scarred)": {"sugprice": 4083.438837209303, "profit": 334, "limit": 3685, "timest": 1700627661}, "StatTrak\u2122 SSG 08 | Dragonfire (Field-Tested)": {"sugprice": 3136, "profit": 225, "limit": 2830, "timest": 1700627228}, "\u2605 Specialist Gloves | Forest DDPAT (Battle-Scarred)": {"sugprice": 7655.14, "profit": 603, "limit": 6908, "timest": 1700627769}, "StatTrak\u2122 M4A4 | Desert-Strike (Field-Tested)": {"sugprice": 1413.7679166666667, "profit": 203, "limit": 1275, "timest": 1700627077}, "\u2605 Broken Fang Gloves | Jade (Battle-Scarred)": {"sugprice": 7143.186470588235, "profit": 489, "limit": 6446, "timest": 1700627501}, "StatTrak\u2122 M4A4 | Temukau (Battle-Scarred)": {"sugprice": 2361.984117647059, "profit": 168, "limit": 2131, "timest": 1700605952}, "\u2605 Hydra Gloves | Rattler (Well-Worn)": {"sugprice": 4804.500769230769, "profit": 512, "limit": 4336, "timest": 1700627665}, "StatTrak\u2122 USP-S | Neo-Noir (Field-Tested)": {"sugprice": 2928.6435714285717, "profit": 280, "limit": 2643, "timest": 1700627289}, "\u2605 Bloodhound Gloves | Guerrilla (Field-Tested)": {"sugprice": 5988.102727272726, "profit": 357, "limit": 5404, "timest": 1700627486}, "\u2605 Broken Fang Gloves | Unhinged (Well-Worn)": {"sugprice": 4928.217, "profit": 449, "limit": 4447, "timest": 1700627527}, "\u2605 Gut Knife | Boreal Forest (Field-Tested)": {"sugprice": 6805.788571428571, "profit": 391, "limit": 6142, "timest": 1700624914}, "\u2605 Gut Knife | Bright Water (Field-Tested)": {"sugprice": 8136.580000000002, "profit": 536, "limit": 7343, "timest": 1700627585}, "\u2605 Gut Knife | Safari Mesh (Field-Tested)": {"sugprice": 7272.043, "profit": 879, "limit": 6563, "timest": 1700627595}, "\u2605 Hand Wraps | Constrictor (Field-Tested)": {"sugprice": 4666, "profit": 432, "limit": 4211, "timest": 1700627614}, "\u2605 Hand Wraps | Desert Shamagh (Well-Worn)": {"sugprice": 5056.401111111112, "profit": 551, "limit": 4563, "timest": 1700627622}, "\u2605 Navaja Knife | Night Stripe (Field-Tested)": {"sugprice": 6700.035384615385, "profit": 678, "limit": 6046, "timest": 1700627698}, "\u2605 Navaja Knife | Tiger Tooth (Factory New)": {"sugprice": 11134.489375000001, "profit": 696, "limit": 10048, "timest": 1700627709}, "\u2605 Navaja Knife | Urban Masked (Field-Tested)": {"sugprice": 6747.362500000002, "profit": 447, "limit": 6089, "timest": 1700627724}, "\u2605 Shadow Daggers | Tiger Tooth (Factory New)": {"sugprice": 13067, "profit": 962, "limit": 11792, "timest": 1700627752}, "\u2605 Survival Knife | Boreal Forest (Field-Tested)": {"sugprice": 7542.9171428571435, "profit": 361, "limit": 6807, "timest": 1700618930},