{"StatTrak\u2122 M4A4 | The Emperor (Battle-Scarred)": {"sugprice": 2702.7555813953486, "profit": 190, "limit": 2439, "timest": 1702798732}, "StatTrak\u2122 M4A4 | \u9f8d\u738b (Dragon King) (Field-Tested)": {"sugprice": 1531.4294736842107, "profit": 135, "limit": 1382, "timest": 1702798744}, "StatTrak\u2122 MAC-10 | Toybox (Battle-Scarred)": {"sugprice": 570.17375, "profit": 100, "limit": 514, "timest": 1702793409}, "StatTrak\u2122 MP7 | Bloodsport (Factory New)": {"sugprice": 1382.3338888888889, "profit": 149, "limit": 1247, "timest": 1702798758}, "StatTrak\u2122 MP9 | Hypnotic (Factory New)": {"sugprice": 3484.586279069768, "profit": 408, "limit": 3144, "timest": 1702798774}, "StatTrak\u2122 P90 | Asiimov (Battle-Scarred)": {"sugprice": 1483.8531249999994, "profit": 152, "limit": 1339, "timest": 1702798810}, "StatTrak\u2122 PP-Bizon | Judgement of Anubis (Field-Tested)": {"sugprice": 1003.3793333333332, "profit": 116, "limit": 905, "timest": 1702798813}, "StatTrak\u2122 SSG 08 | Bloodshot (Field-Tested)": {"sugprice": 1989.3444444444447, "profit": 159, "limit": 1795, "timest": 1702798819}, "StatTrak\u2122 Tec-9 | Decimator (Battle-Scarred)": {"sugprice": 1919.36625, "profit": 152, "limit": 1732, "timest": 1702798830}, "StatTrak\u2122 USP-S | Neo-Noir (Battle-Scarred)": {"sugprice": 3059.8725806451607, "profit": 147, "limit": 2761, "timest": 1702752271}, "StatTrak\u2122 USP-S | Neo-Noir (Field-Tested)": {"sugprice": 3140.690714285715, "profit": 220, "limit": 2834, "timest": 1702798853}, "StatTrak\u2122 USP-S | The Traitor (Battle-Scarred)": {"sugprice": 2018.4962162162162, "profit": 146, "limit": 1821, "timest": 1702727930}, "Tec-9 | Nuclear Threat (Battle-Scarred)": {"sugprice": 3456.09, "profit": 430, "limit": 3119, "timest": 1702798872}, "USP-S | Kill Confirmed (Battle-Scarred)": {"sugprice": 3119.3922000000016, "profit": 228, "limit": 2815, "timest": 1702798900}, "USP-S | Kill Confirmed (Well-Worn)": {"sugprice": 3115.977826086956, "profit": 180, "limit": 2812, "timest": 1702760258}, "USP-S | Neo-Noir (Factory New)": {"sugprice": 3217.3677777777775, "profit": 175, "limit": 2903, "timest": 1702798909}, "USP-S | The Traitor (Minimal Wear)": {"sugprice": 1428.062, "profit": 106, "limit": 1288, "timest": 1702792612}, "\u2605 Bloodhound Gloves | Bronzed (Battle-Scarred)": {"sugprice": 6357.793333333332, "profit": 407, "limit": 5737, "timest": 1702782834}, "\u2605 Bloodhound Gloves | Guerrilla (Battle-Scarred)": {"sugprice": 6132.127083333333, "profit": 380, "limit": 5534, "timest": 1702798964}, "\u2605 Broken Fang Gloves | Needle Point (Battle-Scarred)": {"sugprice": 4954.359347826086, "profit": 241, "limit": 4471, "timest": 1702798978}, "\u2605 Broken Fang Gloves | Needle Point (Well-Worn)": {"sugprice": 5024.47625, "profit": 273, "limit": 4534, "timest": 1702798293}, "\u2605 Broken Fang Gloves | Yellow-banded (Battle-Scarred)": {"sugprice": 6097.635833333334, "profit": 390, "limit": 5503, "timest": 1702742093}, "\u2605 Broken Fang Gloves | Yellow-banded (Field-Tested)": {"sugprice": 6248.705625, "profit": 301, "limit": 5639, "timest": 1702750691}, "\u2605 Driver Gloves | Convoy (Field-Tested)": {"sugprice": 6300.386538461539, "profit": 331, "limit": 5686, "timest": 1702793599}, "\u2605 Driver Gloves | Diamondback (Battle-Scarred)": {"sugprice": 6963.112857142857, "profit": 689, "limit": 6284, "timest": 1702798995}, "\u2605 Driver Gloves | Queen Jaguar (Battle-Scarred)": {"sugprice": 5445, "profit": 346, "limit": 4914, "timest": 1702798999}, "\u2605 Falchion Knife | Rust Coat (Battle-Scarred)": {"sugprice": 8513, "profit": 410, "limit": 7682, "timest": 1702799011}, "\u2605 Falchion Knife | Ultraviolet (Battle-Scarred)": {"sugprice": 10015.8285, "profit": 738, "limit": 9039, "timest": 1702792675}, "\u2605 Gut Knife | Bright Water (Field-Tested)": {"sugprice": 8729.085625, "profit": 560, "limit": 7877, "timest": 1702799017}, "\u2605 Hand Wraps | Arboreal (Field-Tested)": {"sugprice": 5916.178695652175, "profit": 347, "limit": 5339, "timest": 1702775654}, "\u2605 Hand Wraps | Badlands (Battle-Scarred)": {"sugprice": 7318.754285714284, "profit": 508, "limit": 6605, "timest": 1702787674}, "\u2605 Hand Wraps | Desert Shamagh (Battle-Scarred)": {"sugprice": 5083.254400000001, "profit": 252, "limit": 4587, "timest": 1702799047}, "\u2605 Hand Wraps | Giraffe (Battle-Scarred)": {"sugprice": 5435, "profit": 261, "limit": 4905, "timest": 1702744914}, "\u2605 Huntsman Knife | Ultraviolet (Field-Tested)": {"sugprice": 9849.295263157897, "profit": 517, "limit": 8888, "timest": 1702765968}, "\u2605 Hydra Gloves | Case Hardened (Battle-Scarred)": {"sugprice": 7362.112142857142, "profit": 488, "limit": 6644, "timest": 1702790235}, "\u2605 Hydra Gloves | Mangrove (Field-Tested)": {"sugprice": 4044.123043478261, "profit": 212, "limit": 3649, "timest": 1702767729}, "\u2605 Hydra Gloves | Rattler (Battle-Scarred)": {"sugprice": 4103.978636363636, "profit": 248, "limit": 3703, "timest": 1702760408}, "\u2605 Moto Gloves | 3rd Commando Company (Battle-Scarred)": {"sugprice": 5038.5402040816325, "profit": 251, "limit": 4547, "timest": 1702745728}, "\u2605 Moto Gloves | Boom! (Battle-Scarred)": {"sugprice": 7077.836666666666, "profit": 622, "limit": 6387, "timest": 1702772145}, "\u2605 Moto Gloves | Finish Line (Battle-Scarred)": {"sugprice": 7389.204761904763, "profit": 353, "limit": 6668, "timest": 1702744470}, "\u2605 Moto Gloves | POW! (Battle-Scarred)": {"sugprice": 8258.653333333332, "profit": 417, "limit": 7453, "timest": 1702739313}, "\u2605 Moto Gloves | Smoke Out (Battle-Scarred)": {"sugprice": 7263.739655172412, "profit": 649, "limit": 6555, "timest": 1702745744}, "\u2605 Moto Gloves | Transport (Field-Tested)": {"sugprice": 5654.961666666666, "profit": 312, "limit": 5103, "timest": 1702789792}, "\u2605 Navaja Knife | Marble Fade (Factory New)": {"sugprice": 14840.719999999998, "profit": 803, "limit": 13393, "timest": 1702732369}, "\u2605 Navaja Knife | Night Stripe (Field-Tested)": {"sugprice": 7041.353703703704, "profit": 412, "limit": 6354, "timest": 1702799109}, "\u2605 Navaja Knife | Rust Coat (Battle-Scarred)": {"sugprice": 6866.463703703704, "profit": 375, "limit": 6196, "timest": 1702785772}, "\u2605 Navaja Knife | Safari Mesh (Battle-Scarred)": {"sugprice": 6807.486923076924, "profit": 449, "limit": 6143, "timest": 1702754028}, "\u2605 Navaja Knife | Scorched (Field-Tested)": {"sugprice": 6958.983333333333, "profit": 452, "limit": 6280, "timest": 1702754499}, "\u2605 Navaja Knife | Stained (Battle-Scarred)": {"sugprice": 7054.01375, "profit": 341, "limit": 6366, "timest": 1702714427}, "\u2605 Navaja Knife | Ultraviolet (Field-Tested)": {"sugprice": 7427.578421052631, "profit": 368, "limit": 6703, "timest": 1702799125}, "\u2605 Navaja Knife | Urban Masked (Field-Tested)": {"sugprice": 6938.301538461538, "profit": 395, "limit": 6261, "timest": 1702738841}, "\u2605 Paracord Knife | Forest DDPAT (Field-Tested)": {"sugprice": 8375.605937499999, "profit": 586, "limit": 7558, "timest": 1702779125}, "\u2605 Paracord Knife | Scorched (Field-Tested)": {"sugprice": 7670.88105263158, "profit": 547, "limit": 6922, "timest": 1702792783}, "\u2605 Shadow Daggers | Bright Water (Field-Tested)": {"sugprice": 7671.40935483871, "profit": 373, "limit": 6923, "timest": 1702766112}, "\u2605 Shadow Daggers | Freehand (Field-Tested)": {"sugprice": 8926.442580645162, "profit": 480, "limit": 8056, "timest": 1702760480}, "\u2605 Shadow Daggers | Rust Coat (Battle-Scarred)": {"sugprice": 6984.802093023256, "profit": 421, "limit": 6303, "timest": 1702799166}, "\u2605 Shadow Daggers | Ultraviolet (Battle-Scarred)": {"sugprice": 7627.694166666667, "profit": 383, "limit": 6883, "timest": 1702760488}, "\u2605 Shadow Daggers | Ultraviolet (Field-Tested)": {"sugprice": 9162.719473684212, "profit": 602, "limit": 8269, "timest": 1702799182}, "\u2605 Sport Gloves | Bronze Morph (Battle-Scarred)": {"sugprice": 10349.294999999998, "profit": 539, "limit": 9340, "timest": 1702799207},