{"USP-S | Kill Confirmed (Well-Worn)": {"sugprice": 3287.3026666666665, "profit": 332, "limit": 2966, "timest": 1700265327}, "USP-S | Overgrowth (Field-Tested)": {"sugprice": 1968.5655555555556, "profit": 150, "limit": 1776, "timest": 1700265377}, "\u2605 Moto Gloves | Turtle (Battle-Scarred)": {"sugprice": 7884.321875000001, "profit": 903, "limit": 7115, "timest": 1700265842}, "\u2605 Navaja Knife | Scorched (Field-Tested)": {"sugprice": 6740.83947368421, "profit": 385, "limit": 6083, "timest": 1700265881}, "\u2605 Driver Gloves | Racing Green (Battle-Scarred)": {"sugprice": 4081.1822727272724, "profit": 271, "limit": 3683, "timest": 1700265629}, "StatTrak\u2122 M4A4 | Royal Paladin (Battle-Scarred)": {"sugprice": 2290.8545454545456, "profit": 210, "limit": 2067, "timest": 1700264913}, "StatTrak\u2122 M4A4 | The Emperor (Battle-Scarred)": {"sugprice": 2680.0049999999997, "profit": 375, "limit": 2418, "timest": 1700264958}, "StatTrak\u2122 USP-S | The Traitor (Well-Worn)": {"sugprice": 2095.962857142856, "profit": 181, "limit": 1891, "timest": 1700265214}, "USP-S | Printstream (Minimal Wear)": {"sugprice": 4435, "profit": 408, "limit": 4002, "timest": 1700264080}, "USP-S | Whiteout (Minimal Wear)": {"sugprice": 2665.634545454546, "profit": 151, "limit": 2405, "timest": 1700265495}, "\u2605 Broken Fang Gloves | Needle Point (Battle-Scarred)": {"sugprice": 5455.3955263157895, "profit": 458, "limit": 4923, "timest": 1700265518}, "\u2605 Broken Fang Gloves | Needle Point (Field-Tested)": {"sugprice": 5675.438333333333, "profit": 529, "limit": 5122, "timest": 1700265527}, "\u2605 Driver Gloves | Racing Green (Well-Worn)": {"sugprice": 4211.503999999999, "profit": 238, "limit": 3800, "timest": 1700265654}, "\u2605 Hand Wraps | Constrictor (Battle-Scarred)": {"sugprice": 4630.835769230769, "profit": 374, "limit": 4179, "timest": 1700265712}, "\u2605 Hydra Gloves | Rattler (Field-Tested)": {"sugprice": 4269.616744186047, "profit": 393, "limit": 3853, "timest": 1700265807}, "\u2605 Moto Gloves | Finish Line (Battle-Scarred)": {"sugprice": 7131.495714285715, "profit": 414, "limit": 6436, "timest": 1700240443}, "\u2605 Navaja Knife | Forest DDPAT (Field-Tested)": {"sugprice": 6934.562800000001, "profit": 472, "limit": 6258, "timest": 1700265850}, "\u2605 Navaja Knife | Safari Mesh (Field-Tested)": {"sugprice": 7177.979761904762, "profit": 599, "limit": 6478, "timest": 1700265859}, "\u2605 Shadow Daggers | Bright Water (Field-Tested)": {"sugprice": 7829.015333333333, "profit": 623, "limit": 7065, "timest": 1700238451}, "\u2605 Shadow Daggers | Rust Coat (Battle-Scarred)": {"sugprice": 6907.3895454545445, "profit": 463, "limit": 6233, "timest": 1700266016}, "\u2605 Broken Fang Gloves | Yellow-banded (Field-Tested)": {"sugprice": 6768.482727272727, "profit": 561, "limit": 6108, "timest": 1700265571}, "\u2605 Hand Wraps | Arboreal (Battle-Scarred)": {"sugprice": 5120.524500000001, "profit": 250, "limit": 4621, "timest": 1700235035}, "Vypa Sista of the Revolution | Guerrilla Warfare": {"sugprice": 1589.6586666666667, "profit": 107, "limit": 1434, "timest": 1700265500}, "StatTrak\u2122 M4A4 | \u9f8d\u738b (Dragon King) (Battle-Scarred)": {"sugprice": 1516.4750000000001, "profit": 106, "limit": 1368, "timest": 1700264974}, "\u2605 Hydra Gloves | Mangrove (Battle-Scarred)": {"sugprice": 4235.563478260869, "profit": 303, "limit": 3822, "timest": 1700265783}, "USP-S | Monster Mashup (Minimal Wear)": {"sugprice": 1897.6359999999997, "profit": 129, "limit": 1712, "timest": 1700265343}, "\u2605 Broken Fang Gloves | Yellow-banded (Battle-Scarred)": {"sugprice": 5955.858780487804, "profit": 421, "limit": 5375, "timest": 1700265561}, "\u2605 Hydra Gloves | Mangrove (Well-Worn)": {"sugprice": 4335.484166666666, "profit": 277, "limit": 3912, "timest": 1700253325}, "\u2605 Shadow Daggers | Scorched (Field-Tested)": {"sugprice": 7118.170999999999, "profit": 512, "limit": 6424, "timest": 1700266025}, "StatTrak\u2122 M4A4 | Desolate Space (Battle-Scarred)": {"sugprice": 1249.3970454545458, "profit": 128, "limit": 1127, "timest": 1700264866}, "StatTrak\u2122 P90 | Asiimov (Battle-Scarred)": {"sugprice": 1464.4061363636365, "profit": 170, "limit": 1321, "timest": 1700265069}, "\u2605 Hand Wraps | Desert Shamagh (Field-Tested)": {"sugprice": 4913.350810810811, "profit": 260, "limit": 4434, "timest": 1700265741}, "\u2605 Gut Knife | Forest DDPAT (Field-Tested)": {"sugprice": 7637.75, "profit": 449, "limit": 6893, "timest": 1700264242}, "\u2605 Moto Gloves | Transport (Battle-Scarred)": {"sugprice": 5399.859705882353, "profit": 449, "limit": 4873, "timest": 1700265836}, "USP-S | The Traitor (Minimal Wear)": {"sugprice": 1423.6905714285717, "profit": 133, "limit": 1284, "timest": 1700265443}, "USP-S | Printstream (Well-Worn)": {"sugprice": 2749.8579166666664, "profit": 263, "limit": 2481, "timest": 1700265393}, "\u2605 Driver Gloves | Racing Green (Field-Tested)": {"sugprice": 4022.7530769230766, "profit": 194, "limit": 3630, "timest": 1700238043}, "\u2605 Hand Wraps | Duct Tape (Field-Tested)": {"sugprice": 5185.5565, "profit": 277, "limit": 4679, "timest": 1700265751}, "USP-S | Monster Mashup (Well-Worn)": {"sugprice": 1311.618888888889, "profit": 110, "limit": 1183, "timest": 1700265347}, "\u2605 Broken Fang Gloves | Unhinged (Battle-Scarred)": {"sugprice": 5132.881632653061, "profit": 425, "limit": 4632, "timest": 1700265540}, "\u2605 Hand Wraps | Arboreal (Field-Tested)": {"sugprice": 5642, "profit": 452, "limit": 5091, "timest": 1700265698}, "USP-S | Kill Confirmed (Battle-Scarred)": {"sugprice": 3047.3654000000006, "profit": 190, "limit": 2750, "timest": 1700264001}, "USP-S | Serum (Field-Tested)": {"sugprice": 3409.7095833333333, "profit": 268, "limit": 3077, "timest": 1700265413}, "\u2605 Hand Wraps | Giraffe (Battle-Scarred)": {"sugprice": 5901.263749999999, "profit": 476, "limit": 5325, "timest": 1700265756}, "USP-S | Neo-Noir (Well-Worn)": {"sugprice": 1524.7827272727272, "profit": 124, "limit": 1376, "timest": 1700265361}, "\u2605 Survival Knife | Safari Mesh (Field-Tested)": {"sugprice": 7679.227500000001, "profit": 374, "limit": 6930, "timest": 1700251016}, "\u2605 Hydra Gloves | Case Hardened (Field-Tested)": {"sugprice": 8357.932857142858, "profit": 963, "limit": 7543, "timest": 1700265778}, "\u2605 Gut Knife | Rust Coat (Battle-Scarred)": {"sugprice": 7885.481724137931, "profit": 429, "limit": 7116, "timest": 1700265686}, "\u2605 Moto Gloves | Smoke Out (Battle-Scarred)": {"sugprice": 6915.740434782609, "profit": 604, "limit": 6241, "timest": 1700265832}, "\u2605 Hydra Gloves | Rattler (Battle-Scarred)": {"sugprice": 4479.78695652174, "profit": 374, "limit": 4043, "timest": 1700265797}, "StatTrak\u2122 M4A4 | Evil Daimyo (Minimal Wear)": {"sugprice": 762, "profit": 158, "limit": 687, "timest": 1700256895}, "StatTrak\u2122 SSG 08 | Dragonfire (Field-Tested)": {"sugprice": 3817.2945, "profit": 422, "limit": 3445, "timest": 1700265103}, "\u2605 Specialist Gloves | Forest DDPAT (Battle-Scarred)": {"sugprice": 8172.675263157896, "profit": 765, "limit": 7375, "timest": 1700266047}, "StatTrak\u2122 M4A4 | Desert-Strike (Field-Tested)": {"sugprice": 1250.1726086956523, "profit": 101, "limit": 1128, "timest": 1700264863}, "\u2605 Broken Fang Gloves | Jade (Battle-Scarred)": {"sugprice": 7383.923999999999, "profit": 473, "limit": 6663, "timest": 1700265516}, "StatTrak\u2122 M4A4 | Temukau (Battle-Scarred)": {"sugprice": 2544.1064102564105, "profit": 323, "limit": 2296, "timest": 1700264922}, "\u2605 Hydra Gloves | Rattler (Well-Worn)": {"sugprice": 4945.955, "profit": 283, "limit": 4463, "timest": 1700263215}, "\u2605 Broken Fang Gloves | Needle Point (Well-Worn)": {"sugprice": 5346, "profit": 287, "limit": 4824, "timest": 1700265537}, "StatTrak\u2122 USP-S | Neo-Noir (Field-Tested)": {"sugprice": 3122.7699999999995, "profit": 354, "limit": 2818, "timest": 1700265187}, "USP-S | Whiteout (Battle-Scarred)": {"sugprice": 1725.2015, "profit": 122, "limit": 1556,