{"USP-S | Kill Confirmed (Well-Worn)": {"sugprice": 2884.2984, "profit": 200, "limit": 2603, "timest": 1701353313}, "\u2605 Navaja Knife | Scorched (Field-Tested)": {"sugprice": 6723.609199999999, "profit": 367, "limit": 6068, "timest": 1701352816}, "\u2605 Driver Gloves | Racing Green (Battle-Scarred)": {"sugprice": 3539.675, "profit": 197, "limit": 3194, "timest": 1701344633}, "\u2605 Driver Gloves | Racing Green (Well-Worn)": {"sugprice": 3634.9120000000003, "profit": 238, "limit": 3280, "timest": 1701353388}, "\u2605 Hydra Gloves | Rattler (Field-Tested)": {"sugprice": 3802.1185714285707, "profit": 184, "limit": 3431, "timest": 1701353447}, "\u2605 Navaja Knife | Forest DDPAT (Field-Tested)": {"sugprice": 6740.591111111111, "profit": 366, "limit": 6083, "timest": 1701344849}, "\u2605 Shadow Daggers | Bright Water (Field-Tested)": {"sugprice": 7127, "profit": 349, "limit": 6432, "timest": 1701334662}, "\u2605 Shadow Daggers | Rust Coat (Battle-Scarred)": {"sugprice": 6689.2621739130445, "profit": 324, "limit": 6037, "timest": 1701342176}, "\u2605 Broken Fang Gloves | Yellow-banded (Field-Tested)": {"sugprice": 6309.667368421053, "profit": 362, "limit": 5694, "timest": 1701353375}, "\u2605 Hydra Gloves | Mangrove (Battle-Scarred)": {"sugprice": 3799.0332258064514, "profit": 181, "limit": 3428, "timest": 1701352582}, "\u2605 Hydra Gloves | Mangrove (Well-Worn)": {"sugprice": 3946, "profit": 205, "limit": 3561, "timest": 1701353443}, "\u2605 Hand Wraps | Desert Shamagh (Field-Tested)": {"sugprice": 4850.5041666666675, "profit": 237, "limit": 4377, "timest": 1701353420}, "\u2605 Moto Gloves | Transport (Battle-Scarred)": {"sugprice": 5131.916896551725, "profit": 256, "limit": 4631, "timest": 1701353463}, "USP-S | Printstream (Well-Worn)": {"sugprice": 2641.3795000000005, "profit": 128, "limit": 2383, "timest": 1701352135}, "\u2605 Hand Wraps | Duct Tape (Field-Tested)": {"sugprice": 5113.0314285714285, "profit": 257, "limit": 4614, "timest": 1701351144}, "\u2605 Broken Fang Gloves | Unhinged (Battle-Scarred)": {"sugprice": 5080.292600000001, "profit": 337, "limit": 4584, "timest": 1701353369}, "\u2605 Hand Wraps | Arboreal (Field-Tested)": {"sugprice": 5491.951363636364, "profit": 261, "limit": 4956, "timest": 1701342836}, "\u2605 Hand Wraps | Giraffe (Battle-Scarred)": {"sugprice": 5980.394583333334, "profit": 450, "limit": 5397, "timest": 1701352540}, "USP-S | Neo-Noir (Well-Worn)": {"sugprice": 1466.2016666666666, "profit": 119, "limit": 1323, "timest": 1701353323}, "\u2605 Moto Gloves | Smoke Out (Battle-Scarred)": {"sugprice": 6702.837499999999, "profit": 365, "limit": 6049, "timest": 1701353461}, "\u2605 Hydra Gloves | Rattler (Battle-Scarred)": {"sugprice": 3882.0548936170203, "profit": 224, "limit": 3503, "timest": 1701353445}, "StatTrak\u2122 SSG 08 | Dragonfire (Field-Tested)": {"sugprice": 3066.6563888888895, "profit": 212, "limit": 2767, "timest": 1701353242}, "StatTrak\u2122 USP-S | Neo-Noir (Field-Tested)": {"sugprice": 3128.52875, "profit": 211, "limit": 2823, "timest": 1701353271}, "\u2605 Bloodhound Gloves | Guerrilla (Field-Tested)": {"sugprice": 6010.365757575757, "profit": 299, "limit": 5424, "timest": 1701352171}, "\u2605 Gut Knife | Bright Water (Field-Tested)": {"sugprice": 8012.968181818182, "profit": 512, "limit": 7231, "timest": 1701330716}, "\u2605 Hand Wraps | Constrictor (Field-Tested)": {"sugprice": 5031.0028571428575, "profit": 379, "limit": 4540, "timest": 1701353414}, "\u2605 Hand Wraps | Desert Shamagh (Well-Worn)": {"sugprice": 4884.1272222222215, "profit": 429, "limit": 4407, "timest": 1701353422}, "\u2605 Navaja Knife | Night Stripe (Field-Tested)": {"sugprice": 6575.691176470587, "profit": 313, "limit": 5934, "timest": 1701324007}, "\u2605 Survival Knife | Scorched (Field-Tested)": {"sugprice": 7763.483571428572, "profit": 493, "limit": 7006, "timest": 1701353610}, "\u2605 Moto Gloves | 3rd Commando Company (Field-Tested)": {"sugprice": 5539.272173913043, "profit": 344, "limit": 4999, "timest": 1701335835}, "StatTrak\u2122 USP-S | The Traitor (Battle-Scarred)": {"sugprice": 1871.0734042553195, "profit": 161, "limit": 1688, "timest": 1701353277}, "\u2605 Hand Wraps | Desert Shamagh (Battle-Scarred)": {"sugprice": 4841.475, "profit": 289, "limit": 4369, "timest": 1701353418}, "USP-S | Orion (Minimal Wear)": {"sugprice": 3807.2475, "profit": 269, "limit": 3436, "timest": 1701353329}, "USP-S | Caiman (Field-Tested)": {"sugprice": 3053.0997674418613, "profit": 146, "limit": 2755, "timest": 1701319612}, "\u2605 Sport Gloves | Bronze Morph (Battle-Scarred)": {"sugprice": 9808, "profit": 473, "limit": 8851, "timest": 1701353562}, "\u2605 Moto Gloves | Turtle (Battle-Scarred)": {"sugprice": 7597.374444444444, "profit": 361, "limit": 6856, "timest": 1701343871}, "\u2605 Hand Wraps | Arboreal (Battle-Scarred)": {"sugprice": 5020.1945, "profit": 299, "limit": 4530, "timest": 1701353408}, "\u2605 Broken Fang Gloves | Yellow-banded (Battle-Scarred)": {"sugprice": 5187.705454545454, "profit": 268, "limit": 4681, "timest": 1701314086}, "StatTrak\u2122 USP-S | Printstream (Battle-Scarred)": {"sugprice": 4385.574285714285, "profit": 309, "limit": 3957, "timest": 1701353273}, "USP-S | Overgrowth (Field-Tested)": {"sugprice": 1630.2428, "profit": 104, "limit": 1471, "timest": 1701346570}, "StatTrak\u2122 USP-S | Stainless (Battle-Scarred)": {"sugprice": 1017.2182142857142, "profit": 100, "limit": 918, "timest": 1701293106}, "\u2605 Broken Fang Gloves | Needle Point (Battle-Scarred)": {"sugprice": 4954, "profit": 256, "limit": 4470, "timest": 1701353363}, "StatTrak\u2122 P250 | Muertos (Field-Tested)": {"sugprice": 1042.0389655172414, "profit": 118, "limit": 940, "timest": 1701349687}, "StatTrak\u2122 USP-S | Monster Mashup (Field-Tested)": {"sugprice": 1790.3586666666665, "profit": 100, "limit": 1615, "timest": 1701338279}, "USP-S | Orion (Factory New)": {"sugprice": 3963.8100000000004, "profit": 189, "limit": 3577, "timest": 1701316309}, "\u2605 Bloodhound Gloves | Bronzed (Field-Tested)": {"sugprice": 6207.129166666668, "profit": 360, "limit": 5601, "timest": 1701350933}, "\u2605 Gut Knife | Scorched (Field-Tested)": {"sugprice": 7512.136428571429, "profit": 536, "limit": 6779, "timest": 1701353406}, "\u2605 Hydra Gloves | Emerald (Battle-Scarred)": {"sugprice": 4535.2354000000005, "profit": 296, "limit": 4093, "timest": 1701353435}, "\u2605 Hydra Gloves | Emerald (Field-Tested)": {"sugprice": 4529.024081632652, "profit": 288, "limit": 4087, "timest": 1701353437}, "\u2605 Moto Gloves | Blood Pressure (Battle-Scarred)": {"sugprice": 8338.515000000001, "profit": 498, "limit": 7525, "timest": 1701353453}, "\u2605 Moto Gloves | Polygon (Battle-Scarred)": {"sugprice": 9984.249444444444, "profit": 485, "limit": 9010, "timest": 1701288470}, "\u2605 Navaja Knife | Boreal Forest (Field-Tested)": {"sugprice": 6905, "profit": 388, "limit": 6231, "timest": 1701353471}, "\u2605 Navaja Knife | Rust Coat (Battle-Scarred)": {"sugprice": 6783.725625, "profit": 394, "limit": 6122, "timest": 1701353479}, "\u2605 Navaja Knife | Ultraviolet (Field-Tested)": {"sugprice": 7038.112173913043, "profit": 490, "limit": 6351, "timest": 1701353491}, "\u2605 Shadow Daggers | Ultraviolet (Field-Tested)": {"sugprice": 7940.424999999998, "profit": 430, "limit": 7166, "timest": 1701348688}, "\u2605 Paracord Knife | Scorched (Field-Tested)": {"sugprice": 7558.422222222221, "profit": 491, "limit": 6821, "timest": 1701353499}, "\u2605 Huntsman Knife | Rust Coat (Battle-Scarred)": {"sugprice": 8712, "profit": 473, "limit": 7862, "timest": 1701350497}, "StatTrak\u2122 PP-Bizon | Judgement of Anubis (Field-Tested)": {"sugprice": 974.5509090909092, "profit": 129, "limit": 879, "timest": 1701348847}, "USP-S | Printstream (Field-Tested)": {"sugprice": 2814.746585365853, "profit": 149, "limit": 2540, "timest": 1701353335}, "\u2605 Shadow Daggers | Night (Field-Tested)": {"sugprice": 7375.988888888888, "profit": 470, "limit": 6656, "timest": 1701353509},