{"USP-S | Kill Confirmed (Well-Worn)": {"sugprice": 2949, "profit": 256, "limit": 2661, "timest": 1700926537}, "\u2605 Navaja Knife | Scorched (Field-Tested)": {"sugprice": 6746.684230769231, "profit": 390, "limit": 6088, "timest": 1700927238}, "\u2605 Driver Gloves | Racing Green (Battle-Scarred)": {"sugprice": 3632.230999999999, "profit": 179, "limit": 3278, "timest": 1700926787}, "StatTrak\u2122 USP-S | The Traitor (Well-Worn)": {"sugprice": 1817.6572727272726, "profit": 120, "limit": 1640, "timest": 1700908128}, "\u2605 Broken Fang Gloves | Needle Point (Field-Tested)": {"sugprice": 5176.6399999999985, "profit": 251, "limit": 4671, "timest": 1700876380}, "\u2605 Driver Gloves | Racing Green (Well-Worn)": {"sugprice": 3846.0384848484855, "profit": 332, "limit": 3471, "timest": 1700926792}, "\u2605 Hand Wraps | Constrictor (Battle-Scarred)": {"sugprice": 4711.135625, "profit": 227, "limit": 4251, "timest": 1700919165}, "\u2605 Hydra Gloves | Rattler (Field-Tested)": {"sugprice": 3929.632391304349, "profit": 331, "limit": 3546, "timest": 1700927022}, "\u2605 Navaja Knife | Forest DDPAT (Field-Tested)": {"sugprice": 6838.427727272728, "profit": 589, "limit": 6171, "timest": 1700927193}, "\u2605 Shadow Daggers | Bright Water (Field-Tested)": {"sugprice": 7586, "profit": 494, "limit": 6846, "timest": 1700927339}, "\u2605 Shadow Daggers | Rust Coat (Battle-Scarred)": {"sugprice": 6773.1688, "profit": 548, "limit": 6112, "timest": 1700927377}, "\u2605 Broken Fang Gloves | Yellow-banded (Field-Tested)": {"sugprice": 6368.7024, "profit": 492, "limit": 5747, "timest": 1700926763}, "\u2605 Hydra Gloves | Mangrove (Battle-Scarred)": {"sugprice": 3921.424210526317, "profit": 321, "limit": 3539, "timest": 1700927001}, "\u2605 Hydra Gloves | Mangrove (Well-Worn)": {"sugprice": 4205, "profit": 312, "limit": 3795, "timest": 1700925580}, "StatTrak\u2122 P90 | Asiimov (Battle-Scarred)": {"sugprice": 1551.4217500000002, "profit": 191, "limit": 1400, "timest": 1700926165}, "\u2605 Hand Wraps | Desert Shamagh (Field-Tested)": {"sugprice": 4897.94, "profit": 440, "limit": 4420, "timest": 1700926936}, "\u2605 Moto Gloves | Transport (Battle-Scarred)": {"sugprice": 5296.390399999999, "profit": 381, "limit": 4779, "timest": 1700927156}, "USP-S | The Traitor (Minimal Wear)": {"sugprice": 1320.4310810810814, "profit": 135, "limit": 1191, "timest": 1700926663}, "USP-S | Printstream (Well-Worn)": {"sugprice": 2552.209166666667, "profit": 220, "limit": 2303, "timest": 1700926619}, "\u2605 Hand Wraps | Duct Tape (Field-Tested)": {"sugprice": 5181.35375, "profit": 401, "limit": 4676, "timest": 1700926949}, "\u2605 Broken Fang Gloves | Unhinged (Battle-Scarred)": {"sugprice": 5013.289411764706, "profit": 405, "limit": 4524, "timest": 1700926724}, "\u2605 Hand Wraps | Arboreal (Field-Tested)": {"sugprice": 5642, "profit": 523, "limit": 5091, "timest": 1700926872}, "USP-S | Kill Confirmed (Battle-Scarred)": {"sugprice": 2774.051891891892, "profit": 144, "limit": 2503, "timest": 1700926527}, "\u2605 Hand Wraps | Giraffe (Battle-Scarred)": {"sugprice": 5956.119615384616, "profit": 408, "limit": 5375, "timest": 1700926956}, "USP-S | Neo-Noir (Well-Worn)": {"sugprice": 1396.7481481481484, "profit": 156, "limit": 1260, "timest": 1700926571}, "\u2605 Gut Knife | Rust Coat (Battle-Scarred)": {"sugprice": 7603, "profit": 705, "limit": 6861, "timest": 1700926831}, "\u2605 Moto Gloves | Smoke Out (Battle-Scarred)": {"sugprice": 6380, "profit": 324, "limit": 5757, "timest": 1700927153}, "\u2605 Hydra Gloves | Rattler (Battle-Scarred)": {"sugprice": 3996.7810000000004, "profit": 354, "limit": 3607, "timest": 1700927016}, "StatTrak\u2122 SSG 08 | Dragonfire (Field-Tested)": {"sugprice": 3107.673846153847, "profit": 223, "limit": 2804, "timest": 1700926217}, "\u2605 Broken Fang Gloves | Jade (Battle-Scarred)": {"sugprice": 7134.411999999999, "profit": 600, "limit": 6438, "timest": 1700926687}, "\u2605 Hydra Gloves | Rattler (Well-Worn)": {"sugprice": 4569.436666666666, "profit": 322, "limit": 4123, "timest": 1700927111}, "StatTrak\u2122 USP-S | Neo-Noir (Field-Tested)": {"sugprice": 3091.965294117647, "profit": 291, "limit": 2790, "timest": 1700926367}, "\u2605 Bloodhound Gloves | Guerrilla (Field-Tested)": {"sugprice": 5863, "profit": 463, "limit": 5291, "timest": 1700926681}, "\u2605 Gut Knife | Boreal Forest (Field-Tested)": {"sugprice": 6896.687272727272, "profit": 364, "limit": 6224, "timest": 1700926804}, "\u2605 Gut Knife | Bright Water (Field-Tested)": {"sugprice": 8030.425263157894, "profit": 658, "limit": 7247, "timest": 1700926808}, "\u2605 Gut Knife | Safari Mesh (Field-Tested)": {"sugprice": 7119.963125000001, "profit": 590, "limit": 6425, "timest": 1700926837}, "\u2605 Hand Wraps | Constrictor (Field-Tested)": {"sugprice": 4842.758518518519, "profit": 320, "limit": 4370, "timest": 1700920545}, "\u2605 Hand Wraps | Desert Shamagh (Well-Worn)": {"sugprice": 4750.209285714285, "profit": 657, "limit": 4287, "timest": 1700926939}, "\u2605 Navaja Knife | Night Stripe (Field-Tested)": {"sugprice": 6848.082777777777, "profit": 681, "limit": 6180, "timest": 1700927201}, "\u2605 Navaja Knife | Tiger Tooth (Factory New)": {"sugprice": 11585.73172413793, "profit": 552, "limit": 10456, "timest": 1700916465}, "\u2605 Navaja Knife | Urban Masked (Field-Tested)": {"sugprice": 6929.5125, "profit": 421, "limit": 6253, "timest": 1700927295}, "\u2605 Survival Knife | Forest DDPAT (Field-Tested)": {"sugprice": 7605.873333333333, "profit": 474, "limit": 6864, "timest": 1700927453}, "\u2605 Survival Knife | Scorched (Field-Tested)": {"sugprice": 7655.188666666666, "profit": 544, "limit": 6908, "timest": 1700927467}, "\u2605 Moto Gloves | 3rd Commando Company (Field-Tested)": {"sugprice": 5246, "profit": 267, "limit": 4734, "timest": 1700908694}, "StatTrak\u2122 USP-S | Neo-Noir (Battle-Scarred)": {"sugprice": 3129.2134285714287, "profit": 295, "limit": 2824, "timest": 1700926364}, "StatTrak\u2122 USP-S | The Traitor (Battle-Scarred)": {"sugprice": 1864.1277999999998, "profit": 215, "limit": 1682, "timest": 1700926400}, "\u2605 Driver Gloves | Convoy (Battle-Scarred)": {"sugprice": 6066.035000000001, "profit": 307, "limit": 5474, "timest": 1700917976}, "USP-S | Neo-Noir (Minimal Wear)": {"sugprice": 1534.5029166666666, "profit": 136, "limit": 1384, "timest": 1700926561}, "USP-S | Kill Confirmed (Field-Tested)": {"sugprice": 3116.1873529411764, "profit": 167, "limit": 2812, "timest": 1700926532}, "\u2605 Driver Gloves | Queen Jaguar (Battle-Scarred)": {"sugprice": 5350.797027027028, "profit": 267, "limit": 4829, "timest": 1700926783}, "\u2605 Hand Wraps | Desert Shamagh (Battle-Scarred)": {"sugprice": 4805.262093023255, "profit": 306, "limit": 4336, "timest": 1700926924}, "\u2605 Shadow Daggers | Freehand (Field-Tested)": {"sugprice": 8486.956666666667, "profit": 497, "limit": 7659, "timest": 1700927348}, "USP-S | Neo-Noir (Factory New)": {"sugprice": 2853.5876470588228, "profit": 138, "limit": 2575, "timest": 1700905576}, "\u2605 Specialist Gloves | Buckshot (Battle-Scarred)": {"sugprice": 5082.761600000001, "profit": 336, "limit": 4587, "timest": 1700927390}, "USP-S | Orion (Minimal Wear)": {"sugprice": 3888.0961702127665, "profit": 283, "limit": 3509, "timest": 1700926589}, "USP-S | Caiman (Field-Tested)": {"sugprice": 3150.942666666667, "profit": 243, "limit": 2843, "timest": 1700926515}, "\u2605 Sport Gloves | Bronze Morph (Battle-Scarred)": {"sugprice": 9557.885555555556, "profit": 602, "limit": 8625, "timest": 1700927409}, "\u2605 Bloodhound Gloves | Guerrilla (Battle-Scarred)": {"sugprice": 6315.9872000000005, "profit": 723, "limit": 5700, "timest": 1700926677}, "USP-S | Orion (Field-Tested)": {"sugprice": 3898.6268181818177, "profit": 229, "limit": 3518, "timest": 1700899643}, "USP-S | The Traitor (Field-Tested)": {"sugprice": 883.1000000000001, "profit": 118, "limit": 796, "timest": 1700909572}, "USP-S | Printstream (Minimal Wear)": {"sugprice": 4019.102352941176, "profit": 247, "limit": 3627,