{"StatTrak\u2122 MP9 | Hypnotic (Factory New)": {"sugprice": 3015.407037037037, "profit": 233, "limit": 2721, "timest": 1706954770}, "StatTrak\u2122 SSG 08 | Big Iron (Battle-Scarred)": {"sugprice": 1502.6784615384615, "profit": 158, "limit": 1356, "timest": 1706976920}, "StatTrak\u2122 SSG 08 | Dragonfire (Field-Tested)": {"sugprice": 2634.0253125, "profit": 166, "limit": 2377, "timest": 1706978700}, "StatTrak\u2122 USP-S | Monster Mashup (Battle-Scarred)": {"sugprice": 1695.2720000000002, "profit": 151, "limit": 1529, "timest": 1706978780}, "StatTrak\u2122 USP-S | The Traitor (Well-Worn)": {"sugprice": 2091.370697674418, "profit": 102, "limit": 1887, "timest": 1706907452}, "USP-S | Whiteout (Battle-Scarred)": {"sugprice": 1992.4345999999998, "profit": 100, "limit": 1798, "timest": 1706922505}, "Vypa Sista of the Revolution | Guerrilla Warfare": {"sugprice": 1727.2652941176468, "profit": 119, "limit": 1558, "timest": 1706956933}, "\u2605 Broken Fang Gloves | Needle Point (Battle-Scarred)": {"sugprice": 4273.878809523808, "profit": 226, "limit": 3857, "timest": 1706900192}, "\u2605 Driver Gloves | Diamondback (Battle-Scarred)": {"sugprice": 6253.515333333334, "profit": 425, "limit": 5643, "timest": 1706915939}, "\u2605 Driver Gloves | Queen Jaguar (Field-Tested)": {"sugprice": 5549.413125000001, "profit": 267, "limit": 5008, "timest": 1706953317}, "\u2605 Falchion Knife | Black Laminate (Well-Worn)": {"sugprice": 9298.875, "profit": 598, "limit": 8392, "timest": 1706978928}, "\u2605 Gut Knife | Scorched (Field-Tested)": {"sugprice": 6907.749642857142, "profit": 363, "limit": 6234, "timest": 1706978954}, "\u2605 Hand Wraps | Duct Tape (Field-Tested)": {"sugprice": 4738.389090909091, "profit": 261, "limit": 4276, "timest": 1706947881}, "\u2605 Hand Wraps | Giraffe (Battle-Scarred)": {"sugprice": 5199.422499999998, "profit": 295, "limit": 4692, "timest": 1706913540}, "\u2605 Hand Wraps | Overprint (Battle-Scarred)": {"sugprice": 9710.923571428571, "profit": 462, "limit": 8764, "timest": 1706905389}, "\u2605 Hydra Gloves | Mangrove (Battle-Scarred)": {"sugprice": 3655.5886, "profit": 191, "limit": 3299, "timest": 1706903186}, "\u2605 Hydra Gloves | Rattler (Field-Tested)": {"sugprice": 3827.028, "profit": 225, "limit": 3453, "timest": 1706979015}, "\u2605 Moto Gloves | 3rd Commando Company (Field-Tested)": {"sugprice": 5114.271904761905, "profit": 256, "limit": 4615, "timest": 1706910715}, "\u2605 Paracord Knife | Forest DDPAT (Field-Tested)": {"sugprice": 7654.748750000001, "profit": 370, "limit": 6908, "timest": 1706916153}, "\u2605 Shadow Daggers | Boreal Forest (Field-Tested)": {"sugprice": 6279.004444444443, "profit": 300, "limit": 5666, "timest": 1706961542}, "\u2605 Shadow Daggers | Bright Water (Field-Tested)": {"sugprice": 6888.159199999998, "profit": 333, "limit": 6216, "timest": 1706898124}, "\u2605 Shadow Daggers | Freehand (Field-Tested)": {"sugprice": 8032.51387096774, "profit": 419, "limit": 7249, "timest": 1706896464}, "\u2605 Shadow Daggers | Safari Mesh (Field-Tested)": {"sugprice": 6292.35590909091, "profit": 322, "limit": 5678, "timest": 1706979096}, "\u2605 Driver Gloves | Convoy (Field-Tested)": {"sugprice": 5713.460444444445, "profit": 300, "limit": 5156, "timest": 1706907575}, "\u2605 Driver Gloves | Rezan the Red (Battle-Scarred)": {"sugprice": 5549.783461538462, "profit": 355, "limit": 5008, "timest": 1706901986}, "\u2605 Huntsman Knife | Bright Water (Field-Tested)": {"sugprice": 8940.900526315789, "profit": 452, "limit": 8069, "timest": 1706957053}, "\u2605 Shadow Daggers | Autotronic (Field-Tested)": {"sugprice": 8101.743636363636, "profit": 389, "limit": 7311, "timest": 1706979074}, "\u2605 Broken Fang Gloves | Unhinged (Battle-Scarred)": {"sugprice": 4774.561489361702, "profit": 320, "limit": 4309, "timest": 1706907560}, "\u2605 Shadow Daggers | Scorched (Field-Tested)": {"sugprice": 6417.18625, "profit": 414, "limit": 5791, "timest": 1706979098}, "\u2605 Falchion Knife | Ultraviolet (Battle-Scarred)": {"sugprice": 9325.292258064515, "profit": 522, "limit": 8416, "timest": 1706978934}, "\u2605 Navaja Knife | Boreal Forest (Field-Tested)": {"sugprice": 6270.724130434784, "profit": 347, "limit": 5659, "timest": 1706979032}, "\u2605 Navaja Knife | Ultraviolet (Battle-Scarred)": {"sugprice": 6406.28380952381, "profit": 313, "limit": 5781, "timest": 1706958430}, "StatTrak\u2122 USP-S | Caiman (Field-Tested)": {"sugprice": 4948.405714285714, "profit": 426, "limit": 4465, "timest": 1706978719}, "StatTrak\u2122 USP-S | Overgrowth (Field-Tested)": {"sugprice": 4232.341666666667, "profit": 345, "limit": 3819, "timest": 1706978790}, "\u2605 Flip Knife | Tiger Tooth (Factory New)": {"sugprice": 32840.198, "profit": 2061, "limit": 29638, "timest": 1706978939}, "\u2605 Gut Knife | Doppler (Factory New)": {"sugprice": 15780, "profit": 887, "limit": 14241, "timest": 1706978945}, "\u2605 Hand Wraps | CAUTION! (Battle-Scarred)": {"sugprice": 12858.203636363636, "profit": 762, "limit": 11604, "timest": 1706978962}, "\u2605 Hydra Gloves | Case Hardened (Battle-Scarred)": {"sugprice": 6815.162173913044, "profit": 374, "limit": 6150, "timest": 1706978998}, "\u2605 Navaja Knife | Doppler (Factory New)": {"sugprice": 17919, "profit": 1023, "limit": 16171, "timest": 1706979037}, "\u2605 Navaja Knife | Rust Coat (Battle-Scarred)": {"sugprice": 6095.522926829267, "profit": 323, "limit": 5501, "timest": 1706965491}, "\u2605 Paracord Knife | Boreal Forest (Field-Tested)": {"sugprice": 7751.587000000001, "profit": 373, "limit": 6995, "timest": 1706959683}, "\u2605 Paracord Knife | Forest DDPAT (Battle-Scarred)": {"sugprice": 7265.99380952381, "profit": 373, "limit": 6557, "timest": 1706979062}, "\u2605 Specialist Gloves | Marble Fade (Battle-Scarred)": {"sugprice": 12227.141333333333, "profit": 622, "limit": 11034, "timest": 1706979119}, "\u2605 Ursus Knife | Ultraviolet (Battle-Scarred)": {"sugprice": 10282.895555555557, "profit": 557, "limit": 9280, "timest": 1706957911}, "\u2605 Shadow Daggers | Ultraviolet (Field-Tested)": {"sugprice": 7549.099583333333, "profit": 367, "limit": 6813, "timest": 1706896479}, "\u2605 Survival Knife | Stained (Battle-Scarred)": {"sugprice": 9071.01705882353, "profit": 431, "limit": 8186, "timest": 1706956668}, "USP-S | Kill Confirmed (Battle-Scarred)": {"sugprice": 2662.048400000001, "profit": 142, "limit": 2402, "timest": 1706953717}, "USP-S | Orion (Factory New)": {"sugprice": 4256.138461538461, "profit": 203, "limit": 3841, "timest": 1706901280}, "\u2605 Broken Fang Gloves | Jade (Field-Tested)": {"sugprice": 9105.326153846154, "profit": 509, "limit": 8217, "timest": 1706930999}, "USP-S | Kill Confirmed (Well-Worn)": {"sugprice": 2810.497599999999, "profit": 139, "limit": 2536, "timest": 1706978826}, "\u2605 Specialist Gloves | Lt. Commander (Battle-Scarred)": {"sugprice": 9271.776521739132, "profit": 507, "limit": 8367, "timest": 1706910910}, "StatTrak\u2122 P90 | Asiimov (Battle-Scarred)": {"sugprice": 1257.7114705882354, "profit": 100, "limit": 1135, "timest": 1706899343}, "\u2605 Falchion Knife | Ultraviolet (Field-Tested)": {"sugprice": 9311.818000000001, "profit": 443, "limit": 8403, "timest": 1706978384}, "\u2605 Gut Knife | Boreal Forest (Field-Tested)": {"sugprice": 6899.316250000003, "profit": 418, "limit": 6226, "timest": 1706978941}, "\u2605 Gut Knife | Safari Mesh (Field-Tested)": {"sugprice": 6618.370666666668, "profit": 336, "limit": 5973, "timest": 1706950677}, "\u2605 Specialist Gloves | Forest DDPAT (Battle-Scarred)": {"sugprice": 8473.312631578947, "profit": 435, "limit": 7647, "timest": 1706960976}, "\u2605 Survival Knife | Safari Mesh (Field-Tested)": {"sugprice": 6976.2294999999995, "profit": 411, "limit": 6296, "timest": 1706957906}, "\u2605 Broken Fang Gloves | Yellow-banded (Field-Tested)": {"sugprice": 6259.753333333334, "profit": 315, "limit": 5649, "timest": 1706918183}, "\u2605 Paracord Knife | Scorched (Field-Tested)": {"sugprice": 7230.064166666667, "profit": 410, "limit": 6525,