{"USP-S | Kill Confirmed (Well-Worn)": {"sugprice": 3028.178157894737, "profit": 147, "limit": 2732, "timest": 1701616279}, "\u2605 Navaja Knife | Scorched (Field-Tested)": {"sugprice": 6759.965625000001, "profit": 381, "limit": 6100, "timest": 1701620309}, "\u2605 Driver Gloves | Racing Green (Battle-Scarred)": {"sugprice": 3735.7754, "profit": 181, "limit": 3371, "timest": 1701550938}, "\u2605 Hydra Gloves | Rattler (Field-Tested)": {"sugprice": 4126.209148936171, "profit": 238, "limit": 3723, "timest": 1701620211}, "\u2605 Moto Gloves | Transport (Battle-Scarred)": {"sugprice": 5318.93085106383, "profit": 254, "limit": 4800, "timest": 1701620263}, "\u2605 Broken Fang Gloves | Unhinged (Battle-Scarred)": {"sugprice": 5244.6341999999995, "profit": 371, "limit": 4733, "timest": 1701619927}, "\u2605 Hand Wraps | Arboreal (Field-Tested)": {"sugprice": 5585.135263157895, "profit": 305, "limit": 5040, "timest": 1701552343}, "USP-S | Neo-Noir (Well-Worn)": {"sugprice": 1539, "profit": 113, "limit": 1388, "timest": 1701619745}, "StatTrak\u2122 SSG 08 | Dragonfire (Field-Tested)": {"sugprice": 3171.0666666666666, "profit": 237, "limit": 2861, "timest": 1701619481}, "StatTrak\u2122 USP-S | Neo-Noir (Field-Tested)": {"sugprice": 3181.995714285715, "profit": 200, "limit": 2871, "timest": 1701619579}, "\u2605 Bloodhound Gloves | Guerrilla (Field-Tested)": {"sugprice": 6321.206000000001, "profit": 361, "limit": 5704, "timest": 1701619883}, "\u2605 Hand Wraps | Constrictor (Field-Tested)": {"sugprice": 5066.757096774194, "profit": 312, "limit": 4572, "timest": 1701605996}, "\u2605 Hand Wraps | Desert Shamagh (Well-Worn)": {"sugprice": 5028.208095238096, "profit": 400, "limit": 4537, "timest": 1701620126}, "StatTrak\u2122 USP-S | The Traitor (Battle-Scarred)": {"sugprice": 2024.1909999999998, "profit": 180, "limit": 1826, "timest": 1701619594}, "USP-S | Orion (Minimal Wear)": {"sugprice": 3942.546666666667, "profit": 191, "limit": 3558, "timest": 1701557151}, "USP-S | Caiman (Field-Tested)": {"sugprice": 3137.399047619048, "profit": 152, "limit": 2831, "timest": 1701542469}, "\u2605 Moto Gloves | Turtle (Battle-Scarred)": {"sugprice": 7914.290625000001, "profit": 445, "limit": 7142, "timest": 1701619000}, "\u2605 Hand Wraps | Arboreal (Battle-Scarred)": {"sugprice": 5127.000599999999, "profit": 260, "limit": 4627, "timest": 1701551022}, "StatTrak\u2122 USP-S | Printstream (Battle-Scarred)": {"sugprice": 4452.149444444444, "profit": 214, "limit": 4018, "timest": 1701592252}, "StatTrak\u2122 USP-S | Monster Mashup (Field-Tested)": {"sugprice": 1912.1481818181821, "profit": 154, "limit": 1725, "timest": 1701619565}, "\u2605 Bloodhound Gloves | Bronzed (Field-Tested)": {"sugprice": 6373.368124999999, "profit": 354, "limit": 5751, "timest": 1701619846}, "\u2605 Hydra Gloves | Emerald (Battle-Scarred)": {"sugprice": 4738.692599999999, "profit": 286, "limit": 4276, "timest": 1701616421}, "\u2605 Moto Gloves | Blood Pressure (Battle-Scarred)": {"sugprice": 8776.727894736841, "profit": 514, "limit": 7920, "timest": 1701611838}, "\u2605 Navaja Knife | Boreal Forest (Field-Tested)": {"sugprice": 6857.057954545453, "profit": 364, "limit": 6188, "timest": 1701539282}, "\u2605 Paracord Knife | Scorched (Field-Tested)": {"sugprice": 7516.897142857143, "profit": 401, "limit": 6783, "timest": 1701588433}, "USP-S | Printstream (Field-Tested)": {"sugprice": 2992.24976744186, "profit": 143, "limit": 2700, "timest": 1701557159}, "\u2605 Moto Gloves | Finish Line (Battle-Scarred)": {"sugprice": 6890.458823529411, "profit": 400, "limit": 6218, "timest": 1701620238}, "\u2605 Hand Wraps | Duct Tape (Battle-Scarred)": {"sugprice": 5197.832608695651, "profit": 304, "limit": 4691, "timest": 1701620142}, "\u2605 Navaja Knife | Safari Mesh (Field-Tested)": {"sugprice": 6985.128999999998, "profit": 346, "limit": 6304, "timest": 1701605253}, "\u2605 Moto Gloves | POW! (Battle-Scarred)": {"sugprice": 8444.636400000001, "profit": 411, "limit": 7621, "timest": 1701616449}, "\u2605 Gut Knife | Safari Mesh (Field-Tested)": {"sugprice": 7327.608571428572, "profit": 458, "limit": 6613, "timest": 1701620066}, "\u2605 Gut Knife | Freehand (Field-Tested)": {"sugprice": 8775.701666666666, "profit": 666, "limit": 7920, "timest": 1701615306}, "USP-S | Neo-Noir (Factory New)": {"sugprice": 3083.71875, "profit": 156, "limit": 2783, "timest": 1701619738}, "\u2605 Driver Gloves | Convoy (Field-Tested)": {"sugprice": 6432.562727272729, "profit": 450, "limit": 5805, "timest": 1701618744}, "\u2605 Hand Wraps | Constrictor (Well-Worn)": {"sugprice": 5024.428260869566, "profit": 281, "limit": 4534, "timest": 1701620106}, "\u2605 Shadow Daggers | Damascus Steel (Field-Tested)": {"sugprice": 7969.653571428572, "profit": 499, "limit": 7192, "timest": 1701619154}, "\u2605 Hydra Gloves | Mangrove (Field-Tested)": {"sugprice": 4115.945200000001, "profit": 284, "limit": 3714, "timest": 1701620189}, "StatTrak\u2122 USP-S | The Traitor (Well-Worn)": {"sugprice": 1944.6674999999998, "profit": 102, "limit": 1755, "timest": 1701600628}, "\u2605 Specialist Gloves | Buckshot (Battle-Scarred)": {"sugprice": 5106, "profit": 281, "limit": 4608, "timest": 1701615791}, "USP-S | The Traitor (Minimal Wear)": {"sugprice": 1389, "profit": 101, "limit": 1253, "timest": 1701604011}, "\u2605 Survival Knife | Boreal Forest (Field-Tested)": {"sugprice": 7888.99, "profit": 385, "limit": 7119, "timest": 1701620443}, "\u2605 Specialist Gloves | Fade (Battle-Scarred)": {"sugprice": 14765.376470588235, "profit": 829, "limit": 13325, "timest": 1701563032}, "StatTrak\u2122 USP-S | Neo-Noir (Battle-Scarred)": {"sugprice": 3150.242068965518, "profit": 160, "limit": 2843, "timest": 1701546394}, "\u2605 Moto Gloves | Transport (Field-Tested)": {"sugprice": 5570.657500000001, "profit": 356, "limit": 5027, "timest": 1701607409}, "\u2605 Shadow Daggers | Autotronic (Field-Tested)": {"sugprice": 9849, "profit": 545, "limit": 8888, "timest": 1701620345}, "USP-S | Kill Confirmed (Battle-Scarred)": {"sugprice": 3104.602340425532, "profit": 194, "limit": 2801, "timest": 1701607893}, "\u2605 Broken Fang Gloves | Needle Point (Field-Tested)": {"sugprice": 5228.751428571429, "profit": 311, "limit": 4718, "timest": 1701619923}, "StatTrak\u2122 P90 | Asiimov (Battle-Scarred)": {"sugprice": 1381, "profit": 106, "limit": 1246, "timest": 1701619411}, "USP-S | Orion (Field-Tested)": {"sugprice": 3903.362439024391, "profit": 187, "limit": 3522, "timest": 1701601419}, "UMP-45 | Blaze (Factory New)": {"sugprice": 1636.1700000000003, "profit": 100, "limit": 1476, "timest": 1701618527}, "\u2605 Hand Wraps | Desert Shamagh (Field-Tested)": {"sugprice": 5124.360625, "profit": 267, "limit": 4624, "timest": 1701620113}, "\u2605 Hydra Gloves | Rattler (Battle-Scarred)": {"sugprice": 4071.745625, "profit": 221, "limit": 3674, "timest": 1701614119}, "Tec-9 | Nuclear Threat (Battle-Scarred)": {"sugprice": 3062.180625, "profit": 255, "limit": 2763, "timest": 1701619634}, "\u2605 Gut Knife | Doppler (Factory New)": {"sugprice": 15965.863214285715, "profit": 1176, "limit": 14409, "timest": 1701563803}, "USP-S | Purple DDPAT (Minimal Wear)": {"sugprice": 940, "profit": 102, "limit": 848, "timest": 1701619784}, "\u2605 Broken Fang Gloves | Yellow-banded (Field-Tested)": {"sugprice": 6188.710476190477, "profit": 397, "limit": 5585, "timest": 1701619942}, "\u2605 Falchion Knife | Rust Coat (Battle-Scarred)": {"sugprice": 8394.938750000001, "profit": 468, "limit": 7576, "timest": 1701620005}, "\u2605 Paracord Knife | Safari Mesh (Field-Tested)": {"sugprice": 7514.367142857144, "profit": 358, "limit": 6781, "timest": 1701536803}, "StatTrak\u2122 M4A4 | Buzz Kill (Battle-Scarred)": {"sugprice": 2026.9154545454542, "profit": 120, "limit": 1829, "timest": 1701619249}, "StatTrak\u2122 M4A4 | Buzz Kill (Field-Tested)": {"sugprice": 2076.617391304348, "profit": 134, "limit": 1874, "timest": 1701619252}, "StatTrak\u2122 M4A4 | Desert-Strike (Field-Tested)": {"sugprice": 1524.505, "profit": 158,