{"StatTrak\u2122 USP-S | Neo-Noir (Field-Tested)": {"sugprice": 3055.3468421052635, "profit": 276, "limit": 2757, "timest": 1704480878}, "StatTrak\u2122 USP-S | The Traitor (Battle-Scarred)": {"sugprice": 2011, "profit": 112, "limit": 1814, "timest": 1704486607}, "USP-S | Kill Confirmed (Well-Worn)": {"sugprice": 3186.1071428571427, "profit": 194, "limit": 2875, "timest": 1704488385}, "\u2605 Driver Gloves | Convoy (Field-Tested)": {"sugprice": 6279.559736842104, "profit": 302, "limit": 5667, "timest": 1704488464}, "\u2605 Shadow Daggers | Boreal Forest (Field-Tested)": {"sugprice": 7053.878846153846, "profit": 385, "limit": 6366, "timest": 1704479438}, "\u2605 Bloodhound Gloves | Bronzed (Field-Tested)": {"sugprice": 6397.672941176471, "profit": 336, "limit": 5773, "timest": 1704488431}, "StatTrak\u2122 USP-S | Monster Mashup (Battle-Scarred)": {"sugprice": 1848.3682352941175, "profit": 106, "limit": 1668, "timest": 1704447662}, "USP-S | Printstream (Minimal Wear)": {"sugprice": 4701.032857142856, "profit": 323, "limit": 4242, "timest": 1704487826}, "\u2605 Paracord Knife | Forest DDPAT (Field-Tested)": {"sugprice": 8266.039459459462, "profit": 397, "limit": 7460, "timest": 1704470780}, "USP-S | Printstream (Well-Worn)": {"sugprice": 2755.3095000000008, "profit": 182, "limit": 2486, "timest": 1704488412}, "\u2605 Hydra Gloves | Case Hardened (Battle-Scarred)": {"sugprice": 7124.886, "profit": 358, "limit": 6430, "timest": 1704478015}, "\u2605 Driver Gloves | Queen Jaguar (Battle-Scarred)": {"sugprice": 5764.841363636363, "profit": 280, "limit": 5202, "timest": 1704488482}, "StatTrak\u2122 Tec-9 | Blue Titanium (Factory New)": {"sugprice": 833, "profit": 118, "limit": 751, "timest": 1704485550}, "\u2605 Survival Knife | Safari Mesh (Field-Tested)": {"sugprice": 7708.877826086956, "profit": 367, "limit": 6957, "timest": 1704443476}, "\u2605 Hand Wraps | Constrictor (Field-Tested)": {"sugprice": 5124.23125, "profit": 268, "limit": 4624, "timest": 1704488530}, "\u2605 Broken Fang Gloves | Unhinged (Battle-Scarred)": {"sugprice": 5183.258571428572, "profit": 262, "limit": 4677, "timest": 1704447791}, "StatTrak\u2122 USP-S | Printstream (Battle-Scarred)": {"sugprice": 4582.001764705882, "profit": 339, "limit": 4135, "timest": 1704488316}, "\u2605 Gut Knife | Bright Water (Field-Tested)": {"sugprice": 8491.807894736843, "profit": 404, "limit": 7663, "timest": 1704426164}, "\u2605 Navaja Knife | Safari Mesh (Battle-Scarred)": {"sugprice": 7147, "profit": 430, "limit": 6450, "timest": 1704488634}, "\u2605 Navaja Knife | Stained (Field-Tested)": {"sugprice": 7425, "profit": 378, "limit": 6701, "timest": 1704456060}, "\u2605 Navaja Knife | Stained (Well-Worn)": {"sugprice": 7480.3012499999995, "profit": 379, "limit": 6750, "timest": 1704480495}, "\u2605 Gut Knife | Boreal Forest (Field-Tested)": {"sugprice": 7479.438125000001, "profit": 441, "limit": 6750, "timest": 1704488503}, "USP-S | Royal Blue (Field-Tested)": {"sugprice": 1107.6742857142856, "profit": 100, "limit": 999, "timest": 1704469406}, "USP-S | Printstream (Field-Tested)": {"sugprice": 2821.582972972973, "profit": 149, "limit": 2546, "timest": 1704488408}, "StatTrak\u2122 M4A4 | The Emperor (Battle-Scarred)": {"sugprice": 2541.925238095238, "profit": 213, "limit": 2294, "timest": 1704488205}, "USP-S | Kill Confirmed (Battle-Scarred)": {"sugprice": 3137.8958, "profit": 159, "limit": 2831, "timest": 1704451109}, "\u2605 Bowie Knife | Ultraviolet (Battle-Scarred)": {"sugprice": 8954.641818181819, "profit": 552, "limit": 8081, "timest": 1704488445}, "\u2605 Paracord Knife | Safari Mesh (Field-Tested)": {"sugprice": 7862.25894736842, "profit": 418, "limit": 7095, "timest": 1704482962}, "\u2605 Hand Wraps | Arboreal (Field-Tested)": {"sugprice": 6079.7642857142855, "profit": 295, "limit": 5486, "timest": 1704488520}, "Vypa Sista of the Revolution | Guerrilla Warfare": {"sugprice": 1945.8479166666668, "profit": 141, "limit": 1756, "timest": 1704488424}, "\u2605 Huntsman Knife | Freehand (Field-Tested)": {"sugprice": 11686.742857142859, "profit": 1184, "limit": 10547, "timest": 1704488550}, "\u2605 Shadow Daggers | Rust Coat (Battle-Scarred)": {"sugprice": 6934.578888888888, "profit": 407, "limit": 6258, "timest": 1704488684}, "\u2605 Gut Knife | Safari Mesh (Field-Tested)": {"sugprice": 7432.841538461538, "profit": 425, "limit": 6708, "timest": 1704488515}, "StatTrak\u2122 P90 | Asiimov (Battle-Scarred)": {"sugprice": 1809, "profit": 105, "limit": 1632, "timest": 1704488265}, "\u2605 Hydra Gloves | Emerald (Field-Tested)": {"sugprice": 5011.751799999999, "profit": 394, "limit": 4523, "timest": 1704488563}, "StatTrak\u2122 SSG 08 | Bloodshot (Field-Tested)": {"sugprice": 1576.3164285714286, "profit": 102, "limit": 1422, "timest": 1704478340}, "\u2605 Bloodhound Gloves | Guerrilla (Battle-Scarred)": {"sugprice": 6397.89294117647, "profit": 413, "limit": 5774, "timest": 1704488433}, "USP-S | The Traitor (Minimal Wear)": {"sugprice": 1484.8009090909086, "profit": 108, "limit": 1340, "timest": 1704433521}, "StatTrak\u2122 SSG 08 | Turbo Peek (Field-Tested)": {"sugprice": 942, "profit": 104, "limit": 850, "timest": 1704441525}, "StatTrak\u2122 M4A4 | Tooth Fairy (Field-Tested)": {"sugprice": 551.4368181818182, "profit": 121, "limit": 497, "timest": 1704488208}, "StatTrak\u2122 M4A4 | Tooth Fairy (Battle-Scarred)": {"sugprice": 598.6145454545456, "profit": 127, "limit": 540, "timest": 1704442486}, "\u2605 Hand Wraps | Giraffe (Battle-Scarred)": {"sugprice": 6001.205918367347, "profit": 322, "limit": 5416, "timest": 1704482863}, "\u2605 Bowie Knife | Rust Coat (Battle-Scarred)": {"sugprice": 8242.989285714286, "profit": 448, "limit": 7439, "timest": 1704429126}, "\u2605 Hand Wraps | Duct Tape (Field-Tested)": {"sugprice": 5204.048148148147, "profit": 293, "limit": 4696, "timest": 1704488545}, "\u2605 Driver Gloves | Queen Jaguar (Field-Tested)": {"sugprice": 6177.6106666666665, "profit": 542, "limit": 5575, "timest": 1704482802}, "\u2605 Huntsman Knife | Ultraviolet (Field-Tested)": {"sugprice": 10148.720666666666, "profit": 493, "limit": 9159, "timest": 1704461516}, "\u2605 Navaja Knife | Stained (Battle-Scarred)": {"sugprice": 7326, "profit": 564, "limit": 6611, "timest": 1704487467}, "\u2605 Moto Gloves | POW! (Battle-Scarred)": {"sugprice": 8640.037999999999, "profit": 426, "limit": 7797, "timest": 1704488608}, "\u2605 Gut Knife | Forest DDPAT (Field-Tested)": {"sugprice": 7804.649411764706, "profit": 604, "limit": 7043, "timest": 1704488507}, "\u2605 Shadow Daggers | Scorched (Field-Tested)": {"sugprice": 7105.61111111111, "profit": 368, "limit": 6412, "timest": 1704485850}, "\u2605 Shadow Daggers | Ultraviolet (Field-Tested)": {"sugprice": 8508.075217391306, "profit": 483, "limit": 7678, "timest": 1704488692}, "USP-S | Monster Mashup (Well-Worn)": {"sugprice": 1345.2016666666666, "profit": 107, "limit": 1214, "timest": 1704488387}, "StatTrak\u2122 USP-S | Neo-Noir (Battle-Scarred)": {"sugprice": 3141.429512195122, "profit": 233, "limit": 2835, "timest": 1704488312}, "\u2605 Survival Knife | Boreal Forest (Field-Tested)": {"sugprice": 8148.224375, "profit": 458, "limit": 7353, "timest": 1704488703}, "StatTrak\u2122 MP9 | Hypnotic (Factory New)": {"sugprice": 3376.066216216216, "profit": 265, "limit": 3046, "timest": 1704488243}, "\u2605 Broken Fang Gloves | Yellow-banded (Battle-Scarred)": {"sugprice": 5953.731304347825, "profit": 381, "limit": 5373, "timest": 1704488456}, "\u2605 Survival Knife | Forest DDPAT (Field-Tested)": {"sugprice": 7759.563076923077, "profit": 520, "limit": 7003, "timest": 1704425739}, "\u2605 Bloodhound Gloves | Guerrilla (Field-Tested)": {"sugprice": 6214.270476190479, "profit": 347, "limit": 5608, "timest": 1704488435}, "\u2605 Shadow Daggers | Bright Water (Field-Tested)": {"sugprice": 7761, "profit": 395, "limit": 7004, "timest": 1704486909}, "\u2605 Moto Gloves | Polygon (Battle-Scarred)": {"sugprice": 10815.986842105263, "profit": 696, "limit": 9761, "timest": 1704461564},