{"USP-S | Kill Confirmed (Well-Worn)": {"sugprice": 3191.9605, "profit": 157, "limit": 2880, "timest": 1701759031}, "\u2605 Hydra Gloves | Rattler (Field-Tested)": {"sugprice": 4182.621428571427, "profit": 292, "limit": 3774, "timest": 1701693890}, "\u2605 Moto Gloves | Transport (Battle-Scarred)": {"sugprice": 5536.358333333333, "profit": 266, "limit": 4996, "timest": 1701763145}, "\u2605 Broken Fang Gloves | Unhinged (Battle-Scarred)": {"sugprice": 5247.2902, "profit": 365, "limit": 4735, "timest": 1701761940}, "USP-S | Neo-Noir (Well-Worn)": {"sugprice": 1505.4814285714285, "profit": 101, "limit": 1358, "timest": 1701762933}, "StatTrak\u2122 SSG 08 | Dragonfire (Field-Tested)": {"sugprice": 3134.296551724138, "profit": 159, "limit": 2828, "timest": 1701719762}, "\u2605 Bloodhound Gloves | Guerrilla (Field-Tested)": {"sugprice": 6325.87875, "profit": 359, "limit": 5709, "timest": 1701762978}, "\u2605 Hand Wraps | Desert Shamagh (Well-Worn)": {"sugprice": 5049.857692307692, "profit": 250, "limit": 4557, "timest": 1701763052}, "StatTrak\u2122 USP-S | The Traitor (Battle-Scarred)": {"sugprice": 2079.2660416666677, "profit": 114, "limit": 1876, "timest": 1701762892}, "\u2605 Moto Gloves | Turtle (Battle-Scarred)": {"sugprice": 8075.40409090909, "profit": 388, "limit": 7288, "timest": 1701718943}, "StatTrak\u2122 USP-S | Monster Mashup (Field-Tested)": {"sugprice": 1922.8435294117646, "profit": 146, "limit": 1735, "timest": 1701762882}, "\u2605 Bloodhound Gloves | Bronzed (Field-Tested)": {"sugprice": 6503.374545454546, "profit": 387, "limit": 5869, "timest": 1701762972}, "\u2605 Hydra Gloves | Emerald (Battle-Scarred)": {"sugprice": 4732.6925, "profit": 242, "limit": 4271, "timest": 1701716804}, "\u2605 Moto Gloves | Blood Pressure (Battle-Scarred)": {"sugprice": 8860.72380952381, "profit": 583, "limit": 7996, "timest": 1701763125}, "\u2605 Hand Wraps | Duct Tape (Battle-Scarred)": {"sugprice": 5328.679090909091, "profit": 380, "limit": 4809, "timest": 1701763054}, "\u2605 Gut Knife | Safari Mesh (Field-Tested)": {"sugprice": 7335.222941176472, "profit": 379, "limit": 6620, "timest": 1701718628}, "\u2605 Gut Knife | Freehand (Field-Tested)": {"sugprice": 9040.085454545455, "profit": 538, "limit": 8158, "timest": 1701713294}, "USP-S | Neo-Noir (Factory New)": {"sugprice": 3220.0155555555557, "profit": 234, "limit": 2906, "timest": 1701762929}, "\u2605 Driver Gloves | Convoy (Field-Tested)": {"sugprice": 6445.4241176470605, "profit": 402, "limit": 5816, "timest": 1701763001}, "\u2605 Hand Wraps | Constrictor (Well-Worn)": {"sugprice": 5022.282222222222, "profit": 242, "limit": 4532, "timest": 1701733775}, "\u2605 Shadow Daggers | Damascus Steel (Field-Tested)": {"sugprice": 7987.410000000001, "profit": 403, "limit": 7208, "timest": 1701763209}, "\u2605 Hydra Gloves | Mangrove (Field-Tested)": {"sugprice": 4326.39, "profit": 206, "limit": 3904, "timest": 1701763108}, "USP-S | The Traitor (Minimal Wear)": {"sugprice": 1392.5606451612903, "profit": 101, "limit": 1256, "timest": 1701702435}, "\u2605 Specialist Gloves | Fade (Battle-Scarred)": {"sugprice": 14606.07, "profit": 764, "limit": 13181, "timest": 1701753536}, "\u2605 Shadow Daggers | Autotronic (Field-Tested)": {"sugprice": 9378, "profit": 508, "limit": 8463, "timest": 1701732798}, "USP-S | Kill Confirmed (Battle-Scarred)": {"sugprice": 3130.8265306122444, "profit": 193, "limit": 2825, "timest": 1701753102}, "\u2605 Broken Fang Gloves | Needle Point (Field-Tested)": {"sugprice": 5287.411, "profit": 311, "limit": 4771, "timest": 1701762992}, "USP-S | Orion (Field-Tested)": {"sugprice": 4114.208979591836, "profit": 201, "limit": 3713, "timest": 1701762935}, "UMP-45 | Blaze (Factory New)": {"sugprice": 1656.2553191489367, "profit": 102, "limit": 1494, "timest": 1701691155}, "\u2605 Hand Wraps | Desert Shamagh (Field-Tested)": {"sugprice": 5177.403695652173, "profit": 246, "limit": 4672, "timest": 1701763050}, "\u2605 Hydra Gloves | Rattler (Battle-Scarred)": {"sugprice": 4073.96093023256, "profit": 195, "limit": 3676, "timest": 1701686902}, "Tec-9 | Nuclear Threat (Battle-Scarred)": {"sugprice": 3060.08, "profit": 224, "limit": 2761, "timest": 1701721670}, "USP-S | Purple DDPAT (Minimal Wear)": {"sugprice": 1027.5981818181817, "profit": 124, "limit": 927, "timest": 1701762949}, "\u2605 Broken Fang Gloves | Yellow-banded (Field-Tested)": {"sugprice": 6218.822413793102, "profit": 353, "limit": 5612, "timest": 1701726535}, "\u2605 Falchion Knife | Rust Coat (Battle-Scarred)": {"sugprice": 8376.462, "profit": 457, "limit": 7559, "timest": 1701722157}, "StatTrak\u2122 M4A4 | Buzz Kill (Battle-Scarred)": {"sugprice": 2020.007857142857, "profit": 131, "limit": 1823, "timest": 1701680696}, "StatTrak\u2122 M4A4 | Buzz Kill (Field-Tested)": {"sugprice": 2104.04, "profit": 154, "limit": 1898, "timest": 1701715687}, "StatTrak\u2122 M4A4 | Desert-Strike (Field-Tested)": {"sugprice": 1496.2484848484844, "profit": 100, "limit": 1350, "timest": 1701761397}, "StatTrak\u2122 M4A4 | In Living Color (Battle-Scarred)": {"sugprice": 1252.7472727272725, "profit": 129, "limit": 1130, "timest": 1701762487}, "StatTrak\u2122 M4A4 | Neo-Noir (Well-Worn)": {"sugprice": 1006.8149999999999, "profit": 121, "limit": 908, "timest": 1701721163}, "StatTrak\u2122 M4A4 | \u9f8d\u738b (Dragon King) (Field-Tested)": {"sugprice": 1547.1235714285715, "profit": 106, "limit": 1396, "timest": 1701758831}, "StatTrak\u2122 USP-S | Monster Mashup (Battle-Scarred)": {"sugprice": 1833, "profit": 119, "limit": 1654, "timest": 1701762880}, "\u2605 Bloodhound Gloves | Bronzed (Battle-Scarred)": {"sugprice": 6312.477, "profit": 320, "limit": 5697, "timest": 1701762971}, "\u2605 Hand Wraps | CAUTION! (Battle-Scarred)": {"sugprice": 13336.808571428572, "profit": 677, "limit": 12036, "timest": 1701687737}, "StatTrak\u2122 M4A4 | Cyber Security (Well-Worn)": {"sugprice": 1540.3425000000002, "profit": 113, "limit": 1390, "timest": 1701705730}, "\u2605 Navaja Knife | Marble Fade (Factory New)": {"sugprice": 15996.533333333333, "profit": 821, "limit": 14436, "timest": 1701733928}, "\u2605 Shadow Daggers | Scorched (Field-Tested)": {"sugprice": 7016.882, "profit": 458, "limit": 6332, "timest": 1701763223}, "StatTrak\u2122 M4A4 | The Battlestar (Field-Tested)": {"sugprice": 1437.65375, "profit": 118, "limit": 1297, "timest": 1701762573}, "USP-S | Neo-Noir (Minimal Wear)": {"sugprice": 1670.0723913043473, "profit": 135, "limit": 1507, "timest": 1701685023}, "\u2605 Navaja Knife | Ultraviolet (Field-Tested)": {"sugprice": 7195.698333333334, "profit": 353, "limit": 6494, "timest": 1701737932}, "\u2605 Shadow Daggers | Marble Fade (Factory New)": {"sugprice": 14692.855454545452, "profit": 758, "limit": 13260, "timest": 1701713856}, "StatTrak\u2122 M4A4 | The Emperor (Battle-Scarred)": {"sugprice": 2777.574, "profit": 200, "limit": 2506, "timest": 1701762584}, "USP-S | Whiteout (Minimal Wear)": {"sugprice": 2708.5860000000002, "profit": 136, "limit": 2444, "timest": 1701725157}, "\u2605 Bowie Knife | Rust Coat (Battle-Scarred)": {"sugprice": 8409, "profit": 491, "limit": 7589, "timest": 1701759154}, "\u2605 Driver Gloves | Racing Green (Field-Tested)": {"sugprice": 4045.6928, "profit": 240, "limit": 3651, "timest": 1701746979}, "\u2605 Gut Knife | Scorched (Field-Tested)": {"sugprice": 7332.465384615386, "profit": 364, "limit": 6617, "timest": 1701708738}, "StatTrak\u2122 M4A4 | Temukau (Battle-Scarred)": {"sugprice": 2374.402083333334, "profit": 126, "limit": 2142, "timest": 1701762565}, "\u2605 Hand Wraps | Constrictor (Battle-Scarred)": {"sugprice": 4960.256818181818, "profit": 251, "limit": 4476, "timest": 1701763042}, "\u2605 Shadow Daggers | Black Laminate (Well-Worn)": {"sugprice": 7360, "profit": 501, "limit": 6642, "timest": 1701761264}, "\u2605 Broken Fang Gloves | Needle Point (Battle-Scarred)": {"sugprice": 5049.71847826087, "profit": 247, "limit": 4557, "timest": 1701689369}, "USP-S | Monster Mashup (Minimal Wear)": {"sugprice": 2018, "profit": 141,