{"USP-S | Kill Confirmed (Well-Worn)": {"sugprice": 2908.905102040817, "profit": 205, "limit": 2625, "timest": 1701397263}, "\u2605 Navaja Knife | Scorched (Field-Tested)": {"sugprice": 6722.544782608697, "profit": 376, "limit": 6067, "timest": 1701398438}, "\u2605 Driver Gloves | Racing Green (Battle-Scarred)": {"sugprice": 3610.6619999999994, "profit": 216, "limit": 3258, "timest": 1701397798}, "\u2605 Driver Gloves | Racing Green (Well-Worn)": {"sugprice": 3652.366060606061, "profit": 253, "limit": 3296, "timest": 1701397806}, "\u2605 Hydra Gloves | Rattler (Field-Tested)": {"sugprice": 3832.9983999999995, "profit": 204, "limit": 3459, "timest": 1701398139}, "\u2605 Navaja Knife | Forest DDPAT (Field-Tested)": {"sugprice": 6692.677826086955, "profit": 322, "limit": 6040, "timest": 1701369078}, "\u2605 Shadow Daggers | Bright Water (Field-Tested)": {"sugprice": 7415.346599999999, "profit": 478, "limit": 6692, "timest": 1701398569}, "\u2605 Shadow Daggers | Rust Coat (Battle-Scarred)": {"sugprice": 6689.2621739130445, "profit": 324, "limit": 6037, "timest": 1701342176}, "\u2605 Broken Fang Gloves | Yellow-banded (Field-Tested)": {"sugprice": 6317.683, "profit": 368, "limit": 5701, "timest": 1701397718}, "\u2605 Hydra Gloves | Mangrove (Battle-Scarred)": {"sugprice": 3789.5975000000003, "profit": 233, "limit": 3420, "timest": 1701359486}, "\u2605 Hydra Gloves | Mangrove (Well-Worn)": {"sugprice": 3980.4500000000003, "profit": 254, "limit": 3592, "timest": 1701398123}, "\u2605 Hand Wraps | Desert Shamagh (Field-Tested)": {"sugprice": 4849.406756756757, "profit": 236, "limit": 4376, "timest": 1701365182}, "\u2605 Moto Gloves | Transport (Battle-Scarred)": {"sugprice": 5123.707027027026, "profit": 248, "limit": 4624, "timest": 1701383604}, "USP-S | Printstream (Well-Worn)": {"sugprice": 2641.3795000000005, "profit": 128, "limit": 2383, "timest": 1701352135}, "\u2605 Hand Wraps | Duct Tape (Field-Tested)": {"sugprice": 5121.516428571428, "profit": 256, "limit": 4622, "timest": 1701383409}, "\u2605 Broken Fang Gloves | Unhinged (Battle-Scarred)": {"sugprice": 5093.1776, "profit": 349, "limit": 4596, "timest": 1701397689}, "\u2605 Hand Wraps | Arboreal (Field-Tested)": {"sugprice": 5485.946190476189, "profit": 371, "limit": 4951, "timest": 1701359388}, "\u2605 Hand Wraps | Giraffe (Battle-Scarred)": {"sugprice": 5944.854347826086, "profit": 289, "limit": 5365, "timest": 1701369032}, "USP-S | Neo-Noir (Well-Worn)": {"sugprice": 1468.1184615384614, "profit": 100, "limit": 1324, "timest": 1701392196}, "\u2605 Moto Gloves | Smoke Out (Battle-Scarred)": {"sugprice": 6769.8582352941185, "profit": 326, "limit": 6109, "timest": 1701398242}, "\u2605 Hydra Gloves | Rattler (Battle-Scarred)": {"sugprice": 3808.3968749999995, "profit": 195, "limit": 3437, "timest": 1701369048}, "StatTrak\u2122 SSG 08 | Dragonfire (Field-Tested)": {"sugprice": 3133.5993478260866, "profit": 232, "limit": 2828, "timest": 1701396789}, "StatTrak\u2122 USP-S | Neo-Noir (Field-Tested)": {"sugprice": 3174.931818181818, "profit": 251, "limit": 2865, "timest": 1701397050}, "\u2605 Bloodhound Gloves | Guerrilla (Field-Tested)": {"sugprice": 6066.2028125000015, "profit": 341, "limit": 5474, "timest": 1701397620}, "\u2605 Gut Knife | Bright Water (Field-Tested)": {"sugprice": 8012.968181818182, "profit": 512, "limit": 7231, "timest": 1701330716}, "\u2605 Hand Wraps | Constrictor (Field-Tested)": {"sugprice": 5048.166666666667, "profit": 388, "limit": 4555, "timest": 1701397906}, "\u2605 Hand Wraps | Desert Shamagh (Well-Worn)": {"sugprice": 4892.136153846154, "profit": 432, "limit": 4415, "timest": 1701397932}, "\u2605 Navaja Knife | Night Stripe (Field-Tested)": {"sugprice": 6575.691176470587, "profit": 313, "limit": 5934, "timest": 1701324007}, "\u2605 Survival Knife | Scorched (Field-Tested)": {"sugprice": 7740.6425, "profit": 385, "limit": 6985, "timest": 1701398734}, "\u2605 Moto Gloves | 3rd Commando Company (Field-Tested)": {"sugprice": 5539.272173913043, "profit": 344, "limit": 4999, "timest": 1701335835}, "StatTrak\u2122 USP-S | The Traitor (Battle-Scarred)": {"sugprice": 1833.6252631578957, "profit": 106, "limit": 1654, "timest": 1701389475}, "\u2605 Hand Wraps | Desert Shamagh (Battle-Scarred)": {"sugprice": 4835.419696969696, "profit": 276, "limit": 4363, "timest": 1701397914}, "USP-S | Orion (Minimal Wear)": {"sugprice": 3823.2024, "profit": 249, "limit": 3450, "timest": 1701371390}, "USP-S | Caiman (Field-Tested)": {"sugprice": 3036.7453658536588, "profit": 156, "limit": 2740, "timest": 1701369721}, "\u2605 Sport Gloves | Bronze Morph (Battle-Scarred)": {"sugprice": 9981.819285714286, "profit": 552, "limit": 9008, "timest": 1701393517}, "\u2605 Moto Gloves | Turtle (Battle-Scarred)": {"sugprice": 7597.374444444444, "profit": 361, "limit": 6856, "timest": 1701343871}, "\u2605 Hand Wraps | Arboreal (Battle-Scarred)": {"sugprice": 5054.619361702128, "profit": 245, "limit": 4561, "timest": 1701397889}, "\u2605 Broken Fang Gloves | Yellow-banded (Battle-Scarred)": {"sugprice": 5187.705454545454, "profit": 268, "limit": 4681, "timest": 1701314086}, "StatTrak\u2122 USP-S | Printstream (Battle-Scarred)": {"sugprice": 4433.014693877551, "profit": 285, "limit": 4000, "timest": 1701397057}, "USP-S | Overgrowth (Field-Tested)": {"sugprice": 1630.2428, "profit": 104, "limit": 1471, "timest": 1701346570}, "StatTrak\u2122 USP-S | Stainless (Battle-Scarred)": {"sugprice": 1022.6900000000002, "profit": 103, "limit": 922, "timest": 1701397070}, "\u2605 Broken Fang Gloves | Needle Point (Battle-Scarred)": {"sugprice": 5014.211599999999, "profit": 302, "limit": 4525, "timest": 1701397645}, "StatTrak\u2122 P250 | Muertos (Field-Tested)": {"sugprice": 1042.0389655172414, "profit": 118, "limit": 940, "timest": 1701349687}, "StatTrak\u2122 USP-S | Monster Mashup (Field-Tested)": {"sugprice": 1829.6681250000001, "profit": 102, "limit": 1651, "timest": 1701396966}, "USP-S | Orion (Factory New)": {"sugprice": 3963.8100000000004, "profit": 189, "limit": 3577, "timest": 1701316309}, "\u2605 Bloodhound Gloves | Bronzed (Field-Tested)": {"sugprice": 6175.773913043479, "profit": 366, "limit": 5573, "timest": 1701397566}, "\u2605 Gut Knife | Scorched (Field-Tested)": {"sugprice": 7468.677142857143, "profit": 394, "limit": 6740, "timest": 1701397882}, "\u2605 Hydra Gloves | Emerald (Battle-Scarred)": {"sugprice": 4594.714799999999, "profit": 295, "limit": 4146, "timest": 1701398056}, "\u2605 Hydra Gloves | Emerald (Field-Tested)": {"sugprice": 4531.310599999999, "profit": 286, "limit": 4089, "timest": 1701398063}, "\u2605 Moto Gloves | Blood Pressure (Battle-Scarred)": {"sugprice": 8431.267272727271, "profit": 408, "limit": 7609, "timest": 1701398164}, "\u2605 Navaja Knife | Boreal Forest (Field-Tested)": {"sugprice": 7013.064399999998, "profit": 562, "limit": 6329, "timest": 1701398304}, "\u2605 Navaja Knife | Rust Coat (Battle-Scarred)": {"sugprice": 6875.235000000001, "profit": 466, "limit": 6204, "timest": 1701398372}, "\u2605 Navaja Knife | Ultraviolet (Field-Tested)": {"sugprice": 7080.218846153846, "profit": 391, "limit": 6389, "timest": 1701398480}, "\u2605 Shadow Daggers | Ultraviolet (Field-Tested)": {"sugprice": 7940.424999999998, "profit": 430, "limit": 7166, "timest": 1701348688}, "\u2605 Paracord Knife | Scorched (Field-Tested)": {"sugprice": 7523.455294117647, "profit": 528, "limit": 6789, "timest": 1701398529}, "\u2605 Huntsman Knife | Rust Coat (Battle-Scarred)": {"sugprice": 8687.609999999999, "profit": 421, "limit": 7840, "timest": 1701373280}, "StatTrak\u2122 PP-Bizon | Judgement of Anubis (Field-Tested)": {"sugprice": 974.5509090909092, "profit": 129, "limit": 879, "timest": 1701348847}, "USP-S | Printstream (Field-Tested)": {"sugprice": 2890.7734693877555, "profit": 214, "limit": 2608, "timest": 1701397402}, "\u2605 Shadow Daggers | Night (Field-Tested)": {"sugprice": 7361.276666666668, "profit": 517, "limit": 6643, "timest": 1701398578},