{"StatTrak\u2122 USP-S | Monster Mashup (Battle-Scarred)": {"sugprice": 1827.0106250000003, "profit": 172, "limit": 1648, "timest": 1707496370}, "StatTrak\u2122 USP-S | Caiman (Field-Tested)": {"sugprice": 5082.2, "profit": 254, "limit": 4586, "timest": 1707468170}, "StatTrak\u2122 USP-S | Overgrowth (Field-Tested)": {"sugprice": 4189, "profit": 212, "limit": 3780, "timest": 1707496376}, "\u2605 Paracord Knife | Scorched (Field-Tested)": {"sugprice": 7330.55727272727, "profit": 417, "limit": 6615, "timest": 1707496795}, "USP-S | Printstream (Well-Worn)": {"sugprice": 2407.1164444444444, "profit": 115, "limit": 2172, "timest": 1707480598}, "\u2605 Hand Wraps | Duct Tape (Well-Worn)": {"sugprice": 5205.452307692307, "profit": 248, "limit": 4697, "timest": 1707459368}, "StatTrak\u2122 USP-S | The Traitor (Battle-Scarred)": {"sugprice": 2250.1724324324323, "profit": 120, "limit": 2030, "timest": 1707486130}, "StatTrak\u2122 USP-S | The Traitor (Well-Worn)": {"sugprice": 2381.5704000000005, "profit": 170, "limit": 2149, "timest": 1707496386}, "\u2605 Driver Gloves | Queen Jaguar (Well-Worn)": {"sugprice": 5209.645, "profit": 265, "limit": 4701, "timest": 1707496565}, "\u2605 Shadow Daggers | Ultraviolet (Battle-Scarred)": {"sugprice": 7844.956, "profit": 383, "limit": 7080, "timest": 1707469260}, "\u2605 Specialist Gloves | Forest DDPAT (Battle-Scarred)": {"sugprice": 8316, "profit": 743, "limit": 7505, "timest": 1707496842}, "USP-S | Orion (Field-Tested)": {"sugprice": 3544.9004255319146, "profit": 172, "limit": 3199, "timest": 1707488939}, "USP-S | Whiteout (Battle-Scarred)": {"sugprice": 2000.4892000000004, "profit": 100, "limit": 1805, "timest": 1707479316}, "\u2605 Shadow Daggers | Forest DDPAT (Field-Tested)": {"sugprice": 6571.194761904763, "profit": 348, "limit": 5930, "timest": 1707424919}, "\u2605 Hydra Gloves | Case Hardened (Field-Tested)": {"sugprice": 8600.46111111111, "profit": 669, "limit": 7761, "timest": 1707472398}, "\u2605 Shadow Daggers | Boreal Forest (Field-Tested)": {"sugprice": 6544.631904761905, "profit": 345, "limit": 5906, "timest": 1707484569}, "USP-S | Whiteout (Field-Tested)": {"sugprice": 2071.03119047619, "profit": 102, "limit": 1869, "timest": 1707411435}, "StatTrak\u2122 P90 | Nostalgia (Battle-Scarred)": {"sugprice": 888.6675, "profit": 166, "limit": 802, "timest": 1707496315}, "\u2605 Paracord Knife | Stained (Battle-Scarred)": {"sugprice": 10330.811874999998, "profit": 497, "limit": 9323, "timest": 1707482387}, "\u2605 Shadow Daggers | Safari Mesh (Field-Tested)": {"sugprice": 6484.51375, "profit": 367, "limit": 5852, "timest": 1707496823}, "StatTrak\u2122 SSG 08 | Dragonfire (Field-Tested)": {"sugprice": 2730.8719999999994, "profit": 154, "limit": 2464, "timest": 1707496333}, "StatTrak\u2122 MP9 | Hypnotic (Factory New)": {"sugprice": 3017.8345454545456, "profit": 228, "limit": 2723, "timest": 1707486683}, "\u2605 Hand Wraps | Giraffe (Well-Worn)": {"sugprice": 5630.801111111111, "profit": 398, "limit": 5081, "timest": 1707485062}, "\u2605 Hand Wraps | Constrictor (Field-Tested)": {"sugprice": 4911.746190476191, "profit": 271, "limit": 4432, "timest": 1707470433}, "\u2605 Navaja Knife | Ultraviolet (Battle-Scarred)": {"sugprice": 6660.168571428572, "profit": 322, "limit": 6010, "timest": 1707478090}, "\u2605 Hydra Gloves | Rattler (Field-Tested)": {"sugprice": 4134.038717948717, "profit": 279, "limit": 3730, "timest": 1707496709}, "USP-S | Kill Confirmed (Battle-Scarred)": {"sugprice": 2791.952, "profit": 147, "limit": 2519, "timest": 1707496428}, "\u2605 Gut Knife | Boreal Forest (Field-Tested)": {"sugprice": 7095.7699999999995, "profit": 478, "limit": 6403, "timest": 1707446276}, "StatTrak\u2122 P2000 | Imperial Dragon (Field-Tested)": {"sugprice": 697.2557142857142, "profit": 130, "limit": 629, "timest": 1707496289}, "\u2605 Specialist Gloves | Crimson Web (Battle-Scarred)": {"sugprice": 10660.760666666667, "profit": 513, "limit": 9621, "timest": 1707496837}, "\u2605 Driver Gloves | Racing Green (Well-Worn)": {"sugprice": 3773.2084999999997, "profit": 213, "limit": 3405, "timest": 1707453776}, "\u2605 Shadow Daggers | Night (Field-Tested)": {"sugprice": 6935.233636363637, "profit": 331, "limit": 6259, "timest": 1707448700}, "\u2605 Survival Knife | Stained (Battle-Scarred)": {"sugprice": 9478.232499999998, "profit": 452, "limit": 8554, "timest": 1707490733}, "\u2605 Hand Wraps | Arboreal (Field-Tested)": {"sugprice": 5683.199583333334, "profit": 289, "limit": 5129, "timest": 1707475230}, "\u2605 Huntsman Knife | Bright Water (Field-Tested)": {"sugprice": 9393.707692307693, "profit": 800, "limit": 8477, "timest": 1707495350}, "\u2605 Shadow Daggers | Tiger Tooth (Factory New)": {"sugprice": 13166, "profit": 641, "limit": 11882, "timest": 1707496826}, "\u2605 Survival Knife | Boreal Forest (Field-Tested)": {"sugprice": 7090.594210526317, "profit": 348, "limit": 6399, "timest": 1707494106}, "\u2605 Navaja Knife | Safari Mesh (Field-Tested)": {"sugprice": 6450.997799999999, "profit": 352, "limit": 5822, "timest": 1707496769}, "\u2605 Driver Gloves | Diamondback (Battle-Scarred)": {"sugprice": 6277.793529411765, "profit": 299, "limit": 5665, "timest": 1707489067}, "USP-S | Whiteout (Minimal Wear)": {"sugprice": 2869.7815384615383, "profit": 137, "limit": 2589, "timest": 1707438268}, "\u2605 Driver Gloves | Black Tie (Battle-Scarred)": {"sugprice": 9375.322000000002, "profit": 455, "limit": 8461, "timest": 1707491049}, "\u2605 Driver Gloves | Convoy (Battle-Scarred)": {"sugprice": 5610, "profit": 281, "limit": 5063, "timest": 1707431520}, "USP-S | Printstream (Minimal Wear)": {"sugprice": 4427.28052631579, "profit": 254, "limit": 3995, "timest": 1707490316}, "\u2605 Hydra Gloves | Case Hardened (Battle-Scarred)": {"sugprice": 7287.371818181818, "profit": 388, "limit": 6576, "timest": 1707496674}, "\u2605 Hand Wraps | Desert Shamagh (Battle-Scarred)": {"sugprice": 4501.287021276596, "profit": 219, "limit": 4062, "timest": 1707494599}, "StatTrak\u2122 SSG 08 | Big Iron (Battle-Scarred)": {"sugprice": 1351.4833333333331, "profit": 120, "limit": 1219, "timest": 1707413401}, "StatTrak\u2122 SSG 08 | Turbo Peek (Battle-Scarred)": {"sugprice": 779.2963043478263, "profit": 101, "limit": 703, "timest": 1707414792}, "USP-S | Printstream (Field-Tested)": {"sugprice": 2517.9440909090913, "profit": 120, "limit": 2272, "timest": 1707420455}, "USP-S | Purple DDPAT (Minimal Wear)": {"sugprice": 1090.639375, "profit": 124, "limit": 984, "timest": 1707414326}, "StatTrak\u2122 P250 | Asiimov (Well-Worn)": {"sugprice": 727.2404347826086, "profit": 104, "limit": 656, "timest": 1707496294}, "USP-S | Serum (Field-Tested)": {"sugprice": 2629.394347826087, "profit": 149, "limit": 2373, "timest": 1707417663}, "\u2605 Specialist Gloves | Buckshot (Field-Tested)": {"sugprice": 5412.081, "profit": 279, "limit": 4884, "timest": 1707431156}, "StatTrak\u2122 Tec-9 | Decimator (Battle-Scarred)": {"sugprice": 1861.5, "profit": 104, "limit": 1680, "timest": 1707474190}, "\u2605 Navaja Knife | Tiger Tooth (Factory New)": {"sugprice": 12089.986400000002, "profit": 627, "limit": 10911, "timest": 1707496778}, "USP-S | Monster Mashup (Well-Worn)": {"sugprice": 1255.2748148148148, "profit": 100, "limit": 1132, "timest": 1707438828}, "\u2605 Gut Knife | Safari Mesh (Field-Tested)": {"sugprice": 7095.881923076925, "profit": 409, "limit": 6404, "timest": 1707432913}, "StatTrak\u2122 MP7 | Bloodsport (Factory New)": {"sugprice": 1336, "profit": 172, "limit": 1205, "timest": 1707496273}, "\u2605 Shadow Daggers | Ultraviolet (Field-Tested)": {"sugprice": 8685.484736842105, "profit": 454, "limit": 7838, "timest": 1707496832}, "\u2605 Hand Wraps | CAUTION! (Battle-Scarred)": {"sugprice": 13621.815454545453, "profit": 1125, "limit": 12293, "timest": 1707485038}, "StatTrak\u2122 USP-S | Neo-Noir (Field-Tested)": {"sugprice": 3112.078333333333, "profit": 356, "limit": 2808, "timest": 1707496374}, "StatTrak\u2122 P250 | Cartel (Field-Tested)": {"sugprice": 1063.45,