{"USP-S | Kill Confirmed (Well-Worn)": {"sugprice": 2956.310217391305, "profit": 247, "limit": 2668, "timest": 1700991704}, "\u2605 Navaja Knife | Scorched (Field-Tested)": {"sugprice": 6753.1125, "profit": 514, "limit": 6094, "timest": 1700992151}, "\u2605 Driver Gloves | Racing Green (Battle-Scarred)": {"sugprice": 3680.488048780487, "profit": 224, "limit": 3321, "timest": 1700991918}, "StatTrak\u2122 USP-S | The Traitor (Well-Worn)": {"sugprice": 1893.6774999999998, "profit": 110, "limit": 1709, "timest": 1700982529}, "\u2605 Driver Gloves | Racing Green (Well-Worn)": {"sugprice": 3781, "profit": 316, "limit": 3412, "timest": 1700991920}, "\u2605 Hand Wraps | Constrictor (Battle-Scarred)": {"sugprice": 4711.135625, "profit": 227, "limit": 4251, "timest": 1700919165}, "\u2605 Hydra Gloves | Rattler (Field-Tested)": {"sugprice": 3965.5076595744686, "profit": 331, "limit": 3578, "timest": 1700992059}, "\u2605 Navaja Knife | Forest DDPAT (Field-Tested)": {"sugprice": 6878.019545454546, "profit": 383, "limit": 6207, "timest": 1700992139}, "\u2605 Shadow Daggers | Bright Water (Field-Tested)": {"sugprice": 7613.1040625000005, "profit": 547, "limit": 6870, "timest": 1700992197}, "\u2605 Shadow Daggers | Rust Coat (Battle-Scarred)": {"sugprice": 6913.7181481481475, "profit": 615, "limit": 6239, "timest": 1700992235}, "\u2605 Broken Fang Gloves | Yellow-banded (Field-Tested)": {"sugprice": 6293.838500000001, "profit": 379, "limit": 5680, "timest": 1700991876}, "\u2605 Hydra Gloves | Mangrove (Battle-Scarred)": {"sugprice": 3997.3731999999995, "profit": 408, "limit": 3607, "timest": 1700992048}, "\u2605 Hydra Gloves | Mangrove (Well-Worn)": {"sugprice": 4193.802142857143, "profit": 326, "limit": 3784, "timest": 1700992053}, "StatTrak\u2122 P90 | Asiimov (Battle-Scarred)": {"sugprice": 1566.7744444444443, "profit": 157, "limit": 1414, "timest": 1700991616}, "\u2605 Hand Wraps | Desert Shamagh (Field-Tested)": {"sugprice": 4900.8306122448985, "profit": 375, "limit": 4422, "timest": 1700991987}, "\u2605 Moto Gloves | Transport (Battle-Scarred)": {"sugprice": 5275.675714285715, "profit": 420, "limit": 4761, "timest": 1700992111}, "USP-S | The Traitor (Minimal Wear)": {"sugprice": 1331.818421052632, "profit": 110, "limit": 1201, "timest": 1700991808}, "USP-S | Printstream (Well-Worn)": {"sugprice": 2645.2053846153844, "profit": 205, "limit": 2387, "timest": 1700991774}, "\u2605 Hand Wraps | Duct Tape (Field-Tested)": {"sugprice": 5184.404482758621, "profit": 259, "limit": 4678, "timest": 1700960321}, "\u2605 Broken Fang Gloves | Unhinged (Battle-Scarred)": {"sugprice": 4940.189696969696, "profit": 323, "limit": 4458, "timest": 1700991852}, "\u2605 Hand Wraps | Arboreal (Field-Tested)": {"sugprice": 5641, "profit": 458, "limit": 5091, "timest": 1700991968}, "USP-S | Kill Confirmed (Battle-Scarred)": {"sugprice": 2918.309767441861, "profit": 189, "limit": 2633, "timest": 1700985872}, "\u2605 Hand Wraps | Giraffe (Battle-Scarred)": {"sugprice": 5998.226315789474, "profit": 628, "limit": 5413, "timest": 1700992021}, "USP-S | Neo-Noir (Well-Worn)": {"sugprice": 1442.6283333333333, "profit": 131, "limit": 1301, "timest": 1700991734}, "\u2605 Gut Knife | Rust Coat (Battle-Scarred)": {"sugprice": 7610.079565217392, "profit": 390, "limit": 6868, "timest": 1700991942}, "\u2605 Moto Gloves | Smoke Out (Battle-Scarred)": {"sugprice": 6804.7156521739125, "profit": 346, "limit": 6141, "timest": 1700992108}, "\u2605 Hydra Gloves | Rattler (Battle-Scarred)": {"sugprice": 3851, "profit": 198, "limit": 3475, "timest": 1700992056}, "StatTrak\u2122 SSG 08 | Dragonfire (Field-Tested)": {"sugprice": 3164.4449999999993, "profit": 269, "limit": 2855, "timest": 1700991632}, "\u2605 Broken Fang Gloves | Jade (Battle-Scarred)": {"sugprice": 6976.792, "profit": 427, "limit": 6296, "timest": 1700991834}, "\u2605 Hydra Gloves | Rattler (Well-Worn)": {"sugprice": 4404.998125, "profit": 284, "limit": 3975, "timest": 1700992062}, "StatTrak\u2122 USP-S | Neo-Noir (Field-Tested)": {"sugprice": 3175.705263157895, "profit": 307, "limit": 2866, "timest": 1700991662}, "\u2605 Bloodhound Gloves | Guerrilla (Field-Tested)": {"sugprice": 5952.995, "profit": 539, "limit": 5372, "timest": 1700991826}, "\u2605 Gut Knife | Boreal Forest (Field-Tested)": {"sugprice": 6938.798461538462, "profit": 333, "limit": 6262, "timest": 1700949550}, "\u2605 Gut Knife | Bright Water (Field-Tested)": {"sugprice": 8029.82789473684, "profit": 426, "limit": 7246, "timest": 1700981801}, "\u2605 Gut Knife | Safari Mesh (Field-Tested)": {"sugprice": 7143.517647058825, "profit": 386, "limit": 6447, "timest": 1700932533}, "\u2605 Hand Wraps | Constrictor (Field-Tested)": {"sugprice": 4842.758518518519, "profit": 320, "limit": 4370, "timest": 1700920545}, "\u2605 Hand Wraps | Desert Shamagh (Well-Worn)": {"sugprice": 4792.076875000001, "profit": 364, "limit": 4324, "timest": 1700991996}, "\u2605 Navaja Knife | Night Stripe (Field-Tested)": {"sugprice": 6837.223125, "profit": 674, "limit": 6170, "timest": 1700992141}, "\u2605 Navaja Knife | Tiger Tooth (Factory New)": {"sugprice": 11474.250384615385, "profit": 550, "limit": 10355, "timest": 1700934036}, "\u2605 Navaja Knife | Urban Masked (Field-Tested)": {"sugprice": 6960.725, "profit": 370, "limit": 6282, "timest": 1700992171}, "\u2605 Survival Knife | Forest DDPAT (Field-Tested)": {"sugprice": 7579.201176470589, "profit": 377, "limit": 6840, "timest": 1700940103}, "\u2605 Survival Knife | Scorched (Field-Tested)": {"sugprice": 7672.945, "profit": 536, "limit": 6924, "timest": 1700992304}, "\u2605 Moto Gloves | 3rd Commando Company (Field-Tested)": {"sugprice": 5557.5659090909085, "profit": 467, "limit": 5015, "timest": 1700992066}, "StatTrak\u2122 USP-S | Neo-Noir (Battle-Scarred)": {"sugprice": 3088.853235294118, "profit": 418, "limit": 2787, "timest": 1700991660}, "StatTrak\u2122 USP-S | The Traitor (Battle-Scarred)": {"sugprice": 1874.1103999999998, "profit": 201, "limit": 1691, "timest": 1700989450}, "\u2605 Driver Gloves | Convoy (Battle-Scarred)": {"sugprice": 6076.433076923076, "profit": 291, "limit": 5483, "timest": 1700988787}, "USP-S | Neo-Noir (Minimal Wear)": {"sugprice": 1530.471304347826, "profit": 110, "limit": 1381, "timest": 1700991713}, "USP-S | Kill Confirmed (Field-Tested)": {"sugprice": 3137.186571428572, "profit": 184, "limit": 2831, "timest": 1700991702}, "\u2605 Driver Gloves | Queen Jaguar (Battle-Scarred)": {"sugprice": 5362.015000000001, "profit": 255, "limit": 4839, "timest": 1700991898}, "\u2605 Hand Wraps | Desert Shamagh (Battle-Scarred)": {"sugprice": 4771.498333333332, "profit": 372, "limit": 4306, "timest": 1700991984}, "\u2605 Shadow Daggers | Freehand (Field-Tested)": {"sugprice": 8576.270714285713, "profit": 410, "limit": 7740, "timest": 1700942629}, "\u2605 Specialist Gloves | Buckshot (Battle-Scarred)": {"sugprice": 4972.943684210526, "profit": 316, "limit": 4488, "timest": 1700992267}, "USP-S | Orion (Minimal Wear)": {"sugprice": 3983.9348979591837, "profit": 263, "limit": 3595, "timest": 1700991750}, "USP-S | Caiman (Field-Tested)": {"sugprice": 3226.0953999999997, "profit": 310, "limit": 2911, "timest": 1700991696}, "\u2605 Sport Gloves | Bronze Morph (Battle-Scarred)": {"sugprice": 9880.618181818181, "profit": 472, "limit": 8917, "timest": 1700987068}, "\u2605 Bloodhound Gloves | Guerrilla (Battle-Scarred)": {"sugprice": 6201.903636363637, "profit": 588, "limit": 5597, "timest": 1700991821}, "USP-S | The Traitor (Field-Tested)": {"sugprice": 883.1000000000001, "profit": 118, "limit": 796, "timest": 1700909572}, "USP-S | Printstream (Minimal Wear)": {"sugprice": 4034.618333333334, "profit": 257, "limit": 3641, "timest": 1700939916}, "\u2605 Moto Gloves | Turtle (Battle-Scarred)": {"sugprice": 7846.699523809525, "profit": 521, "limit": 7081, "timest": 1700992116}, "\u2605 Hand Wraps | Arboreal (Battle-Scarred)": {"sugprice": 5218.915806451611, "profit": 370, "limit": 4710, "timest": 1700991959},