{"\u2605 Hand Wraps | CAUTION! (Battle-Scarred)": {"sugprice": 15073.58846153846, "profit": 904, "limit": 13603, "timest": 1708250691}, "\u2605 Shadow Daggers | Autotronic (Battle-Scarred)": {"sugprice": 9033.692142857142, "profit": 481, "limit": 8152, "timest": 1708177886}, "USP-S | Royal Blue (Field-Tested)": {"sugprice": 1353.5961904761905, "profit": 127, "limit": 1221, "timest": 1708250518}, "\u2605 Driver Gloves | Racing Green (Field-Tested)": {"sugprice": 4224.686590909091, "profit": 201, "limit": 3812, "timest": 1708177047}, "\u2605 Driver Gloves | Black Tie (Battle-Scarred)": {"sugprice": 10641.246363636363, "profit": 647, "limit": 9603, "timest": 1708250599}, "\u2605 Gut Knife | Doppler (Factory New)": {"sugprice": 16852.557333333334, "profit": 1153, "limit": 15209, "timest": 1708250663}, "\u2605 Navaja Knife | Ultraviolet (Battle-Scarred)": {"sugprice": 7315.616470588237, "profit": 447, "limit": 6602, "timest": 1708250820}, "USP-S | Monster Mashup (Minimal Wear)": {"sugprice": 2273.0976470588234, "profit": 110, "limit": 2051, "timest": 1708250471}, "\u2605 Gut Knife | Safari Mesh (Field-Tested)": {"sugprice": 7511.262777777777, "profit": 359, "limit": 6778, "timest": 1708250674}, "\u2605 Hand Wraps | Spruce DDPAT (Battle-Scarred)": {"sugprice": 7341.691428571428, "profit": 435, "limit": 6625, "timest": 1708171723}, "\u2605 Navaja Knife | Stained (Battle-Scarred)": {"sugprice": 7482.90923076923, "profit": 357, "limit": 6753, "timest": 1708204086}, "StatTrak\u2122 P2000 | Imperial Dragon (Field-Tested)": {"sugprice": 843.8145714285714, "profit": 105, "limit": 761, "timest": 1708250310}, "USP-S | Serum (Minimal Wear)": {"sugprice": 3297.0099999999998, "profit": 214, "limit": 2975, "timest": 1708245422}, "\u2605 Huntsman Knife | Lore (Battle-Scarred)": {"sugprice": 14507.690909090907, "profit": 1051, "limit": 13093, "timest": 1708250736}, "\u2605 Hydra Gloves | Rattler (Well-Worn)": {"sugprice": 4607.497307692308, "profit": 225, "limit": 4158, "timest": 1708244115}, "\u2605 Falchion Knife | Ultraviolet (Battle-Scarred)": {"sugprice": 10514.549333333332, "profit": 805, "limit": 9489, "timest": 1708243979}, "\u2605 Hand Wraps | Giraffe (Well-Worn)": {"sugprice": 5993.849090909091, "profit": 440, "limit": 5409, "timest": 1708250720}, "\u2605 Driver Gloves | Diamondback (Battle-Scarred)": {"sugprice": 7192.615384615385, "profit": 498, "limit": 6491, "timest": 1708250607}, "StatTrak\u2122 SSG 08 | Turbo Peek (Field-Tested)": {"sugprice": 875.4894736842105, "profit": 107, "limit": 790, "timest": 1708178953}, "StatTrak\u2122 USP-S | Neo-Noir (Field-Tested)": {"sugprice": 3427, "profit": 202, "limit": 3092, "timest": 1708250402}, "\u2605 Specialist Gloves | Crimson Web (Battle-Scarred)": {"sugprice": 12365.879333333336, "profit": 605, "limit": 11160, "timest": 1708209503}, "\u2605 Shadow Daggers | Ultraviolet (Battle-Scarred)": {"sugprice": 8238.205789473684, "profit": 460, "limit": 7434, "timest": 1708250891}, "\u2605 Specialist Gloves | Fade (Battle-Scarred)": {"sugprice": 15676.618928571432, "profit": 786, "limit": 14148, "timest": 1708205536}, "\u2605 Paracord Knife | Safari Mesh (Field-Tested)": {"sugprice": 8001.253636363635, "profit": 381, "limit": 7221, "timest": 1708235975}, "\u2605 Survival Knife | Stained (Battle-Scarred)": {"sugprice": 10063.025555555556, "profit": 510, "limit": 9081, "timest": 1708190176}, "\u2605 Moto Gloves | Smoke Out (Battle-Scarred)": {"sugprice": 8047.806470588235, "profit": 384, "limit": 7263, "timest": 1708215504}, "StatTrak\u2122 USP-S | Caiman (Field-Tested)": {"sugprice": 5163, "profit": 247, "limit": 4659, "timest": 1708249709}, "\u2605 Hand Wraps | Constrictor (Field-Tested)": {"sugprice": 5597.203333333334, "profit": 357, "limit": 5051, "timest": 1708248688}, "USP-S | Whiteout (Field-Tested)": {"sugprice": 2278.008235294118, "profit": 156, "limit": 2055, "timest": 1708250546}, "\u2605 Specialist Gloves | Marble Fade (Battle-Scarred)": {"sugprice": 14301.98733333333, "profit": 986, "limit": 12907, "timest": 1708248937}, "\u2605 Moto Gloves | 3rd Commando Company (Well-Worn)": {"sugprice": 5681.999999999999, "profit": 395, "limit": 5128, "timest": 1708250792}, "\u2605 Navaja Knife | Crimson Web (Battle-Scarred)": {"sugprice": 8688.769999999999, "profit": 653, "limit": 7841, "timest": 1708250801}, "\u2605 Falchion Knife | Ultraviolet (Field-Tested)": {"sugprice": 10854.675000000001, "profit": 564, "limit": 9796, "timest": 1708250643}, "\u2605 Shadow Daggers | Freehand (Field-Tested)": {"sugprice": 9207.570588235292, "profit": 445, "limit": 8309, "timest": 1708170620}, "\u2605 Falchion Knife | Lore (Battle-Scarred)": {"sugprice": 14587.175714285713, "profit": 1079, "limit": 13164, "timest": 1708250636}, "\u2605 Broken Fang Gloves | Jade (Battle-Scarred)": {"sugprice": 8044.034285714287, "profit": 418, "limit": 7259, "timest": 1708183178}, "\u2605 Broken Fang Gloves | Needle Point (Well-Worn)": {"sugprice": 5360.833846153847, "profit": 379, "limit": 4838, "timest": 1708196489}, "\u2605 Hand Wraps | Desert Shamagh (Battle-Scarred)": {"sugprice": 5322.131555555555, "profit": 314, "limit": 4803, "timest": 1708249367}, "USP-S | Kill Confirmed (Battle-Scarred)": {"sugprice": 3553.2316666666666, "profit": 220, "limit": 3206, "timest": 1708244507}, "USP-S | Purple DDPAT (Minimal Wear)": {"sugprice": 1273.978, "profit": 100, "limit": 1149, "timest": 1708238385}, "\u2605 Hydra Gloves | Mangrove (Field-Tested)": {"sugprice": 4459.895777777777, "profit": 234, "limit": 4025, "timest": 1708248017}, "\u2605 Falchion Knife | Black Laminate (Well-Worn)": {"sugprice": 10802.328, "profit": 1091, "limit": 9749, "timest": 1708250633}, "StatTrak\u2122 Tec-9 | Titanium Bit (Minimal Wear)": {"sugprice": 1070, "profit": 106, "limit": 965, "timest": 1708170130}, "StatTrak\u2122 MP9 | Hypnotic (Factory New)": {"sugprice": 3145.6259999999997, "profit": 189, "limit": 2838, "timest": 1708242902}, "\u2605 Sport Gloves | Bronze Morph (Battle-Scarred)": {"sugprice": 10260.053703703707, "profit": 531, "limit": 9259, "timest": 1708250924}, "\u2605 Gut Knife | Boreal Forest (Field-Tested)": {"sugprice": 7885.703636363637, "profit": 559, "limit": 7116, "timest": 1708250657}, "\u2605 Hydra Gloves | Case Hardened (Battle-Scarred)": {"sugprice": 8005.9346153846145, "profit": 455, "limit": 7225, "timest": 1708245664}, "StatTrak\u2122 USP-S | The Traitor (Battle-Scarred)": {"sugprice": 2363.4773333333333, "profit": 114, "limit": 2133, "timest": 1708203684}, "USP-S | Whiteout (Battle-Scarred)": {"sugprice": 2068, "profit": 142, "limit": 1866, "timest": 1708250544}, "\u2605 Navaja Knife | Doppler (Factory New)": {"sugprice": 16944.986666666668, "profit": 1249, "limit": 15292, "timest": 1708246534}, "\u2605 Paracord Knife | Forest DDPAT (Battle-Scarred)": {"sugprice": 8384.857272727271, "profit": 562, "limit": 7567, "timest": 1708250828}, "\u2605 Broken Fang Gloves | Yellow-banded (Battle-Scarred)": {"sugprice": 5790.401956521739, "profit": 279, "limit": 5225, "timest": 1708197155}, "\u2605 Gut Knife | Rust Coat (Battle-Scarred)": {"sugprice": 7925.468076923077, "profit": 527, "limit": 7152, "timest": 1708250672}, "\u2605 Paracord Knife | Boreal Forest (Field-Tested)": {"sugprice": 8395.805555555555, "profit": 401, "limit": 7577, "timest": 1708250153}, "\u2605 Navaja Knife | Marble Fade (Factory New)": {"sugprice": 15749.623000000001, "profit": 1077, "limit": 14214, "timest": 1708250804}, "StatTrak\u2122 MP7 | Bloodsport (Factory New)": {"sugprice": 1369.6145454545456, "profit": 130, "limit": 1236, "timest": 1708250296}, "StatTrak\u2122 SSG 08 | Dragonfire (Field-Tested)": {"sugprice": 3046.7787179487173, "profit": 283, "limit": 2749, "timest": 1708250359}, "\u2605 Hydra Gloves | Rattler (Battle-Scarred)": {"sugprice": 4480.627142857144, "profit": 251, "limit": 4043, "timest": 1708203406}, "StatTrak\u2122 USP-S | Monster Mashup (Battle-Scarred)": {"sugprice": 1879.497777777778, "profit": 159, "limit": 1696, "timest": 1708249081},