{"StatTrak\u2122 USP-S | Neo-Noir (Field-Tested)": {"sugprice": 3129.9077419354835, "profit": 252, "limit": 2824, "timest": 1703862060}, "StatTrak\u2122 USP-S | The Traitor (Battle-Scarred)": {"sugprice": 2033.738888888889, "profit": 111, "limit": 1835, "timest": 1703790035}, "USP-S | Kill Confirmed (Well-Worn)": {"sugprice": 3145.3454761904773, "profit": 162, "limit": 2838, "timest": 1703862102}, "USP-S | Neo-Noir (Factory New)": {"sugprice": 3071.7251515151515, "profit": 176, "limit": 2772, "timest": 1703862106}, "\u2605 Broken Fang Gloves | Yellow-banded (Battle-Scarred)": {"sugprice": 6173.93163265306, "profit": 363, "limit": 5571, "timest": 1703852683}, "\u2605 Driver Gloves | Convoy (Field-Tested)": {"sugprice": 6354.074838709677, "profit": 353, "limit": 5734, "timest": 1703862173}, "\u2605 Hand Wraps | Badlands (Battle-Scarred)": {"sugprice": 7591.897857142857, "profit": 653, "limit": 6851, "timest": 1703860305}, "\u2605 Moto Gloves | Transport (Field-Tested)": {"sugprice": 5725.42, "profit": 430, "limit": 5167, "timest": 1703862281}, "\u2605 Navaja Knife | Scorched (Field-Tested)": {"sugprice": 6999.212599999998, "profit": 359, "limit": 6316, "timest": 1703862297}, "\u2605 Shadow Daggers | Freehand (Field-Tested)": {"sugprice": 9101.897, "profit": 563, "limit": 8214, "timest": 1703796530}, "StatTrak\u2122 M4A4 | X-Ray (Minimal Wear)": {"sugprice": 4930, "profit": 334, "limit": 4449, "timest": 1703861972}, "\u2605 Hydra Gloves | Rattler (Field-Tested)": {"sugprice": 4043.7859090909096, "profit": 214, "limit": 3649, "timest": 1703836324}, "\u2605 Driver Gloves | Racing Green (Field-Tested)": {"sugprice": 3956.998666666667, "profit": 200, "limit": 3571, "timest": 1703848283}, "\u2605 Shadow Daggers | Boreal Forest (Field-Tested)": {"sugprice": 6967.487599999999, "profit": 448, "limit": 6288, "timest": 1703862321}, "\u2605 Bloodhound Gloves | Bronzed (Field-Tested)": {"sugprice": 6440.37861111111, "profit": 339, "limit": 5812, "timest": 1703862143}, "StatTrak\u2122 USP-S | Monster Mashup (Battle-Scarred)": {"sugprice": 1953.6329999999998, "profit": 135, "limit": 1763, "timest": 1703862053}, "StatTrak\u2122 USP-S | The Traitor (Well-Worn)": {"sugprice": 2168.805744680851, "profit": 132, "limit": 1957, "timest": 1703862068}, "\u2605 Hydra Gloves | Mangrove (Battle-Scarred)": {"sugprice": 4140.128599999999, "profit": 231, "limit": 3736, "timest": 1703862249}, "\u2605 Shadow Daggers | Forest DDPAT (Field-Tested)": {"sugprice": 7286.48, "profit": 542, "limit": 6576, "timest": 1703862327}, "USP-S | Printstream (Minimal Wear)": {"sugprice": 4485.155, "profit": 287, "limit": 4047, "timest": 1703862123}, "\u2605 Huntsman Knife | Ultraviolet (Field-Tested)": {"sugprice": 10267.119166666667, "profit": 571, "limit": 9266, "timest": 1703862239}, "\u2605 Hydra Gloves | Rattler (Well-Worn)": {"sugprice": 4841.8893333333335, "profit": 235, "limit": 4369, "timest": 1703849934}, "\u2605 Falchion Knife | Ultraviolet (Battle-Scarred)": {"sugprice": 9856.782000000001, "profit": 483, "limit": 8895, "timest": 1703860287}, "\u2605 Moto Gloves | Finish Line (Battle-Scarred)": {"sugprice": 6946.024285714286, "profit": 426, "limit": 6268, "timest": 1703862271}, "\u2605 Shadow Daggers | Bright Water (Field-Tested)": {"sugprice": 7623.991162790695, "profit": 402, "limit": 6880, "timest": 1703862323}, "StatTrak\u2122 USP-S | Monster Mashup (Field-Tested)": {"sugprice": 1992.4819230769233, "profit": 181, "limit": 1798, "timest": 1703862055}, "\u2605 Paracord Knife | Forest DDPAT (Field-Tested)": {"sugprice": 8032.470303030302, "profit": 405, "limit": 7249, "timest": 1703830977}, "\u2605 Navaja Knife | Night Stripe (Field-Tested)": {"sugprice": 6938.985294117646, "profit": 385, "limit": 6262, "timest": 1703862289}, "\u2605 Moto Gloves | Boom! (Battle-Scarred)": {"sugprice": 7871.074000000001, "profit": 597, "limit": 7103, "timest": 1703862267}, "\u2605 Specialist Gloves | Fade (Battle-Scarred)": {"sugprice": 15272.05956521739, "profit": 726, "limit": 13783, "timest": 1703853365}, "StatTrak\u2122 SSG 08 | Dragonfire (Battle-Scarred)": {"sugprice": 3136.7099999999996, "profit": 210, "limit": 2830, "timest": 1703862031}, "\u2605 Hand Wraps | Duct Tape (Field-Tested)": {"sugprice": 5187.235, "profit": 306, "limit": 4681, "timest": 1703858760}, "USP-S | Printstream (Well-Worn)": {"sugprice": 2688.0318749999997, "profit": 151, "limit": 2425, "timest": 1703862125}, "\u2605 Huntsman Knife | Lore (Battle-Scarred)": {"sugprice": 14737.866250000001, "profit": 717, "limit": 13300, "timest": 1703862235}, "\u2605 Shadow Daggers | Ultraviolet (Field-Tested)": {"sugprice": 8164.059729729727, "profit": 462, "limit": 7368, "timest": 1703862339}, "\u2605 Bloodhound Gloves | Bronzed (Battle-Scarred)": {"sugprice": 6443.4556250000005, "profit": 427, "limit": 5815, "timest": 1703862141}, "\u2605 Hydra Gloves | Rattler (Battle-Scarred)": {"sugprice": 4174.477199999998, "profit": 361, "limit": 3767, "timest": 1703862255}, "\u2605 Hydra Gloves | Case Hardened (Battle-Scarred)": {"sugprice": 7029, "profit": 410, "limit": 6343, "timest": 1703862241}, "\u2605 Gut Knife | Freehand (Field-Tested)": {"sugprice": 8275.449090909091, "profit": 430, "limit": 7468, "timest": 1703862201}, "\u2605 Driver Gloves | Queen Jaguar (Battle-Scarred)": {"sugprice": 5417, "profit": 394, "limit": 4888, "timest": 1703862179}, "\u2605 Shadow Daggers | Scorched (Field-Tested)": {"sugprice": 7076.770588235293, "profit": 519, "limit": 6386, "timest": 1703862335}, "\u2605 Gut Knife | Forest DDPAT (Field-Tested)": {"sugprice": 7834.350952380953, "profit": 385, "limit": 7070, "timest": 1703854700}, "\u2605 Specialist Gloves | Lt. Commander (Battle-Scarred)": {"sugprice": 10008.020588235295, "profit": 947, "limit": 9032, "timest": 1703793187}, "\u2605 Navaja Knife | Stained (Battle-Scarred)": {"sugprice": 7233.165384615385, "profit": 458, "limit": 6527, "timest": 1703796490}, "\u2605 Specialist Gloves | Buckshot (Battle-Scarred)": {"sugprice": 5299.511875000001, "profit": 332, "limit": 4782, "timest": 1703862341}, "StatTrak\u2122 Tec-9 | Blue Titanium (Factory New)": {"sugprice": 832.4464705882352, "profit": 119, "limit": 751, "timest": 1703862037}, "\u2605 Moto Gloves | 3rd Commando Company (Battle-Scarred)": {"sugprice": 5103.456363636364, "profit": 256, "limit": 4605, "timest": 1703849936}, "\u2605 Survival Knife | Safari Mesh (Field-Tested)": {"sugprice": 7518.829047619047, "profit": 516, "limit": 6785, "timest": 1703862355}, "\u2605 Moto Gloves | POW! (Battle-Scarred)": {"sugprice": 8652, "profit": 492, "limit": 7808, "timest": 1703862275}, "\u2605 Hand Wraps | Constrictor (Field-Tested)": {"sugprice": 4917.51304347826, "profit": 316, "limit": 4438, "timest": 1703862217}, "\u2605 Sport Gloves | Bronze Morph (Battle-Scarred)": {"sugprice": 10319.656388888892, "profit": 682, "limit": 9313, "timest": 1703862349}, "\u2605 Bowie Knife | Bright Water (Field-Tested)": {"sugprice": 10116.618750000003, "profit": 648, "limit": 9130, "timest": 1703862153}, "\u2605 Broken Fang Gloves | Unhinged (Battle-Scarred)": {"sugprice": 5210.971489361702, "profit": 270, "limit": 4702, "timest": 1703849836}, "\u2605 Moto Gloves | Blood Pressure (Battle-Scarred)": {"sugprice": 8039, "profit": 466, "limit": 7255, "timest": 1703862265}, "\u2605 Driver Gloves | Racing Green (Well-Worn)": {"sugprice": 3934.338461538461, "profit": 333, "limit": 3550, "timest": 1703793602}, "\u2605 Hand Wraps | Desert Shamagh (Well-Worn)": {"sugprice": 4741.10238095238, "profit": 287, "limit": 4278, "timest": 1703825861}, "StatTrak\u2122 M4A4 | \u9f8d\u738b (Dragon King) (Field-Tested)": {"sugprice": 1547.300882352941, "profit": 100, "limit": 1396, "timest": 1703855059}, "\u2605 Hand Wraps | Constrictor (Battle-Scarred)": {"sugprice": 4767.649574468086, "profit": 248, "limit": 4302, "timest": 1703862215}, "\u2605 Driver Gloves | Racing Green (Battle-Scarred)": {"sugprice": 3874.5720408163265, "profit": 185, "limit": 3496, "timest": 1703794860},