{"USP-S | Kill Confirmed (Well-Worn)": {"sugprice": 2880.564285714286, "profit": 242, "limit": 2599, "timest": 1700793943}, "\u2605 Navaja Knife | Scorched (Field-Tested)": {"sugprice": 6725.676296296296, "profit": 448, "limit": 6069, "timest": 1700794400}, "\u2605 Driver Gloves | Racing Green (Battle-Scarred)": {"sugprice": 3730.769361702128, "profit": 307, "limit": 3367, "timest": 1700794113}, "StatTrak\u2122 USP-S | The Traitor (Well-Worn)": {"sugprice": 1867.6136363636363, "profit": 100, "limit": 1685, "timest": 1700790464}, "\u2605 Broken Fang Gloves | Needle Point (Field-Tested)": {"sugprice": 5305.764545454545, "profit": 281, "limit": 4788, "timest": 1700764355}, "\u2605 Driver Gloves | Racing Green (Well-Worn)": {"sugprice": 3819.5386363636367, "profit": 357, "limit": 3447, "timest": 1700794118}, "\u2605 Hand Wraps | Constrictor (Battle-Scarred)": {"sugprice": 4868.046363636365, "profit": 403, "limit": 4393, "timest": 1700794252}, "\u2605 Hydra Gloves | Rattler (Field-Tested)": {"sugprice": 4012.2699999999995, "profit": 404, "limit": 3621, "timest": 1700794325}, "\u2605 Navaja Knife | Forest DDPAT (Field-Tested)": {"sugprice": 6878.9000000000015, "profit": 407, "limit": 6208, "timest": 1700787185}, "\u2605 Navaja Knife | Safari Mesh (Field-Tested)": {"sugprice": 6828.200232558139, "profit": 340, "limit": 6162, "timest": 1700794398}, "\u2605 Shadow Daggers | Bright Water (Field-Tested)": {"sugprice": 7696.2584375, "profit": 609, "limit": 6945, "timest": 1700794505}, "\u2605 Shadow Daggers | Rust Coat (Battle-Scarred)": {"sugprice": 6735.00111111111, "profit": 398, "limit": 6078, "timest": 1700791297}, "\u2605 Broken Fang Gloves | Yellow-banded (Field-Tested)": {"sugprice": 6379.0651851851835, "profit": 525, "limit": 5757, "timest": 1700794098}, "\u2605 Hydra Gloves | Mangrove (Battle-Scarred)": {"sugprice": 3833.870357142857, "profit": 230, "limit": 3460, "timest": 1700794296}, "\u2605 Hydra Gloves | Mangrove (Well-Worn)": {"sugprice": 4328.009444444444, "profit": 453, "limit": 3906, "timest": 1700794308}, "StatTrak\u2122 P90 | Asiimov (Battle-Scarred)": {"sugprice": 1509.7152777777771, "profit": 187, "limit": 1362, "timest": 1700793720}, "\u2605 Hand Wraps | Desert Shamagh (Field-Tested)": {"sugprice": 4820.494062499999, "profit": 358, "limit": 4350, "timest": 1700794262}, "\u2605 Moto Gloves | Transport (Battle-Scarred)": {"sugprice": 5146.937916666666, "profit": 330, "limit": 4645, "timest": 1700794352}, "USP-S | The Traitor (Minimal Wear)": {"sugprice": 1323.5969230769228, "profit": 131, "limit": 1194, "timest": 1700794045}, "USP-S | Printstream (Well-Worn)": {"sugprice": 2444.733157894737, "profit": 193, "limit": 2206, "timest": 1700794012}, "\u2605 Hand Wraps | Duct Tape (Field-Tested)": {"sugprice": 5177.707647058824, "profit": 429, "limit": 4672, "timest": 1700794275}, "\u2605 Broken Fang Gloves | Unhinged (Battle-Scarred)": {"sugprice": 5065.205714285714, "profit": 409, "limit": 4571, "timest": 1700794090}, "\u2605 Hand Wraps | Arboreal (Field-Tested)": {"sugprice": 5642.366666666667, "profit": 608, "limit": 5092, "timest": 1700794245}, "USP-S | Kill Confirmed (Battle-Scarred)": {"sugprice": 2860.9277999999995, "profit": 233, "limit": 2581, "timest": 1700793933}, "USP-S | Serum (Field-Tested)": {"sugprice": 3306.429285714286, "profit": 239, "limit": 2984, "timest": 1700757613}, "\u2605 Hand Wraps | Giraffe (Battle-Scarred)": {"sugprice": 5727.023214285714, "profit": 273, "limit": 5168, "timest": 1700785043}, "USP-S | Neo-Noir (Well-Worn)": {"sugprice": 1368.9435, "profit": 112, "limit": 1235, "timest": 1700793971}, "\u2605 Gut Knife | Rust Coat (Battle-Scarred)": {"sugprice": 7566.397999999999, "profit": 446, "limit": 6828, "timest": 1700794217}, "\u2605 Moto Gloves | Smoke Out (Battle-Scarred)": {"sugprice": 6716.644583333332, "profit": 578, "limit": 6061, "timest": 1700794350}, "\u2605 Hydra Gloves | Rattler (Battle-Scarred)": {"sugprice": 3983.325128205128, "profit": 329, "limit": 3594, "timest": 1700794316}, "StatTrak\u2122 SSG 08 | Dragonfire (Field-Tested)": {"sugprice": 3029.4925714285714, "profit": 167, "limit": 2734, "timest": 1700793774}, "\u2605 Broken Fang Gloves | Jade (Battle-Scarred)": {"sugprice": 7159.822083333333, "profit": 744, "limit": 6461, "timest": 1700788355}, "\u2605 Hydra Gloves | Rattler (Well-Worn)": {"sugprice": 4821.515625, "profit": 583, "limit": 4351, "timest": 1700794329}, "StatTrak\u2122 USP-S | Neo-Noir (Field-Tested)": {"sugprice": 3040.1122727272727, "profit": 256, "limit": 2743, "timest": 1700793859}, "\u2605 Bloodhound Gloves | Guerrilla (Field-Tested)": {"sugprice": 6070.157083333334, "profit": 393, "limit": 5478, "timest": 1700794064}, "\u2605 Gut Knife | Boreal Forest (Field-Tested)": {"sugprice": 7090.344285714286, "profit": 554, "limit": 6399, "timest": 1700789596}, "\u2605 Gut Knife | Bright Water (Field-Tested)": {"sugprice": 7805.575555555555, "profit": 679, "limit": 7044, "timest": 1700794128}, "\u2605 Gut Knife | Safari Mesh (Field-Tested)": {"sugprice": 7234.635882352941, "profit": 803, "limit": 6529, "timest": 1700794227}, "\u2605 Hand Wraps | Constrictor (Field-Tested)": {"sugprice": 4952.527727272728, "profit": 483, "limit": 4469, "timest": 1700794254}, "\u2605 Hand Wraps | Desert Shamagh (Well-Worn)": {"sugprice": 4754.455454545454, "profit": 237, "limit": 4290, "timest": 1700775283}, "\u2605 Navaja Knife | Night Stripe (Field-Tested)": {"sugprice": 6713.946774193549, "profit": 577, "limit": 6059, "timest": 1700794391}, "\u2605 Navaja Knife | Tiger Tooth (Factory New)": {"sugprice": 10997.930588235295, "profit": 586, "limit": 9925, "timest": 1700785187}, "\u2605 Navaja Knife | Urban Masked (Field-Tested)": {"sugprice": 6691.91705882353, "profit": 342, "limit": 6039, "timest": 1700780142}, "\u2605 Survival Knife | Forest DDPAT (Field-Tested)": {"sugprice": 7935.353076923079, "profit": 1086, "limit": 7161, "timest": 1700794540}, "\u2605 Survival Knife | Scorched (Field-Tested)": {"sugprice": 7503.4490000000005, "profit": 793, "limit": 6771, "timest": 1700794548}, "\u2605 Moto Gloves | 3rd Commando Company (Field-Tested)": {"sugprice": 5735.331999999999, "profit": 785, "limit": 5176, "timest": 1700794331}, "StatTrak\u2122 USP-S | Neo-Noir (Battle-Scarred)": {"sugprice": 3060.73380952381, "profit": 330, "limit": 2762, "timest": 1700793856}, "UMP-45 | Blaze (Factory New)": {"sugprice": 1414, "profit": 100, "limit": 1276, "timest": 1700744514}, "StatTrak\u2122 USP-S | The Traitor (Battle-Scarred)": {"sugprice": 1811.1379591836733, "profit": 189, "limit": 1634, "timest": 1700793874}, "\u2605 Driver Gloves | Convoy (Battle-Scarred)": {"sugprice": 6251.963157894736, "profit": 559, "limit": 5642, "timest": 1700794100}, "USP-S | Neo-Noir (Minimal Wear)": {"sugprice": 1495.343513513513, "profit": 149, "limit": 1349, "timest": 1700793967}, "USP-S | Kill Confirmed (Field-Tested)": {"sugprice": 3091.399642857142, "profit": 186, "limit": 2789, "timest": 1700793935}, "\u2605 Driver Gloves | Queen Jaguar (Battle-Scarred)": {"sugprice": 5249.261818181817, "profit": 339, "limit": 4737, "timest": 1700794109}, "\u2605 Hand Wraps | Desert Shamagh (Battle-Scarred)": {"sugprice": 4954.228235294118, "profit": 450, "limit": 4471, "timest": 1700794259}, "\u2605 Shadow Daggers | Freehand (Field-Tested)": {"sugprice": 8718.175294117647, "profit": 512, "limit": 7868, "timest": 1700794510}, "USP-S | Monster Mashup (Battle-Scarred)": {"sugprice": 1173.6039130434783, "profit": 106, "limit": 1059, "timest": 1700793945}, "USP-S | Neo-Noir (Factory New)": {"sugprice": 2941.694615384615, "profit": 312, "limit": 2654, "timest": 1700793963}, "\u2605 Specialist Gloves | Buckshot (Battle-Scarred)": {"sugprice": 5108.080000000001, "profit": 499, "limit": 4610, "timest": 1700794529}, "USP-S | Orion (Minimal Wear)": {"sugprice": 4034.1337500000004, "profit": 384, "limit": 3640, "timest": 1700793987}, "USP-S | Caiman (Field-Tested)": {"sugprice": 3144.646739130435, "profit": 296, "limit": 2838, "timest": 1700793923},