{"USP-S | Kill Confirmed (Well-Worn)": {"sugprice": 3127.415135135136, "profit": 195, "limit": 2822, "timest": 1701786231}, "\u2605 Hydra Gloves | Rattler (Field-Tested)": {"sugprice": 4187.5389583333335, "profit": 213, "limit": 3779, "timest": 1701781457}, "\u2605 Moto Gloves | Transport (Battle-Scarred)": {"sugprice": 5463.176136363639, "profit": 455, "limit": 4930, "timest": 1701786726}, "\u2605 Broken Fang Gloves | Unhinged (Battle-Scarred)": {"sugprice": 5131, "profit": 323, "limit": 4630, "timest": 1701786448}, "USP-S | Neo-Noir (Well-Worn)": {"sugprice": 1412, "profit": 113, "limit": 1274, "timest": 1701784905}, "StatTrak\u2122 SSG 08 | Dragonfire (Field-Tested)": {"sugprice": 3181.7438709677417, "profit": 168, "limit": 2871, "timest": 1701786063}, "\u2605 Bloodhound Gloves | Guerrilla (Field-Tested)": {"sugprice": 6300.998695652174, "profit": 489, "limit": 5686, "timest": 1701786390}, "\u2605 Hand Wraps | Desert Shamagh (Well-Worn)": {"sugprice": 5070.258, "profit": 257, "limit": 4575, "timest": 1701786616}, "StatTrak\u2122 USP-S | The Traitor (Battle-Scarred)": {"sugprice": 2078.6076595744685, "profit": 208, "limit": 1875, "timest": 1701786151}, "\u2605 Moto Gloves | Turtle (Battle-Scarred)": {"sugprice": 8076.875714285712, "profit": 387, "limit": 7289, "timest": 1701770732}, "StatTrak\u2122 USP-S | Monster Mashup (Field-Tested)": {"sugprice": 1823, "profit": 112, "limit": 1645, "timest": 1701770364}, "\u2605 Bloodhound Gloves | Bronzed (Field-Tested)": {"sugprice": 6448.018000000001, "profit": 329, "limit": 5819, "timest": 1701783675}, "\u2605 Hydra Gloves | Emerald (Battle-Scarred)": {"sugprice": 4732.6925, "profit": 242, "limit": 4271, "timest": 1701716804}, "\u2605 Moto Gloves | Blood Pressure (Battle-Scarred)": {"sugprice": 8711, "profit": 440, "limit": 7861, "timest": 1701773570}, "\u2605 Hand Wraps | Duct Tape (Battle-Scarred)": {"sugprice": 5227.938260869565, "profit": 303, "limit": 4718, "timest": 1701785303}, "\u2605 Gut Knife | Safari Mesh (Field-Tested)": {"sugprice": 7364.389285714286, "profit": 444, "limit": 6646, "timest": 1701786545}, "\u2605 Gut Knife | Freehand (Field-Tested)": {"sugprice": 9040.085454545455, "profit": 538, "limit": 8158, "timest": 1701713294}, "USP-S | Neo-Noir (Factory New)": {"sugprice": 3138, "profit": 182, "limit": 2832, "timest": 1701786245}, "\u2605 Driver Gloves | Convoy (Field-Tested)": {"sugprice": 6431.7894444444455, "profit": 356, "limit": 5804, "timest": 1701774232}, "\u2605 Hand Wraps | Constrictor (Well-Worn)": {"sugprice": 4965.251578947368, "profit": 287, "limit": 4481, "timest": 1701786605}, "\u2605 Shadow Daggers | Damascus Steel (Field-Tested)": {"sugprice": 7869, "profit": 514, "limit": 7101, "timest": 1701786907}, "\u2605 Hydra Gloves | Mangrove (Field-Tested)": {"sugprice": 4326.39, "profit": 206, "limit": 3904, "timest": 1701763108}, "USP-S | The Traitor (Minimal Wear)": {"sugprice": 1362.7525, "profit": 114, "limit": 1229, "timest": 1701783641}, "\u2605 Specialist Gloves | Fade (Battle-Scarred)": {"sugprice": 14606.07, "profit": 764, "limit": 13181, "timest": 1701753536}, "\u2605 Shadow Daggers | Autotronic (Field-Tested)": {"sugprice": 9417.873000000001, "profit": 496, "limit": 8499, "timest": 1701769167}, "USP-S | Kill Confirmed (Battle-Scarred)": {"sugprice": 3130.8265306122444, "profit": 193, "limit": 2825, "timest": 1701753102}, "\u2605 Broken Fang Gloves | Needle Point (Field-Tested)": {"sugprice": 5074.234285714286, "profit": 250, "limit": 4579, "timest": 1701777526}, "USP-S | Orion (Field-Tested)": {"sugprice": 4008.1651111111114, "profit": 333, "limit": 3617, "timest": 1701786267}, "\u2605 Hand Wraps | Desert Shamagh (Field-Tested)": {"sugprice": 5137.835227272727, "profit": 500, "limit": 4636, "timest": 1701786610}, "\u2605 Hydra Gloves | Rattler (Battle-Scarred)": {"sugprice": 4139.305476190477, "profit": 201, "limit": 3735, "timest": 1701780044}, "Tec-9 | Nuclear Threat (Battle-Scarred)": {"sugprice": 3060.08, "profit": 224, "limit": 2761, "timest": 1701721670}, "USP-S | Purple DDPAT (Minimal Wear)": {"sugprice": 1036.324, "profit": 123, "limit": 935, "timest": 1701786338}, "\u2605 Broken Fang Gloves | Yellow-banded (Field-Tested)": {"sugprice": 6209.236571428572, "profit": 325, "limit": 5603, "timest": 1701786454}, "\u2605 Falchion Knife | Rust Coat (Battle-Scarred)": {"sugprice": 8376.462, "profit": 457, "limit": 7559, "timest": 1701722157}, "StatTrak\u2122 M4A4 | Buzz Kill (Field-Tested)": {"sugprice": 2042.6653846153847, "profit": 166, "limit": 1843, "timest": 1701776909}, "StatTrak\u2122 M4A4 | Desert-Strike (Field-Tested)": {"sugprice": 1496.2484848484844, "profit": 100, "limit": 1350, "timest": 1701761397}, "StatTrak\u2122 M4A4 | In Living Color (Battle-Scarred)": {"sugprice": 1252.7472727272725, "profit": 129, "limit": 1130, "timest": 1701762487}, "StatTrak\u2122 M4A4 | Neo-Noir (Well-Worn)": {"sugprice": 1011.8589473684212, "profit": 121, "limit": 913, "timest": 1701785865}, "StatTrak\u2122 M4A4 | \u9f8d\u738b (Dragon King) (Field-Tested)": {"sugprice": 1547.1235714285715, "profit": 106, "limit": 1396, "timest": 1701758831}, "StatTrak\u2122 USP-S | Monster Mashup (Battle-Scarred)": {"sugprice": 1828, "profit": 113, "limit": 1649, "timest": 1701771097}, "\u2605 Bloodhound Gloves | Bronzed (Battle-Scarred)": {"sugprice": 6416.793333333334, "profit": 413, "limit": 5791, "timest": 1701786372}, "StatTrak\u2122 M4A4 | Cyber Security (Well-Worn)": {"sugprice": 1540.3425000000002, "profit": 113, "limit": 1390, "timest": 1701705730}, "\u2605 Navaja Knife | Marble Fade (Factory New)": {"sugprice": 15833.862727272726, "profit": 1306, "limit": 14290, "timest": 1701786780}, "\u2605 Shadow Daggers | Scorched (Field-Tested)": {"sugprice": 6930, "profit": 480, "limit": 6254, "timest": 1701786927}, "StatTrak\u2122 M4A4 | The Battlestar (Field-Tested)": {"sugprice": 1465.0759999999998, "profit": 143, "limit": 1322, "timest": 1701785914}, "\u2605 Navaja Knife | Ultraviolet (Field-Tested)": {"sugprice": 7229.304285714285, "profit": 400, "limit": 6524, "timest": 1701785515}, "\u2605 Shadow Daggers | Marble Fade (Factory New)": {"sugprice": 14692.855454545452, "profit": 758, "limit": 13260, "timest": 1701713856}, "StatTrak\u2122 M4A4 | The Emperor (Battle-Scarred)": {"sugprice": 2759.205675675675, "profit": 203, "limit": 2490, "timest": 1701785918}, "USP-S | Whiteout (Minimal Wear)": {"sugprice": 2669.5716666666667, "profit": 164, "limit": 2409, "timest": 1701783662}, "\u2605 Bowie Knife | Rust Coat (Battle-Scarred)": {"sugprice": 8383.814999999999, "profit": 465, "limit": 7566, "timest": 1701786402}, "\u2605 Driver Gloves | Racing Green (Field-Tested)": {"sugprice": 3971.1318750000005, "profit": 271, "limit": 3583, "timest": 1701786497}, "\u2605 Gut Knife | Scorched (Field-Tested)": {"sugprice": 7332.465384615386, "profit": 364, "limit": 6617, "timest": 1701708738}, "StatTrak\u2122 M4A4 | Temukau (Battle-Scarred)": {"sugprice": 2407.650208333333, "profit": 151, "limit": 2172, "timest": 1701785910}, "\u2605 Hand Wraps | Constrictor (Battle-Scarred)": {"sugprice": 4941.270888888889, "profit": 390, "limit": 4459, "timest": 1701786589}, "\u2605 Shadow Daggers | Black Laminate (Well-Worn)": {"sugprice": 7462.666666666666, "profit": 374, "limit": 6735, "timest": 1701771603}, "USP-S | Monster Mashup (Minimal Wear)": {"sugprice": 1927, "profit": 102, "limit": 1739, "timest": 1701780914}, "\u2605 Shadow Daggers | Freehand (Field-Tested)": {"sugprice": 9228, "profit": 684, "limit": 8328, "timest": 1701786912}, "\u2605 Huntsman Knife | Bright Water (Field-Tested)": {"sugprice": 10444.223333333335, "profit": 532, "limit": 9425, "timest": 1701775238}, "\u2605 Bloodhound Gloves | Guerrilla (Battle-Scarred)": {"sugprice": 6278.787333333333, "profit": 462, "limit": 5666, "timest": 1701786388}, "\u2605 Driver Gloves | Convoy (Battle-Scarred)": {"sugprice": 6333.325714285716, "profit": 370, "limit": 5715, "timest": 1701786459},