{"StatTrak\u2122 USP-S | Neo-Noir (Battle-Scarred)": {"sugprice": 2960.605625, "profit": 169, "limit": 2671, "timest": 1703510895}, "StatTrak\u2122 USP-S | Neo-Noir (Field-Tested)": {"sugprice": 3113.623157894737, "profit": 199, "limit": 2810, "timest": 1703510897}, "StatTrak\u2122 USP-S | The Traitor (Battle-Scarred)": {"sugprice": 2082.260612244898, "profit": 115, "limit": 1879, "timest": 1703510903}, "Tec-9 | Nuclear Threat (Battle-Scarred)": {"sugprice": 3260.757777777778, "profit": 162, "limit": 2942, "timest": 1703492957}, "USP-S | Kill Confirmed (Well-Worn)": {"sugprice": 3071.6995744680844, "profit": 164, "limit": 2772, "timest": 1703511010}, "USP-S | Neo-Noir (Factory New)": {"sugprice": 3111.508000000001, "profit": 206, "limit": 2808, "timest": 1703511014}, "\u2605 Broken Fang Gloves | Yellow-banded (Battle-Scarred)": {"sugprice": 6028, "profit": 300, "limit": 5440, "timest": 1703511082}, "\u2605 Driver Gloves | Convoy (Field-Tested)": {"sugprice": 6431.822580645161, "profit": 409, "limit": 5804, "timest": 1703511087}, "\u2605 Hand Wraps | Arboreal (Field-Tested)": {"sugprice": 5790.296315789474, "profit": 301, "limit": 5225, "timest": 1703440775}, "\u2605 Hand Wraps | Badlands (Battle-Scarred)": {"sugprice": 7500.811666666666, "profit": 684, "limit": 6769, "timest": 1703511127}, "\u2605 Hydra Gloves | Mangrove (Field-Tested)": {"sugprice": 3979.3592000000017, "profit": 221, "limit": 3591, "timest": 1703511165}, "\u2605 Moto Gloves | Smoke Out (Battle-Scarred)": {"sugprice": 6888.043846153844, "profit": 388, "limit": 6216, "timest": 1703511193}, "\u2605 Moto Gloves | Transport (Field-Tested)": {"sugprice": 5559.123684210526, "profit": 325, "limit": 5017, "timest": 1703508411}, "\u2605 Navaja Knife | Scorched (Field-Tested)": {"sugprice": 6942.011333333334, "profit": 365, "limit": 6265, "timest": 1703511250}, "\u2605 Navaja Knife | Urban Masked (Field-Tested)": {"sugprice": 6854.799999999999, "profit": 342, "limit": 6186, "timest": 1703466419}, "\u2605 Shadow Daggers | Freehand (Field-Tested)": {"sugprice": 9101.043684210526, "profit": 573, "limit": 8213, "timest": 1703511308}, "StatTrak\u2122 M4A4 | X-Ray (Minimal Wear)": {"sugprice": 4553.359166666666, "profit": 253, "limit": 4109, "timest": 1703510803}, "\u2605 Hydra Gloves | Rattler (Field-Tested)": {"sugprice": 4083.8291999999997, "profit": 242, "limit": 3685, "timest": 1703511170}, "\u2605 Driver Gloves | Racing Green (Field-Tested)": {"sugprice": 3770.400625, "profit": 206, "limit": 3402, "timest": 1703511099}, "\u2605 Hydra Gloves | Mangrove (Well-Worn)": {"sugprice": 4352.6875675675665, "profit": 207, "limit": 3928, "timest": 1703438165}, "\u2605 Shadow Daggers | Boreal Forest (Field-Tested)": {"sugprice": 7001.013181818181, "profit": 411, "limit": 6318, "timest": 1703511297}, "\u2605 Bloodhound Gloves | Bronzed (Field-Tested)": {"sugprice": 6071, "profit": 477, "limit": 5479, "timest": 1703505870}, "StatTrak\u2122 USP-S | Monster Mashup (Battle-Scarred)": {"sugprice": 1879.757272727273, "profit": 182, "limit": 1696, "timest": 1703510891}, "StatTrak\u2122 P250 | Muertos (Field-Tested)": {"sugprice": 1064.3455999999999, "profit": 101, "limit": 960, "timest": 1703467078}, "\u2605 Shadow Daggers | Damascus Steel (Field-Tested)": {"sugprice": 7901, "profit": 453, "limit": 7130, "timest": 1703428700}, "StatTrak\u2122 USP-S | The Traitor (Well-Worn)": {"sugprice": 2114.448857142857, "profit": 108, "limit": 1908, "timest": 1703510906}, "\u2605 Hydra Gloves | Mangrove (Battle-Scarred)": {"sugprice": 3924.513000000001, "profit": 242, "limit": 3541, "timest": 1703511164}, "StatTrak\u2122 USP-S | Stainless (Battle-Scarred)": {"sugprice": 1121.6113636363634, "profit": 102, "limit": 1012, "timest": 1703510899}, "USP-S | Printstream (Field-Tested)": {"sugprice": 2684.375833333333, "profit": 129, "limit": 2422, "timest": 1703506685}, "\u2605 Hand Wraps | Arboreal (Battle-Scarred)": {"sugprice": 5049, "profit": 257, "limit": 4556, "timest": 1703511123}, "\u2605 Shadow Daggers | Forest DDPAT (Field-Tested)": {"sugprice": 7122.758260869566, "profit": 414, "limit": 6428, "timest": 1703511304}, "\u2605 Hand Wraps | Duct Tape (Battle-Scarred)": {"sugprice": 5094.277999999999, "profit": 263, "limit": 4597, "timest": 1703511143}, "\u2605 Broken Fang Gloves | Yellow-banded (Field-Tested)": {"sugprice": 6283.021739130436, "profit": 562, "limit": 5670, "timest": 1703440685}, "\u2605 Bloodhound Gloves | Snakebite (Battle-Scarred)": {"sugprice": 6233.966363636363, "profit": 426, "limit": 5626, "timest": 1703511061}, "USP-S | Printstream (Minimal Wear)": {"sugprice": 4387.985909090908, "profit": 220, "limit": 3960, "timest": 1703511034}, "\u2605 Huntsman Knife | Ultraviolet (Field-Tested)": {"sugprice": 9999.31619047619, "profit": 522, "limit": 9024, "timest": 1703509707}, "\u2605 Navaja Knife | Ultraviolet (Battle-Scarred)": {"sugprice": 7058.132142857144, "profit": 554, "limit": 6369, "timest": 1703510642}, "USP-S | Neo-Noir (Well-Worn)": {"sugprice": 1331.8355999999997, "profit": 107, "limit": 1201, "timest": 1703461108}, "\u2605 Hydra Gloves | Rattler (Well-Worn)": {"sugprice": 4572.051785714287, "profit": 231, "limit": 4126, "timest": 1703511173}, "\u2605 Falchion Knife | Ultraviolet (Battle-Scarred)": {"sugprice": 9810.796956521739, "profit": 514, "limit": 8854, "timest": 1703511108}, "\u2605 Navaja Knife | Safari Mesh (Field-Tested)": {"sugprice": 7007.538999999998, "profit": 378, "limit": 6324, "timest": 1703511248}, "StatTrak\u2122 Tec-9 | Decimator (Battle-Scarred)": {"sugprice": 1992.5933333333332, "profit": 120, "limit": 1798, "timest": 1703496612}, "\u2605 Moto Gloves | Finish Line (Battle-Scarred)": {"sugprice": 6909.013928571428, "profit": 460, "limit": 6235, "timest": 1703511186}, "\u2605 Shadow Daggers | Bright Water (Field-Tested)": {"sugprice": 7550.114761904761, "profit": 469, "limit": 6813, "timest": 1703511300}, "\u2605 Moto Gloves | Turtle (Battle-Scarred)": {"sugprice": 7675.5610526315795, "profit": 587, "limit": 6927, "timest": 1703511199}, "\u2605 Navaja Knife | Stained (Well-Worn)": {"sugprice": 7011.23125, "profit": 497, "limit": 6327, "timest": 1703500961}, "\u2605 Bowie Knife | Rust Coat (Battle-Scarred)": {"sugprice": 7942.274444444444, "profit": 437, "limit": 7167, "timest": 1703511068}, "StatTrak\u2122 USP-S | Monster Mashup (Field-Tested)": {"sugprice": 1955.0165000000002, "profit": 151, "limit": 1764, "timest": 1703510893}, "\u2605 Paracord Knife | Forest DDPAT (Field-Tested)": {"sugprice": 8070.2447619047625, "profit": 410, "limit": 7283, "timest": 1703511289}, "\u2605 Survival Knife | Boreal Forest (Field-Tested)": {"sugprice": 7496.15846153846, "profit": 428, "limit": 6765, "timest": 1703508485}, "\u2605 Navaja Knife | Night Stripe (Field-Tested)": {"sugprice": 7020.856086956522, "profit": 444, "limit": 6336, "timest": 1703511235}, "\u2605 Shadow Daggers | Rust Coat (Battle-Scarred)": {"sugprice": 6822.846874999999, "profit": 400, "limit": 6157, "timest": 1703511310}, "\u2605 Hydra Gloves | Emerald (Well-Worn)": {"sugprice": 4667.613529411764, "profit": 283, "limit": 4212, "timest": 1703511162}, "\u2605 Moto Gloves | Boom! (Battle-Scarred)": {"sugprice": 7439.69, "profit": 416, "limit": 6714, "timest": 1703511183}, "\u2605 Specialist Gloves | Fade (Battle-Scarred)": {"sugprice": 14872.116999999995, "profit": 820, "limit": 13422, "timest": 1703511322}, "USP-S | Para Green (Battle-Scarred)": {"sugprice": 667.805, "profit": 144, "limit": 602, "timest": 1703501296}, "\u2605 Shadow Daggers | Ultraviolet (Battle-Scarred)": {"sugprice": 7812.19619047619, "profit": 372, "limit": 7050, "timest": 1703482765}, "USP-S | Orion (Field-Tested)": {"sugprice": 3988.015263157896, "profit": 224, "limit": 3599, "timest": 1703451449}, "USP-S | Kill Confirmed (Battle-Scarred)": {"sugprice": 3049.8730000000005, "profit": 186, "limit": 2752, "timest": 1703491856}, "Vypa Sista of the Revolution | Guerrilla Warfare": {"sugprice": 1747.8053333333335, "profit": 100, "limit": 1577,