{"USP-S | Kill Confirmed (Well-Worn)": {"sugprice": 2911.7173170731708, "profit": 292, "limit": 2627, "timest": 1700504058}, "\u2605 Navaja Knife | Scorched (Field-Tested)": {"sugprice": 6658.909666666668, "profit": 595, "limit": 6009, "timest": 1700504226}, "\u2605 Driver Gloves | Racing Green (Battle-Scarred)": {"sugprice": 3974.1174468085096, "profit": 416, "limit": 3586, "timest": 1700504146}, "StatTrak\u2122 M4A4 | The Emperor (Battle-Scarred)": {"sugprice": 2281.477714285714, "profit": 212, "limit": 2059, "timest": 1700503370}, "StatTrak\u2122 USP-S | The Traitor (Well-Worn)": {"sugprice": 2100, "profit": 224, "limit": 1895, "timest": 1700503946}, "USP-S | Whiteout (Minimal Wear)": {"sugprice": 2572, "profit": 246, "limit": 2321, "timest": 1700496763}, "\u2605 Broken Fang Gloves | Needle Point (Field-Tested)": {"sugprice": 5780.8458064516135, "profit": 611, "limit": 5217, "timest": 1700504122}, "\u2605 Driver Gloves | Racing Green (Well-Worn)": {"sugprice": 3987.1664999999994, "profit": 327, "limit": 3598, "timest": 1700504150}, "\u2605 Hand Wraps | Constrictor (Battle-Scarred)": {"sugprice": 4455, "profit": 231, "limit": 4020, "timest": 1700504173}, "\u2605 Hydra Gloves | Rattler (Field-Tested)": {"sugprice": 4075.069183673469, "profit": 271, "limit": 3677, "timest": 1700502759}, "\u2605 Moto Gloves | Finish Line (Battle-Scarred)": {"sugprice": 6779.52619047619, "profit": 436, "limit": 6118, "timest": 1700504208}, "\u2605 Navaja Knife | Forest DDPAT (Field-Tested)": {"sugprice": 6817.833448275863, "profit": 431, "limit": 6153, "timest": 1700504218}, "\u2605 Navaja Knife | Safari Mesh (Field-Tested)": {"sugprice": 7168.739230769231, "profit": 464, "limit": 6469, "timest": 1700504224}, "\u2605 Shadow Daggers | Bright Water (Field-Tested)": {"sugprice": 7167.1445, "profit": 646, "limit": 6468, "timest": 1700472272}, "\u2605 Shadow Daggers | Rust Coat (Battle-Scarred)": {"sugprice": 6673.747407407406, "profit": 479, "limit": 6023, "timest": 1700504242}, "\u2605 Broken Fang Gloves | Yellow-banded (Field-Tested)": {"sugprice": 6212.00076923077, "profit": 522, "limit": 5606, "timest": 1700504134}, "Vypa Sista of the Revolution | Guerrilla Warfare": {"sugprice": 1590.1374999999998, "profit": 214, "limit": 1435, "timest": 1700504110}, "StatTrak\u2122 M4A4 | \u9f8d\u738b (Dragon King) (Battle-Scarred)": {"sugprice": 1413.9495652173914, "profit": 142, "limit": 1276, "timest": 1700503386}, "\u2605 Hydra Gloves | Mangrove (Battle-Scarred)": {"sugprice": 3945.959230769231, "profit": 364, "limit": 3561, "timest": 1700504197}, "USP-S | Monster Mashup (Minimal Wear)": {"sugprice": 1834.9660000000003, "profit": 110, "limit": 1656, "timest": 1700426253}, "\u2605 Hydra Gloves | Mangrove (Well-Worn)": {"sugprice": 4158, "profit": 349, "limit": 3752, "timest": 1700504199}, "\u2605 Shadow Daggers | Scorched (Field-Tested)": {"sugprice": 7108, "profit": 2320, "limit": 6414, "timest": 1700504244}, "StatTrak\u2122 M4A4 | Desolate Space (Battle-Scarred)": {"sugprice": 1213.6017073170733, "profit": 152, "limit": 1095, "timest": 1700486880}, "StatTrak\u2122 P90 | Asiimov (Battle-Scarred)": {"sugprice": 1460.7777419354836, "profit": 115, "limit": 1318, "timest": 1700503574}, "\u2605 Hand Wraps | Desert Shamagh (Field-Tested)": {"sugprice": 4983.096888888889, "profit": 497, "limit": 4497, "timest": 1700504181}, "\u2605 Gut Knife | Forest DDPAT (Field-Tested)": {"sugprice": 7230.2212500000005, "profit": 597, "limit": 6525, "timest": 1700504160}, "\u2605 Moto Gloves | Transport (Battle-Scarred)": {"sugprice": 5300.18806451613, "profit": 423, "limit": 4783, "timest": 1700504212}, "USP-S | The Traitor (Minimal Wear)": {"sugprice": 1366, "profit": 134, "limit": 1232, "timest": 1700504101}, "USP-S | Printstream (Well-Worn)": {"sugprice": 2552.791052631579, "profit": 248, "limit": 2303, "timest": 1700504086}, "\u2605 Driver Gloves | Racing Green (Field-Tested)": {"sugprice": 3981.5902127659583, "profit": 304, "limit": 3593, "timest": 1700504148}, "\u2605 Hand Wraps | Duct Tape (Field-Tested)": {"sugprice": 5253, "profit": 566, "limit": 4740, "timest": 1700504187}, "USP-S | Monster Mashup (Well-Worn)": {"sugprice": 1269.8316666666667, "profit": 121, "limit": 1146, "timest": 1700499761}, "\u2605 Broken Fang Gloves | Unhinged (Battle-Scarred)": {"sugprice": 5160.4506, "profit": 541, "limit": 4657, "timest": 1700504126}, "\u2605 Hand Wraps | Arboreal (Field-Tested)": {"sugprice": 5811.214411764707, "profit": 554, "limit": 5244, "timest": 1700504169}, "USP-S | Kill Confirmed (Battle-Scarred)": {"sugprice": 2749.2904347826093, "profit": 156, "limit": 2481, "timest": 1700485882}, "USP-S | Serum (Field-Tested)": {"sugprice": 3497.2700000000004, "profit": 395, "limit": 3156, "timest": 1700504094}, "\u2605 Hand Wraps | Giraffe (Battle-Scarred)": {"sugprice": 5633, "profit": 599, "limit": 5083, "timest": 1700504189}, "USP-S | Neo-Noir (Well-Worn)": {"sugprice": 1443.85, "profit": 117, "limit": 1303, "timest": 1700504072}, "\u2605 Survival Knife | Safari Mesh (Field-Tested)": {"sugprice": 7754, "profit": 705, "limit": 6997, "timest": 1700504259}, "\u2605 Hydra Gloves | Case Hardened (Field-Tested)": {"sugprice": 7872.418571428571, "profit": 768, "limit": 7104, "timest": 1700504195}, "\u2605 Gut Knife | Rust Coat (Battle-Scarred)": {"sugprice": 8081.092105263159, "profit": 870, "limit": 7293, "timest": 1700504162}, "\u2605 Moto Gloves | Smoke Out (Battle-Scarred)": {"sugprice": 6834.214761904764, "profit": 762, "limit": 6167, "timest": 1700504210}, "\u2605 Hydra Gloves | Rattler (Battle-Scarred)": {"sugprice": 4069.8215384615387, "profit": 249, "limit": 3673, "timest": 1700504201}, "StatTrak\u2122 SSG 08 | Dragonfire (Field-Tested)": {"sugprice": 3326, "profit": 270, "limit": 3001, "timest": 1700503709}, "\u2605 Specialist Gloves | Forest DDPAT (Battle-Scarred)": {"sugprice": 7636.928947368422, "profit": 792, "limit": 6892, "timest": 1700504251}, "StatTrak\u2122 M4A4 | Desert-Strike (Field-Tested)": {"sugprice": 1495.700975609756, "profit": 315, "limit": 1349, "timest": 1700503263}, "\u2605 Broken Fang Gloves | Jade (Battle-Scarred)": {"sugprice": 7125, "profit": 434, "limit": 6430, "timest": 1700504118}, "StatTrak\u2122 M4A4 | Temukau (Battle-Scarred)": {"sugprice": 2432.932727272727, "profit": 237, "limit": 2195, "timest": 1700503341}, "\u2605 Hydra Gloves | Rattler (Well-Worn)": {"sugprice": 4783, "profit": 522, "limit": 4316, "timest": 1700504204}, "StatTrak\u2122 USP-S | Neo-Noir (Field-Tested)": {"sugprice": 2961.9875, "profit": 340, "limit": 2673, "timest": 1700503883}, "\u2605 Bloodhound Gloves | Guerrilla (Field-Tested)": {"sugprice": 6033.126315789475, "profit": 421, "limit": 5444, "timest": 1700504114}, "\u2605 Broken Fang Gloves | Unhinged (Well-Worn)": {"sugprice": 4819.5775, "profit": 272, "limit": 4349, "timest": 1700492208}, "\u2605 Gut Knife | Boreal Forest (Field-Tested)": {"sugprice": 7012.903750000001, "profit": 530, "limit": 6329, "timest": 1700504154}, "\u2605 Gut Knife | Bright Water (Field-Tested)": {"sugprice": 8218.96772727273, "profit": 849, "limit": 7417, "timest": 1700504156}, "\u2605 Gut Knife | Safari Mesh (Field-Tested)": {"sugprice": 6987.682307692308, "profit": 419, "limit": 6306, "timest": 1700504164}, "\u2605 Hand Wraps | Arboreal (Well-Worn)": {"sugprice": 5771.95, "profit": 472, "limit": 5209, "timest": 1700422258}, "\u2605 Hand Wraps | Constrictor (Field-Tested)": {"sugprice": 4958, "profit": 542, "limit": 4474, "timest": 1700504175}, "\u2605 Hand Wraps | Desert Shamagh (Well-Worn)": {"sugprice": 4808.931666666666, "profit": 337, "limit": 4340, "timest": 1700504183}, "\u2605 Navaja Knife | Night Stripe (Field-Tested)": {"sugprice": 6673.282727272727, "profit": 688, "limit": 6022, "timest": 1700504222}, "\u2605 Navaja Knife | Tiger Tooth (Factory New)": {"sugprice": 11354.746363636363, "profit": 877, "limit": 10247, "timest": 1700504230}, "\u2605 Navaja Knife | Urban Masked (Field-Tested)": {"sugprice": 6849.574444444444, "profit": 793, "limit": 6181,