{"USP-S | Kill Confirmed (Well-Worn)": {"sugprice": 3243.1295, "profit": 191, "limit": 2926, "timest": 1701939001}, "\u2605 Hydra Gloves | Rattler (Field-Tested)": {"sugprice": 4203.5652500000015, "profit": 215, "limit": 3793, "timest": 1701932640}, "\u2605 Moto Gloves | Transport (Battle-Scarred)": {"sugprice": 5357.065, "profit": 271, "limit": 4834, "timest": 1701946830}, "\u2605 Broken Fang Gloves | Unhinged (Battle-Scarred)": {"sugprice": 5237.286999999999, "profit": 330, "limit": 4726, "timest": 1701933536}, "StatTrak\u2122 SSG 08 | Dragonfire (Field-Tested)": {"sugprice": 3120.881777777778, "profit": 149, "limit": 2816, "timest": 1701917604}, "\u2605 Bloodhound Gloves | Guerrilla (Field-Tested)": {"sugprice": 6134.446129032258, "profit": 476, "limit": 5536, "timest": 1701933455}, "StatTrak\u2122 USP-S | The Traitor (Battle-Scarred)": {"sugprice": 2223.7524, "profit": 145, "limit": 2006, "timest": 1701946563}, "\u2605 Moto Gloves | Turtle (Battle-Scarred)": {"sugprice": 8059.063703703704, "profit": 482, "limit": 7273, "timest": 1701946834}, "\u2605 Bloodhound Gloves | Bronzed (Field-Tested)": {"sugprice": 6229.507894736842, "profit": 304, "limit": 5622, "timest": 1701921446}, "\u2605 Moto Gloves | Blood Pressure (Battle-Scarred)": {"sugprice": 8525.960000000003, "profit": 440, "limit": 7694, "timest": 1701922126}, "\u2605 Gut Knife | Safari Mesh (Field-Tested)": {"sugprice": 7139, "profit": 341, "limit": 6442, "timest": 1701865099}, "\u2605 Gut Knife | Freehand (Field-Tested)": {"sugprice": 9173.092857142858, "profit": 442, "limit": 8278, "timest": 1701920956}, "USP-S | Neo-Noir (Factory New)": {"sugprice": 3226.048125, "profit": 222, "limit": 2911, "timest": 1701946603}, "\u2605 Driver Gloves | Convoy (Field-Tested)": {"sugprice": 6424.897499999998, "profit": 331, "limit": 5798, "timest": 1701946675}, "\u2605 Hand Wraps | Constrictor (Well-Worn)": {"sugprice": 4965.155925925926, "profit": 359, "limit": 4481, "timest": 1701892104}, "\u2605 Specialist Gloves | Fade (Battle-Scarred)": {"sugprice": 15405.332857142856, "profit": 1354, "limit": 13903, "timest": 1701946995}, "Tec-9 | Nuclear Threat (Battle-Scarred)": {"sugprice": 3036.513333333334, "profit": 163, "limit": 2740, "timest": 1701883494}, "USP-S | Purple DDPAT (Minimal Wear)": {"sugprice": 1005.5120000000001, "profit": 104, "limit": 907, "timest": 1701893464}, "StatTrak\u2122 M4A4 | Buzz Kill (Field-Tested)": {"sugprice": 1976.5182352941174, "profit": 101, "limit": 1783, "timest": 1701869708}, "StatTrak\u2122 M4A4 | Neo-Noir (Well-Worn)": {"sugprice": 1007.4715384615386, "profit": 110, "limit": 909, "timest": 1701936609}, "StatTrak\u2122 M4A4 | \u9f8d\u738b (Dragon King) (Field-Tested)": {"sugprice": 1614.0509090909093, "profit": 117, "limit": 1456, "timest": 1701946395}, "\u2605 Bloodhound Gloves | Bronzed (Battle-Scarred)": {"sugprice": 6344.944210526316, "profit": 373, "limit": 5726, "timest": 1701946643}, "\u2605 Navaja Knife | Marble Fade (Factory New)": {"sugprice": 15748.225454545453, "profit": 863, "limit": 14212, "timest": 1701903994}, "\u2605 Shadow Daggers | Scorched (Field-Tested)": {"sugprice": 7003.555454545454, "profit": 367, "limit": 6320, "timest": 1701946981}, "StatTrak\u2122 M4A4 | The Battlestar (Field-Tested)": {"sugprice": 1495.1333333333332, "profit": 109, "limit": 1349, "timest": 1701946338}, "StatTrak\u2122 M4A4 | The Emperor (Battle-Scarred)": {"sugprice": 2633.384, "profit": 141, "limit": 2376, "timest": 1701919188}, "\u2605 Driver Gloves | Racing Green (Field-Tested)": {"sugprice": 4155.2447999999995, "profit": 245, "limit": 3750, "timest": 1701943964}, "StatTrak\u2122 M4A4 | Temukau (Battle-Scarred)": {"sugprice": 2475.2904, "profit": 154, "limit": 2233, "timest": 1701943602}, "\u2605 Hand Wraps | Constrictor (Battle-Scarred)": {"sugprice": 4949.920833333334, "profit": 272, "limit": 4467, "timest": 1701890311}, "\u2605 Shadow Daggers | Black Laminate (Well-Worn)": {"sugprice": 7721.990000000001, "profit": 516, "limit": 6969, "timest": 1701946938}, "USP-S | Monster Mashup (Minimal Wear)": {"sugprice": 1988.4537500000001, "profit": 107, "limit": 1794, "timest": 1701929482}, "\u2605 Shadow Daggers | Freehand (Field-Tested)": {"sugprice": 9456.097647058823, "profit": 659, "limit": 8534, "timest": 1701946955}, "\u2605 Bloodhound Gloves | Guerrilla (Battle-Scarred)": {"sugprice": 6232.479047619048, "profit": 371, "limit": 5624, "timest": 1701946649}, "\u2605 Driver Gloves | Convoy (Battle-Scarred)": {"sugprice": 6403.829599999998, "profit": 305, "limit": 5779, "timest": 1701946673}, "\u2605 Gut Knife | Boreal Forest (Field-Tested)": {"sugprice": 7592.953846153846, "profit": 423, "limit": 6852, "timest": 1701935782}, "\u2605 Navaja Knife | Urban Masked (Field-Tested)": {"sugprice": 6920.400952380953, "profit": 416, "limit": 6245, "timest": 1701937494}, "\u2605 Navaja Knife | Boreal Forest (Field-Tested)": {"sugprice": 6914.779999999999, "profit": 381, "limit": 6240, "timest": 1701913222}, "\u2605 Shadow Daggers | Boreal Forest (Field-Tested)": {"sugprice": 7261.1285714285705, "profit": 371, "limit": 6553, "timest": 1701946940}, "\u2605 Gut Knife | Bright Water (Field-Tested)": {"sugprice": 8481.821764705885, "profit": 552, "limit": 7654, "timest": 1701934735}, "\u2605 Hydra Gloves | Rattler (Well-Worn)": {"sugprice": 4485.394666666666, "profit": 301, "limit": 4048, "timest": 1701927507}, "StatTrak\u2122 M4A4 | In Living Color (Field-Tested)": {"sugprice": 1300.9977777777776, "profit": 103, "limit": 1174, "timest": 1701919146}, "\u2605 Driver Gloves | Queen Jaguar (Field-Tested)": {"sugprice": 6418.386923076923, "profit": 355, "limit": 5792, "timest": 1701946681}, "\u2605 Survival Knife | Scorched (Field-Tested)": {"sugprice": 7895.275, "profit": 494, "limit": 7125, "timest": 1701894581}, "\u2605 Bloodhound Gloves | Snakebite (Field-Tested)": {"sugprice": 6307.192777777778, "profit": 386, "limit": 5692, "timest": 1701946653}, "StatTrak\u2122 USP-S | Neo-Noir (Battle-Scarred)": {"sugprice": 3069, "profit": 149, "limit": 2769, "timest": 1701946555}, "\u2605 Specialist Gloves | Forest DDPAT (Battle-Scarred)": {"sugprice": 8753, "profit": 427, "limit": 7899, "timest": 1701947014}, "\u2605 Moto Gloves | Smoke Out (Battle-Scarred)": {"sugprice": 8072.925238095238, "profit": 470, "limit": 7285, "timest": 1701946827}, "\u2605 Hand Wraps | Giraffe (Battle-Scarred)": {"sugprice": 6313.532121212122, "profit": 313, "limit": 5697, "timest": 1701940098}, "\u2605 Gut Knife | Rust Coat (Battle-Scarred)": {"sugprice": 7817.153684210525, "profit": 454, "limit": 7054, "timest": 1701899773}, "\u2605 Shadow Daggers | Forest DDPAT (Field-Tested)": {"sugprice": 7208.432352941177, "profit": 344, "limit": 6505, "timest": 1701946947}, "\u2605 Gut Knife | Forest DDPAT (Field-Tested)": {"sugprice": 7613, "profit": 577, "limit": 6870, "timest": 1701946697}, "USP-S | Printstream (Field-Tested)": {"sugprice": 3051.842820512822, "profit": 145, "limit": 2754, "timest": 1701917785}, "StatTrak\u2122 SSG 08 | Bloodshot (Field-Tested)": {"sugprice": 1727.641111111111, "profit": 107, "limit": 1559, "timest": 1701911311}, "\u2605 Navaja Knife | Rust Coat (Battle-Scarred)": {"sugprice": 7011.083235294118, "profit": 342, "limit": 6327, "timest": 1701946862}, "\u2605 Bloodhound Gloves | Charred (Field-Tested)": {"sugprice": 8299.277333333332, "profit": 401, "limit": 7490, "timest": 1701881016}, "StatTrak\u2122 PP-Bizon | Judgement of Anubis (Field-Tested)": {"sugprice": 1257, "profit": 245, "limit": 1134, "timest": 1701946513}, "\u2605 Navaja Knife | Night Stripe (Field-Tested)": {"sugprice": 6894.069285714287, "profit": 409, "limit": 6221, "timest": 1701946860}, "\u2605 Paracord Knife | Forest DDPAT (Field-Tested)": {"sugprice": 8276.624583333332, "profit": 457, "limit": 7469, "timest": 1701946918}, "\u2605 Shadow Daggers | Ultraviolet (Field-Tested)": {"sugprice": 8909, "profit": 454, "limit": 8040, "timest": 1701946987},