{"StatTrak\u2122 MAC-10 | Neon Rider (Field-Tested)": {"sugprice": 1540.1052, "profit": 125, "limit": 1389, "timest": 1706821277}, "StatTrak\u2122 MP9 | Hypnotic (Factory New)": {"sugprice": 2995, "profit": 247, "limit": 2702, "timest": 1706867636}, "StatTrak\u2122 P2000 | Corticera (Field-Tested)": {"sugprice": 1476.4516666666668, "profit": 116, "limit": 1332, "timest": 1706821292}, "StatTrak\u2122 SSG 08 | Big Iron (Battle-Scarred)": {"sugprice": 1501.7492307692305, "profit": 178, "limit": 1355, "timest": 1706867677}, "StatTrak\u2122 SSG 08 | Dragonfire (Field-Tested)": {"sugprice": 2600.311764705882, "profit": 149, "limit": 2346, "timest": 1706867694}, "StatTrak\u2122 Tec-9 | Decimator (Battle-Scarred)": {"sugprice": 1719.532352941177, "profit": 100, "limit": 1551, "timest": 1706814653}, "StatTrak\u2122 USP-S | Blueprint (Battle-Scarred)": {"sugprice": 849.1909999999998, "profit": 124, "limit": 766, "timest": 1706814103}, "StatTrak\u2122 USP-S | Cyrex (Well-Worn)": {"sugprice": 482.2984615384615, "profit": 104, "limit": 435, "timest": 1706812914}, "StatTrak\u2122 USP-S | Monster Mashup (Battle-Scarred)": {"sugprice": 1667.6575, "profit": 178, "limit": 1505, "timest": 1706867724}, "StatTrak\u2122 USP-S | Printstream (Battle-Scarred)": {"sugprice": 4144.038048780486, "profit": 200, "limit": 3739, "timest": 1706867732}, "StatTrak\u2122 USP-S | The Traitor (Battle-Scarred)": {"sugprice": 2064.770454545454, "profit": 124, "limit": 1863, "timest": 1706814132}, "StatTrak\u2122 USP-S | The Traitor (Well-Worn)": {"sugprice": 2053.5261764705883, "profit": 147, "limit": 1853, "timest": 1706867740}, "Tec-9 | Nuclear Threat (Battle-Scarred)": {"sugprice": 3072.2569999999996, "profit": 264, "limit": 2772, "timest": 1706821406}, "USP-S | Kill Confirmed (Minimal Wear)": {"sugprice": 5394.6218181818185, "profit": 313, "limit": 4868, "timest": 1706821446}, "USP-S | Neo-Noir (Factory New)": {"sugprice": 2779.2826666666665, "profit": 148, "limit": 2508, "timest": 1706820262}, "USP-S | Whiteout (Battle-Scarred)": {"sugprice": 1994.2796000000005, "profit": 100, "limit": 1799, "timest": 1706816685}, "Vypa Sista of the Revolution | Guerrilla Warfare": {"sugprice": 1761.1036842105264, "profit": 156, "limit": 1589, "timest": 1706867816}, "\u2605 Bloodhound Gloves | Guerrilla (Battle-Scarred)": {"sugprice": 5662.828571428572, "profit": 297, "limit": 5110, "timest": 1706821507}, "\u2605 Bloodhound Gloves | Guerrilla (Field-Tested)": {"sugprice": 5601.846785714287, "profit": 535, "limit": 5055, "timest": 1706821508}, "\u2605 Bowie Knife | Lore (Battle-Scarred)": {"sugprice": 12616.814999999997, "profit": 1032, "limit": 11386, "timest": 1706821535}, "\u2605 Bowie Knife | Tiger Tooth (Factory New)": {"sugprice": 21393.716666666667, "profit": 1026, "limit": 19307, "timest": 1706867822}, "\u2605 Broken Fang Gloves | Needle Point (Battle-Scarred)": {"sugprice": 4278.290487804878, "profit": 204, "limit": 3861, "timest": 1706863318}, "\u2605 Driver Gloves | Diamondback (Battle-Scarred)": {"sugprice": 6176.626666666666, "profit": 364, "limit": 5574, "timest": 1706863345}, "\u2605 Driver Gloves | Queen Jaguar (Field-Tested)": {"sugprice": 5560.928823529412, "profit": 344, "limit": 5018, "timest": 1706863879}, "\u2605 Falchion Knife | Black Laminate (Well-Worn)": {"sugprice": 8980.613000000001, "profit": 430, "limit": 8105, "timest": 1706861192}, "\u2605 Falchion Knife | Rust Coat (Battle-Scarred)": {"sugprice": 7722, "profit": 406, "limit": 6969, "timest": 1706821599}, "\u2605 Gut Knife | Scorched (Field-Tested)": {"sugprice": 6820.470454545453, "profit": 382, "limit": 6155, "timest": 1706867892}, "\u2605 Hand Wraps | Arboreal (Battle-Scarred)": {"sugprice": 5062.428750000001, "profit": 241, "limit": 4568, "timest": 1706813242}, "\u2605 Hand Wraps | Badlands (Battle-Scarred)": {"sugprice": 7117.029230769231, "profit": 449, "limit": 6423, "timest": 1706821624}, "\u2605 Hand Wraps | Desert Shamagh (Well-Worn)": {"sugprice": 4339.732857142858, "profit": 296, "limit": 3916, "timest": 1706821627}, "\u2605 Hand Wraps | Duct Tape (Field-Tested)": {"sugprice": 4822.104736842106, "profit": 256, "limit": 4351, "timest": 1706867914}, "\u2605 Hand Wraps | Giraffe (Battle-Scarred)": {"sugprice": 5242.8793877551, "profit": 255, "limit": 4731, "timest": 1706856403}, "\u2605 Hand Wraps | Overprint (Battle-Scarred)": {"sugprice": 9872.083684210525, "profit": 747, "limit": 8909, "timest": 1706857526}, "\u2605 Huntsman Knife | Lore (Battle-Scarred)": {"sugprice": 13327.540624999998, "profit": 640, "limit": 12028, "timest": 1706814925}, "\u2605 Hydra Gloves | Emerald (Field-Tested)": {"sugprice": 4292.831999999999, "profit": 257, "limit": 3874, "timest": 1706867940}, "\u2605 Hydra Gloves | Emerald (Well-Worn)": {"sugprice": 4398.952727272727, "profit": 227, "limit": 3970, "timest": 1706821654}, "\u2605 Hydra Gloves | Mangrove (Battle-Scarred)": {"sugprice": 3605.8596000000002, "profit": 177, "limit": 3254, "timest": 1706867942}, "\u2605 Hydra Gloves | Rattler (Field-Tested)": {"sugprice": 3692.015200000001, "profit": 208, "limit": 3332, "timest": 1706867950}, "\u2605 Moto Gloves | 3rd Commando Company (Field-Tested)": {"sugprice": 5312.272631578948, "profit": 280, "limit": 4794, "timest": 1706819095}, "\u2605 Moto Gloves | POW! (Battle-Scarred)": {"sugprice": 7552.950833333335, "profit": 397, "limit": 6816, "timest": 1706821678}, "\u2605 Moto Gloves | Transport (Battle-Scarred)": {"sugprice": 4567.707199999999, "profit": 273, "limit": 4122, "timest": 1706814423}, "\u2605 Moto Gloves | Turtle (Battle-Scarred)": {"sugprice": 7094.210833333332, "profit": 347, "limit": 6402, "timest": 1706814427}, "\u2605 Navaja Knife | Stained (Field-Tested)": {"sugprice": 6614.753846153846, "profit": 348, "limit": 5969, "timest": 1706821696}, "\u2605 Paracord Knife | Forest DDPAT (Field-Tested)": {"sugprice": 7699.9400000000005, "profit": 431, "limit": 6949, "timest": 1706867994}, "\u2605 Paracord Knife | Urban Masked (Battle-Scarred)": {"sugprice": 7130.589473684209, "profit": 419, "limit": 6435, "timest": 1706821714}, "\u2605 Shadow Daggers | Boreal Forest (Field-Tested)": {"sugprice": 6241.632, "profit": 320, "limit": 5633, "timest": 1706868012}, "\u2605 Shadow Daggers | Bright Water (Field-Tested)": {"sugprice": 6897.388367346937, "profit": 352, "limit": 6224, "timest": 1706868014}, "\u2605 Shadow Daggers | Freehand (Field-Tested)": {"sugprice": 7992.951176470588, "profit": 647, "limit": 7213, "timest": 1706868020}, "\u2605 Shadow Daggers | Safari Mesh (Field-Tested)": {"sugprice": 6246.117407407408, "profit": 314, "limit": 5637, "timest": 1706868028}, "\u2605 Shadow Daggers | Ultraviolet (Battle-Scarred)": {"sugprice": 7108, "profit": 371, "limit": 6414, "timest": 1706867471}, "\u2605 Specialist Gloves | Buckshot (Field-Tested)": {"sugprice": 5262.252941176471, "profit": 288, "limit": 4749, "timest": 1706815123}, "\u2605 Specialist Gloves | Fade (Battle-Scarred)": {"sugprice": 13744.415833333333, "profit": 660, "limit": 12404, "timest": 1706821761}, "\u2605 Specialist Gloves | Field Agent (Battle-Scarred)": {"sugprice": 10345.261111111111, "profit": 582, "limit": 9336, "timest": 1706861414}, "\u2605 Survival Knife | Boreal Forest (Field-Tested)": {"sugprice": 6798.458947368421, "profit": 370, "limit": 6135, "timest": 1706821774}, "\u2605 Survival Knife | Forest DDPAT (Field-Tested)": {"sugprice": 6997.793750000001, "profit": 338, "limit": 6315, "timest": 1706860895}, "\u2605 Driver Gloves | Racing Green (Field-Tested)": {"sugprice": 3468.148936170213, "profit": 169, "limit": 3130, "timest": 1706819015}, "\u2605 Driver Gloves | Racing Green (Well-Worn)": {"sugprice": 3526.791315789474, "profit": 169, "limit": 3182, "timest": 1706828056}, "\u2605 Driver Gloves | Convoy (Field-Tested)": {"sugprice": 5724.433636363636, "profit": 272, "limit": 5166, "timest": 1706821572}, "\u2605 Gut Knife | Bright Water (Field-Tested)": {"sugprice": 7992.159999999999, "profit": 404, "limit": 7212, "timest": 1706816767},