{"StatTrak\u2122 USP-S | Neo-Noir (Field-Tested)": {"sugprice": 3172.4817142857137, "profit": 204, "limit": 2863, "timest": 1703952103}, "StatTrak\u2122 USP-S | The Traitor (Battle-Scarred)": {"sugprice": 2156.4176470588236, "profit": 130, "limit": 1946, "timest": 1703952109}, "USP-S | Kill Confirmed (Well-Worn)": {"sugprice": 3189.7776190476197, "profit": 183, "limit": 2878, "timest": 1703952145}, "USP-S | Neo-Noir (Factory New)": {"sugprice": 3120.0537931034482, "profit": 203, "limit": 2815, "timest": 1703952149}, "\u2605 Broken Fang Gloves | Yellow-banded (Battle-Scarred)": {"sugprice": 6141.842826086957, "profit": 304, "limit": 5543, "timest": 1703926206}, "\u2605 Driver Gloves | Convoy (Field-Tested)": {"sugprice": 6439.276129032259, "profit": 404, "limit": 5811, "timest": 1703951159}, "\u2605 Hand Wraps | Badlands (Battle-Scarred)": {"sugprice": 7682.216923076922, "profit": 543, "limit": 6933, "timest": 1703950623}, "\u2605 Moto Gloves | Transport (Field-Tested)": {"sugprice": 5794.953157894737, "profit": 441, "limit": 5229, "timest": 1703949979}, "\u2605 Navaja Knife | Scorched (Field-Tested)": {"sugprice": 6930, "profit": 378, "limit": 6254, "timest": 1703952338}, "StatTrak\u2122 M4A4 | X-Ray (Minimal Wear)": {"sugprice": 4666.556, "profit": 228, "limit": 4211, "timest": 1703939828}, "\u2605 Hydra Gloves | Rattler (Field-Tested)": {"sugprice": 4248.842857142857, "profit": 206, "limit": 3834, "timest": 1703952298}, "\u2605 Driver Gloves | Racing Green (Field-Tested)": {"sugprice": 4031.013333333333, "profit": 264, "limit": 3637, "timest": 1703945687}, "\u2605 Shadow Daggers | Boreal Forest (Field-Tested)": {"sugprice": 7167.938500000001, "profit": 370, "limit": 6469, "timest": 1703952362}, "\u2605 Bloodhound Gloves | Bronzed (Field-Tested)": {"sugprice": 6507.4175, "profit": 451, "limit": 5872, "timest": 1703952185}, "StatTrak\u2122 USP-S | Monster Mashup (Battle-Scarred)": {"sugprice": 1977.4612500000003, "profit": 160, "limit": 1784, "timest": 1703952097}, "StatTrak\u2122 USP-S | The Traitor (Well-Worn)": {"sugprice": 2197.210333333334, "profit": 149, "limit": 1982, "timest": 1703952111}, "\u2605 Hydra Gloves | Mangrove (Battle-Scarred)": {"sugprice": 4234.419999999999, "profit": 202, "limit": 3821, "timest": 1703952290}, "\u2605 Shadow Daggers | Forest DDPAT (Field-Tested)": {"sugprice": 7273.8308333333325, "profit": 456, "limit": 6564, "timest": 1703952368}, "USP-S | Printstream (Minimal Wear)": {"sugprice": 4523.817083333334, "profit": 255, "limit": 4082, "timest": 1703943588}, "\u2605 Huntsman Knife | Ultraviolet (Field-Tested)": {"sugprice": 10296.197333333332, "profit": 624, "limit": 9292, "timest": 1703907239}, "\u2605 Hydra Gloves | Rattler (Well-Worn)": {"sugprice": 4913.569285714286, "profit": 277, "limit": 4434, "timest": 1703925833}, "\u2605 Falchion Knife | Ultraviolet (Battle-Scarred)": {"sugprice": 9708.388, "profit": 764, "limit": 8761, "timest": 1703952234}, "\u2605 Moto Gloves | Finish Line (Battle-Scarred)": {"sugprice": 6959.779999999997, "profit": 343, "limit": 6281, "timest": 1703941202}, "\u2605 Shadow Daggers | Bright Water (Field-Tested)": {"sugprice": 7699.389, "profit": 488, "limit": 6948, "timest": 1703951386}, "StatTrak\u2122 USP-S | Monster Mashup (Field-Tested)": {"sugprice": 1987.2472727272727, "profit": 153, "limit": 1793, "timest": 1703952099}, "\u2605 Paracord Knife | Forest DDPAT (Field-Tested)": {"sugprice": 8050.6243749999985, "profit": 459, "limit": 7265, "timest": 1703950015}, "\u2605 Navaja Knife | Night Stripe (Field-Tested)": {"sugprice": 7006.687575757576, "profit": 356, "limit": 6323, "timest": 1703949987}, "\u2605 Moto Gloves | Boom! (Battle-Scarred)": {"sugprice": 7647.150769230769, "profit": 387, "limit": 6901, "timest": 1703948283}, "\u2605 Specialist Gloves | Fade (Battle-Scarred)": {"sugprice": 15540.958421052632, "profit": 1403, "limit": 14025, "timest": 1703952384}, "StatTrak\u2122 SSG 08 | Dragonfire (Battle-Scarred)": {"sugprice": 3098.3899999999994, "profit": 283, "limit": 2796, "timest": 1703950972}, "\u2605 Hand Wraps | Duct Tape (Field-Tested)": {"sugprice": 5150.321578947369, "profit": 269, "limit": 4648, "timest": 1703878529}, "USP-S | Printstream (Well-Worn)": {"sugprice": 2709, "profit": 206, "limit": 2444, "timest": 1703951085}, "\u2605 Huntsman Knife | Lore (Battle-Scarred)": {"sugprice": 14436.293000000001, "profit": 764, "limit": 13028, "timest": 1703932455}, "\u2605 Shadow Daggers | Ultraviolet (Field-Tested)": {"sugprice": 8101.054999999998, "profit": 386, "limit": 7311, "timest": 1703883843}, "\u2605 Bloodhound Gloves | Bronzed (Battle-Scarred)": {"sugprice": 6462.156153846154, "profit": 425, "limit": 5832, "timest": 1703952183}, "\u2605 Hydra Gloves | Rattler (Battle-Scarred)": {"sugprice": 4152.77512195122, "profit": 415, "limit": 3747, "timest": 1703921278}, "\u2605 Hydra Gloves | Case Hardened (Battle-Scarred)": {"sugprice": 7246.745652173914, "profit": 359, "limit": 6540, "timest": 1703927894}, "\u2605 Driver Gloves | Queen Jaguar (Battle-Scarred)": {"sugprice": 5600.605434782609, "profit": 415, "limit": 5054, "timest": 1703951172}, "\u2605 Shadow Daggers | Scorched (Field-Tested)": {"sugprice": 7129.960370370372, "profit": 451, "limit": 6434, "timest": 1703952376}, "\u2605 Specialist Gloves | Lt. Commander (Battle-Scarred)": {"sugprice": 10172.9265, "profit": 537, "limit": 9181, "timest": 1703944679}, "\u2605 Specialist Gloves | Buckshot (Battle-Scarred)": {"sugprice": 5288.936666666666, "profit": 256, "limit": 4773, "timest": 1703879765}, "StatTrak\u2122 Tec-9 | Blue Titanium (Factory New)": {"sugprice": 850.8220000000001, "profit": 131, "limit": 767, "timest": 1703952081}, "\u2605 Moto Gloves | 3rd Commando Company (Battle-Scarred)": {"sugprice": 5238.017500000001, "profit": 292, "limit": 4727, "timest": 1703952302}, "\u2605 Survival Knife | Safari Mesh (Field-Tested)": {"sugprice": 7550.175416666669, "profit": 372, "limit": 6814, "timest": 1703945258}, "\u2605 Moto Gloves | POW! (Battle-Scarred)": {"sugprice": 8870.32875, "profit": 660, "limit": 8005, "timest": 1703952316}, "\u2605 Hand Wraps | Constrictor (Field-Tested)": {"sugprice": 4969.481111111111, "profit": 289, "limit": 4484, "timest": 1703943691}, "\u2605 Sport Gloves | Bronze Morph (Battle-Scarred)": {"sugprice": 10241, "profit": 547, "limit": 9242, "timest": 1703946364}, "\u2605 Bowie Knife | Bright Water (Field-Tested)": {"sugprice": 10093.92625, "profit": 588, "limit": 9109, "timest": 1703952194}, "\u2605 Broken Fang Gloves | Unhinged (Battle-Scarred)": {"sugprice": 5173.759523809524, "profit": 292, "limit": 4669, "timest": 1703952206}, "\u2605 Moto Gloves | Blood Pressure (Battle-Scarred)": {"sugprice": 8153.927894736841, "profit": 396, "limit": 7358, "timest": 1703946915}, "StatTrak\u2122 M4A4 | \u9f8d\u738b (Dragon King) (Field-Tested)": {"sugprice": 1546.4240740740743, "profit": 125, "limit": 1395, "timest": 1703934674}, "\u2605 Hand Wraps | Constrictor (Battle-Scarred)": {"sugprice": 4829.409777777777, "profit": 265, "limit": 4358, "timest": 1703934430}, "\u2605 Driver Gloves | Racing Green (Battle-Scarred)": {"sugprice": 4040.859767441861, "profit": 198, "limit": 3646, "timest": 1703945076}, "StatTrak\u2122 MP9 | Hypnotic (Factory New)": {"sugprice": 3408.835333333333, "profit": 188, "limit": 3076, "timest": 1703952041}, "StatTrak\u2122 USP-S | Printstream (Battle-Scarred)": {"sugprice": 4434.651632653062, "profit": 243, "limit": 4002, "timest": 1703952105}, "\u2605 Gut Knife | Bright Water (Field-Tested)": {"sugprice": 8439.881904761905, "profit": 436, "limit": 7616, "timest": 1703952238}, "\u2605 Navaja Knife | Safari Mesh (Battle-Scarred)": {"sugprice": 7315.547692307692, "profit": 647, "limit": 6602, "timest": 1703952334}, "\u2605 Navaja Knife | Stained (Field-Tested)": {"sugprice": 7259.101363636363, "profit": 385, "limit": 6551, "timest": 1703952342}, "\u2605 Navaja Knife | Stained (Well-Worn)": {"sugprice": 7236.638181818181, "profit": 554, "limit": 6531, "timest": 1703952344},