{"StatTrak\u2122 USP-S | Neo-Noir (Field-Tested)": {"sugprice": 3122.7236, "profit": 164, "limit": 2818, "timest": 1703726747}, "StatTrak\u2122 USP-S | The Traitor (Battle-Scarred)": {"sugprice": 2071.0335, "profit": 100, "limit": 1869, "timest": 1703725719}, "USP-S | Kill Confirmed (Well-Worn)": {"sugprice": 3030.145, "profit": 144, "limit": 2734, "timest": 1703718055}, "USP-S | Neo-Noir (Factory New)": {"sugprice": 3056.7068421052622, "profit": 154, "limit": 2758, "timest": 1703726792}, "\u2605 Broken Fang Gloves | Yellow-banded (Battle-Scarred)": {"sugprice": 6115.118163265306, "profit": 403, "limit": 5518, "timest": 1703705596}, "\u2605 Driver Gloves | Convoy (Field-Tested)": {"sugprice": 6290.450357142856, "profit": 301, "limit": 5677, "timest": 1703726859}, "\u2605 Hand Wraps | Badlands (Battle-Scarred)": {"sugprice": 7386.936666666666, "profit": 465, "limit": 6666, "timest": 1703726897}, "\u2605 Hydra Gloves | Mangrove (Field-Tested)": {"sugprice": 4146.003799999999, "profit": 201, "limit": 3741, "timest": 1703726937}, "\u2605 Moto Gloves | Smoke Out (Battle-Scarred)": {"sugprice": 6919.536363636363, "profit": 349, "limit": 6244, "timest": 1703726963}, "\u2605 Moto Gloves | Transport (Field-Tested)": {"sugprice": 5600.895172413793, "profit": 353, "limit": 5054, "timest": 1703700639}, "\u2605 Navaja Knife | Scorched (Field-Tested)": {"sugprice": 6926.1248837209305, "profit": 329, "limit": 6250, "timest": 1703726983}, "\u2605 Shadow Daggers | Freehand (Field-Tested)": {"sugprice": 9150.23590909091, "profit": 561, "limit": 8258, "timest": 1703727015}, "StatTrak\u2122 M4A4 | X-Ray (Minimal Wear)": {"sugprice": 4504.209166666667, "profit": 264, "limit": 4065, "timest": 1703700825}, "\u2605 Hydra Gloves | Rattler (Field-Tested)": {"sugprice": 4103.587551020409, "profit": 210, "limit": 3703, "timest": 1703715788}, "\u2605 Driver Gloves | Racing Green (Field-Tested)": {"sugprice": 3855.6543999999994, "profit": 200, "limit": 3479, "timest": 1703726871}, "\u2605 Shadow Daggers | Boreal Forest (Field-Tested)": {"sugprice": 6953.546923076922, "profit": 485, "limit": 6275, "timest": 1703706400}, "\u2605 Bloodhound Gloves | Bronzed (Field-Tested)": {"sugprice": 6334.883000000001, "profit": 444, "limit": 5717, "timest": 1703720698}, "StatTrak\u2122 USP-S | Monster Mashup (Battle-Scarred)": {"sugprice": 1922.375555555556, "profit": 102, "limit": 1734, "timest": 1703726741}, "StatTrak\u2122 USP-S | The Traitor (Well-Worn)": {"sugprice": 2144.000731707317, "profit": 176, "limit": 1934, "timest": 1703726754}, "\u2605 Hydra Gloves | Mangrove (Battle-Scarred)": {"sugprice": 3885.6967567567567, "profit": 320, "limit": 3506, "timest": 1703693127}, "\u2605 Hand Wraps | Arboreal (Battle-Scarred)": {"sugprice": 5308.665, "profit": 264, "limit": 4791, "timest": 1703666252}, "\u2605 Shadow Daggers | Forest DDPAT (Field-Tested)": {"sugprice": 7100.186538461538, "profit": 345, "limit": 6407, "timest": 1703708349}, "USP-S | Printstream (Minimal Wear)": {"sugprice": 4387.749523809523, "profit": 229, "limit": 3959, "timest": 1703715167}, "\u2605 Huntsman Knife | Ultraviolet (Field-Tested)": {"sugprice": 10057.718125000001, "profit": 497, "limit": 9077, "timest": 1703726925}, "\u2605 Navaja Knife | Ultraviolet (Battle-Scarred)": {"sugprice": 6928.068571428572, "profit": 375, "limit": 6252, "timest": 1703687182}, "\u2605 Hydra Gloves | Rattler (Well-Worn)": {"sugprice": 4860.4691304347825, "profit": 332, "limit": 4386, "timest": 1703726945}, "\u2605 Falchion Knife | Ultraviolet (Battle-Scarred)": {"sugprice": 10235.374666666667, "profit": 585, "limit": 9237, "timest": 1703726879}, "\u2605 Moto Gloves | Finish Line (Battle-Scarred)": {"sugprice": 6924.734848484849, "profit": 361, "limit": 6249, "timest": 1703726957}, "\u2605 Shadow Daggers | Bright Water (Field-Tested)": {"sugprice": 7481.042631578949, "profit": 386, "limit": 6751, "timest": 1703674241}, "\u2605 Moto Gloves | Turtle (Battle-Scarred)": {"sugprice": 7613.098421052631, "profit": 371, "limit": 6870, "timest": 1703726969}, "\u2605 Bowie Knife | Rust Coat (Battle-Scarred)": {"sugprice": 8051.299285714286, "profit": 459, "limit": 7266, "timest": 1703667926}, "StatTrak\u2122 USP-S | Monster Mashup (Field-Tested)": {"sugprice": 1985.011304347826, "profit": 155, "limit": 1791, "timest": 1703726743}, "\u2605 Paracord Knife | Forest DDPAT (Field-Tested)": {"sugprice": 8088.538275862068, "profit": 404, "limit": 7299, "timest": 1703701196}, "\u2605 Survival Knife | Boreal Forest (Field-Tested)": {"sugprice": 7519.744705882353, "profit": 390, "limit": 6786, "timest": 1703702466}, "\u2605 Navaja Knife | Night Stripe (Field-Tested)": {"sugprice": 6899, "profit": 338, "limit": 6226, "timest": 1703687164}, "\u2605 Hydra Gloves | Emerald (Well-Worn)": {"sugprice": 4731.611250000001, "profit": 237, "limit": 4270, "timest": 1703664484}, "\u2605 Moto Gloves | Boom! (Battle-Scarred)": {"sugprice": 7718.878888888888, "profit": 374, "limit": 6966, "timest": 1703724068}, "\u2605 Specialist Gloves | Fade (Battle-Scarred)": {"sugprice": 14954.2853125, "profit": 979, "limit": 13496, "timest": 1703717191}, "USP-S | Para Green (Battle-Scarred)": {"sugprice": 695.6600000000001, "profit": 102, "limit": 627, "timest": 1703666112}, "StatTrak\u2122 P90 | Asiimov (Battle-Scarred)": {"sugprice": 1933.4197368421048, "profit": 156, "limit": 1744, "timest": 1703661495}, "\u2605 Moto Gloves | Transport (Battle-Scarred)": {"sugprice": 5197.271086956522, "profit": 251, "limit": 4690, "timest": 1703726965}, "StatTrak\u2122 SSG 08 | Bloodshot (Field-Tested)": {"sugprice": 1691.8821739130435, "profit": 106, "limit": 1526, "timest": 1703675834}, "StatTrak\u2122 SSG 08 | Dragonfire (Battle-Scarred)": {"sugprice": 3072.7445454545455, "profit": 147, "limit": 2773, "timest": 1703724366}, "\u2605 Hand Wraps | Duct Tape (Field-Tested)": {"sugprice": 5219.642580645162, "profit": 258, "limit": 4710, "timest": 1703699994}, "USP-S | Printstream (Well-Worn)": {"sugprice": 2638.129705882353, "profit": 126, "limit": 2380, "timest": 1703719630}, "\u2605 Huntsman Knife | Lore (Battle-Scarred)": {"sugprice": 14381.521249999998, "profit": 811, "limit": 12979, "timest": 1703679785}, "\u2605 Shadow Daggers | Ultraviolet (Field-Tested)": {"sugprice": 8082.877419354839, "profit": 554, "limit": 7294, "timest": 1703727025}, "\u2605 Bloodhound Gloves | Bronzed (Battle-Scarred)": {"sugprice": 6320.315, "profit": 322, "limit": 5704, "timest": 1703726826}, "\u2605 Hydra Gloves | Rattler (Battle-Scarred)": {"sugprice": 4151.254199999999, "profit": 254, "limit": 3746, "timest": 1703726941}, "\u2605 Hydra Gloves | Case Hardened (Battle-Scarred)": {"sugprice": 7180.809333333334, "profit": 345, "limit": 6480, "timest": 1703726927}, "USP-S | Whiteout (Minimal Wear)": {"sugprice": 2724.4756521739123, "profit": 133, "limit": 2458, "timest": 1703720690}, "USP-S | Kill Confirmed (Field-Tested)": {"sugprice": 3267.263333333333, "profit": 164, "limit": 2948, "timest": 1703703492}, "\u2605 Navaja Knife | Tiger Tooth (Factory New)": {"sugprice": 12195.93705882353, "profit": 774, "limit": 11006, "timest": 1703677488}, "\u2605 Gut Knife | Freehand (Field-Tested)": {"sugprice": 8202.270588235295, "profit": 402, "limit": 7402, "timest": 1703710477}, "\u2605 Driver Gloves | Queen Jaguar (Battle-Scarred)": {"sugprice": 5361.809361702127, "profit": 360, "limit": 4839, "timest": 1703726865}, "\u2605 Moto Gloves | Polygon (Battle-Scarred)": {"sugprice": 9989.756428571427, "profit": 489, "limit": 9015, "timest": 1703662122}, "\u2605 Shadow Daggers | Scorched (Field-Tested)": {"sugprice": 7004.897999999999, "profit": 354, "limit": 6321, "timest": 1703720403}, "\u2605 Gut Knife | Forest DDPAT (Field-Tested)": {"sugprice": 7866.905925925925, "profit": 481, "limit": 7099, "timest": 1703726885}, "\u2605 Survival Knife | Forest DDPAT (Field-Tested)": {"sugprice": 7574.783333333335, "profit": 470, "limit": 6836, "timest": 1703720939}, "USP-S | Overgrowth (Field-Tested)": {"sugprice": 2114.0017857142852,