{"StatTrak\u2122 USP-S | Neo-Noir (Field-Tested)": {"sugprice": 3044.081363636364, "profit": 218, "limit": 2747, "timest": 1704745140}, "StatTrak\u2122 USP-S | The Traitor (Battle-Scarred)": {"sugprice": 1880, "profit": 117, "limit": 1696, "timest": 1704736122}, "\u2605 Driver Gloves | Convoy (Field-Tested)": {"sugprice": 6284.426129032258, "profit": 395, "limit": 5671, "timest": 1704745562}, "\u2605 Bloodhound Gloves | Bronzed (Field-Tested)": {"sugprice": 6263.696, "profit": 349, "limit": 5652, "timest": 1704736541}, "USP-S | Printstream (Minimal Wear)": {"sugprice": 4392.51, "profit": 342, "limit": 3964, "timest": 1704738218}, "\u2605 Paracord Knife | Forest DDPAT (Field-Tested)": {"sugprice": 7662.881764705882, "profit": 446, "limit": 6915, "timest": 1704731793}, "USP-S | Printstream (Well-Worn)": {"sugprice": 2700.885365853658, "profit": 153, "limit": 2437, "timest": 1704745379}, "\u2605 Hand Wraps | Constrictor (Field-Tested)": {"sugprice": 5032.822222222223, "profit": 281, "limit": 4542, "timest": 1704740423}, "\u2605 Gut Knife | Boreal Forest (Field-Tested)": {"sugprice": 7295.690476190475, "profit": 628, "limit": 6584, "timest": 1704745689}, "USP-S | Royal Blue (Field-Tested)": {"sugprice": 1060, "profit": 110, "limit": 956, "timest": 1704704624}, "\u2605 Hand Wraps | Arboreal (Field-Tested)": {"sugprice": 5831.517222222222, "profit": 289, "limit": 5262, "timest": 1704723698}, "Vypa Sista of the Revolution | Guerrilla Warfare": {"sugprice": 1926.9888888888886, "profit": 127, "limit": 1739, "timest": 1704731090}, "\u2605 Gut Knife | Safari Mesh (Field-Tested)": {"sugprice": 7283.812000000001, "profit": 379, "limit": 6573, "timest": 1704745711}, "\u2605 Bloodhound Gloves | Guerrilla (Battle-Scarred)": {"sugprice": 6128.535714285715, "profit": 325, "limit": 5531, "timest": 1704723411}, "\u2605 Hand Wraps | Giraffe (Battle-Scarred)": {"sugprice": 5889.471, "profit": 322, "limit": 5315, "timest": 1704745788}, "\u2605 Hand Wraps | Duct Tape (Field-Tested)": {"sugprice": 5173.793600000001, "profit": 254, "limit": 4669, "timest": 1704745784}, "\u2605 Driver Gloves | Queen Jaguar (Field-Tested)": {"sugprice": 5742, "profit": 369, "limit": 5182, "timest": 1704736684}, "\u2605 Huntsman Knife | Ultraviolet (Field-Tested)": {"sugprice": 9941.636666666669, "profit": 491, "limit": 8972, "timest": 1704745802}, "\u2605 Moto Gloves | POW! (Battle-Scarred)": {"sugprice": 8361.399285714286, "profit": 471, "limit": 7546, "timest": 1704737016}, "\u2605 Gut Knife | Forest DDPAT (Field-Tested)": {"sugprice": 7707.28375, "profit": 505, "limit": 6955, "timest": 1704745693}, "\u2605 Survival Knife | Boreal Forest (Field-Tested)": {"sugprice": 7725.933888888889, "profit": 538, "limit": 6972, "timest": 1704742521}, "StatTrak\u2122 MP9 | Hypnotic (Factory New)": {"sugprice": 3364.1788235294116, "profit": 169, "limit": 3036, "timest": 1704728537}, "\u2605 Bloodhound Gloves | Guerrilla (Field-Tested)": {"sugprice": 6084.556333333332, "profit": 308, "limit": 5491, "timest": 1704723413}, "\u2605 Shadow Daggers | Bright Water (Field-Tested)": {"sugprice": 7586.4822448979585, "profit": 389, "limit": 6846, "timest": 1704737168}, "\u2605 Moto Gloves | Polygon (Battle-Scarred)": {"sugprice": 10473.135833333334, "profit": 583, "limit": 9452, "timest": 1704677840}, "\u2605 Hydra Gloves | Mangrove (Well-Worn)": {"sugprice": 4570, "profit": 230, "limit": 4124, "timest": 1704736942}, "\u2605 Hand Wraps | Arboreal (Battle-Scarred)": {"sugprice": 5240.566086956521, "profit": 250, "limit": 4729, "timest": 1704740409}, "\u2605 Hand Wraps | CAUTION! (Battle-Scarred)": {"sugprice": 13780.93, "profit": 991, "limit": 12437, "timest": 1704743870}, "\u2605 Shadow Daggers | Safari Mesh (Field-Tested)": {"sugprice": 6867.721818181817, "profit": 390, "limit": 6198, "timest": 1704746178}, "\u2605 Hand Wraps | Duct Tape (Battle-Scarred)": {"sugprice": 5087.500370370371, "profit": 246, "limit": 4591, "timest": 1704745769}, "\u2605 Specialist Gloves | Lt. Commander (Battle-Scarred)": {"sugprice": 9829.11157894737, "profit": 537, "limit": 8870, "timest": 1704744322}, "\u2605 Moto Gloves | Finish Line (Battle-Scarred)": {"sugprice": 6748.309047619048, "profit": 461, "limit": 6090, "timest": 1704660247}, "\u2605 Driver Gloves | Racing Green (Well-Worn)": {"sugprice": 4093.5719354838707, "profit": 232, "limit": 3694, "timest": 1704745658}, "\u2605 Moto Gloves | Boom! (Battle-Scarred)": {"sugprice": 7010, "profit": 349, "limit": 6326, "timest": 1704740551}, "StatTrak\u2122 MP7 | Bloodsport (Factory New)": {"sugprice": 1409.1731249999996, "profit": 138, "limit": 1271, "timest": 1704744597}, "\u2605 Hand Wraps | Badlands (Battle-Scarred)": {"sugprice": 6981.250833333333, "profit": 370, "limit": 6300, "timest": 1704736830}, "\u2605 Driver Gloves | Diamondback (Battle-Scarred)": {"sugprice": 6854.116666666667, "profit": 400, "limit": 6185, "timest": 1704715185}, "\u2605 Hydra Gloves | Rattler (Battle-Scarred)": {"sugprice": 4103.35085106383, "profit": 224, "limit": 3703, "timest": 1704745837}, "\u2605 Driver Gloves | Overtake (Battle-Scarred)": {"sugprice": 6363, "profit": 522, "limit": 5742, "timest": 1704734943}, "\u2605 Falchion Knife | Ultraviolet (Battle-Scarred)": {"sugprice": 9674.86074074074, "profit": 591, "limit": 8731, "timest": 1704745685}, "\u2605 Shadow Daggers | Damascus Steel (Field-Tested)": {"sugprice": 7767.9366666666665, "profit": 370, "limit": 7010, "timest": 1704744242}, "StatTrak\u2122 USP-S | The Traitor (Well-Worn)": {"sugprice": 1956.3808571428572, "profit": 124, "limit": 1765, "timest": 1704728834}, "\u2605 Navaja Knife | Night Stripe (Field-Tested)": {"sugprice": 6992.397999999999, "profit": 460, "limit": 6310, "timest": 1704745920}, "\u2605 Bloodhound Gloves | Snakebite (Field-Tested)": {"sugprice": 6337.722777777778, "profit": 458, "limit": 5719, "timest": 1704745471}, "\u2605 Paracord Knife | Scorched (Field-Tested)": {"sugprice": 7940.2525000000005, "profit": 421, "limit": 7166, "timest": 1704746022}, "\u2605 Navaja Knife | Scorched (Field-Tested)": {"sugprice": 6889.828333333334, "profit": 385, "limit": 6218, "timest": 1704745937}, "\u2605 Driver Gloves | Convoy (Battle-Scarred)": {"sugprice": 6264.199130434785, "profit": 395, "limit": 5653, "timest": 1704745555}, "\u2605 Specialist Gloves | Buckshot (Battle-Scarred)": {"sugprice": 5247.884523809524, "profit": 285, "limit": 4736, "timest": 1704746205}, "StatTrak\u2122 Tec-9 | Decimator (Battle-Scarred)": {"sugprice": 1965.0325000000003, "profit": 114, "limit": 1773, "timest": 1704744843}, "\u2605 Moto Gloves | Smoke Out (Battle-Scarred)": {"sugprice": 7263.673684210527, "profit": 445, "limit": 6555, "timest": 1704745890}, "\u2605 Gut Knife | Freehand (Field-Tested)": {"sugprice": 8563.215384615385, "profit": 713, "limit": 7728, "timest": 1704745702}, "USP-S | Whiteout (Minimal Wear)": {"sugprice": 2783.384666666667, "profit": 151, "limit": 2512, "timest": 1704721465}, "\u2605 Broken Fang Gloves | Yellow-banded (Field-Tested)": {"sugprice": 6189.398928571429, "profit": 327, "limit": 5585, "timest": 1704741940}, "\u2605 Moto Gloves | Blood Pressure (Battle-Scarred)": {"sugprice": 7811.705185185185, "profit": 533, "limit": 7050, "timest": 1704731657}, "\u2605 Navaja Knife | Ultraviolet (Field-Tested)": {"sugprice": 7212.947000000002, "profit": 359, "limit": 6509, "timest": 1704728072}, "StatTrak\u2122 USP-S | Monster Mashup (Battle-Scarred)": {"sugprice": 1728.965652173913, "profit": 102, "limit": 1560, "timest": 1704711430}, "\u2605 Bloodhound Gloves | Bronzed (Battle-Scarred)": {"sugprice": 6338.786250000001, "profit": 332, "limit": 5720, "timest": 1704740073}, "\u2605 Bowie Knife | Rust Coat (Battle-Scarred)": {"sugprice": 8149.752222222222, "profit": 485, "limit": 7355, "timest": 1704715118}, "\u2605 Moto Gloves | Turtle (Battle-Scarred)": {"sugprice": 8115.252142857142, "profit": 464, "limit": 7324, "timest": 1704744079}, "\u2605 Specialist Gloves | Fade (Battle-Scarred)": {"sugprice": 14996.553684210527, "profit": 724,