{"USP-S | Kill Confirmed (Well-Worn)": {"sugprice": 2945, "profit": 185, "limit": 2657, "timest": 1701183888}, "\u2605 Navaja Knife | Scorched (Field-Tested)": {"sugprice": 6744.640384615384, "profit": 438, "limit": 6087, "timest": 1701184202}, "\u2605 Driver Gloves | Racing Green (Battle-Scarred)": {"sugprice": 3650.2288, "profit": 267, "limit": 3294, "timest": 1701183981}, "\u2605 Driver Gloves | Racing Green (Well-Worn)": {"sugprice": 3742.402580645162, "profit": 284, "limit": 3377, "timest": 1701183984}, "\u2605 Hydra Gloves | Rattler (Field-Tested)": {"sugprice": 3995.4788000000017, "profit": 195, "limit": 3605, "timest": 1701180279}, "\u2605 Navaja Knife | Forest DDPAT (Field-Tested)": {"sugprice": 6794.370434782608, "profit": 403, "limit": 6131, "timest": 1701180407}, "\u2605 Shadow Daggers | Bright Water (Field-Tested)": {"sugprice": 7283, "profit": 432, "limit": 6572, "timest": 1701184238}, "\u2605 Shadow Daggers | Rust Coat (Battle-Scarred)": {"sugprice": 6843.804642857142, "profit": 513, "limit": 6176, "timest": 1701184261}, "\u2605 Broken Fang Gloves | Yellow-banded (Field-Tested)": {"sugprice": 6374.328387096774, "profit": 342, "limit": 5752, "timest": 1701183435}, "\u2605 Hydra Gloves | Mangrove (Battle-Scarred)": {"sugprice": 3850, "profit": 224, "limit": 3474, "timest": 1701181603}, "\u2605 Hydra Gloves | Mangrove (Well-Worn)": {"sugprice": 3989.9217647058813, "profit": 259, "limit": 3600, "timest": 1701184118}, "\u2605 Hand Wraps | Desert Shamagh (Field-Tested)": {"sugprice": 4855.735333333331, "profit": 347, "limit": 4382, "timest": 1701184077}, "\u2605 Moto Gloves | Transport (Battle-Scarred)": {"sugprice": 5150.64731707317, "profit": 260, "limit": 4648, "timest": 1701184159}, "USP-S | The Traitor (Minimal Wear)": {"sugprice": 1326.914375, "profit": 109, "limit": 1197, "timest": 1701183927}, "USP-S | Printstream (Well-Worn)": {"sugprice": 2698.4127272727274, "profit": 282, "limit": 2435, "timest": 1701183915}, "\u2605 Hand Wraps | Duct Tape (Field-Tested)": {"sugprice": 5124.5, "profit": 266, "limit": 4624, "timest": 1701182581}, "\u2605 Broken Fang Gloves | Unhinged (Battle-Scarred)": {"sugprice": 5173.707872340427, "profit": 415, "limit": 4669, "timest": 1701183945}, "\u2605 Hand Wraps | Arboreal (Field-Tested)": {"sugprice": 5494, "profit": 303, "limit": 4958, "timest": 1701184049}, "\u2605 Hand Wraps | Giraffe (Battle-Scarred)": {"sugprice": 6170.890588235294, "profit": 568, "limit": 5569, "timest": 1701184093}, "USP-S | Neo-Noir (Well-Worn)": {"sugprice": 1465.6365217391303, "profit": 134, "limit": 1322, "timest": 1701183898}, "\u2605 Moto Gloves | Smoke Out (Battle-Scarred)": {"sugprice": 6918.543199999999, "profit": 510, "limit": 6243, "timest": 1701184156}, "\u2605 Hydra Gloves | Rattler (Battle-Scarred)": {"sugprice": 3953.424000000001, "profit": 285, "limit": 3567, "timest": 1701184123}, "StatTrak\u2122 SSG 08 | Dragonfire (Field-Tested)": {"sugprice": 3173.020454545454, "profit": 280, "limit": 2863, "timest": 1701183815}, "StatTrak\u2122 USP-S | Neo-Noir (Field-Tested)": {"sugprice": 3216.75294117647, "profit": 337, "limit": 2903, "timest": 1701183846}, "\u2605 Bloodhound Gloves | Guerrilla (Field-Tested)": {"sugprice": 6040.068823529412, "profit": 426, "limit": 5451, "timest": 1701183933}, "\u2605 Gut Knife | Bright Water (Field-Tested)": {"sugprice": 8198.841428571428, "profit": 557, "limit": 7399, "timest": 1701184010}, "\u2605 Hand Wraps | Constrictor (Field-Tested)": {"sugprice": 4910.741428571428, "profit": 293, "limit": 4431, "timest": 1701184061}, "\u2605 Hand Wraps | Desert Shamagh (Well-Worn)": {"sugprice": 4817.100952380953, "profit": 332, "limit": 4347, "timest": 1701184080}, "\u2605 Navaja Knife | Night Stripe (Field-Tested)": {"sugprice": 6642.6641666666665, "profit": 392, "limit": 5995, "timest": 1701181777}, "\u2605 Navaja Knife | Urban Masked (Field-Tested)": {"sugprice": 6826.864545454547, "profit": 329, "limit": 6161, "timest": 1701099095}, "\u2605 Survival Knife | Scorched (Field-Tested)": {"sugprice": 7654.297142857143, "profit": 368, "limit": 6908, "timest": 1701178215}, "\u2605 Moto Gloves | 3rd Commando Company (Field-Tested)": {"sugprice": 5572.972500000001, "profit": 434, "limit": 5029, "timest": 1701184141}, "StatTrak\u2122 USP-S | Neo-Noir (Battle-Scarred)": {"sugprice": 3025.0049999999997, "profit": 147, "limit": 2730, "timest": 1701117422}, "StatTrak\u2122 USP-S | The Traitor (Battle-Scarred)": {"sugprice": 1849.782444444445, "profit": 110, "limit": 1669, "timest": 1701183852}, "USP-S | Neo-Noir (Minimal Wear)": {"sugprice": 1514.9317142857142, "profit": 104, "limit": 1367, "timest": 1701179838}, "USP-S | Kill Confirmed (Field-Tested)": {"sugprice": 3211.013928571428, "profit": 161, "limit": 2897, "timest": 1701169907}, "\u2605 Driver Gloves | Queen Jaguar (Battle-Scarred)": {"sugprice": 5236, "profit": 296, "limit": 4725, "timest": 1701183966}, "\u2605 Hand Wraps | Desert Shamagh (Battle-Scarred)": {"sugprice": 4866.609374999999, "profit": 304, "limit": 4392, "timest": 1701184074}, "\u2605 Shadow Daggers | Freehand (Field-Tested)": {"sugprice": 8347.36846153846, "profit": 429, "limit": 7533, "timest": 1701118486}, "\u2605 Specialist Gloves | Buckshot (Battle-Scarred)": {"sugprice": 4871.804090909091, "profit": 263, "limit": 4396, "timest": 1701151594}, "USP-S | Orion (Minimal Wear)": {"sugprice": 3826.582195121951, "profit": 212, "limit": 3453, "timest": 1701182186}, "USP-S | Caiman (Field-Tested)": {"sugprice": 3193.143541666666, "profit": 272, "limit": 2881, "timest": 1701178703}, "\u2605 Sport Gloves | Bronze Morph (Battle-Scarred)": {"sugprice": 9760.856363636365, "profit": 470, "limit": 8809, "timest": 1701172879}, "\u2605 Bloodhound Gloves | Guerrilla (Battle-Scarred)": {"sugprice": 6034.554285714287, "profit": 288, "limit": 5446, "timest": 1701161034}, "\u2605 Moto Gloves | Turtle (Battle-Scarred)": {"sugprice": 7690.575555555555, "profit": 575, "limit": 6940, "timest": 1701184167}, "\u2605 Hand Wraps | Arboreal (Battle-Scarred)": {"sugprice": 5197.895999999999, "profit": 447, "limit": 4691, "timest": 1701184045}, "\u2605 Broken Fang Gloves | Yellow-banded (Battle-Scarred)": {"sugprice": 5660.658599999999, "profit": 405, "limit": 5108, "timest": 1701183949}, "StatTrak\u2122 USP-S | Printstream (Battle-Scarred)": {"sugprice": 4391.257142857144, "profit": 370, "limit": 3963, "timest": 1701183848}, "USP-S | Overgrowth (Field-Tested)": {"sugprice": 1671.6765217391307, "profit": 142, "limit": 1508, "timest": 1701183907}, "StatTrak\u2122 USP-S | Stainless (Battle-Scarred)": {"sugprice": 1015.2336666666669, "profit": 101, "limit": 916, "timest": 1701174734}, "\u2605 Broken Fang Gloves | Needle Point (Battle-Scarred)": {"sugprice": 5030.276399999999, "profit": 278, "limit": 4539, "timest": 1701183939}, "StatTrak\u2122 P250 | Muertos (Field-Tested)": {"sugprice": 1046.3911538461537, "profit": 120, "limit": 944, "timest": 1701183788}, "StatTrak\u2122 P90 | Blind Spot (Field-Tested)": {"sugprice": 1262, "profit": 320, "limit": 1138, "timest": 1701148678}, "StatTrak\u2122 USP-S | Monster Mashup (Field-Tested)": {"sugprice": 1740.7476470588235, "profit": 106, "limit": 1571, "timest": 1701173411}, "Tec-9 | Nuclear Threat (Battle-Scarred)": {"sugprice": 3041.275, "profit": 330, "limit": 2744, "timest": 1701183866}, "USP-S | Orion (Factory New)": {"sugprice": 4015.8829411764705, "profit": 330, "limit": 3624, "timest": 1701183378}, "\u2605 Bloodhound Gloves | Bronzed (Field-Tested)": {"sugprice": 6187, "profit": 426, "limit": 5583, "timest": 1701183929}, "\u2605 Gut Knife | Scorched (Field-Tested)": {"sugprice": 7632.150869565217, "profit": 609, "limit": 6888, "timest": 1701184030}, "\u2605 Hydra Gloves | Emerald (Battle-Scarred)": {"sugprice": 4539.477291666666, "profit": 356, "limit": 4096, "timest": 1701184105}, "\u2605 Hydra Gloves | Emerald (Field-Tested)": {"sugprice": 4534.179148936169, "profit": 242, "limit": 4092, "timest": 1701184108},