{"StatTrak\u2122 M4A4 | The Emperor (Battle-Scarred)": {"sugprice": 2701.8199999999997, "profit": 226, "limit": 2438, "timest": 1702913400}, "StatTrak\u2122 M4A4 | \u9f8d\u738b (Dragon King) (Field-Tested)": {"sugprice": 1549.9703225806452, "profit": 162, "limit": 1398, "timest": 1702913412}, "StatTrak\u2122 MAC-10 | Toybox (Battle-Scarred)": {"sugprice": 581.15, "profit": 112, "limit": 524, "timest": 1702913419}, "StatTrak\u2122 MP7 | Bloodsport (Factory New)": {"sugprice": 1377.0646153846153, "profit": 127, "limit": 1242, "timest": 1702913421}, "StatTrak\u2122 MP9 | Hypnotic (Factory New)": {"sugprice": 3454.68, "profit": 291, "limit": 3117, "timest": 1702913457}, "StatTrak\u2122 P90 | Asiimov (Battle-Scarred)": {"sugprice": 1710.611111111111, "profit": 338, "limit": 1543, "timest": 1702913500}, "StatTrak\u2122 PP-Bizon | Judgement of Anubis (Field-Tested)": {"sugprice": 1011.528888888889, "profit": 105, "limit": 912, "timest": 1702900390}, "StatTrak\u2122 SSG 08 | Bloodshot (Field-Tested)": {"sugprice": 1995.2478125000002, "profit": 193, "limit": 1800, "timest": 1702913511}, "StatTrak\u2122 Tec-9 | Decimator (Battle-Scarred)": {"sugprice": 1872.06125, "profit": 100, "limit": 1689, "timest": 1702854402}, "StatTrak\u2122 USP-S | Neo-Noir (Battle-Scarred)": {"sugprice": 3104.161176470588, "profit": 163, "limit": 2801, "timest": 1702913542}, "StatTrak\u2122 USP-S | Neo-Noir (Field-Tested)": {"sugprice": 3133.340399999999, "profit": 169, "limit": 2827, "timest": 1702913543}, "StatTrak\u2122 USP-S | The Traitor (Battle-Scarred)": {"sugprice": 2128.2196000000004, "profit": 170, "limit": 1920, "timest": 1702913550}, "Tec-9 | Nuclear Threat (Battle-Scarred)": {"sugprice": 3391.6650000000004, "profit": 349, "limit": 3060, "timest": 1702913556}, "USP-S | Kill Confirmed (Battle-Scarred)": {"sugprice": 3065.9002222222225, "profit": 162, "limit": 2766, "timest": 1702905588}, "USP-S | Kill Confirmed (Well-Worn)": {"sugprice": 3181.5787500000006, "profit": 210, "limit": 2871, "timest": 1702913587}, "USP-S | Neo-Noir (Factory New)": {"sugprice": 3172.297333333334, "profit": 191, "limit": 2862, "timest": 1702913592}, "USP-S | The Traitor (Minimal Wear)": {"sugprice": 1397.5628571428572, "profit": 119, "limit": 1261, "timest": 1702911407}, "\u2605 Bloodhound Gloves | Guerrilla (Battle-Scarred)": {"sugprice": 6093.942173913043, "profit": 300, "limit": 5499, "timest": 1702913711}, "\u2605 Broken Fang Gloves | Needle Point (Well-Worn)": {"sugprice": 4997.5441666666675, "profit": 247, "limit": 4510, "timest": 1702881151}, "\u2605 Broken Fang Gloves | Yellow-banded (Battle-Scarred)": {"sugprice": 6103.3170731707305, "profit": 325, "limit": 5508, "timest": 1702893826}, "\u2605 Driver Gloves | Convoy (Field-Tested)": {"sugprice": 6198.048750000001, "profit": 342, "limit": 5593, "timest": 1702855840}, "\u2605 Driver Gloves | Diamondback (Battle-Scarred)": {"sugprice": 6647, "profit": 321, "limit": 5998, "timest": 1702911454}, "\u2605 Driver Gloves | Queen Jaguar (Battle-Scarred)": {"sugprice": 5371.786000000002, "profit": 364, "limit": 4848, "timest": 1702911956}, "\u2605 Falchion Knife | Rust Coat (Battle-Scarred)": {"sugprice": 8525.358235294118, "profit": 554, "limit": 7694, "timest": 1702892122}, "\u2605 Falchion Knife | Ultraviolet (Battle-Scarred)": {"sugprice": 9814.468571428572, "profit": 493, "limit": 8857, "timest": 1702875344}, "\u2605 Gut Knife | Bright Water (Field-Tested)": {"sugprice": 8766.120588235295, "profit": 711, "limit": 7911, "timest": 1702913768}, "\u2605 Hand Wraps | Arboreal (Field-Tested)": {"sugprice": 6093.786666666666, "profit": 512, "limit": 5499, "timest": 1702913781}, "\u2605 Hand Wraps | Badlands (Battle-Scarred)": {"sugprice": 7333.938571428573, "profit": 473, "limit": 6618, "timest": 1702911490}, "\u2605 Hand Wraps | Desert Shamagh (Battle-Scarred)": {"sugprice": 5002.382647058825, "profit": 241, "limit": 4514, "timest": 1702913793}, "\u2605 Hydra Gloves | Case Hardened (Battle-Scarred)": {"sugprice": 7401.434999999999, "profit": 479, "limit": 6679, "timest": 1702881404}, "\u2605 Hydra Gloves | Mangrove (Field-Tested)": {"sugprice": 4125.980204081632, "profit": 262, "limit": 3723, "timest": 1702911530}, "\u2605 Hydra Gloves | Rattler (Battle-Scarred)": {"sugprice": 4145.6625, "profit": 235, "limit": 3741, "timest": 1702913825}, "\u2605 Moto Gloves | 3rd Commando Company (Battle-Scarred)": {"sugprice": 5018.225799999999, "profit": 263, "limit": 4528, "timest": 1702913832}, "\u2605 Moto Gloves | Boom! (Battle-Scarred)": {"sugprice": 6966.138666666668, "profit": 617, "limit": 6286, "timest": 1702898865}, "\u2605 Moto Gloves | Finish Line (Battle-Scarred)": {"sugprice": 7055.313499999999, "profit": 355, "limit": 6367, "timest": 1702913841}, "\u2605 Moto Gloves | POW! (Battle-Scarred)": {"sugprice": 7895.636, "profit": 470, "limit": 7125, "timest": 1702900646}, "\u2605 Moto Gloves | Smoke Out (Battle-Scarred)": {"sugprice": 7203.660625, "profit": 441, "limit": 6501, "timest": 1702913848}, "\u2605 Moto Gloves | Transport (Field-Tested)": {"sugprice": 5727.343749999999, "profit": 366, "limit": 5168, "timest": 1702909530}, "\u2605 Navaja Knife | Night Stripe (Field-Tested)": {"sugprice": 6924.15962962963, "profit": 422, "limit": 6249, "timest": 1702913859}, "\u2605 Navaja Knife | Rust Coat (Battle-Scarred)": {"sugprice": 6960.967037037038, "profit": 338, "limit": 6282, "timest": 1702907550}, "\u2605 Navaja Knife | Scorched (Field-Tested)": {"sugprice": 7067.982857142858, "profit": 364, "limit": 6378, "timest": 1702913866}, "\u2605 Navaja Knife | Ultraviolet (Field-Tested)": {"sugprice": 7419, "profit": 378, "limit": 6695, "timest": 1702907577}, "\u2605 Navaja Knife | Urban Masked (Field-Tested)": {"sugprice": 7024.396399999999, "profit": 372, "limit": 6339, "timest": 1702903177}, "\u2605 Paracord Knife | Forest DDPAT (Field-Tested)": {"sugprice": 8360.166521739131, "profit": 454, "limit": 7545, "timest": 1702908085}, "\u2605 Paracord Knife | Scorched (Field-Tested)": {"sugprice": 7636.245333333333, "profit": 475, "limit": 6891, "timest": 1702907584}, "\u2605 Shadow Daggers | Bright Water (Field-Tested)": {"sugprice": 7581.135151515151, "profit": 388, "limit": 6841, "timest": 1702861562}, "\u2605 Shadow Daggers | Freehand (Field-Tested)": {"sugprice": 8942.417931034484, "profit": 440, "limit": 8070, "timest": 1702913899}, "\u2605 Shadow Daggers | Rust Coat (Battle-Scarred)": {"sugprice": 6836.620681818182, "profit": 358, "limit": 6170, "timest": 1702832273}, "\u2605 Shadow Daggers | Ultraviolet (Battle-Scarred)": {"sugprice": 7586.122142857143, "profit": 566, "limit": 6846, "timest": 1702903765}, "\u2605 Shadow Daggers | Ultraviolet (Field-Tested)": {"sugprice": 8907, "profit": 695, "limit": 8038, "timest": 1702911620}, "\u2605 Sport Gloves | Bronze Morph (Battle-Scarred)": {"sugprice": 10328.573684210525, "profit": 545, "limit": 9321, "timest": 1702905350}, "\u2605 Survival Knife | Boreal Forest (Field-Tested)": {"sugprice": 7756.137647058823, "profit": 503, "limit": 6999, "timest": 1702897697}, "\u2605 Survival Knife | Forest DDPAT (Field-Tested)": {"sugprice": 7678.77888888889, "profit": 386, "limit": 6930, "timest": 1702913924}, "StatTrak\u2122 M4A4 | X-Ray (Minimal Wear)": {"sugprice": 4529.985, "profit": 232, "limit": 4088, "timest": 1702912784}, "\u2605 Bowie Knife | Ultraviolet (Battle-Scarred)": {"sugprice": 9063.792, "profit": 459, "limit": 8180, "timest": 1702827735}, "\u2605 Driver Gloves | Racing Green (Battle-Scarred)": {"sugprice": 3813.017391304348, "profit": 241, "limit": 3441, "timest": 1702911462}, "\u2605 Gut Knife | Boreal Forest (Field-Tested)": {"sugprice": 7340.639523809525, "profit": 424, "limit": 6624, "timest": 1702913766}, "\u2605 Gut Knife | Forest DDPAT (Field-Tested)": {"sugprice": 7855.8207142857145, "profit": 444, "limit": 7089, "timest": 1702913770}, "\u2605 Gut Knife | Freehand (Field-Tested)": {"sugprice": 8692.619999999999, "profit": 416, "limit": 7845, "timest": 1702846540},