{"StatTrak\u2122 USP-S | Neo-Noir (Field-Tested)": {"sugprice": 2974, "profit": 173, "limit": 2684, "timest": 1704799085}, "StatTrak\u2122 USP-S | The Traitor (Battle-Scarred)": {"sugprice": 1872, "profit": 145, "limit": 1689, "timest": 1704795019}, "\u2605 Driver Gloves | Convoy (Field-Tested)": {"sugprice": 6248.296060606061, "profit": 382, "limit": 5639, "timest": 1704799395}, "\u2605 Bloodhound Gloves | Bronzed (Field-Tested)": {"sugprice": 6321.014999999999, "profit": 372, "limit": 5704, "timest": 1704791490}, "USP-S | Printstream (Minimal Wear)": {"sugprice": 4392.51, "profit": 342, "limit": 3964, "timest": 1704738218}, "\u2605 Paracord Knife | Forest DDPAT (Field-Tested)": {"sugprice": 7662.881764705882, "profit": 446, "limit": 6915, "timest": 1704731793}, "USP-S | Printstream (Well-Worn)": {"sugprice": 2687.5416216216213, "profit": 131, "limit": 2425, "timest": 1704799261}, "\u2605 Hand Wraps | Constrictor (Field-Tested)": {"sugprice": 5045.783076923077, "profit": 242, "limit": 4553, "timest": 1704789789}, "\u2605 Gut Knife | Boreal Forest (Field-Tested)": {"sugprice": 7231.156315789475, "profit": 468, "limit": 6526, "timest": 1704799477}, "\u2605 Hand Wraps | Arboreal (Field-Tested)": {"sugprice": 5845.606, "profit": 392, "limit": 5275, "timest": 1704799497}, "Vypa Sista of the Revolution | Guerrilla Warfare": {"sugprice": 1886.0529411764708, "profit": 234, "limit": 1702, "timest": 1704799308}, "\u2605 Gut Knife | Safari Mesh (Field-Tested)": {"sugprice": 7223.294999999999, "profit": 375, "limit": 6519, "timest": 1704799490}, "\u2605 Bloodhound Gloves | Guerrilla (Battle-Scarred)": {"sugprice": 6105.757647058823, "profit": 296, "limit": 5510, "timest": 1704791493}, "\u2605 Hand Wraps | Giraffe (Battle-Scarred)": {"sugprice": 5532, "profit": 308, "limit": 4992, "timest": 1704799547}, "\u2605 Hand Wraps | Duct Tape (Field-Tested)": {"sugprice": 5142.758333333332, "profit": 325, "limit": 4641, "timest": 1704796184}, "\u2605 Driver Gloves | Queen Jaguar (Field-Tested)": {"sugprice": 5895.2122222222215, "profit": 282, "limit": 5320, "timest": 1704799431}, "\u2605 Huntsman Knife | Ultraviolet (Field-Tested)": {"sugprice": 9934.456666666667, "profit": 488, "limit": 8965, "timest": 1704785030}, "\u2605 Moto Gloves | POW! (Battle-Scarred)": {"sugprice": 8403.082666666665, "profit": 582, "limit": 7583, "timest": 1704767384}, "\u2605 Gut Knife | Forest DDPAT (Field-Tested)": {"sugprice": 7719.925833333332, "profit": 500, "limit": 6967, "timest": 1704799481}, "\u2605 Survival Knife | Boreal Forest (Field-Tested)": {"sugprice": 7694.242222222221, "profit": 547, "limit": 6944, "timest": 1704797702}, "StatTrak\u2122 MP9 | Hypnotic (Factory New)": {"sugprice": 3364.1788235294116, "profit": 169, "limit": 3036, "timest": 1704728537}, "\u2605 Bloodhound Gloves | Guerrilla (Field-Tested)": {"sugprice": 6099.066749999998, "profit": 502, "limit": 5504, "timest": 1704799330}, "\u2605 Shadow Daggers | Bright Water (Field-Tested)": {"sugprice": 7536.063125000004, "profit": 358, "limit": 6801, "timest": 1704792501}, "\u2605 Hydra Gloves | Mangrove (Well-Worn)": {"sugprice": 4292, "profit": 234, "limit": 3873, "timest": 1704799572}, "\u2605 Hand Wraps | Arboreal (Battle-Scarred)": {"sugprice": 5178.058536585366, "profit": 405, "limit": 4673, "timest": 1704796131}, "\u2605 Hand Wraps | CAUTION! (Battle-Scarred)": {"sugprice": 13846.222666666668, "profit": 1050, "limit": 12496, "timest": 1704772647}, "\u2605 Shadow Daggers | Safari Mesh (Field-Tested)": {"sugprice": 6847.84947368421, "profit": 460, "limit": 6180, "timest": 1704799762}, "\u2605 Hand Wraps | Duct Tape (Battle-Scarred)": {"sugprice": 5082.854666666668, "profit": 273, "limit": 4587, "timest": 1704799537}, "\u2605 Specialist Gloves | Lt. Commander (Battle-Scarred)": {"sugprice": 9811.513888888885, "profit": 504, "limit": 8854, "timest": 1704799801}, "\u2605 Driver Gloves | Racing Green (Well-Worn)": {"sugprice": 4077.115357142857, "profit": 209, "limit": 3679, "timest": 1704760116}, "\u2605 Moto Gloves | Boom! (Battle-Scarred)": {"sugprice": 6930, "profit": 447, "limit": 6254, "timest": 1704799630}, "StatTrak\u2122 MP7 | Bloodsport (Factory New)": {"sugprice": 1362.989090909091, "profit": 183, "limit": 1230, "timest": 1704798868}, "\u2605 Hand Wraps | Badlands (Battle-Scarred)": {"sugprice": 7011.024285714286, "profit": 335, "limit": 6327, "timest": 1704749409}, "\u2605 Driver Gloves | Diamondback (Battle-Scarred)": {"sugprice": 6854.116666666667, "profit": 400, "limit": 6185, "timest": 1704715185}, "\u2605 Hydra Gloves | Rattler (Battle-Scarred)": {"sugprice": 4024.3467391304343, "profit": 286, "limit": 3631, "timest": 1704799575}, "\u2605 Driver Gloves | Overtake (Battle-Scarred)": {"sugprice": 6360.942222222222, "profit": 341, "limit": 5740, "timest": 1704799413}, "\u2605 Falchion Knife | Ultraviolet (Battle-Scarred)": {"sugprice": 9421, "profit": 499, "limit": 8502, "timest": 1704799462}, "\u2605 Shadow Daggers | Damascus Steel (Field-Tested)": {"sugprice": 7769.496153846155, "profit": 419, "limit": 7011, "timest": 1704799728}, "StatTrak\u2122 USP-S | The Traitor (Well-Worn)": {"sugprice": 1956.3808571428572, "profit": 124, "limit": 1765, "timest": 1704728834}, "\u2605 Navaja Knife | Night Stripe (Field-Tested)": {"sugprice": 6940.663928571428, "profit": 482, "limit": 6263, "timest": 1704799693}, "\u2605 Bloodhound Gloves | Snakebite (Field-Tested)": {"sugprice": 6110.60625, "profit": 403, "limit": 5514, "timest": 1704799333}, "\u2605 Paracord Knife | Scorched (Field-Tested)": {"sugprice": 7806.832, "profit": 401, "limit": 7045, "timest": 1704799711}, "\u2605 Navaja Knife | Scorched (Field-Tested)": {"sugprice": 6925.992093023256, "profit": 365, "limit": 6250, "timest": 1704767527}, "\u2605 Driver Gloves | Convoy (Battle-Scarred)": {"sugprice": 6277.0129166666675, "profit": 391, "limit": 5665, "timest": 1704799391}, "\u2605 Specialist Gloves | Buckshot (Battle-Scarred)": {"sugprice": 5236.2256097560985, "profit": 272, "limit": 4725, "timest": 1704787423}, "StatTrak\u2122 Tec-9 | Decimator (Battle-Scarred)": {"sugprice": 1934, "profit": 106, "limit": 1745, "timest": 1704799032}, "\u2605 Moto Gloves | Smoke Out (Battle-Scarred)": {"sugprice": 7232.411666666667, "profit": 354, "limit": 6527, "timest": 1704772780}, "\u2605 Gut Knife | Freehand (Field-Tested)": {"sugprice": 8545.652, "profit": 428, "limit": 7712, "timest": 1704797381}, "USP-S | Whiteout (Minimal Wear)": {"sugprice": 2771.8758823529415, "profit": 136, "limit": 2501, "timest": 1704784496}, "\u2605 Broken Fang Gloves | Yellow-banded (Field-Tested)": {"sugprice": 6189.398928571429, "profit": 327, "limit": 5585, "timest": 1704741940}, "\u2605 Moto Gloves | Blood Pressure (Battle-Scarred)": {"sugprice": 7672, "profit": 417, "limit": 6923, "timest": 1704799626}, "\u2605 Navaja Knife | Ultraviolet (Field-Tested)": {"sugprice": 7159.512941176472, "profit": 396, "limit": 6461, "timest": 1704799703}, "StatTrak\u2122 USP-S | Monster Mashup (Battle-Scarred)": {"sugprice": 1712.0390909090909, "profit": 156, "limit": 1545, "timest": 1704799075}, "\u2605 Bloodhound Gloves | Bronzed (Battle-Scarred)": {"sugprice": 6039, "profit": 397, "limit": 5450, "timest": 1704799314}, "\u2605 Bowie Knife | Rust Coat (Battle-Scarred)": {"sugprice": 8149.752222222222, "profit": 485, "limit": 7355, "timest": 1704715118}, "\u2605 Moto Gloves | Turtle (Battle-Scarred)": {"sugprice": 8115.252142857142, "profit": 464, "limit": 7324, "timest": 1704744079}, "\u2605 Specialist Gloves | Fade (Battle-Scarred)": {"sugprice": 14996.553684210527, "profit": 724, "limit": 13534, "timest": 1704737277}, "\u2605 Survival Knife | Safari Mesh (Field-Tested)": {"sugprice": 7313.89625, "profit": 447, "limit": 6600, "timest": 1704797705}, "StatTrak\u2122 USP-S | Blueprint (Battle-Scarred)": {"sugprice": 1156.8773913043478, "profit": 177, "limit": 1044, "timest": 1704799047}, "\u2605 Shadow Daggers | Freehand (Field-Tested)": {"sugprice": 8756, "profit": 508, "limit": 7902,