{"USP-S | Kill Confirmed (Well-Worn)": {"sugprice": 2949, "profit": 217, "limit": 2661, "timest": 1701069767}, "\u2605 Navaja Knife | Scorched (Field-Tested)": {"sugprice": 6763.445217391304, "profit": 325, "limit": 6104, "timest": 1701069935}, "\u2605 Driver Gloves | Racing Green (Battle-Scarred)": {"sugprice": 3743.979782608695, "profit": 297, "limit": 3378, "timest": 1701069840}, "StatTrak\u2122 USP-S | The Traitor (Well-Worn)": {"sugprice": 1865.1935714285717, "profit": 190, "limit": 1683, "timest": 1700993697}, "\u2605 Driver Gloves | Racing Green (Well-Worn)": {"sugprice": 3791, "profit": 320, "limit": 3421, "timest": 1701069842}, "\u2605 Hydra Gloves | Rattler (Field-Tested)": {"sugprice": 3965.5076595744686, "profit": 331, "limit": 3578, "timest": 1700992059}, "\u2605 Navaja Knife | Forest DDPAT (Field-Tested)": {"sugprice": 6876.103636363637, "profit": 331, "limit": 6205, "timest": 1700997251}, "\u2605 Shadow Daggers | Bright Water (Field-Tested)": {"sugprice": 7528.662812499997, "profit": 451, "limit": 6794, "timest": 1701069976}, "\u2605 Shadow Daggers | Rust Coat (Battle-Scarred)": {"sugprice": 6879.666250000001, "profit": 335, "limit": 6208, "timest": 1701008966}, "\u2605 Broken Fang Gloves | Yellow-banded (Field-Tested)": {"sugprice": 6324.889166666665, "profit": 352, "limit": 5708, "timest": 1701056746}, "\u2605 Hydra Gloves | Mangrove (Battle-Scarred)": {"sugprice": 3983.546734693877, "profit": 333, "limit": 3595, "timest": 1701069891}, "\u2605 Hydra Gloves | Mangrove (Well-Worn)": {"sugprice": 4033.333076923077, "profit": 201, "limit": 3640, "timest": 1701042517}, "StatTrak\u2122 P90 | Asiimov (Battle-Scarred)": {"sugprice": 1534, "profit": 121, "limit": 1384, "timest": 1701025901}, "\u2605 Hand Wraps | Desert Shamagh (Field-Tested)": {"sugprice": 4874.251224489795, "profit": 323, "limit": 4399, "timest": 1701060458}, "\u2605 Moto Gloves | Transport (Battle-Scarred)": {"sugprice": 5256.654545454546, "profit": 340, "limit": 4744, "timest": 1701069915}, "USP-S | The Traitor (Minimal Wear)": {"sugprice": 1327.7943243243244, "profit": 111, "limit": 1198, "timest": 1701045224}, "USP-S | Printstream (Well-Worn)": {"sugprice": 2685.6143999999995, "profit": 190, "limit": 2423, "timest": 1701069794}, "\u2605 Hand Wraps | Duct Tape (Field-Tested)": {"sugprice": 5254.428235294118, "profit": 367, "limit": 4742, "timest": 1701069879}, "\u2605 Broken Fang Gloves | Unhinged (Battle-Scarred)": {"sugprice": 5009.9842499999995, "profit": 302, "limit": 4521, "timest": 1701038458}, "\u2605 Hand Wraps | Arboreal (Field-Tested)": {"sugprice": 5677.360555555556, "profit": 458, "limit": 5123, "timest": 1701069863}, "USP-S | Kill Confirmed (Battle-Scarred)": {"sugprice": 2918.309767441861, "profit": 189, "limit": 2633, "timest": 1700985872}, "\u2605 Hand Wraps | Giraffe (Battle-Scarred)": {"sugprice": 5983.117058823531, "profit": 412, "limit": 5399, "timest": 1701069881}, "USP-S | Neo-Noir (Well-Worn)": {"sugprice": 1443.9870588235294, "profit": 100, "limit": 1303, "timest": 1701068144}, "\u2605 Gut Knife | Rust Coat (Battle-Scarred)": {"sugprice": 7549.584736842105, "profit": 408, "limit": 6813, "timest": 1701016149}, "\u2605 Moto Gloves | Smoke Out (Battle-Scarred)": {"sugprice": 6803.849565217391, "profit": 333, "limit": 6140, "timest": 1701023877}, "\u2605 Hydra Gloves | Rattler (Battle-Scarred)": {"sugprice": 3965.7384444444433, "profit": 296, "limit": 3579, "timest": 1701069897}, "StatTrak\u2122 SSG 08 | Dragonfire (Field-Tested)": {"sugprice": 3220.0054, "profit": 331, "limit": 2906, "timest": 1701069695}, "\u2605 Broken Fang Gloves | Jade (Battle-Scarred)": {"sugprice": 6972.468125, "profit": 423, "limit": 6292, "timest": 1700997874}, "\u2605 Hydra Gloves | Rattler (Well-Worn)": {"sugprice": 4404.6918749999995, "profit": 284, "limit": 3975, "timest": 1700993982}, "StatTrak\u2122 USP-S | Neo-Noir (Field-Tested)": {"sugprice": 3213.3739130434783, "profit": 267, "limit": 2900, "timest": 1701069725}, "\u2605 Bloodhound Gloves | Guerrilla (Field-Tested)": {"sugprice": 5909.950555555555, "profit": 312, "limit": 5333, "timest": 1701058367}, "\u2605 Gut Knife | Bright Water (Field-Tested)": {"sugprice": 8214.249473684213, "profit": 501, "limit": 7413, "timest": 1701069849}, "\u2605 Hand Wraps | Constrictor (Field-Tested)": {"sugprice": 4769.488571428572, "profit": 263, "limit": 4304, "timest": 1701035271}, "\u2605 Hand Wraps | Desert Shamagh (Well-Worn)": {"sugprice": 4709.966428571429, "profit": 253, "limit": 4250, "timest": 1701069875}, "\u2605 Navaja Knife | Night Stripe (Field-Tested)": {"sugprice": 6923.168095238095, "profit": 526, "limit": 6248, "timest": 1701069929}, "\u2605 Navaja Knife | Urban Masked (Field-Tested)": {"sugprice": 6894.717222222224, "profit": 415, "limit": 6222, "timest": 1701069946}, "\u2605 Survival Knife | Scorched (Field-Tested)": {"sugprice": 7575.6641666666665, "profit": 546, "limit": 6837, "timest": 1701063743}, "\u2605 Moto Gloves | 3rd Commando Company (Field-Tested)": {"sugprice": 5516.385555555556, "profit": 389, "limit": 4978, "timest": 1701069904}, "StatTrak\u2122 USP-S | Neo-Noir (Battle-Scarred)": {"sugprice": 3066.804285714286, "profit": 146, "limit": 2767, "timest": 1701069723}, "StatTrak\u2122 USP-S | The Traitor (Battle-Scarred)": {"sugprice": 1858.8627999999997, "profit": 181, "limit": 1677, "timest": 1701069731}, "\u2605 Driver Gloves | Convoy (Battle-Scarred)": {"sugprice": 6076.433076923076, "profit": 291, "limit": 5483, "timest": 1700988787}, "USP-S | Neo-Noir (Minimal Wear)": {"sugprice": 1526.45, "profit": 107, "limit": 1377, "timest": 1701002939}, "USP-S | Kill Confirmed (Field-Tested)": {"sugprice": 3174.1494444444447, "profit": 219, "limit": 2864, "timest": 1701069765}, "\u2605 Driver Gloves | Queen Jaguar (Battle-Scarred)": {"sugprice": 5327.181935483872, "profit": 331, "limit": 4807, "timest": 1701069838}, "\u2605 Hand Wraps | Desert Shamagh (Battle-Scarred)": {"sugprice": 4777.745238095238, "profit": 278, "limit": 4311, "timest": 1701069871}, "\u2605 Shadow Daggers | Freehand (Field-Tested)": {"sugprice": 8709.935, "profit": 419, "limit": 7860, "timest": 1701002426}, "\u2605 Specialist Gloves | Buckshot (Battle-Scarred)": {"sugprice": 4861.141764705883, "profit": 236, "limit": 4387, "timest": 1701033310}, "USP-S | Orion (Minimal Wear)": {"sugprice": 4010.1216, "profit": 349, "limit": 3619, "timest": 1701069784}, "USP-S | Caiman (Field-Tested)": {"sugprice": 3233.343541666667, "profit": 275, "limit": 2918, "timest": 1701069759}, "\u2605 Sport Gloves | Bronze Morph (Battle-Scarred)": {"sugprice": 9930.814285714283, "profit": 476, "limit": 8962, "timest": 1701017777}, "\u2605 Bloodhound Gloves | Guerrilla (Battle-Scarred)": {"sugprice": 6188.752413793102, "profit": 518, "limit": 5585, "timest": 1701069810}, "USP-S | Printstream (Minimal Wear)": {"sugprice": 4113.765357142857, "profit": 239, "limit": 3712, "timest": 1701069792}, "\u2605 Moto Gloves | Turtle (Battle-Scarred)": {"sugprice": 7883.926923076923, "profit": 382, "limit": 7115, "timest": 1701069919}, "\u2605 Hand Wraps | Arboreal (Battle-Scarred)": {"sugprice": 5242.472352941176, "profit": 348, "limit": 4731, "timest": 1701069861}, "\u2605 Broken Fang Gloves | Yellow-banded (Battle-Scarred)": {"sugprice": 5696.840400000002, "profit": 405, "limit": 5141, "timest": 1701069828}, "StatTrak\u2122 USP-S | Printstream (Battle-Scarred)": {"sugprice": 4408.380909090908, "profit": 331, "limit": 3978, "timest": 1701069727}, "USP-S | Overgrowth (Field-Tested)": {"sugprice": 1666.928695652174, "profit": 155, "limit": 1504, "timest": 1701069786}, "StatTrak\u2122 USP-S | Stainless (Battle-Scarred)": {"sugprice": 1030.5397142857146, "profit": 118, "limit": 930, "timest": 1701069729}, "\u2605 Broken Fang Gloves | Needle Point (Battle-Scarred)": {"sugprice": 4992.554399999999, "profit": 242, "limit": 4505, "timest": 1701069818}, "\u2605 Navaja Knife | Damascus Steel (Field-Tested)": {"sugprice": 7285.992222222221, "profit": 585, "limit": 6575,