{"StatTrak\u2122 M4A1-S | Player Two (Battle-Scarred)": {"sugprice": 3126, "profit": 223, "limit": 2821, "timest": 1699895179}, "USP-S | Kill Confirmed (Well-Worn)": {"sugprice": 3436.748541666668, "profit": 314, "limit": 3101, "timest": 1699895356}, "USP-S | Overgrowth (Field-Tested)": {"sugprice": 2008.0024242424238, "profit": 101, "limit": 1812, "timest": 1699881896}, "\u2605 Moto Gloves | Turtle (Battle-Scarred)": {"sugprice": 8514, "profit": 732, "limit": 7683, "timest": 1699895606}, "\u2605 Navaja Knife | Scorched (Field-Tested)": {"sugprice": 7167.020263157892, "profit": 598, "limit": 6468, "timest": 1699895618}, "\u2605 Driver Gloves | Racing Green (Battle-Scarred)": {"sugprice": 4159.776326530613, "profit": 316, "limit": 3754, "timest": 1699895458}, "StatTrak\u2122 M4A4 | Royal Paladin (Battle-Scarred)": {"sugprice": 2385.705625, "profit": 212, "limit": 2153, "timest": 1699895207}, "StatTrak\u2122 M4A4 | Temukau (Field-Tested)": {"sugprice": 3886, "profit": 273, "limit": 3507, "timest": 1699895213}, "StatTrak\u2122 M4A4 | The Emperor (Battle-Scarred)": {"sugprice": 2751, "profit": 280, "limit": 2482, "timest": 1699895217}, "StatTrak\u2122 USP-S | Printstream (Battle-Scarred)": {"sugprice": 5022.1375, "profit": 256, "limit": 4532, "timest": 1699814617}, "StatTrak\u2122 USP-S | The Traitor (Well-Worn)": {"sugprice": 2204.7645, "profit": 201, "limit": 1989, "timest": 1699895315}, "USP-S | Printstream (Minimal Wear)": {"sugprice": 5046, "profit": 442, "limit": 4554, "timest": 1699895390}, "USP-S | Whiteout (Minimal Wear)": {"sugprice": 2817, "profit": 200, "limit": 2542, "timest": 1699895418}, "\u2605 Bowie Knife | Rust Coat (Battle-Scarred)": {"sugprice": 9400.514444444445, "profit": 553, "limit": 8483, "timest": 1699871102}, "\u2605 Broken Fang Gloves | Needle Point (Battle-Scarred)": {"sugprice": 5587.525813953489, "profit": 520, "limit": 5042, "timest": 1699895432}, "\u2605 Broken Fang Gloves | Needle Point (Field-Tested)": {"sugprice": 5737.744516129032, "profit": 411, "limit": 5178, "timest": 1699895433}, "\u2605 Driver Gloves | Racing Green (Well-Worn)": {"sugprice": 4084.558648648649, "profit": 295, "limit": 3686, "timest": 1699894908}, "\u2605 Hand Wraps | Constrictor (Battle-Scarred)": {"sugprice": 4992.7828260869555, "profit": 489, "limit": 4505, "timest": 1699895482}, "\u2605 Hydra Gloves | Rattler (Field-Tested)": {"sugprice": 4469.010400000001, "profit": 474, "limit": 4033, "timest": 1699895593}, "\u2605 Moto Gloves | Finish Line (Battle-Scarred)": {"sugprice": 7339.717037037037, "profit": 559, "limit": 6624, "timest": 1699895599}, "\u2605 Navaja Knife | Forest DDPAT (Field-Tested)": {"sugprice": 7243.103448275862, "profit": 547, "limit": 6536, "timest": 1699895610}, "\u2605 Navaja Knife | Safari Mesh (Field-Tested)": {"sugprice": 7514, "profit": 596, "limit": 6781, "timest": 1699895617}, "\u2605 Shadow Daggers | Bright Water (Field-Tested)": {"sugprice": 8332.781333333332, "profit": 605, "limit": 7520, "timest": 1699895628}, "\u2605 Shadow Daggers | Rust Coat (Battle-Scarred)": {"sugprice": 7349.123414634148, "profit": 655, "limit": 6632, "timest": 1699895634}, "\u2605 Broken Fang Gloves | Yellow-banded (Field-Tested)": {"sugprice": 6536.37375, "profit": 445, "limit": 5899, "timest": 1699892532}, "\u2605 Hand Wraps | Arboreal (Battle-Scarred)": {"sugprice": 5407.657567567567, "profit": 387, "limit": 4880, "timest": 1699895477}, "Vypa Sista of the Revolution | Guerrilla Warfare": {"sugprice": 1739.2006249999997, "profit": 156, "limit": 1569, "timest": 1699895419}, "StatTrak\u2122 M4A4 | \u9f8d\u738b (Dragon King) (Battle-Scarred)": {"sugprice": 1549.33, "profit": 171, "limit": 1398, "timest": 1699895223}, "\u2605 Hydra Gloves | Mangrove (Battle-Scarred)": {"sugprice": 4216.995000000001, "profit": 345, "limit": 3805, "timest": 1699895587}, "USP-S | Monster Mashup (Minimal Wear)": {"sugprice": 2085.072, "profit": 104, "limit": 1881, "timest": 1699879180}, "USP-S | Orion (Minimal Wear)": {"sugprice": 4531.472051282051, "profit": 218, "limit": 4089, "timest": 1699854674}, "\u2605 Broken Fang Gloves | Yellow-banded (Battle-Scarred)": {"sugprice": 6349.555799999999, "profit": 451, "limit": 5730, "timest": 1699895442}, "\u2605 Hydra Gloves | Mangrove (Well-Worn)": {"sugprice": 4538.778181818182, "profit": 334, "limit": 4096, "timest": 1699895589}, "\u2605 Shadow Daggers | Scorched (Field-Tested)": {"sugprice": 7107.075555555555, "profit": 366, "limit": 6414, "timest": 1699895636}, "StatTrak\u2122 M4A4 | Desolate Space (Battle-Scarred)": {"sugprice": 1315.491875, "profit": 102, "limit": 1187, "timest": 1699852990}, "StatTrak\u2122 USP-S | Blueprint (Battle-Scarred)": {"sugprice": 1152, "profit": 125, "limit": 1039, "timest": 1699895291}, "StatTrak\u2122 P90 | Asiimov (Battle-Scarred)": {"sugprice": 1444.7537499999996, "profit": 126, "limit": 1303, "timest": 1699895262}, "\u2605 Bloodhound Gloves | Guerrilla (Battle-Scarred)": {"sugprice": 6162.196, "profit": 470, "limit": 5561, "timest": 1699895423}, "\u2605 Hand Wraps | Desert Shamagh (Field-Tested)": {"sugprice": 4846.2006451612915, "profit": 311, "limit": 4373, "timest": 1699889645}, "\u2605 Gut Knife | Forest DDPAT (Field-Tested)": {"sugprice": 7851.001428571429, "profit": 418, "limit": 7085, "timest": 1699895470}, "\u2605 Moto Gloves | Transport (Battle-Scarred)": {"sugprice": 5474, "profit": 300, "limit": 4940, "timest": 1699887505}, "USP-S | The Traitor (Minimal Wear)": {"sugprice": 1550.550810810811, "profit": 195, "limit": 1399, "timest": 1699895408}, "USP-S | Printstream (Well-Worn)": {"sugprice": 2932.5689473684215, "profit": 335, "limit": 2646, "timest": 1699895392}, "\u2605 Driver Gloves | Racing Green (Field-Tested)": {"sugprice": 4249.980612244898, "profit": 265, "limit": 3835, "timest": 1699895459}, "StatTrak\u2122 P90 | Trigon (Field-Tested)": {"sugprice": 1345.3533333333332, "profit": 103, "limit": 1214, "timest": 1699888362}, "\u2605 Hand Wraps | Duct Tape (Field-Tested)": {"sugprice": 5379.388095238093, "profit": 429, "limit": 4854, "timest": 1699895561}, "USP-S | Monster Mashup (Well-Worn)": {"sugprice": 1344.7462068965517, "profit": 101, "limit": 1213, "timest": 1699895367}, "\u2605 Broken Fang Gloves | Unhinged (Battle-Scarred)": {"sugprice": 5103.533658536586, "profit": 356, "limit": 4605, "timest": 1699867948}, "\u2605 Hand Wraps | Arboreal (Field-Tested)": {"sugprice": 6473, "profit": 562, "limit": 5841, "timest": 1699895479}, "StatTrak\u2122 M4A4 | Neo-Noir (Field-Tested)": {"sugprice": 1196, "profit": 106, "limit": 1079, "timest": 1699895204}, "USP-S | Kill Confirmed (Battle-Scarred)": {"sugprice": 3322.358599999999, "profit": 159, "limit": 2998, "timest": 1699892987}, "USP-S | Kill Confirmed (Minimal Wear)": {"sugprice": 5684.456, "profit": 324, "limit": 5130, "timest": 1699876956}, "StatTrak\u2122 M4A4 | Cyber Security (Battle-Scarred)": {"sugprice": 1671, "profit": 131, "limit": 1508, "timest": 1699895182}, "USP-S | Serum (Field-Tested)": {"sugprice": 3638.1625, "profit": 287, "limit": 3283, "timest": 1699895399}, "\u2605 Hand Wraps | Giraffe (Battle-Scarred)": {"sugprice": 6518.896956521737, "profit": 397, "limit": 5883, "timest": 1699895569}, "USP-S | Neo-Noir (Well-Worn)": {"sugprice": 1781, "profit": 128, "limit": 1607, "timest": 1699895374}, "\u2605 Survival Knife | Safari Mesh (Field-Tested)": {"sugprice": 8139.785833333334, "profit": 569, "limit": 7346, "timest": 1699895656}, "StatTrak\u2122 USP-S | Stainless (Battle-Scarred)": {"sugprice": 977.423125, "profit": 118, "limit": 882, "timest": 1699895309}, "\u2605 Hydra Gloves | Case Hardened (Field-Tested)": {"sugprice": 8750.781818181818, "profit": 523, "limit": 7897, "timest": 1699895582}, "\u2605 Gut Knife | Rust Coat (Battle-Scarred)": {"sugprice": 8093, "profit": 488, "limit": 7303, "timest": 1699892565}, "\u2605 Moto Gloves | Smoke Out (Battle-Scarred)": {"sugprice": 7747, "profit": 739, "limit": 6991, "timest": 1699895601}, "USP-S | Serum (Minimal Wear)": {"sugprice": 3794.57625, "profit": 225,