{"USP-S | Kill Confirmed (Well-Worn)": {"sugprice": 2881.0729166666665, "profit": 239, "limit": 2600, "timest": 1700805733}, "\u2605 Navaja Knife | Scorched (Field-Tested)": {"sugprice": 6715.0165384615375, "profit": 431, "limit": 6060, "timest": 1700806190}, "\u2605 Driver Gloves | Racing Green (Battle-Scarred)": {"sugprice": 3728.097446808511, "profit": 336, "limit": 3364, "timest": 1700805955}, "StatTrak\u2122 USP-S | The Traitor (Well-Worn)": {"sugprice": 1867.6136363636363, "profit": 100, "limit": 1685, "timest": 1700790464}, "\u2605 Broken Fang Gloves | Needle Point (Field-Tested)": {"sugprice": 5305.764545454545, "profit": 281, "limit": 4788, "timest": 1700764355}, "\u2605 Driver Gloves | Racing Green (Well-Worn)": {"sugprice": 3819.8747727272726, "profit": 353, "limit": 3447, "timest": 1700805971}, "\u2605 Hand Wraps | Constrictor (Battle-Scarred)": {"sugprice": 4837.079285714286, "profit": 367, "limit": 4365, "timest": 1700806074}, "\u2605 Hydra Gloves | Rattler (Field-Tested)": {"sugprice": 4018.3257142857137, "profit": 402, "limit": 3626, "timest": 1700806137}, "\u2605 Navaja Knife | Forest DDPAT (Field-Tested)": {"sugprice": 6878.9000000000015, "profit": 407, "limit": 6208, "timest": 1700787185}, "\u2605 Navaja Knife | Safari Mesh (Field-Tested)": {"sugprice": 6837.19318181818, "profit": 334, "limit": 6170, "timest": 1700806181}, "\u2605 Shadow Daggers | Bright Water (Field-Tested)": {"sugprice": 7702.778484848484, "profit": 595, "limit": 6951, "timest": 1700806226}, "\u2605 Shadow Daggers | Rust Coat (Battle-Scarred)": {"sugprice": 6735.00111111111, "profit": 398, "limit": 6078, "timest": 1700791297}, "\u2605 Broken Fang Gloves | Yellow-banded (Field-Tested)": {"sugprice": 6384.76107142857, "profit": 475, "limit": 5762, "timest": 1700805932}, "\u2605 Hydra Gloves | Mangrove (Battle-Scarred)": {"sugprice": 3843.4879310344827, "profit": 232, "limit": 3468, "timest": 1700806122}, "\u2605 Hydra Gloves | Mangrove (Well-Worn)": {"sugprice": 4157, "profit": 282, "limit": 3751, "timest": 1700806132}, "StatTrak\u2122 P90 | Asiimov (Battle-Scarred)": {"sugprice": 1509.868611111111, "profit": 184, "limit": 1362, "timest": 1700805442}, "\u2605 Hand Wraps | Desert Shamagh (Field-Tested)": {"sugprice": 4843.707714285713, "profit": 376, "limit": 4371, "timest": 1700806090}, "\u2605 Moto Gloves | Transport (Battle-Scarred)": {"sugprice": 5147.109166666665, "profit": 245, "limit": 4645, "timest": 1700806158}, "USP-S | The Traitor (Minimal Wear)": {"sugprice": 1323.7384615384615, "profit": 120, "limit": 1194, "timest": 1700805837}, "USP-S | Printstream (Well-Worn)": {"sugprice": 2444.793157894737, "profit": 182, "limit": 2206, "timest": 1700805800}, "\u2605 Hand Wraps | Duct Tape (Field-Tested)": {"sugprice": 5177.974705882352, "profit": 537, "limit": 4673, "timest": 1700806101}, "\u2605 Broken Fang Gloves | Unhinged (Battle-Scarred)": {"sugprice": 5137.885, "profit": 323, "limit": 4636, "timest": 1700805918}, "\u2605 Hand Wraps | Arboreal (Field-Tested)": {"sugprice": 5681.086666666666, "profit": 642, "limit": 5127, "timest": 1700806072}, "USP-S | Kill Confirmed (Battle-Scarred)": {"sugprice": 2875.8856, "profit": 247, "limit": 2595, "timest": 1700805727}, "USP-S | Serum (Field-Tested)": {"sugprice": 3306.429285714286, "profit": 239, "limit": 2984, "timest": 1700757613}, "\u2605 Hand Wraps | Giraffe (Battle-Scarred)": {"sugprice": 5727.023214285714, "profit": 273, "limit": 5168, "timest": 1700785043}, "USP-S | Neo-Noir (Well-Worn)": {"sugprice": 1372.382380952381, "profit": 114, "limit": 1238, "timest": 1700805768}, "\u2605 Gut Knife | Rust Coat (Battle-Scarred)": {"sugprice": 7566.542499999999, "profit": 397, "limit": 6828, "timest": 1700806026}, "\u2605 Moto Gloves | Smoke Out (Battle-Scarred)": {"sugprice": 6716.775833333332, "profit": 680, "limit": 6061, "timest": 1700806156}, "\u2605 Hydra Gloves | Rattler (Battle-Scarred)": {"sugprice": 3983.4223076923076, "profit": 326, "limit": 3595, "timest": 1700806135}, "StatTrak\u2122 SSG 08 | Dragonfire (Field-Tested)": {"sugprice": 3029.6637142857144, "profit": 164, "limit": 2734, "timest": 1700805554}, "\u2605 Broken Fang Gloves | Jade (Battle-Scarred)": {"sugprice": 7159.822083333333, "profit": 744, "limit": 6461, "timest": 1700788355}, "\u2605 Hydra Gloves | Rattler (Well-Worn)": {"sugprice": 4821.65625, "profit": 580, "limit": 4351, "timest": 1700806139}, "StatTrak\u2122 USP-S | Neo-Noir (Field-Tested)": {"sugprice": 3040.383181818182, "profit": 255, "limit": 2743, "timest": 1700805630}, "\u2605 Bloodhound Gloves | Guerrilla (Field-Tested)": {"sugprice": 6070.720000000001, "profit": 383, "limit": 5478, "timest": 1700805865}, "\u2605 Gut Knife | Boreal Forest (Field-Tested)": {"sugprice": 7063.97, "profit": 528, "limit": 6375, "timest": 1700798141}, "\u2605 Gut Knife | Bright Water (Field-Tested)": {"sugprice": 7842.7570000000005, "profit": 709, "limit": 7078, "timest": 1700805998}, "\u2605 Gut Knife | Safari Mesh (Field-Tested)": {"sugprice": 7230.8820000000005, "profit": 791, "limit": 6525, "timest": 1700806030}, "\u2605 Hand Wraps | Constrictor (Field-Tested)": {"sugprice": 4930.267826086957, "profit": 430, "limit": 4449, "timest": 1700806076}, "\u2605 Hand Wraps | Desert Shamagh (Well-Worn)": {"sugprice": 4610.975, "profit": 571, "limit": 4161, "timest": 1700806094}, "\u2605 Navaja Knife | Night Stripe (Field-Tested)": {"sugprice": 6722.7225, "profit": 584, "limit": 6067, "timest": 1700806174}, "\u2605 Navaja Knife | Tiger Tooth (Factory New)": {"sugprice": 11295.790476190476, "profit": 730, "limit": 10194, "timest": 1700806203}, "\u2605 Navaja Knife | Urban Masked (Field-Tested)": {"sugprice": 6691.91705882353, "profit": 342, "limit": 6039, "timest": 1700780142}, "\u2605 Survival Knife | Forest DDPAT (Field-Tested)": {"sugprice": 7944.618571428573, "profit": 1089, "limit": 7170, "timest": 1700806295}, "\u2605 Survival Knife | Scorched (Field-Tested)": {"sugprice": 7629.91, "profit": 599, "limit": 6885, "timest": 1700804542}, "\u2605 Moto Gloves | 3rd Commando Company (Field-Tested)": {"sugprice": 5733.959354838709, "profit": 781, "limit": 5174, "timest": 1700806140}, "StatTrak\u2122 USP-S | Neo-Noir (Battle-Scarred)": {"sugprice": 3063.0753488372106, "profit": 329, "limit": 2764, "timest": 1700805627}, "UMP-45 | Blaze (Factory New)": {"sugprice": 1414, "profit": 100, "limit": 1276, "timest": 1700744514}, "StatTrak\u2122 USP-S | The Traitor (Battle-Scarred)": {"sugprice": 1811.314285714286, "profit": 181, "limit": 1634, "timest": 1700805657}, "\u2605 Driver Gloves | Convoy (Battle-Scarred)": {"sugprice": 6252.1163157894725, "profit": 371, "limit": 5642, "timest": 1700805936}, "USP-S | Neo-Noir (Minimal Wear)": {"sugprice": 1497.4928205128208, "profit": 102, "limit": 1351, "timest": 1700804760}, "USP-S | Kill Confirmed (Field-Tested)": {"sugprice": 3122.8051612903223, "profit": 201, "limit": 2818, "timest": 1700805730}, "\u2605 Driver Gloves | Queen Jaguar (Battle-Scarred)": {"sugprice": 5249.65909090909, "profit": 285, "limit": 4737, "timest": 1700805951}, "\u2605 Hand Wraps | Desert Shamagh (Battle-Scarred)": {"sugprice": 4954.791764705882, "profit": 443, "limit": 4471, "timest": 1700806082}, "\u2605 Shadow Daggers | Freehand (Field-Tested)": {"sugprice": 8802.069375000001, "profit": 573, "limit": 7943, "timest": 1700805186}, "USP-S | Monster Mashup (Battle-Scarred)": {"sugprice": 1179.403829787234, "profit": 109, "limit": 1064, "timest": 1700805737}, "USP-S | Neo-Noir (Factory New)": {"sugprice": 2941.883846153846, "profit": 356, "limit": 2655, "timest": 1700805751}, "\u2605 Specialist Gloves | Buckshot (Battle-Scarred)": {"sugprice": 5108.165357142857, "profit": 494, "limit": 4610, "timest": 1700806267}, "USP-S | Orion (Minimal Wear)": {"sugprice": 4035.0048936170215, "profit": 378, "limit": 3641, "timest": 1700805780}, "USP-S | Caiman (Field-Tested)": {"sugprice": 3145.7812765957447, "profit": 294, "limit": 2839, "timest": 1700805712},