{"StatTrak\u2122 USP-S | Neo-Noir (Field-Tested)": {"sugprice": 3158.071951219512, "profit": 177, "limit": 2850, "timest": 1703926649}, "StatTrak\u2122 USP-S | The Traitor (Battle-Scarred)": {"sugprice": 2157.554117647059, "profit": 112, "limit": 1947, "timest": 1703926655}, "USP-S | Kill Confirmed (Well-Worn)": {"sugprice": 3186, "profit": 166, "limit": 2875, "timest": 1703926142}, "USP-S | Neo-Noir (Factory New)": {"sugprice": 3102.3790909090903, "profit": 149, "limit": 2799, "timest": 1703898675}, "\u2605 Broken Fang Gloves | Yellow-banded (Battle-Scarred)": {"sugprice": 6141.842826086957, "profit": 304, "limit": 5543, "timest": 1703926206}, "\u2605 Driver Gloves | Convoy (Field-Tested)": {"sugprice": 6416.741111111109, "profit": 386, "limit": 5791, "timest": 1703923731}, "\u2605 Hand Wraps | Badlands (Battle-Scarred)": {"sugprice": 7614.870714285715, "profit": 675, "limit": 6872, "timest": 1703867299}, "\u2605 Moto Gloves | Transport (Field-Tested)": {"sugprice": 5766.7131578947365, "profit": 457, "limit": 5204, "timest": 1703925299}, "\u2605 Navaja Knife | Scorched (Field-Tested)": {"sugprice": 6984.4942553191495, "profit": 434, "limit": 6303, "timest": 1703926879}, "StatTrak\u2122 M4A4 | X-Ray (Minimal Wear)": {"sugprice": 4742, "profit": 289, "limit": 4279, "timest": 1703926480}, "\u2605 Hydra Gloves | Rattler (Field-Tested)": {"sugprice": 4250.4349999999995, "profit": 233, "limit": 3836, "timest": 1703926846}, "\u2605 Driver Gloves | Racing Green (Field-Tested)": {"sugprice": 4093.399999999999, "profit": 198, "limit": 3694, "timest": 1703925206}, "\u2605 Shadow Daggers | Boreal Forest (Field-Tested)": {"sugprice": 6978.439600000001, "profit": 459, "limit": 6298, "timest": 1703862898}, "\u2605 Bloodhound Gloves | Bronzed (Field-Tested)": {"sugprice": 6443.311764705883, "profit": 330, "limit": 5815, "timest": 1703925716}, "StatTrak\u2122 USP-S | Monster Mashup (Battle-Scarred)": {"sugprice": 1927, "profit": 122, "limit": 1739, "timest": 1703926643}, "StatTrak\u2122 USP-S | The Traitor (Well-Worn)": {"sugprice": 2151.36, "profit": 110, "limit": 1941, "timest": 1703887575}, "\u2605 Hydra Gloves | Mangrove (Battle-Scarred)": {"sugprice": 4208.745600000001, "profit": 242, "limit": 3798, "timest": 1703926838}, "\u2605 Shadow Daggers | Forest DDPAT (Field-Tested)": {"sugprice": 7314.076363636364, "profit": 547, "limit": 6600, "timest": 1703926901}, "USP-S | Printstream (Minimal Wear)": {"sugprice": 4483.04625, "profit": 230, "limit": 4045, "timest": 1703926711}, "\u2605 Huntsman Knife | Ultraviolet (Field-Tested)": {"sugprice": 10296.197333333332, "profit": 624, "limit": 9292, "timest": 1703907239}, "\u2605 Hydra Gloves | Rattler (Well-Worn)": {"sugprice": 4913.569285714286, "profit": 277, "limit": 4434, "timest": 1703925833}, "\u2605 Falchion Knife | Ultraviolet (Battle-Scarred)": {"sugprice": 9972.967777777778, "profit": 570, "limit": 9000, "timest": 1703908480}, "\u2605 Moto Gloves | Finish Line (Battle-Scarred)": {"sugprice": 6961.525, "profit": 385, "limit": 6282, "timest": 1703926858}, "\u2605 Shadow Daggers | Bright Water (Field-Tested)": {"sugprice": 7654.332093023254, "profit": 380, "limit": 6908, "timest": 1703896044}, "StatTrak\u2122 USP-S | Monster Mashup (Field-Tested)": {"sugprice": 2009.0857692307688, "profit": 171, "limit": 1813, "timest": 1703926645}, "\u2605 Paracord Knife | Forest DDPAT (Field-Tested)": {"sugprice": 8024.824444444444, "profit": 443, "limit": 7242, "timest": 1703913160}, "\u2605 Navaja Knife | Night Stripe (Field-Tested)": {"sugprice": 7006.989459459457, "profit": 355, "limit": 6323, "timest": 1703926873}, "\u2605 Moto Gloves | Boom! (Battle-Scarred)": {"sugprice": 7680.817142857143, "profit": 426, "limit": 6931, "timest": 1703926855}, "\u2605 Specialist Gloves | Fade (Battle-Scarred)": {"sugprice": 15492.712857142858, "profit": 1428, "limit": 13982, "timest": 1703917038}, "StatTrak\u2122 SSG 08 | Dragonfire (Battle-Scarred)": {"sugprice": 3069, "profit": 254, "limit": 2769, "timest": 1703926621}, "\u2605 Hand Wraps | Duct Tape (Field-Tested)": {"sugprice": 5150.321578947369, "profit": 269, "limit": 4648, "timest": 1703878529}, "USP-S | Printstream (Well-Worn)": {"sugprice": 2728.104705882352, "profit": 186, "limit": 2462, "timest": 1703926713}, "\u2605 Huntsman Knife | Lore (Battle-Scarred)": {"sugprice": 14437.011000000004, "profit": 808, "limit": 13029, "timest": 1703926824}, "\u2605 Shadow Daggers | Ultraviolet (Field-Tested)": {"sugprice": 8101.054999999998, "profit": 386, "limit": 7311, "timest": 1703883843}, "\u2605 Bloodhound Gloves | Bronzed (Battle-Scarred)": {"sugprice": 6359.628333333333, "profit": 335, "limit": 5739, "timest": 1703926730}, "\u2605 Hydra Gloves | Rattler (Battle-Scarred)": {"sugprice": 4152.77512195122, "profit": 415, "limit": 3747, "timest": 1703921278}, "\u2605 Hydra Gloves | Case Hardened (Battle-Scarred)": {"sugprice": 7247.471739130435, "profit": 361, "limit": 6540, "timest": 1703926830}, "\u2605 Gut Knife | Freehand (Field-Tested)": {"sugprice": 8275.449090909091, "profit": 430, "limit": 7468, "timest": 1703862201}, "\u2605 Driver Gloves | Queen Jaguar (Battle-Scarred)": {"sugprice": 5495.796511627907, "profit": 327, "limit": 4959, "timest": 1703926768}, "\u2605 Shadow Daggers | Scorched (Field-Tested)": {"sugprice": 7124.562500000003, "profit": 527, "limit": 6429, "timest": 1703926907}, "\u2605 Gut Knife | Forest DDPAT (Field-Tested)": {"sugprice": 7834.350952380953, "profit": 385, "limit": 7070, "timest": 1703854700}, "\u2605 Specialist Gloves | Lt. Commander (Battle-Scarred)": {"sugprice": 10080.116470588237, "profit": 521, "limit": 9097, "timest": 1703870891}, "\u2605 Specialist Gloves | Buckshot (Battle-Scarred)": {"sugprice": 5288.936666666666, "profit": 256, "limit": 4773, "timest": 1703879765}, "StatTrak\u2122 Tec-9 | Blue Titanium (Factory New)": {"sugprice": 844.5366666666666, "profit": 125, "limit": 762, "timest": 1703926627}, "\u2605 Moto Gloves | 3rd Commando Company (Battle-Scarred)": {"sugprice": 5230.642916666667, "profit": 321, "limit": 4720, "timest": 1703926850}, "\u2605 Survival Knife | Safari Mesh (Field-Tested)": {"sugprice": 7533.25074074074, "profit": 368, "limit": 6798, "timest": 1703905001}, "\u2605 Moto Gloves | POW! (Battle-Scarred)": {"sugprice": 8670, "profit": 484, "limit": 7824, "timest": 1703926861}, "\u2605 Hand Wraps | Constrictor (Field-Tested)": {"sugprice": 4887.69, "profit": 264, "limit": 4411, "timest": 1703926258}, "\u2605 Sport Gloves | Bronze Morph (Battle-Scarred)": {"sugprice": 10305.755666666668, "profit": 627, "limit": 9300, "timest": 1703926918}, "\u2605 Bowie Knife | Bright Water (Field-Tested)": {"sugprice": 10140.463478260868, "profit": 631, "limit": 9151, "timest": 1703883572}, "\u2605 Broken Fang Gloves | Unhinged (Battle-Scarred)": {"sugprice": 5253.264130434783, "profit": 354, "limit": 4741, "timest": 1703926754}, "\u2605 Moto Gloves | Blood Pressure (Battle-Scarred)": {"sugprice": 8305.720434782608, "profit": 637, "limit": 7495, "timest": 1703921391}, "StatTrak\u2122 M4A4 | \u9f8d\u738b (Dragon King) (Field-Tested)": {"sugprice": 1549.9358620689654, "profit": 132, "limit": 1398, "timest": 1703918090}, "\u2605 Hand Wraps | Constrictor (Battle-Scarred)": {"sugprice": 4837.029583333333, "profit": 237, "limit": 4365, "timest": 1703877955}, "\u2605 Driver Gloves | Racing Green (Battle-Scarred)": {"sugprice": 4104.009302325582, "profit": 197, "limit": 3703, "timest": 1703915196}, "\u2605 Huntsman Knife | Rust Coat (Battle-Scarred)": {"sugprice": 8583, "profit": 409, "limit": 7746, "timest": 1703862237}, "StatTrak\u2122 MP9 | Hypnotic (Factory New)": {"sugprice": 3408.568666666666, "profit": 189, "limit": 3076, "timest": 1703926506}, "StatTrak\u2122 USP-S | Printstream (Battle-Scarred)": {"sugprice": 4431.866938775511, "profit": 255, "limit": 3999, "timest": 1703926651}, "\u2605 Gut Knife | Bright Water (Field-Tested)": {"sugprice": 8392.085909090909, "profit": 404, "limit": 7573, "timest": 1703926786},