{"USP-S | Kill Confirmed (Well-Worn)": {"sugprice": 2916.728809523809, "profit": 267, "limit": 2632, "timest": 1700618335}, "\u2605 Navaja Knife | Scorched (Field-Tested)": {"sugprice": 6697.267200000001, "profit": 722, "limit": 6044, "timest": 1700618805}, "\u2605 Driver Gloves | Racing Green (Battle-Scarred)": {"sugprice": 3848.0406000000007, "profit": 353, "limit": 3472, "timest": 1700618565}, "StatTrak\u2122 M4A4 | The Emperor (Battle-Scarred)": {"sugprice": 2275.46875, "profit": 109, "limit": 2053, "timest": 1700607998}, "StatTrak\u2122 USP-S | The Traitor (Well-Worn)": {"sugprice": 1967.1662499999998, "profit": 185, "limit": 1775, "timest": 1700618302}, "USP-S | Whiteout (Minimal Wear)": {"sugprice": 2406.5147619047616, "profit": 200, "limit": 2171, "timest": 1700618439}, "\u2605 Broken Fang Gloves | Needle Point (Field-Tested)": {"sugprice": 5657.2267999999995, "profit": 596, "limit": 5105, "timest": 1700618468}, "\u2605 Driver Gloves | Racing Green (Well-Worn)": {"sugprice": 3834.5670588235294, "profit": 429, "limit": 3460, "timest": 1700618570}, "\u2605 Hand Wraps | Constrictor (Battle-Scarred)": {"sugprice": 4584.403055555555, "profit": 366, "limit": 4137, "timest": 1700606868}, "\u2605 Hydra Gloves | Rattler (Field-Tested)": {"sugprice": 4122.1936170212775, "profit": 525, "limit": 3720, "timest": 1700618723}, "\u2605 Moto Gloves | Finish Line (Battle-Scarred)": {"sugprice": 6795.294285714285, "profit": 387, "limit": 6132, "timest": 1700618737}, "\u2605 Navaja Knife | Forest DDPAT (Field-Tested)": {"sugprice": 6804.448214285714, "profit": 449, "limit": 6141, "timest": 1700618760}, "\u2605 Navaja Knife | Safari Mesh (Field-Tested)": {"sugprice": 6999.182307692307, "profit": 482, "limit": 6316, "timest": 1700618803}, "\u2605 Shadow Daggers | Bright Water (Field-Tested)": {"sugprice": 7693.183499999999, "profit": 666, "limit": 6943, "timest": 1700618827}, "\u2605 Shadow Daggers | Rust Coat (Battle-Scarred)": {"sugprice": 6486.86619047619, "profit": 491, "limit": 5854, "timest": 1700618842}, "\u2605 Broken Fang Gloves | Yellow-banded (Field-Tested)": {"sugprice": 6248.452727272728, "profit": 312, "limit": 5639, "timest": 1700618499}, "Vypa Sista of the Revolution | Guerrilla Warfare": {"sugprice": 1573.7399999999998, "profit": 172, "limit": 1420, "timest": 1700618441}, "StatTrak\u2122 M4A4 | \u9f8d\u738b (Dragon King) (Battle-Scarred)": {"sugprice": 1419.6978378378378, "profit": 121, "limit": 1281, "timest": 1700589044}, "\u2605 Hydra Gloves | Mangrove (Battle-Scarred)": {"sugprice": 3977.6162790697667, "profit": 218, "limit": 3589, "timest": 1700618684}, "\u2605 Hydra Gloves | Mangrove (Well-Worn)": {"sugprice": 4260.300833333333, "profit": 296, "limit": 3844, "timest": 1700618703}, "\u2605 Shadow Daggers | Scorched (Field-Tested)": {"sugprice": 7028, "profit": 769, "limit": 6342, "timest": 1700618846}, "StatTrak\u2122 M4A4 | Desolate Space (Battle-Scarred)": {"sugprice": 1216.7765999999997, "profit": 103, "limit": 1098, "timest": 1700597311}, "StatTrak\u2122 P90 | Asiimov (Battle-Scarred)": {"sugprice": 1512.4491304347828, "profit": 153, "limit": 1364, "timest": 1700618243}, "\u2605 Hand Wraps | Desert Shamagh (Field-Tested)": {"sugprice": 4878.985405405405, "profit": 475, "limit": 4403, "timest": 1700618640}, "\u2605 Gut Knife | Forest DDPAT (Field-Tested)": {"sugprice": 7150.878749999999, "profit": 675, "limit": 6453, "timest": 1700618584}, "\u2605 Moto Gloves | Transport (Battle-Scarred)": {"sugprice": 5161, "profit": 604, "limit": 4657, "timest": 1700618741}, "USP-S | The Traitor (Minimal Wear)": {"sugprice": 1332.5973684210526, "profit": 158, "limit": 1202, "timest": 1700618432}, "USP-S | Printstream (Well-Worn)": {"sugprice": 2570.338421052631, "profit": 296, "limit": 2319, "timest": 1700618401}, "\u2605 Driver Gloves | Racing Green (Field-Tested)": {"sugprice": 3790.467727272727, "profit": 182, "limit": 3420, "timest": 1700618567}, "\u2605 Hand Wraps | Duct Tape (Field-Tested)": {"sugprice": 5305.787333333335, "profit": 589, "limit": 4788, "timest": 1700618650}, "\u2605 Broken Fang Gloves | Unhinged (Battle-Scarred)": {"sugprice": 5135.967272727273, "profit": 576, "limit": 4635, "timest": 1700618483}, "\u2605 Hand Wraps | Arboreal (Field-Tested)": {"sugprice": 5702, "profit": 700, "limit": 5146, "timest": 1700618603}, "USP-S | Kill Confirmed (Battle-Scarred)": {"sugprice": 2843.2065217391305, "profit": 176, "limit": 2565, "timest": 1700618329}, "USP-S | Serum (Field-Tested)": {"sugprice": 3381, "profit": 251, "limit": 3051, "timest": 1700618416}, "\u2605 Hand Wraps | Giraffe (Battle-Scarred)": {"sugprice": 5665.311250000001, "profit": 552, "limit": 5112, "timest": 1700618653}, "USP-S | Neo-Noir (Well-Worn)": {"sugprice": 1362, "profit": 142, "limit": 1229, "timest": 1700618352}, "\u2605 Survival Knife | Safari Mesh (Field-Tested)": {"sugprice": 7550.985882352942, "profit": 706, "limit": 6814, "timest": 1700618944}, "\u2605 Hydra Gloves | Case Hardened (Field-Tested)": {"sugprice": 7763.058333333334, "profit": 574, "limit": 7006, "timest": 1700618676}, "\u2605 Gut Knife | Rust Coat (Battle-Scarred)": {"sugprice": 7823.0199999999995, "profit": 735, "limit": 7060, "timest": 1700618588}, "\u2605 Moto Gloves | Smoke Out (Battle-Scarred)": {"sugprice": 6750.5623076923075, "profit": 784, "limit": 6092, "timest": 1700618739}, "\u2605 Hydra Gloves | Rattler (Battle-Scarred)": {"sugprice": 4083.8948837209305, "profit": 353, "limit": 3685, "timest": 1700618712}, "StatTrak\u2122 SSG 08 | Dragonfire (Field-Tested)": {"sugprice": 3136, "profit": 223, "limit": 2830, "timest": 1700618259}, "\u2605 Specialist Gloves | Forest DDPAT (Battle-Scarred)": {"sugprice": 7656.614285714286, "profit": 619, "limit": 6910, "timest": 1700618896}, "StatTrak\u2122 M4A4 | Desert-Strike (Field-Tested)": {"sugprice": 1417.46, "profit": 207, "limit": 1279, "timest": 1700618168}, "\u2605 Broken Fang Gloves | Jade (Battle-Scarred)": {"sugprice": 7143.948823529412, "profit": 464, "limit": 6447, "timest": 1700618455}, "StatTrak\u2122 M4A4 | Temukau (Battle-Scarred)": {"sugprice": 2361.984117647059, "profit": 168, "limit": 2131, "timest": 1700605952}, "\u2605 Hydra Gloves | Rattler (Well-Worn)": {"sugprice": 4805.050769230769, "profit": 355, "limit": 4336, "timest": 1700618732}, "StatTrak\u2122 USP-S | Neo-Noir (Field-Tested)": {"sugprice": 2929.0371428571425, "profit": 178, "limit": 2643, "timest": 1700618294}, "\u2605 Bloodhound Gloves | Guerrilla (Field-Tested)": {"sugprice": 5989.183636363636, "profit": 360, "limit": 5405, "timest": 1700618449}, "\u2605 Broken Fang Gloves | Unhinged (Well-Worn)": {"sugprice": 4927.421, "profit": 386, "limit": 4446, "timest": 1700608798}, "\u2605 Gut Knife | Boreal Forest (Field-Tested)": {"sugprice": 6806.165714285714, "profit": 394, "limit": 6142, "timest": 1700618575}, "\u2605 Gut Knife | Bright Water (Field-Tested)": {"sugprice": 8137.930909090907, "profit": 730, "limit": 7344, "timest": 1700618578}, "\u2605 Gut Knife | Safari Mesh (Field-Tested)": {"sugprice": 7273.357000000001, "profit": 885, "limit": 6564, "timest": 1700618592}, "\u2605 Hand Wraps | Constrictor (Field-Tested)": {"sugprice": 4667, "profit": 433, "limit": 4211, "timest": 1700618617}, "\u2605 Hand Wraps | Desert Shamagh (Well-Worn)": {"sugprice": 5057.222777777778, "profit": 553, "limit": 4564, "timest": 1700618642}, "\u2605 Navaja Knife | Night Stripe (Field-Tested)": {"sugprice": 6713.331851851851, "profit": 697, "limit": 6058, "timest": 1700618765}, "\u2605 Navaja Knife | Tiger Tooth (Factory New)": {"sugprice": 11095.147333333334, "profit": 671, "limit": 10013, "timest": 1700618813}, "\u2605 Navaja Knife | Urban Masked (Field-Tested)": {"sugprice": 6748.453125, "profit": 407, "limit": 6090, "timest": 1700618815}, "\u2605 Shadow Daggers | Tiger Tooth (Factory New)": {"sugprice": 13115, "profit": 1025, "limit": 11836, "timest": 1700618848}, "\u2605 Survival Knife | Boreal Forest (Field-Tested)": {"sugprice": 7542.9171428571435, "profit": 361, "limit": 6807,