{"StatTrak\u2122 M4A4 | The Emperor (Battle-Scarred)": {"sugprice": 2697.5380952380956, "profit": 226, "limit": 2434, "timest": 1702848156}, "StatTrak\u2122 M4A4 | \u9f8d\u738b (Dragon King) (Field-Tested)": {"sugprice": 1534, "profit": 127, "limit": 1384, "timest": 1702848168}, "StatTrak\u2122 MAC-10 | Toybox (Battle-Scarred)": {"sugprice": 580.2857142857143, "profit": 113, "limit": 523, "timest": 1702839145}, "StatTrak\u2122 MP7 | Bloodsport (Factory New)": {"sugprice": 1379.2111111111112, "profit": 137, "limit": 1244, "timest": 1702848241}, "StatTrak\u2122 MP9 | Hypnotic (Factory New)": {"sugprice": 3472.9369696969698, "profit": 314, "limit": 3134, "timest": 1702848257}, "StatTrak\u2122 P90 | Asiimov (Battle-Scarred)": {"sugprice": 1541.9618750000002, "profit": 192, "limit": 1391, "timest": 1702848341}, "StatTrak\u2122 PP-Bizon | Judgement of Anubis (Field-Tested)": {"sugprice": 1004.9896296296298, "profit": 108, "limit": 907, "timest": 1702848345}, "StatTrak\u2122 SSG 08 | Bloodshot (Field-Tested)": {"sugprice": 1992.7048000000002, "profit": 233, "limit": 1798, "timest": 1702848351}, "StatTrak\u2122 Tec-9 | Decimator (Battle-Scarred)": {"sugprice": 1869.23875, "profit": 102, "limit": 1686, "timest": 1702833066}, "StatTrak\u2122 USP-S | Neo-Noir (Battle-Scarred)": {"sugprice": 3058.232647058823, "profit": 153, "limit": 2760, "timest": 1702820547}, "StatTrak\u2122 USP-S | Neo-Noir (Field-Tested)": {"sugprice": 3130.5534615384613, "profit": 201, "limit": 2825, "timest": 1702848381}, "StatTrak\u2122 USP-S | The Traitor (Battle-Scarred)": {"sugprice": 2125.3972, "profit": 149, "limit": 1918, "timest": 1702848387}, "Tec-9 | Nuclear Threat (Battle-Scarred)": {"sugprice": 3372.6675, "profit": 343, "limit": 3043, "timest": 1702848393}, "USP-S | Kill Confirmed (Battle-Scarred)": {"sugprice": 3123.3526000000006, "profit": 222, "limit": 2818, "timest": 1702800437}, "USP-S | Kill Confirmed (Well-Worn)": {"sugprice": 3230.78, "profit": 244, "limit": 2915, "timest": 1702848423}, "USP-S | Neo-Noir (Factory New)": {"sugprice": 3186.2959090909094, "profit": 189, "limit": 2875, "timest": 1702848427}, "USP-S | The Traitor (Minimal Wear)": {"sugprice": 1386.8484210526317, "profit": 149, "limit": 1251, "timest": 1702844622}, "\u2605 Bloodhound Gloves | Bronzed (Battle-Scarred)": {"sugprice": 6357.793333333332, "profit": 407, "limit": 5737, "timest": 1702782834}, "\u2605 Bloodhound Gloves | Guerrilla (Battle-Scarred)": {"sugprice": 6112.873333333333, "profit": 399, "limit": 5516, "timest": 1702846486}, "\u2605 Broken Fang Gloves | Needle Point (Battle-Scarred)": {"sugprice": 4953.958260869565, "profit": 240, "limit": 4470, "timest": 1702800945}, "\u2605 Broken Fang Gloves | Needle Point (Well-Worn)": {"sugprice": 5002.535454545455, "profit": 250, "limit": 4514, "timest": 1702838337}, "\u2605 Broken Fang Gloves | Yellow-banded (Battle-Scarred)": {"sugprice": 6011.739249999999, "profit": 411, "limit": 5425, "timest": 1702848488}, "\u2605 Driver Gloves | Convoy (Field-Tested)": {"sugprice": 6301.968275862069, "profit": 450, "limit": 5687, "timest": 1702848494}, "\u2605 Driver Gloves | Diamondback (Battle-Scarred)": {"sugprice": 6798.183333333334, "profit": 366, "limit": 6135, "timest": 1702848496}, "\u2605 Driver Gloves | Queen Jaguar (Battle-Scarred)": {"sugprice": 5302.7891891891895, "profit": 284, "limit": 4785, "timest": 1702847941}, "\u2605 Falchion Knife | Rust Coat (Battle-Scarred)": {"sugprice": 8533.359375, "profit": 528, "limit": 7701, "timest": 1702848510}, "\u2605 Falchion Knife | Ultraviolet (Battle-Scarred)": {"sugprice": 9895.981333333331, "profit": 475, "limit": 8931, "timest": 1702832727}, "\u2605 Gut Knife | Bright Water (Field-Tested)": {"sugprice": 8730.738333333333, "profit": 693, "limit": 7879, "timest": 1702824152}, "\u2605 Hand Wraps | Arboreal (Field-Tested)": {"sugprice": 6040.412903225807, "profit": 384, "limit": 5451, "timest": 1702847358}, "\u2605 Hand Wraps | Badlands (Battle-Scarred)": {"sugprice": 7319.700000000001, "profit": 837, "limit": 6606, "timest": 1702848524}, "\u2605 Hand Wraps | Desert Shamagh (Battle-Scarred)": {"sugprice": 5023.3678260869565, "profit": 321, "limit": 4533, "timest": 1702837832}, "\u2605 Huntsman Knife | Ultraviolet (Field-Tested)": {"sugprice": 9885.700588235293, "profit": 566, "limit": 8921, "timest": 1702824764}, "\u2605 Hydra Gloves | Case Hardened (Battle-Scarred)": {"sugprice": 7394.677999999999, "profit": 489, "limit": 6673, "timest": 1702848544}, "\u2605 Hydra Gloves | Mangrove (Field-Tested)": {"sugprice": 4129.819565217393, "profit": 220, "limit": 3727, "timest": 1702848551}, "\u2605 Hydra Gloves | Rattler (Battle-Scarred)": {"sugprice": 4142.537954545455, "profit": 250, "limit": 3738, "timest": 1702845972}, "\u2605 Moto Gloves | 3rd Commando Company (Battle-Scarred)": {"sugprice": 5019.415, "profit": 265, "limit": 4530, "timest": 1702806928}, "\u2605 Moto Gloves | Boom! (Battle-Scarred)": {"sugprice": 7249.57347826087, "profit": 381, "limit": 6542, "timest": 1702848562}, "\u2605 Moto Gloves | Finish Line (Battle-Scarred)": {"sugprice": 7265.170434782608, "profit": 521, "limit": 6556, "timest": 1702811813}, "\u2605 Moto Gloves | POW! (Battle-Scarred)": {"sugprice": 8085.442857142856, "profit": 411, "limit": 7297, "timest": 1702814666}, "\u2605 Moto Gloves | Smoke Out (Battle-Scarred)": {"sugprice": 7261.884999999999, "profit": 412, "limit": 6553, "timest": 1702848569}, "\u2605 Moto Gloves | Transport (Field-Tested)": {"sugprice": 5665.11923076923, "profit": 305, "limit": 5112, "timest": 1702848571}, "\u2605 Navaja Knife | Night Stripe (Field-Tested)": {"sugprice": 6972.405000000001, "profit": 451, "limit": 6292, "timest": 1702848577}, "\u2605 Navaja Knife | Rust Coat (Battle-Scarred)": {"sugprice": 6860.740666666667, "profit": 407, "limit": 6191, "timest": 1702824835}, "\u2605 Navaja Knife | Safari Mesh (Battle-Scarred)": {"sugprice": 6791.424166666667, "profit": 393, "limit": 6129, "timest": 1702813584}, "\u2605 Navaja Knife | Scorched (Field-Tested)": {"sugprice": 7048.334705882352, "profit": 362, "limit": 6361, "timest": 1702848582}, "\u2605 Navaja Knife | Ultraviolet (Field-Tested)": {"sugprice": 7355, "profit": 375, "limit": 6637, "timest": 1702848592}, "\u2605 Navaja Knife | Urban Masked (Field-Tested)": {"sugprice": 6940.87590909091, "profit": 342, "limit": 6264, "timest": 1702823347}, "\u2605 Paracord Knife | Forest DDPAT (Field-Tested)": {"sugprice": 8405.97923076923, "profit": 616, "limit": 7586, "timest": 1702848594}, "\u2605 Paracord Knife | Scorched (Field-Tested)": {"sugprice": 7653.7128571428575, "profit": 368, "limit": 6907, "timest": 1702848035}, "\u2605 Shadow Daggers | Bright Water (Field-Tested)": {"sugprice": 7654.100540540539, "profit": 392, "limit": 6907, "timest": 1702848601}, "\u2605 Shadow Daggers | Freehand (Field-Tested)": {"sugprice": 8919.798214285716, "profit": 584, "limit": 8050, "timest": 1702848605}, "\u2605 Shadow Daggers | Rust Coat (Battle-Scarred)": {"sugprice": 6836.620681818182, "profit": 358, "limit": 6170, "timest": 1702832273}, "\u2605 Shadow Daggers | Ultraviolet (Battle-Scarred)": {"sugprice": 7695.840833333333, "profit": 449, "limit": 6945, "timest": 1702848611}, "\u2605 Shadow Daggers | Ultraviolet (Field-Tested)": {"sugprice": 8909, "profit": 514, "limit": 8040, "timest": 1702835744}, "\u2605 Sport Gloves | Bronze Morph (Battle-Scarred)": {"sugprice": 10452.342800000002, "profit": 501, "limit": 9433, "timest": 1702838501}, "\u2605 Survival Knife | Boreal Forest (Field-Tested)": {"sugprice": 7930.403333333333, "profit": 595, "limit": 7157, "timest": 1702848620}, "\u2605 Survival Knife | Forest DDPAT (Field-Tested)": {"sugprice": 7695.157000000001, "profit": 428, "limit": 6944, "timest": 1702848621}, "StatTrak\u2122 M4A4 | X-Ray (Minimal Wear)": {"sugprice": 4548.875555555555, "profit": 220, "limit": 4105, "timest": 1702846143}, "\u2605 Bowie Knife | Ultraviolet (Battle-Scarred)": {"sugprice": 9063.792, "profit": 459, "limit": 8180, "timest": 1702827735},