{"StatTrak\u2122 USP-S | Neo-Noir (Field-Tested)": {"sugprice": 3283.8309090909092, "profit": 299, "limit": 2963, "timest": 1704293905}, "StatTrak\u2122 USP-S | The Traitor (Battle-Scarred)": {"sugprice": 2170.629523809524, "profit": 104, "limit": 1958, "timest": 1704279813}, "USP-S | Kill Confirmed (Well-Worn)": {"sugprice": 3327.0546808510635, "profit": 180, "limit": 3002, "timest": 1704290013}, "\u2605 Driver Gloves | Convoy (Field-Tested)": {"sugprice": 6442.234285714287, "profit": 485, "limit": 5814, "timest": 1704294058}, "\u2605 Driver Gloves | Racing Green (Field-Tested)": {"sugprice": 4145.4366666666665, "profit": 209, "limit": 3741, "timest": 1704287469}, "\u2605 Shadow Daggers | Boreal Forest (Field-Tested)": {"sugprice": 7212.028636363637, "profit": 412, "limit": 6508, "timest": 1704295214}, "\u2605 Bloodhound Gloves | Bronzed (Field-Tested)": {"sugprice": 6450.815909090909, "profit": 347, "limit": 5821, "timest": 1704294857}, "StatTrak\u2122 USP-S | Monster Mashup (Battle-Scarred)": {"sugprice": 1920, "profit": 120, "limit": 1732, "timest": 1704293899}, "USP-S | Printstream (Minimal Wear)": {"sugprice": 4600.399090909092, "profit": 284, "limit": 4151, "timest": 1704291421}, "StatTrak\u2122 USP-S | Monster Mashup (Field-Tested)": {"sugprice": 2027.482727272727, "profit": 144, "limit": 1829, "timest": 1704269369}, "\u2605 Paracord Knife | Forest DDPAT (Field-Tested)": {"sugprice": 8258.746060606061, "profit": 444, "limit": 7453, "timest": 1704295204}, "\u2605 Navaja Knife | Night Stripe (Field-Tested)": {"sugprice": 7074.712500000001, "profit": 404, "limit": 6384, "timest": 1704295162}, "\u2605 Specialist Gloves | Fade (Battle-Scarred)": {"sugprice": 16095.5775, "profit": 1380, "limit": 14526, "timest": 1704295249}, "USP-S | Printstream (Well-Worn)": {"sugprice": 2816.6103125000004, "profit": 135, "limit": 2541, "timest": 1704294825}, "\u2605 Bloodhound Gloves | Bronzed (Battle-Scarred)": {"sugprice": 6319.477727272726, "profit": 319, "limit": 5703, "timest": 1704268428}, "\u2605 Hydra Gloves | Case Hardened (Battle-Scarred)": {"sugprice": 7524, "profit": 512, "limit": 6790, "timest": 1704287549}, "\u2605 Driver Gloves | Queen Jaguar (Battle-Scarred)": {"sugprice": 5904.533333333334, "profit": 348, "limit": 5328, "timest": 1704294908}, "StatTrak\u2122 Tec-9 | Blue Titanium (Factory New)": {"sugprice": 847.4908333333333, "profit": 117, "limit": 764, "timest": 1704294537}, "\u2605 Survival Knife | Safari Mesh (Field-Tested)": {"sugprice": 7705.178620689654, "profit": 414, "limit": 6953, "timest": 1704295264}, "\u2605 Hand Wraps | Constrictor (Field-Tested)": {"sugprice": 5290.041578947369, "profit": 404, "limit": 4774, "timest": 1704294965}, "\u2605 Broken Fang Gloves | Unhinged (Battle-Scarred)": {"sugprice": 5249.8616, "profit": 308, "limit": 4738, "timest": 1704294890}, "StatTrak\u2122 M4A4 | \u9f8d\u738b (Dragon King) (Field-Tested)": {"sugprice": 1583, "profit": 119, "limit": 1428, "timest": 1704294454}, "StatTrak\u2122 USP-S | Printstream (Battle-Scarred)": {"sugprice": 4730.113333333333, "profit": 290, "limit": 4268, "timest": 1704289950}, "\u2605 Gut Knife | Bright Water (Field-Tested)": {"sugprice": 8544.767272727273, "profit": 494, "limit": 7711, "timest": 1704294928}, "\u2605 Navaja Knife | Safari Mesh (Battle-Scarred)": {"sugprice": 7168.20125, "profit": 549, "limit": 6469, "timest": 1704295168}, "\u2605 Navaja Knife | Stained (Field-Tested)": {"sugprice": 7810.403157894737, "profit": 378, "limit": 7048, "timest": 1704294266}, "\u2605 Navaja Knife | Stained (Well-Worn)": {"sugprice": 7593.516666666667, "profit": 405, "limit": 6853, "timest": 1704295185}, "\u2605 Gut Knife | Boreal Forest (Field-Tested)": {"sugprice": 7561.174545454545, "profit": 374, "limit": 6823, "timest": 1704294926}, "USP-S | Royal Blue (Field-Tested)": {"sugprice": 1119.1511764705883, "profit": 101, "limit": 1010, "timest": 1704294833}, "USP-S | Printstream (Field-Tested)": {"sugprice": 2819.7553658536585, "profit": 160, "limit": 2544, "timest": 1704290707}, "StatTrak\u2122 SSG 08 | Turbo Peek (Battle-Scarred)": {"sugprice": 999.5428888888887, "profit": 115, "limit": 902, "timest": 1704249424}, "StatTrak\u2122 M4A4 | The Emperor (Battle-Scarred)": {"sugprice": 2587.9840000000004, "profit": 184, "limit": 2335, "timest": 1704294439}, "USP-S | Kill Confirmed (Battle-Scarred)": {"sugprice": 3083.6932432432436, "profit": 148, "limit": 2783, "timest": 1704277944}, "\u2605 Bowie Knife | Ultraviolet (Battle-Scarred)": {"sugprice": 9353.258000000002, "profit": 857, "limit": 8441, "timest": 1704294880}, "\u2605 Paracord Knife | Safari Mesh (Field-Tested)": {"sugprice": 8086.469090909091, "profit": 645, "limit": 7298, "timest": 1704295207}, "\u2605 Hand Wraps | Arboreal (Field-Tested)": {"sugprice": 6050.443749999999, "profit": 384, "limit": 5460, "timest": 1704294943}, "Vypa Sista of the Revolution | Guerrilla Warfare": {"sugprice": 1963.1773684210527, "profit": 152, "limit": 1771, "timest": 1704294848}, "\u2605 Broken Fang Gloves | Yellow-banded (Field-Tested)": {"sugprice": 6521, "profit": 332, "limit": 5885, "timest": 1704284584}, "\u2605 Huntsman Knife | Freehand (Field-Tested)": {"sugprice": 11860.678124999999, "profit": 1258, "limit": 10704, "timest": 1704295081}, "\u2605 Shadow Daggers | Rust Coat (Battle-Scarred)": {"sugprice": 7076.8378, "profit": 432, "limit": 6386, "timest": 1704295228}, "\u2605 Gut Knife | Safari Mesh (Field-Tested)": {"sugprice": 7522.9382352941175, "profit": 414, "limit": 6789, "timest": 1704294938}, "StatTrak\u2122 P90 | Asiimov (Battle-Scarred)": {"sugprice": 1935, "profit": 116, "limit": 1746, "timest": 1704283268}, "\u2605 Hydra Gloves | Emerald (Field-Tested)": {"sugprice": 5162.113265306122, "profit": 254, "limit": 4658, "timest": 1704278204}, "StatTrak\u2122 SSG 08 | Bloodshot (Field-Tested)": {"sugprice": 1583, "profit": 114, "limit": 1428, "timest": 1704294528}, "\u2605 Bloodhound Gloves | Guerrilla (Battle-Scarred)": {"sugprice": 6416.092500000001, "profit": 431, "limit": 5790, "timest": 1704291445}, "USP-S | The Traitor (Minimal Wear)": {"sugprice": 1527.3278571428575, "profit": 116, "limit": 1378, "timest": 1704294836}, "StatTrak\u2122 SSG 08 | Turbo Peek (Field-Tested)": {"sugprice": 982.1733333333334, "profit": 124, "limit": 886, "timest": 1704294535}, "Tec-9 | Nuclear Threat (Battle-Scarred)": {"sugprice": 3268.2533333333326, "profit": 211, "limit": 2949, "timest": 1704258063}, "StatTrak\u2122 M4A4 | The Battlestar (Field-Tested)": {"sugprice": 1584, "profit": 154, "limit": 1429, "timest": 1704294435}, "USP-S | Whiteout (Battle-Scarred)": {"sugprice": 1818, "profit": 100, "limit": 1640, "timest": 1704276206}, "StatTrak\u2122 USP-S | Blueprint (Battle-Scarred)": {"sugprice": 1048.7857692307693, "profit": 107, "limit": 946, "timest": 1704294545}, "StatTrak\u2122 M4A4 | Tooth Fairy (Field-Tested)": {"sugprice": 527.0383333333334, "profit": 100, "limit": 475, "timest": 1704293773}, "StatTrak\u2122 M4A4 | Tooth Fairy (Battle-Scarred)": {"sugprice": 600.6234374999999, "profit": 157, "limit": 542, "timest": 1704294442}, "\u2605 Falchion Knife | Rust Coat (Battle-Scarred)": {"sugprice": 8682.356666666667, "profit": 498, "limit": 7835, "timest": 1704294921}, "\u2605 Hand Wraps | Giraffe (Battle-Scarred)": {"sugprice": 5976.424249999998, "profit": 369, "limit": 5393, "timest": 1704295078}, "\u2605 Shadow Daggers | Autotronic (Field-Tested)": {"sugprice": 9590.350625, "profit": 632, "limit": 8655, "timest": 1704213513}, "\u2605 Bowie Knife | Rust Coat (Battle-Scarred)": {"sugprice": 8401.434210526315, "profit": 598, "limit": 7582, "timest": 1704294878}, "\u2605 Gut Knife | Freehand (Field-Tested)": {"sugprice": 8882.614545454546, "profit": 438, "limit": 8016, "timest": 1704268003}, "\u2605 Shadow Daggers | Damascus Steel (Field-Tested)": {"sugprice": 8070, "profit": 390, "limit": 7283, "timest": 1704253654}, "\u2605 Moto Gloves | Turtle (Battle-Scarred)": {"sugprice": 8157.780952380954, "profit": 584, "limit": 7362,