{"StatTrak\u2122 USP-S | Neo-Noir (Field-Tested)": {"sugprice": 3056.0936842105266, "profit": 282, "limit": 2758, "timest": 1704477799}, "StatTrak\u2122 USP-S | The Traitor (Battle-Scarred)": {"sugprice": 2036, "profit": 169, "limit": 1837, "timest": 1704477806}, "USP-S | Kill Confirmed (Well-Worn)": {"sugprice": 3124.171621621622, "profit": 149, "limit": 2819, "timest": 1704476094}, "\u2605 Driver Gloves | Convoy (Field-Tested)": {"sugprice": 6289.507179487178, "profit": 313, "limit": 5676, "timest": 1704477912}, "\u2605 Shadow Daggers | Boreal Forest (Field-Tested)": {"sugprice": 7053.878846153846, "profit": 385, "limit": 6366, "timest": 1704478122}, "\u2605 Bloodhound Gloves | Bronzed (Field-Tested)": {"sugprice": 6411.591944444444, "profit": 350, "limit": 5786, "timest": 1704477881}, "StatTrak\u2122 USP-S | Monster Mashup (Battle-Scarred)": {"sugprice": 1848.3682352941175, "profit": 106, "limit": 1668, "timest": 1704447662}, "USP-S | Printstream (Minimal Wear)": {"sugprice": 4697.816153846154, "profit": 350, "limit": 4239, "timest": 1704477861}, "\u2605 Paracord Knife | Forest DDPAT (Field-Tested)": {"sugprice": 8266.039459459462, "profit": 397, "limit": 7460, "timest": 1704470780}, "\u2605 Specialist Gloves | Fade (Battle-Scarred)": {"sugprice": 15281.67, "profit": 745, "limit": 13791, "timest": 1704397697}, "USP-S | Printstream (Well-Worn)": {"sugprice": 2755.55918918919, "profit": 230, "limit": 2486, "timest": 1704477863}, "\u2605 Hydra Gloves | Case Hardened (Battle-Scarred)": {"sugprice": 7124.886, "profit": 358, "limit": 6430, "timest": 1704478015}, "\u2605 Driver Gloves | Queen Jaguar (Battle-Scarred)": {"sugprice": 5831.4525, "profit": 282, "limit": 5262, "timest": 1704468222}, "StatTrak\u2122 Tec-9 | Blue Titanium (Factory New)": {"sugprice": 840, "profit": 105, "limit": 758, "timest": 1704477777}, "\u2605 Survival Knife | Safari Mesh (Field-Tested)": {"sugprice": 7708.877826086956, "profit": 367, "limit": 6957, "timest": 1704443476}, "\u2605 Hand Wraps | Constrictor (Field-Tested)": {"sugprice": 5139.982352941176, "profit": 366, "limit": 4638, "timest": 1704477980}, "\u2605 Broken Fang Gloves | Unhinged (Battle-Scarred)": {"sugprice": 5183.258571428572, "profit": 262, "limit": 4677, "timest": 1704447791}, "StatTrak\u2122 USP-S | Printstream (Battle-Scarred)": {"sugprice": 4585.161764705883, "profit": 335, "limit": 4138, "timest": 1704477801}, "\u2605 Gut Knife | Bright Water (Field-Tested)": {"sugprice": 8491.807894736843, "profit": 404, "limit": 7663, "timest": 1704426164}, "\u2605 Navaja Knife | Safari Mesh (Battle-Scarred)": {"sugprice": 7252.774615384615, "profit": 539, "limit": 6545, "timest": 1704478093}, "\u2605 Navaja Knife | Stained (Field-Tested)": {"sugprice": 7425, "profit": 378, "limit": 6701, "timest": 1704456060}, "\u2605 Navaja Knife | Stained (Well-Worn)": {"sugprice": 7548.961428571428, "profit": 445, "limit": 6812, "timest": 1704476998}, "\u2605 Gut Knife | Boreal Forest (Field-Tested)": {"sugprice": 7481.670588235294, "profit": 451, "limit": 6752, "timest": 1704477945}, "USP-S | Royal Blue (Field-Tested)": {"sugprice": 1107.6742857142856, "profit": 100, "limit": 999, "timest": 1704469406}, "USP-S | Printstream (Field-Tested)": {"sugprice": 2790.6555555555565, "profit": 133, "limit": 2518, "timest": 1704459339}, "StatTrak\u2122 M4A4 | The Emperor (Battle-Scarred)": {"sugprice": 2539.177441860465, "profit": 182, "limit": 2291, "timest": 1704477703}, "USP-S | Kill Confirmed (Battle-Scarred)": {"sugprice": 3137.8958, "profit": 159, "limit": 2831, "timest": 1704451109}, "\u2605 Bowie Knife | Ultraviolet (Battle-Scarred)": {"sugprice": 9123.262142857142, "profit": 722, "limit": 8233, "timest": 1704477893}, "\u2605 Paracord Knife | Safari Mesh (Field-Tested)": {"sugprice": 7860.8772222222215, "profit": 417, "limit": 7094, "timest": 1704478114}, "\u2605 Hand Wraps | Arboreal (Field-Tested)": {"sugprice": 6078.900370370371, "profit": 294, "limit": 5486, "timest": 1704476894}, "Vypa Sista of the Revolution | Guerrilla Warfare": {"sugprice": 1943.4891304347823, "profit": 140, "limit": 1753, "timest": 1704477875}, "\u2605 Huntsman Knife | Freehand (Field-Tested)": {"sugprice": 11761.86625, "profit": 1142, "limit": 10615, "timest": 1704478005}, "\u2605 Shadow Daggers | Rust Coat (Battle-Scarred)": {"sugprice": 6948.837499999999, "profit": 350, "limit": 6271, "timest": 1704478132}, "\u2605 Gut Knife | Safari Mesh (Field-Tested)": {"sugprice": 7373.6641666666665, "profit": 387, "limit": 6654, "timest": 1704477963}, "StatTrak\u2122 P90 | Asiimov (Battle-Scarred)": {"sugprice": 1821, "profit": 119, "limit": 1643, "timest": 1704477760}, "\u2605 Hydra Gloves | Emerald (Field-Tested)": {"sugprice": 5014.769799999998, "profit": 317, "limit": 4525, "timest": 1704478019}, "StatTrak\u2122 SSG 08 | Bloodshot (Field-Tested)": {"sugprice": 1576.8742857142859, "profit": 103, "limit": 1423, "timest": 1704477769}, "\u2605 Bloodhound Gloves | Guerrilla (Battle-Scarred)": {"sugprice": 6402.202352941176, "profit": 428, "limit": 5777, "timest": 1704477883}, "USP-S | The Traitor (Minimal Wear)": {"sugprice": 1484.8009090909086, "profit": 108, "limit": 1340, "timest": 1704433521}, "StatTrak\u2122 SSG 08 | Turbo Peek (Field-Tested)": {"sugprice": 942, "profit": 104, "limit": 850, "timest": 1704441525}, "StatTrak\u2122 M4A4 | The Battlestar (Field-Tested)": {"sugprice": 1544, "profit": 160, "limit": 1393, "timest": 1704398324}, "StatTrak\u2122 M4A4 | Tooth Fairy (Field-Tested)": {"sugprice": 551.9122727272726, "profit": 122, "limit": 498, "timest": 1704477707}, "StatTrak\u2122 M4A4 | Tooth Fairy (Battle-Scarred)": {"sugprice": 598.6145454545456, "profit": 127, "limit": 540, "timest": 1704442486}, "\u2605 Hand Wraps | Giraffe (Battle-Scarred)": {"sugprice": 5976.938958333335, "profit": 417, "limit": 5394, "timest": 1704478004}, "\u2605 Bowie Knife | Rust Coat (Battle-Scarred)": {"sugprice": 8242.989285714286, "profit": 448, "limit": 7439, "timest": 1704429126}, "\u2605 Hand Wraps | Duct Tape (Field-Tested)": {"sugprice": 5199.426923076922, "profit": 289, "limit": 4692, "timest": 1704478001}, "\u2605 Driver Gloves | Queen Jaguar (Field-Tested)": {"sugprice": 6179.833333333333, "profit": 550, "limit": 5577, "timest": 1704477921}, "\u2605 Huntsman Knife | Ultraviolet (Field-Tested)": {"sugprice": 10148.720666666666, "profit": 493, "limit": 9159, "timest": 1704461516}, "\u2605 Navaja Knife | Stained (Battle-Scarred)": {"sugprice": 7407.035833333334, "profit": 647, "limit": 6684, "timest": 1704478098}, "\u2605 Moto Gloves | POW! (Battle-Scarred)": {"sugprice": 8727.568235294118, "profit": 515, "limit": 7876, "timest": 1704478069}, "\u2605 Gut Knife | Forest DDPAT (Field-Tested)": {"sugprice": 7773, "profit": 400, "limit": 7015, "timest": 1704477955}, "\u2605 Shadow Daggers | Scorched (Field-Tested)": {"sugprice": 7110.790000000001, "profit": 374, "limit": 6417, "timest": 1704478136}, "StatTrak\u2122 P250 | Cartel (Field-Tested)": {"sugprice": 1377.0687500000001, "profit": 101, "limit": 1242, "timest": 1704392285}, "\u2605 Shadow Daggers | Ultraviolet (Field-Tested)": {"sugprice": 8524.99153846154, "profit": 493, "limit": 7693, "timest": 1704471434}, "USP-S | Monster Mashup (Well-Worn)": {"sugprice": 1344.7127586206896, "profit": 109, "limit": 1213, "timest": 1704477843}, "StatTrak\u2122 USP-S | Neo-Noir (Battle-Scarred)": {"sugprice": 3143.6800000000003, "profit": 231, "limit": 2837, "timest": 1704477797}, "\u2605 Survival Knife | Boreal Forest (Field-Tested)": {"sugprice": 8140.706666666667, "profit": 451, "limit": 7346, "timest": 1704475742}, "StatTrak\u2122 MP9 | Hypnotic (Factory New)": {"sugprice": 3370.2697058823524, "profit": 262, "limit": 3041, "timest": 1704477737}, "\u2605 Broken Fang Gloves | Yellow-banded (Battle-Scarred)": {"sugprice": 5966.388863636362, "profit": 425, "limit": 5384, "timest": 1704477907}, "\u2605 Survival Knife | Forest DDPAT (Field-Tested)": {"sugprice": 7759.563076923077, "profit": 520, "limit": 7003, "timest": 1704425739},