{"StatTrak\u2122 USP-S | Monster Mashup (Battle-Scarred)": {"sugprice": 1824.290666666667, "profit": 155, "limit": 1646, "timest": 1707502672}, "StatTrak\u2122 USP-S | Caiman (Field-Tested)": {"sugprice": 5082.2, "profit": 254, "limit": 4586, "timest": 1707468170}, "StatTrak\u2122 USP-S | Overgrowth (Field-Tested)": {"sugprice": 4189, "profit": 212, "limit": 3780, "timest": 1707502680}, "\u2605 Paracord Knife | Scorched (Field-Tested)": {"sugprice": 7329.406363636363, "profit": 409, "limit": 6614, "timest": 1707503061}, "USP-S | Printstream (Well-Worn)": {"sugprice": 2407.1164444444444, "profit": 115, "limit": 2172, "timest": 1707480598}, "\u2605 Hand Wraps | Duct Tape (Well-Worn)": {"sugprice": 5205.452307692307, "profit": 248, "limit": 4697, "timest": 1707459368}, "StatTrak\u2122 USP-S | The Traitor (Battle-Scarred)": {"sugprice": 2250.1724324324323, "profit": 120, "limit": 2030, "timest": 1707486130}, "StatTrak\u2122 USP-S | The Traitor (Well-Worn)": {"sugprice": 2394.0106000000005, "profit": 161, "limit": 2160, "timest": 1707502691}, "\u2605 Driver Gloves | Queen Jaguar (Well-Worn)": {"sugprice": 5209.645, "profit": 264, "limit": 4701, "timest": 1707497237}, "\u2605 Shadow Daggers | Ultraviolet (Battle-Scarred)": {"sugprice": 7844.956, "profit": 383, "limit": 7080, "timest": 1707469260}, "\u2605 Specialist Gloves | Forest DDPAT (Battle-Scarred)": {"sugprice": 8305, "profit": 719, "limit": 7495, "timest": 1707503147}, "USP-S | Orion (Field-Tested)": {"sugprice": 3544.9004255319146, "profit": 172, "limit": 3199, "timest": 1707488939}, "USP-S | Whiteout (Battle-Scarred)": {"sugprice": 2000.4892000000004, "profit": 100, "limit": 1805, "timest": 1707479316}, "\u2605 Shadow Daggers | Forest DDPAT (Field-Tested)": {"sugprice": 6571.194761904763, "profit": 348, "limit": 5930, "timest": 1707424919}, "\u2605 Hydra Gloves | Case Hardened (Field-Tested)": {"sugprice": 8600.46111111111, "profit": 669, "limit": 7761, "timest": 1707472398}, "\u2605 Shadow Daggers | Boreal Forest (Field-Tested)": {"sugprice": 6544.631904761905, "profit": 345, "limit": 5906, "timest": 1707484569}, "StatTrak\u2122 P90 | Nostalgia (Battle-Scarred)": {"sugprice": 888.4866666666667, "profit": 165, "limit": 801, "timest": 1707502603}, "\u2605 Paracord Knife | Stained (Battle-Scarred)": {"sugprice": 10330.811874999998, "profit": 497, "limit": 9323, "timest": 1707482387}, "\u2605 Shadow Daggers | Safari Mesh (Field-Tested)": {"sugprice": 6488.2735294117665, "profit": 367, "limit": 5855, "timest": 1707503105}, "StatTrak\u2122 SSG 08 | Dragonfire (Field-Tested)": {"sugprice": 2734.7900000000004, "profit": 156, "limit": 2468, "timest": 1707502621}, "StatTrak\u2122 MP9 | Hypnotic (Factory New)": {"sugprice": 3017.8345454545456, "profit": 228, "limit": 2723, "timest": 1707486683}, "\u2605 Hand Wraps | Giraffe (Well-Worn)": {"sugprice": 5630.801111111111, "profit": 398, "limit": 5081, "timest": 1707485062}, "\u2605 Hand Wraps | Constrictor (Field-Tested)": {"sugprice": 4911.746190476191, "profit": 271, "limit": 4432, "timest": 1707470433}, "\u2605 Navaja Knife | Ultraviolet (Battle-Scarred)": {"sugprice": 6660.168571428572, "profit": 322, "limit": 6010, "timest": 1707478090}, "\u2605 Hydra Gloves | Rattler (Field-Tested)": {"sugprice": 4156.2117499999995, "profit": 286, "limit": 3750, "timest": 1707502991}, "USP-S | Kill Confirmed (Battle-Scarred)": {"sugprice": 2792.6476000000002, "profit": 133, "limit": 2520, "timest": 1707502725}, "\u2605 Gut Knife | Boreal Forest (Field-Tested)": {"sugprice": 7095.7699999999995, "profit": 478, "limit": 6403, "timest": 1707446276}, "StatTrak\u2122 P2000 | Imperial Dragon (Field-Tested)": {"sugprice": 696.8614285714285, "profit": 128, "limit": 628, "timest": 1707502578}, "\u2605 Specialist Gloves | Crimson Web (Battle-Scarred)": {"sugprice": 10660.266666666666, "profit": 511, "limit": 9620, "timest": 1707503137}, "\u2605 Driver Gloves | Racing Green (Well-Worn)": {"sugprice": 3773.2084999999997, "profit": 213, "limit": 3405, "timest": 1707453776}, "\u2605 Shadow Daggers | Night (Field-Tested)": {"sugprice": 6935.233636363637, "profit": 331, "limit": 6259, "timest": 1707448700}, "\u2605 Survival Knife | Stained (Battle-Scarred)": {"sugprice": 9478.232499999998, "profit": 452, "limit": 8554, "timest": 1707490733}, "\u2605 Hand Wraps | Arboreal (Field-Tested)": {"sugprice": 5683.199583333334, "profit": 289, "limit": 5129, "timest": 1707475230}, "\u2605 Huntsman Knife | Bright Water (Field-Tested)": {"sugprice": 9393.707692307693, "profit": 800, "limit": 8477, "timest": 1707495350}, "\u2605 Shadow Daggers | Tiger Tooth (Factory New)": {"sugprice": 13166, "profit": 641, "limit": 11882, "timest": 1707496826}, "\u2605 Survival Knife | Boreal Forest (Field-Tested)": {"sugprice": 7090.594210526317, "profit": 348, "limit": 6399, "timest": 1707494106}, "\u2605 Navaja Knife | Safari Mesh (Field-Tested)": {"sugprice": 6456.729399999999, "profit": 310, "limit": 5827, "timest": 1707503029}, "\u2605 Driver Gloves | Diamondback (Battle-Scarred)": {"sugprice": 6277.793529411765, "profit": 299, "limit": 5665, "timest": 1707489067}, "USP-S | Whiteout (Minimal Wear)": {"sugprice": 2869.7815384615383, "profit": 137, "limit": 2589, "timest": 1707438268}, "\u2605 Driver Gloves | Black Tie (Battle-Scarred)": {"sugprice": 9375.322000000002, "profit": 455, "limit": 8461, "timest": 1707491049}, "\u2605 Driver Gloves | Convoy (Battle-Scarred)": {"sugprice": 5610, "profit": 281, "limit": 5063, "timest": 1707431520}, "USP-S | Printstream (Minimal Wear)": {"sugprice": 4427.28052631579, "profit": 254, "limit": 3995, "timest": 1707490316}, "\u2605 Hydra Gloves | Case Hardened (Battle-Scarred)": {"sugprice": 7285.059090909091, "profit": 379, "limit": 6574, "timest": 1707502966}, "\u2605 Hand Wraps | Desert Shamagh (Battle-Scarred)": {"sugprice": 4508.2516, "profit": 226, "limit": 4068, "timest": 1707502937}, "USP-S | Printstream (Field-Tested)": {"sugprice": 2517.9440909090913, "profit": 120, "limit": 2272, "timest": 1707420455}, "StatTrak\u2122 P250 | Asiimov (Well-Worn)": {"sugprice": 731.2054166666667, "profit": 107, "limit": 659, "timest": 1707502584}, "USP-S | Serum (Field-Tested)": {"sugprice": 2629.394347826087, "profit": 149, "limit": 2373, "timest": 1707417663}, "\u2605 Specialist Gloves | Buckshot (Field-Tested)": {"sugprice": 5412.081, "profit": 279, "limit": 4884, "timest": 1707431156}, "StatTrak\u2122 Tec-9 | Decimator (Battle-Scarred)": {"sugprice": 1861.5, "profit": 104, "limit": 1680, "timest": 1707474190}, "\u2605 Navaja Knife | Tiger Tooth (Factory New)": {"sugprice": 12127.954615384613, "profit": 662, "limit": 10945, "timest": 1707501693}, "USP-S | Monster Mashup (Well-Worn)": {"sugprice": 1255.2748148148148, "profit": 100, "limit": 1132, "timest": 1707438828}, "\u2605 Gut Knife | Safari Mesh (Field-Tested)": {"sugprice": 7095.881923076925, "profit": 409, "limit": 6404, "timest": 1707432913}, "StatTrak\u2122 MP7 | Bloodsport (Factory New)": {"sugprice": 1352.6599999999999, "profit": 187, "limit": 1220, "timest": 1707502564}, "\u2605 Shadow Daggers | Ultraviolet (Field-Tested)": {"sugprice": 8684.953684210526, "profit": 454, "limit": 7838, "timest": 1707498996}, "\u2605 Hand Wraps | CAUTION! (Battle-Scarred)": {"sugprice": 13621.815454545453, "profit": 1125, "limit": 12293, "timest": 1707485038}, "StatTrak\u2122 USP-S | Neo-Noir (Field-Tested)": {"sugprice": 3139.8899999999994, "profit": 380, "limit": 2833, "timest": 1707502678}, "StatTrak\u2122 P250 | Cartel (Field-Tested)": {"sugprice": 1063.45, "profit": 100, "limit": 959, "timest": 1707496960}, "\u2605 Shadow Daggers | Black Laminate (Field-Tested)": {"sugprice": 6760.074117647058, "profit": 422, "limit": 6100, "timest": 1707491319}, "\u2605 Paracord Knife | Forest DDPAT (Battle-Scarred)": {"sugprice": 7582.54375, "profit": 433, "limit": 6843, "timest": 1707503054}, "\u2605 Navaja Knife | Doppler (Factory New)": {"sugprice": 16489.8, "profit": 837, "limit": 14882, "timest": 1707467895},