{"StatTrak\u2122 M4A1-S | Player Two (Battle-Scarred)": {"sugprice": 3450.997307692308, "profit": 290, "limit": 3114, "timest": 1697672734}, "StatTrak\u2122 M4A4 | Buzz Kill (Battle-Scarred)": {"sugprice": 2277.154285714286, "profit": 219, "limit": 2055, "timest": 1697672736}, "StatTrak\u2122 M4A4 | Desolate Space (Field-Tested)": {"sugprice": 1918.0594736842104, "profit": 162, "limit": 1731, "timest": 1697672746}, "StatTrak\u2122 M4A4 | Griffin (Battle-Scarred)": {"sugprice": 593.8, "profit": 134, "limit": 535, "timest": 1697672755}, "StatTrak\u2122 M4A4 | In Living Color (Field-Tested)": {"sugprice": 1546.6974999999998, "profit": 101, "limit": 1395, "timest": 1697649608}, "StatTrak\u2122 M4A4 | Tooth Fairy (Well-Worn)": {"sugprice": 922, "profit": 206, "limit": 832, "timest": 1697672876}, "StatTrak\u2122 M4A4 | X-Ray (Minimal Wear)": {"sugprice": 5546.415714285715, "profit": 536, "limit": 5005, "timest": 1697672878}, "StatTrak\u2122 M4A4 | \u9f8d\u738b (Dragon King) (Field-Tested)": {"sugprice": 1781, "profit": 101, "limit": 1607, "timest": 1697672883}, "StatTrak\u2122 MAC-10 | Neon Rider (Factory New)": {"sugprice": 3440.174444444445, "profit": 233, "limit": 3104, "timest": 1697672891}, "StatTrak\u2122 MP7 | Bloodsport (Factory New)": {"sugprice": 1792.9900000000002, "profit": 251, "limit": 1618, "timest": 1697663786}, "StatTrak\u2122 MP9 | Hydra (Battle-Scarred)": {"sugprice": 819.5048571428572, "profit": 140, "limit": 739, "timest": 1697672981}, "StatTrak\u2122 P250 | Muertos (Battle-Scarred)": {"sugprice": 1272.6100000000001, "profit": 137, "limit": 1148, "timest": 1697672999}, "StatTrak\u2122 Tec-9 | Decimator (Battle-Scarred)": {"sugprice": 2039.0849999999998, "profit": 230, "limit": 1840, "timest": 1697673065}, "StatTrak\u2122 USP-S | Blueprint (Field-Tested)": {"sugprice": 1376.5105555555556, "profit": 144, "limit": 1242, "timest": 1697673089}, "StatTrak\u2122 USP-S | Monster Mashup (Battle-Scarred)": {"sugprice": 2076.4945454545464, "profit": 172, "limit": 1874, "timest": 1697673115}, "StatTrak\u2122 USP-S | Neo-Noir (Battle-Scarred)": {"sugprice": 3241.5280000000002, "profit": 206, "limit": 2925, "timest": 1697673117}, "USP-S | Kill Confirmed (Well-Worn)": {"sugprice": 4223.623124999999, "profit": 390, "limit": 3811, "timest": 1697673179}, "USP-S | Monster Mashup (Well-Worn)": {"sugprice": 1980, "profit": 118, "limit": 1786, "timest": 1697673185}, "USP-S | Overgrowth (Field-Tested)": {"sugprice": 2565.134210526316, "profit": 144, "limit": 2315, "timest": 1697671085}, "USP-S | Printstream (Well-Worn)": {"sugprice": 4405, "profit": 284, "limit": 3975, "timest": 1697662087}, "USP-S | The Traitor (Minimal Wear)": {"sugprice": 2069, "profit": 126, "limit": 1867, "timest": 1697673229}, "\u2605 Bloodhound Gloves | Bronzed (Battle-Scarred)": {"sugprice": 7595.988, "profit": 583, "limit": 6855, "timest": 1697673243}, "\u2605 Broken Fang Gloves | Jade (Battle-Scarred)": {"sugprice": 9714.421666666667, "profit": 973, "limit": 8767, "timest": 1697673247}, "\u2605 Driver Gloves | Queen Jaguar (Battle-Scarred)": {"sugprice": 7462.273157894737, "profit": 358, "limit": 6734, "timest": 1697672580}, "\u2605 Driver Gloves | Queen Jaguar (Well-Worn)": {"sugprice": 8206.878571428573, "profit": 686, "limit": 7406, "timest": 1697673263}, "\u2605 Gut Knife | Rust Coat (Battle-Scarred)": {"sugprice": 9994.63833333333, "profit": 782, "limit": 9020, "timest": 1697673271}, "\u2605 Hand Wraps | Arboreal (Field-Tested)": {"sugprice": 7670.48875, "profit": 586, "limit": 6922, "timest": 1697665658}, "\u2605 Hand Wraps | Duct Tape (Field-Tested)": {"sugprice": 6424.600769230768, "profit": 435, "limit": 5798, "timest": 1697673279}, "\u2605 Hydra Gloves | Case Hardened (Battle-Scarred)": {"sugprice": 8402.799285714287, "profit": 436, "limit": 7583, "timest": 1697673285}, "\u2605 Hydra Gloves | Rattler (Well-Worn)": {"sugprice": 6594.204615384616, "profit": 585, "limit": 5951, "timest": 1697673299}, "\u2605 Moto Gloves | Transport (Well-Worn)": {"sugprice": 8155.653333333332, "profit": 844, "limit": 7360, "timest": 1697673309}, "\u2605 Moto Gloves | Turtle (Battle-Scarred)": {"sugprice": 11199.305833333332, "profit": 719, "limit": 10107, "timest": 1697669163}, "\u2605 Navaja Knife | Scorched (Field-Tested)": {"sugprice": 9139.173157894737, "profit": 679, "limit": 8248, "timest": 1697673319}, "\u2605 Navaja Knife | Ultraviolet (Field-Tested)": {"sugprice": 9911.502941176472, "profit": 497, "limit": 8945, "timest": 1697673320}, "\u2605 Shadow Daggers | Safari Mesh (Field-Tested)": {"sugprice": 9703, "profit": 542, "limit": 8756, "timest": 1697662229}, "\u2605 Specialist Gloves | Fade (Battle-Scarred)": {"sugprice": 18076.446666666667, "profit": 867, "limit": 16313, "timest": 1697653153}, "\u2605 Survival Knife | Safari Mesh (Field-Tested)": {"sugprice": 10400.341666666669, "profit": 940, "limit": 9386, "timest": 1697672660}, "StatTrak\u2122 M4A4 | Neo-Noir (Well-Worn)": {"sugprice": 1255.264375, "profit": 130, "limit": 1132, "timest": 1697672821}, "StatTrak\u2122 M4A4 | Spider Lily (Well-Worn)": {"sugprice": 548.7479999999999, "profit": 102, "limit": 495, "timest": 1697651973}, "StatTrak\u2122 P250 | Muertos (Field-Tested)": {"sugprice": 1258.828148148148, "profit": 111, "limit": 1136, "timest": 1697673001}, "USP-S | Orion (Field-Tested)": {"sugprice": 4689.917045454546, "profit": 244, "limit": 4232, "timest": 1697673195}, "USP-S | Whiteout (Well-Worn)": {"sugprice": 2209.995, "profit": 211, "limit": 1994, "timest": 1697673237}, "StatTrak\u2122 MP7 | Bloodsport (Well-Worn)": {"sugprice": 745.1008333333333, "profit": 156, "limit": 672, "timest": 1697655345}, "USP-S | Kill Confirmed (Field-Tested)": {"sugprice": 4463, "profit": 219, "limit": 4027, "timest": 1697662043}, "USP-S | Royal Blue (Minimal Wear)": {"sugprice": 1124, "profit": 103, "limit": 1014, "timest": 1697666279}, "StatTrak\u2122 M4A4 | Neo-Noir (Field-Tested)": {"sugprice": 1507.9170000000001, "profit": 140, "limit": 1360, "timest": 1697672819}, "\u2605 Paracord Knife | Forest DDPAT (Field-Tested)": {"sugprice": 11425.529166666667, "profit": 551, "limit": 10311, "timest": 1697662875}, "StatTrak\u2122 M4A4 | The Battlestar (Field-Tested)": {"sugprice": 1563.3817647058822, "profit": 178, "limit": 1410, "timest": 1697672858}, "StatTrak\u2122 MAC-10 | Stalker (Battle-Scarred)": {"sugprice": 2496.9755555555553, "profit": 257, "limit": 2253, "timest": 1697672897}, "\u2605 Moto Gloves | Blood Pressure (Battle-Scarred)": {"sugprice": 9226.00625, "profit": 643, "limit": 8326, "timest": 1697673303}, "StatTrak\u2122 USP-S | Blueprint (Battle-Scarred)": {"sugprice": 1251.9763414634149, "profit": 209, "limit": 1129, "timest": 1697673087}, "StatTrak\u2122 M4A4 | Cyber Security (Field-Tested)": {"sugprice": 2671.6315151515155, "profit": 248, "limit": 2411, "timest": 1697672740}, "StatTrak\u2122 P90 | Neoqueen (Factory New)": {"sugprice": 691.6715384615386, "profit": 115, "limit": 624, "timest": 1697673023}, "\u2605 Driver Gloves | Racing Green (Battle-Scarred)": {"sugprice": 5169.14534883721, "profit": 326, "limit": 4665, "timest": 1697673264}, "StatTrak\u2122 USP-S | Guardian (Minimal Wear)": {"sugprice": 821.9285714285714, "profit": 119, "limit": 741, "timest": 1697669660}, "\u2605 Broken Fang Gloves | Jade (Field-Tested)": {"sugprice": 12057.095833333333, "profit": 815, "limit": 10881, "timest": 1697673249}, "\u2605 Hydra Gloves | Case Hardened (Field-Tested)": {"sugprice": 10963.42375, "profit": 610, "limit": 9894, "timest": 1697673287}, "StatTrak\u2122 M4A1-S | Mecha Industries (Battle-Scarred)": {"sugprice": 4821.207333333334, "profit": 240, "limit": 4351, "timest": 1697662297}, "StatTrak\u2122 M4A1-S | Nightmare (Well-Worn)": {"sugprice": 2048.558461538462, "profit": 210, "limit": 1848, "timest": 1697672732}, "StatTrak\u2122 M4A4 | Buzz Kill (Field-Tested)": {"sugprice": 2418.6411111111106, "profit": 147, "limit": 2182, "timest": 1697672737},