{"StatTrak\u2122 USP-S | Neo-Noir (Battle-Scarred)": {"sugprice": 2952.8820000000005, "profit": 141, "limit": 2664, "timest": 1703529047}, "StatTrak\u2122 USP-S | Neo-Noir (Field-Tested)": {"sugprice": 3105.1430434782606, "profit": 266, "limit": 2802, "timest": 1703533797}, "StatTrak\u2122 USP-S | The Traitor (Battle-Scarred)": {"sugprice": 2095.698958333334, "profit": 120, "limit": 1891, "timest": 1703533803}, "Tec-9 | Nuclear Threat (Battle-Scarred)": {"sugprice": 3180.07625, "profit": 201, "limit": 2870, "timest": 1703533809}, "USP-S | Kill Confirmed (Well-Worn)": {"sugprice": 3097.8240425531912, "profit": 158, "limit": 2795, "timest": 1703533838}, "USP-S | Neo-Noir (Factory New)": {"sugprice": 3133.992666666667, "profit": 174, "limit": 2828, "timest": 1703533842}, "\u2605 Broken Fang Gloves | Yellow-banded (Battle-Scarred)": {"sugprice": 6220.901999999998, "profit": 454, "limit": 5614, "timest": 1703533901}, "\u2605 Driver Gloves | Convoy (Field-Tested)": {"sugprice": 6414.209999999999, "profit": 393, "limit": 5788, "timest": 1703533907}, "\u2605 Hand Wraps | Badlands (Battle-Scarred)": {"sugprice": 7512.6725, "profit": 675, "limit": 6780, "timest": 1703532318}, "\u2605 Hydra Gloves | Mangrove (Field-Tested)": {"sugprice": 3984.5006000000008, "profit": 202, "limit": 3596, "timest": 1703520196}, "\u2605 Moto Gloves | Smoke Out (Battle-Scarred)": {"sugprice": 6906.402962962962, "profit": 401, "limit": 6233, "timest": 1703532872}, "\u2605 Moto Gloves | Transport (Field-Tested)": {"sugprice": 5572.874090909091, "profit": 272, "limit": 5029, "timest": 1703534015}, "\u2605 Navaja Knife | Scorched (Field-Tested)": {"sugprice": 6957.482857142856, "profit": 430, "limit": 6279, "timest": 1703534031}, "\u2605 Navaja Knife | Urban Masked (Field-Tested)": {"sugprice": 6854.799999999999, "profit": 342, "limit": 6186, "timest": 1703466419}, "\u2605 Shadow Daggers | Freehand (Field-Tested)": {"sugprice": 9073.390952380953, "profit": 461, "limit": 8188, "timest": 1703531462}, "StatTrak\u2122 M4A4 | X-Ray (Minimal Wear)": {"sugprice": 4571.9009090909085, "profit": 271, "limit": 4126, "timest": 1703533709}, "\u2605 Hydra Gloves | Rattler (Field-Tested)": {"sugprice": 4088.3821999999986, "profit": 249, "limit": 3689, "timest": 1703533991}, "\u2605 Driver Gloves | Racing Green (Field-Tested)": {"sugprice": 3858.9687999999996, "profit": 288, "limit": 3482, "timest": 1703533919}, "\u2605 Shadow Daggers | Boreal Forest (Field-Tested)": {"sugprice": 7010.3495454545455, "profit": 504, "limit": 6326, "timest": 1703534055}, "\u2605 Bloodhound Gloves | Bronzed (Field-Tested)": {"sugprice": 6229.864666666667, "profit": 298, "limit": 5622, "timest": 1703533877}, "StatTrak\u2122 USP-S | Monster Mashup (Battle-Scarred)": {"sugprice": 1851, "profit": 107, "limit": 1670, "timest": 1703533791}, "StatTrak\u2122 P250 | Muertos (Field-Tested)": {"sugprice": 1059.41, "profit": 123, "limit": 956, "timest": 1703519898}, "StatTrak\u2122 USP-S | The Traitor (Well-Worn)": {"sugprice": 2128.013529411765, "profit": 107, "limit": 1920, "timest": 1703533805}, "\u2605 Hydra Gloves | Mangrove (Battle-Scarred)": {"sugprice": 3968.092600000001, "profit": 231, "limit": 3581, "timest": 1703533983}, "StatTrak\u2122 USP-S | Stainless (Battle-Scarred)": {"sugprice": 1121.6113636363634, "profit": 102, "limit": 1012, "timest": 1703511562}, "USP-S | Printstream (Field-Tested)": {"sugprice": 2684.375833333333, "profit": 129, "limit": 2422, "timest": 1703506685}, "\u2605 Hand Wraps | Arboreal (Battle-Scarred)": {"sugprice": 5193.282121212122, "profit": 258, "limit": 4686, "timest": 1703531825}, "\u2605 Shadow Daggers | Forest DDPAT (Field-Tested)": {"sugprice": 7140.033333333333, "profit": 431, "limit": 6443, "timest": 1703534061}, "\u2605 Hand Wraps | Duct Tape (Battle-Scarred)": {"sugprice": 5098.0395238095225, "profit": 254, "limit": 4600, "timest": 1703533961}, "\u2605 Bloodhound Gloves | Snakebite (Battle-Scarred)": {"sugprice": 6159.917272727273, "profit": 351, "limit": 5559, "timest": 1703533883}, "USP-S | Printstream (Minimal Wear)": {"sugprice": 4389.261199999999, "profit": 211, "limit": 3961, "timest": 1703533857}, "\u2605 Huntsman Knife | Ultraviolet (Field-Tested)": {"sugprice": 9801, "profit": 636, "limit": 8845, "timest": 1703533973}, "\u2605 Navaja Knife | Ultraviolet (Battle-Scarred)": {"sugprice": 7058.132142857144, "profit": 554, "limit": 6369, "timest": 1703510642}, "USP-S | Neo-Noir (Well-Worn)": {"sugprice": 1331.8355999999997, "profit": 107, "limit": 1201, "timest": 1703461108}, "\u2605 Hydra Gloves | Rattler (Well-Worn)": {"sugprice": 4637.980000000001, "profit": 268, "limit": 4185, "timest": 1703533993}, "\u2605 Falchion Knife | Ultraviolet (Battle-Scarred)": {"sugprice": 9896.000454545454, "profit": 759, "limit": 8931, "timest": 1703525850}, "\u2605 Navaja Knife | Safari Mesh (Field-Tested)": {"sugprice": 7002.2598, "profit": 393, "limit": 6319, "timest": 1703534029}, "StatTrak\u2122 Tec-9 | Decimator (Battle-Scarred)": {"sugprice": 1849.7972727272727, "profit": 105, "limit": 1669, "timest": 1703533777}, "\u2605 Moto Gloves | Finish Line (Battle-Scarred)": {"sugprice": 6957.195862068963, "profit": 477, "limit": 6278, "timest": 1703534005}, "\u2605 Shadow Daggers | Bright Water (Field-Tested)": {"sugprice": 7544.286666666665, "profit": 441, "limit": 6808, "timest": 1703534057}, "\u2605 Moto Gloves | Turtle (Battle-Scarred)": {"sugprice": 7692.3025, "profit": 483, "limit": 6942, "timest": 1703534017}, "\u2605 Navaja Knife | Stained (Well-Worn)": {"sugprice": 7011.23125, "profit": 497, "limit": 6327, "timest": 1703500961}, "\u2605 Bowie Knife | Rust Coat (Battle-Scarred)": {"sugprice": 7918.31, "profit": 421, "limit": 7146, "timest": 1703523842}, "StatTrak\u2122 USP-S | Monster Mashup (Field-Tested)": {"sugprice": 1958.6147368421052, "profit": 152, "limit": 1767, "timest": 1703533793}, "\u2605 Paracord Knife | Forest DDPAT (Field-Tested)": {"sugprice": 8064.496818181819, "profit": 395, "limit": 7278, "timest": 1703534047}, "\u2605 Survival Knife | Boreal Forest (Field-Tested)": {"sugprice": 7431.881875, "profit": 358, "limit": 6707, "timest": 1703534085}, "\u2605 Navaja Knife | Night Stripe (Field-Tested)": {"sugprice": 7009.2083999999995, "profit": 422, "limit": 6325, "timest": 1703534023}, "\u2605 Shadow Daggers | Rust Coat (Battle-Scarred)": {"sugprice": 6753.345217391303, "profit": 333, "limit": 6094, "timest": 1703516209}, "\u2605 Hydra Gloves | Emerald (Well-Worn)": {"sugprice": 4631.839411764706, "profit": 241, "limit": 4180, "timest": 1703533981}, "\u2605 Moto Gloves | Boom! (Battle-Scarred)": {"sugprice": 7389.433636363636, "profit": 361, "limit": 6668, "timest": 1703519177}, "\u2605 Specialist Gloves | Fade (Battle-Scarred)": {"sugprice": 15090.955217391305, "profit": 1473, "limit": 13619, "timest": 1703534077}, "USP-S | Para Green (Battle-Scarred)": {"sugprice": 695, "profit": 168, "limit": 627, "timest": 1703533852}, "\u2605 Shadow Daggers | Ultraviolet (Battle-Scarred)": {"sugprice": 7812.19619047619, "profit": 372, "limit": 7050, "timest": 1703482765}, "USP-S | Orion (Field-Tested)": {"sugprice": 3988.015263157896, "profit": 224, "limit": 3599, "timest": 1703451449}, "USP-S | Kill Confirmed (Battle-Scarred)": {"sugprice": 3053.1840000000007, "profit": 235, "limit": 2755, "timest": 1703533288}, "\u2605 Driver Gloves | Overtake (Battle-Scarred)": {"sugprice": 6486.2304651162785, "profit": 345, "limit": 5853, "timest": 1703491934}, "USP-S | Monster Mashup (Well-Worn)": {"sugprice": 1242.5422727272728, "profit": 103, "limit": 1121, "timest": 1703519992}, "\u2605 Shadow Daggers | Safari Mesh (Field-Tested)": {"sugprice": 6907.533548387097, "profit": 406, "limit": 6234, "timest": 1703454562}, "StatTrak\u2122 P90 | Asiimov (Battle-Scarred)": {"sugprice": 1883.8417241379307, "profit": 103, "limit": 1700, "timest": 1703533757}, "\u2605 Moto Gloves | Transport (Battle-Scarred)": {"sugprice": 5246.230799999999, "profit": 255, "limit": 4734, "timest": 1703534013},