{"USP-S | Kill Confirmed (Well-Worn)": {"sugprice": 3217.692, "profit": 186, "limit": 2903, "timest": 1701956377}, "\u2605 Hydra Gloves | Rattler (Field-Tested)": {"sugprice": 4315.4529999999995, "profit": 222, "limit": 3894, "timest": 1701956870}, "\u2605 Moto Gloves | Transport (Battle-Scarred)": {"sugprice": 5343.168, "profit": 255, "limit": 4822, "timest": 1701956927}, "\u2605 Broken Fang Gloves | Unhinged (Battle-Scarred)": {"sugprice": 5190.0114, "profit": 299, "limit": 4683, "timest": 1701956585}, "StatTrak\u2122 SSG 08 | Dragonfire (Field-Tested)": {"sugprice": 3120.881777777778, "profit": 149, "limit": 2816, "timest": 1701917604}, "\u2605 Bloodhound Gloves | Guerrilla (Field-Tested)": {"sugprice": 6134.446129032258, "profit": 476, "limit": 5536, "timest": 1701933455}, "StatTrak\u2122 USP-S | The Traitor (Battle-Scarred)": {"sugprice": 2231.6924, "profit": 136, "limit": 2014, "timest": 1701956296}, "\u2605 Moto Gloves | Turtle (Battle-Scarred)": {"sugprice": 7968.975200000002, "profit": 395, "limit": 7192, "timest": 1701949229}, "\u2605 Bloodhound Gloves | Bronzed (Field-Tested)": {"sugprice": 6229.507894736842, "profit": 304, "limit": 5622, "timest": 1701921446}, "\u2605 Moto Gloves | Blood Pressure (Battle-Scarred)": {"sugprice": 8525.960000000003, "profit": 440, "limit": 7694, "timest": 1701922126}, "\u2605 Gut Knife | Safari Mesh (Field-Tested)": {"sugprice": 7354.034000000001, "profit": 449, "limit": 6637, "timest": 1701953747}, "\u2605 Gut Knife | Freehand (Field-Tested)": {"sugprice": 9173.092857142858, "profit": 442, "limit": 8278, "timest": 1701920956}, "USP-S | Neo-Noir (Factory New)": {"sugprice": 3219.9206666666664, "profit": 214, "limit": 2905, "timest": 1701956384}, "\u2605 Driver Gloves | Convoy (Field-Tested)": {"sugprice": 6344, "profit": 362, "limit": 5725, "timest": 1701956621}, "\u2605 Hand Wraps | Constrictor (Well-Worn)": {"sugprice": 4965.155925925926, "profit": 359, "limit": 4481, "timest": 1701892104}, "\u2605 Specialist Gloves | Fade (Battle-Scarred)": {"sugprice": 15515.610666666664, "profit": 1287, "limit": 14002, "timest": 1701957187}, "Tec-9 | Nuclear Threat (Battle-Scarred)": {"sugprice": 3053.284, "profit": 164, "limit": 2755, "timest": 1701956325}, "USP-S | Purple DDPAT (Minimal Wear)": {"sugprice": 1005.5120000000001, "profit": 104, "limit": 907, "timest": 1701893464}, "StatTrak\u2122 M4A4 | Neo-Noir (Well-Worn)": {"sugprice": 1007.4715384615386, "profit": 110, "limit": 909, "timest": 1701936609}, "StatTrak\u2122 M4A4 | \u9f8d\u738b (Dragon King) (Field-Tested)": {"sugprice": 1613.1427272727271, "profit": 118, "limit": 1455, "timest": 1701955991}, "\u2605 Bloodhound Gloves | Bronzed (Battle-Scarred)": {"sugprice": 6344.944210526316, "profit": 373, "limit": 5726, "timest": 1701946643}, "\u2605 Navaja Knife | Marble Fade (Factory New)": {"sugprice": 15345, "profit": 757, "limit": 13848, "timest": 1701955666}, "\u2605 Shadow Daggers | Scorched (Field-Tested)": {"sugprice": 6997.043636363637, "profit": 346, "limit": 6314, "timest": 1701957148}, "StatTrak\u2122 M4A4 | The Battlestar (Field-Tested)": {"sugprice": 1522.9889473684211, "profit": 100, "limit": 1374, "timest": 1701954482}, "StatTrak\u2122 M4A4 | The Emperor (Battle-Scarred)": {"sugprice": 2633.384, "profit": 141, "limit": 2376, "timest": 1701919188}, "\u2605 Driver Gloves | Racing Green (Field-Tested)": {"sugprice": 4165.754600000001, "profit": 273, "limit": 3759, "timest": 1701956662}, "StatTrak\u2122 M4A4 | Temukau (Battle-Scarred)": {"sugprice": 2238, "profit": 115, "limit": 2019, "timest": 1701955955}, "\u2605 Hand Wraps | Constrictor (Battle-Scarred)": {"sugprice": 4945.84875, "profit": 367, "limit": 4463, "timest": 1701949113}, "\u2605 Shadow Daggers | Black Laminate (Well-Worn)": {"sugprice": 7720.9722222222235, "profit": 513, "limit": 6968, "timest": 1701950258}, "USP-S | Monster Mashup (Minimal Wear)": {"sugprice": 1987.8566666666666, "profit": 103, "limit": 1794, "timest": 1701952128}, "\u2605 Shadow Daggers | Freehand (Field-Tested)": {"sugprice": 9442.164571428573, "profit": 641, "limit": 8521, "timest": 1701957124}, "\u2605 Bloodhound Gloves | Guerrilla (Battle-Scarred)": {"sugprice": 6223.620000000001, "profit": 359, "limit": 5616, "timest": 1701956528}, "\u2605 Driver Gloves | Convoy (Battle-Scarred)": {"sugprice": 6394.831481481479, "profit": 429, "limit": 5771, "timest": 1701956618}, "\u2605 Gut Knife | Boreal Forest (Field-Tested)": {"sugprice": 7592.953846153846, "profit": 423, "limit": 6852, "timest": 1701935782}, "\u2605 Navaja Knife | Urban Masked (Field-Tested)": {"sugprice": 6920.400952380953, "profit": 416, "limit": 6245, "timest": 1701937494}, "\u2605 Navaja Knife | Boreal Forest (Field-Tested)": {"sugprice": 6914.779999999999, "profit": 381, "limit": 6240, "timest": 1701913222}, "\u2605 Shadow Daggers | Boreal Forest (Field-Tested)": {"sugprice": 7278.676666666665, "profit": 350, "limit": 6569, "timest": 1701954118}, "\u2605 Gut Knife | Bright Water (Field-Tested)": {"sugprice": 8435.948823529412, "profit": 563, "limit": 7613, "timest": 1701952361}, "\u2605 Hydra Gloves | Rattler (Well-Worn)": {"sugprice": 4485.394666666666, "profit": 301, "limit": 4048, "timest": 1701927507}, "StatTrak\u2122 M4A4 | In Living Color (Field-Tested)": {"sugprice": 1300.9977777777776, "profit": 103, "limit": 1174, "timest": 1701919146}, "\u2605 Driver Gloves | Queen Jaguar (Field-Tested)": {"sugprice": 6418.386923076923, "profit": 355, "limit": 5792, "timest": 1701946681}, "\u2605 Survival Knife | Scorched (Field-Tested)": {"sugprice": 7895.275, "profit": 494, "limit": 7125, "timest": 1701894581}, "\u2605 Bloodhound Gloves | Snakebite (Field-Tested)": {"sugprice": 6265.879444444446, "profit": 342, "limit": 5654, "timest": 1701956542}, "StatTrak\u2122 USP-S | Neo-Noir (Battle-Scarred)": {"sugprice": 3056.620666666667, "profit": 207, "limit": 2758, "timest": 1701956267}, "\u2605 Specialist Gloves | Forest DDPAT (Battle-Scarred)": {"sugprice": 8865.588235294117, "profit": 766, "limit": 8001, "timest": 1701957189}, "\u2605 Moto Gloves | Smoke Out (Battle-Scarred)": {"sugprice": 8083.479000000001, "profit": 451, "limit": 7295, "timest": 1701956917}, "\u2605 Hand Wraps | Giraffe (Battle-Scarred)": {"sugprice": 6313.532121212122, "profit": 313, "limit": 5697, "timest": 1701940098}, "\u2605 Gut Knife | Rust Coat (Battle-Scarred)": {"sugprice": 7817.153684210525, "profit": 454, "limit": 7054, "timest": 1701899773}, "\u2605 Shadow Daggers | Forest DDPAT (Field-Tested)": {"sugprice": 7207.8600000000015, "profit": 343, "limit": 6505, "timest": 1701949401}, "\u2605 Gut Knife | Forest DDPAT (Field-Tested)": {"sugprice": 7651.48388888889, "profit": 502, "limit": 6905, "timest": 1701956699}, "USP-S | Printstream (Field-Tested)": {"sugprice": 3088.787804878049, "profit": 147, "limit": 2787, "timest": 1701952172}, "StatTrak\u2122 SSG 08 | Bloodshot (Field-Tested)": {"sugprice": 1727.641111111111, "profit": 107, "limit": 1559, "timest": 1701911311}, "\u2605 Navaja Knife | Rust Coat (Battle-Scarred)": {"sugprice": 7031.362187500001, "profit": 359, "limit": 6345, "timest": 1701951249}, "\u2605 Bloodhound Gloves | Charred (Field-Tested)": {"sugprice": 8299.277333333332, "profit": 401, "limit": 7490, "timest": 1701881016}, "StatTrak\u2122 PP-Bizon | Judgement of Anubis (Field-Tested)": {"sugprice": 1239, "profit": 227, "limit": 1118, "timest": 1701956168}, "\u2605 Navaja Knife | Night Stripe (Field-Tested)": {"sugprice": 6904.088125, "profit": 358, "limit": 6230, "timest": 1701956987}, "\u2605 Paracord Knife | Forest DDPAT (Field-Tested)": {"sugprice": 8247.079999999998, "profit": 424, "limit": 7442, "timest": 1701957071}, "\u2605 Shadow Daggers | Ultraviolet (Field-Tested)": {"sugprice": 8910, "profit": 454, "limit": 8041, "timest": 1701950302}, "\u2605 Survival Knife | Forest DDPAT (Field-Tested)": {"sugprice": 8074.56, "profit": 385, "limit": 7287, "timest": 1701952763}, "\u2605 Hydra Gloves | Emerald (Field-Tested)": {"sugprice": 4787.976999999998, "profit": 259,