{"USP-S | Kill Confirmed (Well-Worn)": {"sugprice": 3078.6575000000003, "profit": 150, "limit": 2778, "timest": 1701658419}, "\u2605 Navaja Knife | Scorched (Field-Tested)": {"sugprice": 6759.406875, "profit": 381, "limit": 6100, "timest": 1701621721}, "\u2605 Driver Gloves | Racing Green (Battle-Scarred)": {"sugprice": 3784.146666666666, "profit": 206, "limit": 3415, "timest": 1701628786}, "\u2605 Hydra Gloves | Rattler (Field-Tested)": {"sugprice": 4157.269574468086, "profit": 202, "limit": 3751, "timest": 1701638663}, "\u2605 Moto Gloves | Transport (Battle-Scarred)": {"sugprice": 5396.9738, "profit": 273, "limit": 4870, "timest": 1701662757}, "\u2605 Broken Fang Gloves | Unhinged (Battle-Scarred)": {"sugprice": 5257.7906, "profit": 254, "limit": 4745, "timest": 1701669465}, "USP-S | Neo-Noir (Well-Worn)": {"sugprice": 1568.2752631578949, "profit": 173, "limit": 1415, "timest": 1701669378}, "StatTrak\u2122 SSG 08 | Dragonfire (Field-Tested)": {"sugprice": 3145.0653571428566, "profit": 163, "limit": 2838, "timest": 1701669280}, "StatTrak\u2122 USP-S | Neo-Noir (Field-Tested)": {"sugprice": 3161.3599999999997, "profit": 170, "limit": 2853, "timest": 1701664932}, "\u2605 Bloodhound Gloves | Guerrilla (Field-Tested)": {"sugprice": 6291.619545454546, "profit": 327, "limit": 5678, "timest": 1701669447}, "\u2605 Hand Wraps | Constrictor (Field-Tested)": {"sugprice": 5047.095161290323, "profit": 244, "limit": 4555, "timest": 1701669529}, "\u2605 Hand Wraps | Desert Shamagh (Well-Worn)": {"sugprice": 5029.450588235294, "profit": 280, "limit": 4539, "timest": 1701669539}, "StatTrak\u2122 USP-S | The Traitor (Battle-Scarred)": {"sugprice": 2038.2297959183682, "profit": 107, "limit": 1839, "timest": 1701669320}, "\u2605 Moto Gloves | Turtle (Battle-Scarred)": {"sugprice": 7917.685624999998, "profit": 450, "limit": 7145, "timest": 1701662760}, "StatTrak\u2122 USP-S | Printstream (Battle-Scarred)": {"sugprice": 4452.149444444444, "profit": 214, "limit": 4018, "timest": 1701592252}, "StatTrak\u2122 USP-S | Monster Mashup (Field-Tested)": {"sugprice": 1934.632272727273, "profit": 164, "limit": 1746, "timest": 1701669308}, "\u2605 Bloodhound Gloves | Bronzed (Field-Tested)": {"sugprice": 6391.963684210527, "profit": 347, "limit": 5768, "timest": 1701669439}, "\u2605 Hydra Gloves | Emerald (Battle-Scarred)": {"sugprice": 4761.032599999999, "profit": 292, "limit": 4296, "timest": 1701669570}, "\u2605 Moto Gloves | Blood Pressure (Battle-Scarred)": {"sugprice": 8800.356818181817, "profit": 516, "limit": 7942, "timest": 1701669598}, "\u2605 Paracord Knife | Scorched (Field-Tested)": {"sugprice": 7528.806666666666, "profit": 374, "limit": 6794, "timest": 1701669656}, "\u2605 Moto Gloves | Finish Line (Battle-Scarred)": {"sugprice": 6879.533636363636, "profit": 353, "limit": 6208, "timest": 1701661802}, "\u2605 Hand Wraps | Duct Tape (Battle-Scarred)": {"sugprice": 5200.8264, "profit": 253, "limit": 4693, "timest": 1701624863}, "\u2605 Navaja Knife | Safari Mesh (Field-Tested)": {"sugprice": 6985.128999999998, "profit": 346, "limit": 6304, "timest": 1701605253}, "\u2605 Moto Gloves | POW! (Battle-Scarred)": {"sugprice": 8444.636400000001, "profit": 411, "limit": 7621, "timest": 1701616449}, "\u2605 Gut Knife | Safari Mesh (Field-Tested)": {"sugprice": 7312.744705882354, "profit": 354, "limit": 6599, "timest": 1701642056}, "\u2605 Gut Knife | Freehand (Field-Tested)": {"sugprice": 9023.735384615384, "profit": 885, "limit": 8143, "timest": 1701669506}, "USP-S | Neo-Noir (Factory New)": {"sugprice": 3083.71875, "profit": 149, "limit": 2783, "timest": 1701655428}, "\u2605 Driver Gloves | Convoy (Field-Tested)": {"sugprice": 6441.473571428572, "profit": 482, "limit": 5813, "timest": 1701669478}, "\u2605 Hand Wraps | Constrictor (Well-Worn)": {"sugprice": 5030.3135999999995, "profit": 262, "limit": 4539, "timest": 1701664451}, "\u2605 Shadow Daggers | Damascus Steel (Field-Tested)": {"sugprice": 7980.1900000000005, "profit": 511, "limit": 7202, "timest": 1701669676}, "\u2605 Hydra Gloves | Mangrove (Field-Tested)": {"sugprice": 4124.263600000001, "profit": 197, "limit": 3722, "timest": 1701635349}, "StatTrak\u2122 USP-S | The Traitor (Well-Worn)": {"sugprice": 1944.6674999999998, "profit": 102, "limit": 1755, "timest": 1701600628}, "\u2605 Specialist Gloves | Buckshot (Battle-Scarred)": {"sugprice": 5106, "profit": 279, "limit": 4608, "timest": 1701629422}, "USP-S | The Traitor (Minimal Wear)": {"sugprice": 1398.1781249999997, "profit": 120, "limit": 1261, "timest": 1701669417}, "\u2605 Survival Knife | Boreal Forest (Field-Tested)": {"sugprice": 7891.455714285715, "profit": 387, "limit": 7122, "timest": 1701637619}, "\u2605 Specialist Gloves | Fade (Battle-Scarred)": {"sugprice": 14298, "profit": 952, "limit": 12903, "timest": 1701669710}, "\u2605 Moto Gloves | Transport (Field-Tested)": {"sugprice": 5407.388, "profit": 265, "limit": 4880, "timest": 1701636463}, "\u2605 Shadow Daggers | Autotronic (Field-Tested)": {"sugprice": 9805.592857142856, "profit": 513, "limit": 8849, "timest": 1701669659}, "USP-S | Kill Confirmed (Battle-Scarred)": {"sugprice": 3117.337000000001, "profit": 151, "limit": 2813, "timest": 1701669360}, "\u2605 Broken Fang Gloves | Needle Point (Field-Tested)": {"sugprice": 5225.243913043479, "profit": 311, "limit": 4715, "timest": 1701669463}, "StatTrak\u2122 P90 | Asiimov (Battle-Scarred)": {"sugprice": 1381, "profit": 106, "limit": 1246, "timest": 1701619411}, "USP-S | Orion (Field-Tested)": {"sugprice": 3903.362439024391, "profit": 187, "limit": 3522, "timest": 1701601419}, "UMP-45 | Blaze (Factory New)": {"sugprice": 1636.1700000000003, "profit": 100, "limit": 1476, "timest": 1701618527}, "\u2605 Hand Wraps | Desert Shamagh (Field-Tested)": {"sugprice": 5139.615217391302, "profit": 256, "limit": 4638, "timest": 1701669536}, "\u2605 Hydra Gloves | Rattler (Battle-Scarred)": {"sugprice": 4065.8877083333323, "profit": 232, "limit": 3669, "timest": 1701626102}, "Tec-9 | Nuclear Threat (Battle-Scarred)": {"sugprice": 3074.4699999999993, "profit": 251, "limit": 2774, "timest": 1701669343}, "USP-S | Purple DDPAT (Minimal Wear)": {"sugprice": 997.1976923076923, "profit": 116, "limit": 899, "timest": 1701669396}, "\u2605 Broken Fang Gloves | Yellow-banded (Field-Tested)": {"sugprice": 6185.867142857142, "profit": 388, "limit": 5582, "timest": 1701629932}, "\u2605 Falchion Knife | Rust Coat (Battle-Scarred)": {"sugprice": 8389.924705882353, "profit": 463, "limit": 7571, "timest": 1701669495}, "StatTrak\u2122 M4A4 | Buzz Kill (Battle-Scarred)": {"sugprice": 2031.100769230769, "profit": 111, "limit": 1833, "timest": 1701663040}, "StatTrak\u2122 M4A4 | Buzz Kill (Field-Tested)": {"sugprice": 2082.507647058823, "profit": 133, "limit": 1879, "timest": 1701669090}, "StatTrak\u2122 M4A4 | Desert-Strike (Field-Tested)": {"sugprice": 1529.0508571428568, "profit": 172, "limit": 1379, "timest": 1701669102}, "StatTrak\u2122 M4A4 | Desolate Space (Well-Worn)": {"sugprice": 1203.8896774193547, "profit": 117, "limit": 1086, "timest": 1701622031}, "StatTrak\u2122 M4A4 | In Living Color (Battle-Scarred)": {"sugprice": 1171.6527500000002, "profit": 101, "limit": 1057, "timest": 1701664013}, "StatTrak\u2122 M4A4 | Neo-Noir (Well-Worn)": {"sugprice": 998.8453846153845, "profit": 150, "limit": 901, "timest": 1701669136}, "StatTrak\u2122 M4A4 | \u9f8d\u738b (Dragon King) (Field-Tested)": {"sugprice": 1593.6888888888889, "profit": 195, "limit": 1438, "timest": 1701669171}, "StatTrak\u2122 USP-S | Monster Mashup (Battle-Scarred)": {"sugprice": 1878.5894117647058, "profit": 112, "limit": 1695, "timest": 1701669306}, "\u2605 Bloodhound Gloves | Bronzed (Battle-Scarred)": {"sugprice": 6301.7699999999995, "profit": 440, "limit": 5687, "timest": 1701669436}, "\u2605 Hand Wraps | CAUTION! (Battle-Scarred)": {"sugprice": 13270.25153846154, "profit": 685, "limit": 11976, "timest": 1701654721}, "\u2605 Navaja Knife | Doppler (Factory New)": {"sugprice": 17038.116923076923, "profit": 1564,