{"USP-S | Kill Confirmed (Well-Worn)": {"sugprice": 3274.131025641026, "profit": 190, "limit": 2954, "timest": 1702196830}, "\u2605 Moto Gloves | Transport (Battle-Scarred)": {"sugprice": 5327.133958333335, "profit": 287, "limit": 4807, "timest": 1702197216}, "\u2605 Broken Fang Gloves | Unhinged (Battle-Scarred)": {"sugprice": 4949, "profit": 290, "limit": 4466, "timest": 1702115358}, "StatTrak\u2122 USP-S | The Traitor (Battle-Scarred)": {"sugprice": 2223.072790697675, "profit": 176, "limit": 2006, "timest": 1702198952}, "\u2605 Gut Knife | Safari Mesh (Field-Tested)": {"sugprice": 7258, "profit": 419, "limit": 6550, "timest": 1702199137}, "\u2605 Gut Knife | Freehand (Field-Tested)": {"sugprice": 9035.23, "profit": 542, "limit": 8154, "timest": 1702199133}, "USP-S | Neo-Noir (Factory New)": {"sugprice": 3113.137142857143, "profit": 173, "limit": 2809, "timest": 1702126259}, "\u2605 Driver Gloves | Convoy (Field-Tested)": {"sugprice": 6268.3294117647065, "profit": 355, "limit": 5657, "timest": 1702159727}, "\u2605 Specialist Gloves | Fade (Battle-Scarred)": {"sugprice": 15509.05923076923, "profit": 1000, "limit": 13996, "timest": 1702199546}, "Tec-9 | Nuclear Threat (Battle-Scarred)": {"sugprice": 3162.99375, "profit": 214, "limit": 2854, "timest": 1702198966}, "StatTrak\u2122 M4A4 | \u9f8d\u738b (Dragon King) (Field-Tested)": {"sugprice": 1536.6770588235293, "profit": 113, "limit": 1386, "timest": 1702198839}, "\u2605 Bloodhound Gloves | Bronzed (Battle-Scarred)": {"sugprice": 6224.444666666666, "profit": 296, "limit": 5617, "timest": 1702145926}, "\u2605 Shadow Daggers | Scorched (Field-Tested)": {"sugprice": 7191.325714285714, "profit": 408, "limit": 6490, "timest": 1702184089}, "StatTrak\u2122 M4A4 | The Emperor (Battle-Scarred)": {"sugprice": 2606.126052631578, "profit": 161, "limit": 2352, "timest": 1702198757}, "\u2605 Driver Gloves | Racing Green (Field-Tested)": {"sugprice": 4039.4799999999996, "profit": 252, "limit": 3645, "timest": 1702199094}, "\u2605 Hand Wraps | Constrictor (Battle-Scarred)": {"sugprice": 4932.066744186046, "profit": 239, "limit": 4451, "timest": 1702193440}, "\u2605 Shadow Daggers | Freehand (Field-Tested)": {"sugprice": 9217.32681818182, "profit": 466, "limit": 8318, "timest": 1702199486}, "\u2605 Bloodhound Gloves | Guerrilla (Battle-Scarred)": {"sugprice": 6138, "profit": 310, "limit": 5539, "timest": 1702199036}, "\u2605 Driver Gloves | Convoy (Battle-Scarred)": {"sugprice": 6239.520714285715, "profit": 297, "limit": 5631, "timest": 1702197027}, "\u2605 Navaja Knife | Boreal Forest (Field-Tested)": {"sugprice": 6989.050204081632, "profit": 387, "limit": 6307, "timest": 1702146442}, "\u2605 Gut Knife | Bright Water (Field-Tested)": {"sugprice": 8410.533076923077, "profit": 414, "limit": 7590, "timest": 1702144314}, "\u2605 Hydra Gloves | Rattler (Well-Worn)": {"sugprice": 4474.149230769231, "profit": 318, "limit": 4037, "timest": 1702125279}, "StatTrak\u2122 USP-S | Neo-Noir (Battle-Scarred)": {"sugprice": 3048.7455102040817, "profit": 165, "limit": 2751, "timest": 1702198936}, "\u2605 Moto Gloves | Smoke Out (Battle-Scarred)": {"sugprice": 7699, "profit": 427, "limit": 6948, "timest": 1702197214}, "\u2605 Hand Wraps | Giraffe (Battle-Scarred)": {"sugprice": 6110.949285714286, "profit": 303, "limit": 5515, "timest": 1702158462}, "\u2605 Shadow Daggers | Forest DDPAT (Field-Tested)": {"sugprice": 7237.122666666665, "profit": 355, "limit": 6531, "timest": 1702199483}, "\u2605 Gut Knife | Forest DDPAT (Field-Tested)": {"sugprice": 8043.916071428573, "profit": 449, "limit": 7259, "timest": 1702199130}, "USP-S | Printstream (Field-Tested)": {"sugprice": 3141.5026829268295, "profit": 168, "limit": 2835, "timest": 1702199004}, "\u2605 Navaja Knife | Rust Coat (Battle-Scarred)": {"sugprice": 6916.332093023255, "profit": 329, "limit": 6241, "timest": 1702185912}, "\u2605 Navaja Knife | Night Stripe (Field-Tested)": {"sugprice": 6808.372, "profit": 347, "limit": 6144, "timest": 1702199390}, "\u2605 Shadow Daggers | Ultraviolet (Field-Tested)": {"sugprice": 9165.833333333334, "profit": 488, "limit": 8272, "timest": 1702199529}, "\u2605 Survival Knife | Forest DDPAT (Field-Tested)": {"sugprice": 7995.7705555555585, "profit": 552, "limit": 7216, "timest": 1702199566}, "\u2605 Hydra Gloves | Emerald (Field-Tested)": {"sugprice": 4786.857755102041, "profit": 230, "limit": 4320, "timest": 1702114385}, "\u2605 Driver Gloves | Queen Jaguar (Battle-Scarred)": {"sugprice": 5878.121463414635, "profit": 354, "limit": 5305, "timest": 1702199068}, "\u2605 Driver Gloves | Racing Green (Battle-Scarred)": {"sugprice": 4148.99847826087, "profit": 241, "limit": 3744, "timest": 1702199080}, "\u2605 Survival Knife | Boreal Forest (Field-Tested)": {"sugprice": 7840.700000000002, "profit": 436, "limit": 7076, "timest": 1702199558}, "USP-S | Printstream (Well-Worn)": {"sugprice": 3079.371666666667, "profit": 150, "limit": 2779, "timest": 1702178145}, "StatTrak\u2122 USP-S | The Traitor (Well-Worn)": {"sugprice": 2172.5488888888885, "profit": 118, "limit": 1960, "timest": 1702198955}, "StatTrak\u2122 USP-S | Neo-Noir (Field-Tested)": {"sugprice": 3049.5405263157895, "profit": 186, "limit": 2752, "timest": 1702124840}, "\u2605 Gut Knife | Scorched (Field-Tested)": {"sugprice": 7284.4454545454555, "profit": 365, "limit": 6574, "timest": 1702158313}, "StatTrak\u2122 M4A4 | Royal Paladin (Field-Tested)": {"sugprice": 2273.8696, "profit": 144, "limit": 2052, "timest": 1702198727}, "\u2605 Driver Gloves | Overtake (Battle-Scarred)": {"sugprice": 6834.2296153846155, "profit": 343, "limit": 6167, "timest": 1702163952}, "\u2605 Hydra Gloves | Mangrove (Battle-Scarred)": {"sugprice": 4309.495476190476, "profit": 213, "limit": 3889, "timest": 1702163369}, "StatTrak\u2122 M4A4 | Buzz Kill (Battle-Scarred)": {"sugprice": 1979, "profit": 105, "limit": 1786, "timest": 1702198637}, "\u2605 Shadow Daggers | Black Laminate (Field-Tested)": {"sugprice": 7629.491666666666, "profit": 495, "limit": 6885, "timest": 1702141064}, "\u2605 Hand Wraps | CAUTION! (Battle-Scarred)": {"sugprice": 14193.126842105265, "profit": 789, "limit": 12809, "timest": 1702199153}, "\u2605 Paracord Knife | Safari Mesh (Field-Tested)": {"sugprice": 8030.641818181818, "profit": 533, "limit": 7247, "timest": 1702199431}, "StatTrak\u2122 M4A4 | Royal Paladin (Battle-Scarred)": {"sugprice": 2493.7585714285715, "profit": 296, "limit": 2250, "timest": 1702198724}, "StatTrak\u2122 USP-S | Monster Mashup (Battle-Scarred)": {"sugprice": 1818.7, "profit": 100, "limit": 1641, "timest": 1702114992}, "\u2605 Hydra Gloves | Mangrove (Field-Tested)": {"sugprice": 4285.267272727273, "profit": 231, "limit": 3867, "timest": 1702155226}, "StatTrak\u2122 P90 | Asiimov (Battle-Scarred)": {"sugprice": 1364.2253846153847, "profit": 113, "limit": 1231, "timest": 1702198898}, "USP-S | Orion (Field-Tested)": {"sugprice": 4103.014897959183, "profit": 197, "limit": 3702, "timest": 1702193290}, "\u2605 Hand Wraps | Desert Shamagh (Well-Worn)": {"sugprice": 5182.331818181819, "profit": 256, "limit": 4677, "timest": 1702195830}, "\u2605 Hydra Gloves | Rattler (Battle-Scarred)": {"sugprice": 4218.9930952380955, "profit": 206, "limit": 3807, "timest": 1702199280}, "\u2605 Driver Gloves | Racing Green (Well-Worn)": {"sugprice": 4140.738571428572, "profit": 224, "limit": 3737, "timest": 1702149773}, "USP-S | Whiteout (Battle-Scarred)": {"sugprice": 1741.604651162791, "profit": 102, "limit": 1571, "timest": 1702187299}, "\u2605 Hand Wraps | Cobalt Skulls (Battle-Scarred)": {"sugprice": 22226.947500000002, "profit": 1206, "limit": 20059, "timest": 1702120537}, "\u2605 Hand Wraps | Desert Shamagh (Field-Tested)": {"sugprice": 5146.182307692307, "profit": 251, "limit": 4644, "timest": 1702157309}, "\u2605 Moto Gloves | Polygon (Battle-Scarred)": {"sugprice": 10962.988333333333, "profit": 713, "limit": 9894, "timest": 1702199315}, "\u2605 Navaja Knife | Safari Mesh (Field-Tested)": {"sugprice": 7093.695555555557, "profit": 344,