{"USP-S | Kill Confirmed (Well-Worn)": {"sugprice": 2935.747555555555, "profit": 288, "limit": 2649, "timest": 1700567391}, "\u2605 Navaja Knife | Scorched (Field-Tested)": {"sugprice": 6775.287857142857, "profit": 756, "limit": 6114, "timest": 1700568061}, "\u2605 Driver Gloves | Racing Green (Battle-Scarred)": {"sugprice": 3761, "profit": 351, "limit": 3394, "timest": 1700567706}, "StatTrak\u2122 M4A4 | The Emperor (Battle-Scarred)": {"sugprice": 2290.343783783783, "profit": 109, "limit": 2067, "timest": 1700522275}, "StatTrak\u2122 USP-S | The Traitor (Well-Worn)": {"sugprice": 2084.3757142857144, "profit": 264, "limit": 1881, "timest": 1700567271}, "USP-S | Whiteout (Minimal Wear)": {"sugprice": 2616, "profit": 306, "limit": 2360, "timest": 1700550316}, "\u2605 Broken Fang Gloves | Needle Point (Field-Tested)": {"sugprice": 5684.991153846154, "profit": 490, "limit": 5130, "timest": 1700567651}, "\u2605 Driver Gloves | Racing Green (Well-Worn)": {"sugprice": 3924.5323529411767, "profit": 318, "limit": 3541, "timest": 1700567718}, "\u2605 Hand Wraps | Constrictor (Battle-Scarred)": {"sugprice": 4341, "profit": 223, "limit": 3917, "timest": 1700567834}, "\u2605 Hydra Gloves | Rattler (Field-Tested)": {"sugprice": 4060.2018181818175, "profit": 426, "limit": 3664, "timest": 1700567972}, "\u2605 Moto Gloves | Finish Line (Battle-Scarred)": {"sugprice": 6770.445789473683, "profit": 427, "limit": 6110, "timest": 1700567994}, "\u2605 Navaja Knife | Forest DDPAT (Field-Tested)": {"sugprice": 6799.642173913045, "profit": 453, "limit": 6136, "timest": 1700568036}, "\u2605 Navaja Knife | Safari Mesh (Field-Tested)": {"sugprice": 7074.679545454546, "profit": 613, "limit": 6384, "timest": 1700568045}, "\u2605 Shadow Daggers | Bright Water (Field-Tested)": {"sugprice": 7425, "profit": 439, "limit": 6701, "timest": 1700568100}, "\u2605 Shadow Daggers | Rust Coat (Battle-Scarred)": {"sugprice": 6580.828636363635, "profit": 471, "limit": 5939, "timest": 1700568119}, "\u2605 Broken Fang Gloves | Yellow-banded (Field-Tested)": {"sugprice": 6223.837142857144, "profit": 572, "limit": 5617, "timest": 1700567671}, "Vypa Sista of the Revolution | Guerrilla Warfare": {"sugprice": 1652.1373333333336, "profit": 138, "limit": 1491, "timest": 1700567607}, "StatTrak\u2122 M4A4 | \u9f8d\u738b (Dragon King) (Battle-Scarred)": {"sugprice": 1427.836666666667, "profit": 103, "limit": 1288, "timest": 1700562974}, "\u2605 Hydra Gloves | Mangrove (Battle-Scarred)": {"sugprice": 3964.579761904762, "profit": 259, "limit": 3578, "timest": 1700567932}, "\u2605 Hydra Gloves | Mangrove (Well-Worn)": {"sugprice": 4214.8395, "profit": 377, "limit": 3803, "timest": 1700567967}, "\u2605 Shadow Daggers | Scorched (Field-Tested)": {"sugprice": 6875, "profit": 695, "limit": 6204, "timest": 1700568131}, "StatTrak\u2122 M4A4 | Desolate Space (Battle-Scarred)": {"sugprice": 1212.3567346938776, "profit": 117, "limit": 1094, "timest": 1700566734}, "StatTrak\u2122 P90 | Asiimov (Battle-Scarred)": {"sugprice": 1456.2334615384611, "profit": 102, "limit": 1314, "timest": 1700567021}, "\u2605 Hand Wraps | Desert Shamagh (Field-Tested)": {"sugprice": 4976.543, "profit": 369, "limit": 4491, "timest": 1700567883}, "\u2605 Gut Knife | Forest DDPAT (Field-Tested)": {"sugprice": 7163.454000000001, "profit": 679, "limit": 6465, "timest": 1700567752}, "\u2605 Moto Gloves | Transport (Battle-Scarred)": {"sugprice": 5371.414838709677, "profit": 721, "limit": 4847, "timest": 1700568013}, "USP-S | The Traitor (Minimal Wear)": {"sugprice": 1379.8021052631577, "profit": 186, "limit": 1245, "timest": 1700567567}, "USP-S | Printstream (Well-Worn)": {"sugprice": 2553.8526315789477, "profit": 302, "limit": 2304, "timest": 1700567485}, "\u2605 Driver Gloves | Racing Green (Field-Tested)": {"sugprice": 3779.031315789473, "profit": 270, "limit": 3410, "timest": 1700567708}, "\u2605 Hand Wraps | Duct Tape (Field-Tested)": {"sugprice": 5211, "profit": 568, "limit": 4702, "timest": 1700567892}, "USP-S | Monster Mashup (Well-Worn)": {"sugprice": 1269.8316666666667, "profit": 121, "limit": 1146, "timest": 1700499761}, "\u2605 Broken Fang Gloves | Unhinged (Battle-Scarred)": {"sugprice": 5039, "profit": 387, "limit": 4547, "timest": 1700567658}, "\u2605 Hand Wraps | Arboreal (Field-Tested)": {"sugprice": 5642, "profit": 429, "limit": 5091, "timest": 1700567826}, "USP-S | Kill Confirmed (Battle-Scarred)": {"sugprice": 2787, "profit": 272, "limit": 2515, "timest": 1700565806}, "USP-S | Serum (Field-Tested)": {"sugprice": 3469.8135294117646, "profit": 366, "limit": 3131, "timest": 1700567516}, "\u2605 Hand Wraps | Giraffe (Battle-Scarred)": {"sugprice": 5696.813870967741, "profit": 551, "limit": 5141, "timest": 1700567912}, "USP-S | Neo-Noir (Well-Worn)": {"sugprice": 1386, "profit": 106, "limit": 1250, "timest": 1700567435}, "\u2605 Survival Knife | Safari Mesh (Field-Tested)": {"sugprice": 7325, "profit": 618, "limit": 6610, "timest": 1700566565}, "\u2605 Hydra Gloves | Case Hardened (Field-Tested)": {"sugprice": 7834.738, "profit": 688, "limit": 7070, "timest": 1700567925}, "\u2605 Gut Knife | Rust Coat (Battle-Scarred)": {"sugprice": 7882, "profit": 876, "limit": 7113, "timest": 1700567764}, "\u2605 Moto Gloves | Smoke Out (Battle-Scarred)": {"sugprice": 6725.545909090908, "profit": 679, "limit": 6069, "timest": 1700567999}, "\u2605 Hydra Gloves | Rattler (Battle-Scarred)": {"sugprice": 4101.112790697674, "profit": 365, "limit": 3701, "timest": 1700567969}, "StatTrak\u2122 SSG 08 | Dragonfire (Field-Tested)": {"sugprice": 3267, "profit": 202, "limit": 2948, "timest": 1700563141}, "\u2605 Specialist Gloves | Forest DDPAT (Battle-Scarred)": {"sugprice": 7576.571764705883, "profit": 397, "limit": 6837, "timest": 1700568167}, "StatTrak\u2122 M4A4 | Desert-Strike (Field-Tested)": {"sugprice": 1444.9985714285715, "profit": 260, "limit": 1304, "timest": 1700566732}, "\u2605 Broken Fang Gloves | Jade (Battle-Scarred)": {"sugprice": 7152, "profit": 808, "limit": 6454, "timest": 1700567636}, "StatTrak\u2122 M4A4 | Temukau (Battle-Scarred)": {"sugprice": 2433.1789189189185, "profit": 125, "limit": 2195, "timest": 1700529493}, "\u2605 Hydra Gloves | Rattler (Well-Worn)": {"sugprice": 4853.23, "profit": 413, "limit": 4380, "timest": 1700567984}, "StatTrak\u2122 USP-S | Neo-Noir (Field-Tested)": {"sugprice": 2974.9052631578943, "profit": 228, "limit": 2684, "timest": 1700567239}, "\u2605 Bloodhound Gloves | Guerrilla (Field-Tested)": {"sugprice": 5841, "profit": 1184, "limit": 5271, "timest": 1700567623}, "\u2605 Broken Fang Gloves | Unhinged (Well-Worn)": {"sugprice": 4792.6, "profit": 298, "limit": 4325, "timest": 1700567662}, "\u2605 Gut Knife | Boreal Forest (Field-Tested)": {"sugprice": 7145.1618181818185, "profit": 484, "limit": 6448, "timest": 1700563762}, "\u2605 Gut Knife | Bright Water (Field-Tested)": {"sugprice": 8218.730799999998, "profit": 518, "limit": 7417, "timest": 1700567744}, "\u2605 Gut Knife | Safari Mesh (Field-Tested)": {"sugprice": 7213.4645, "profit": 750, "limit": 6510, "timest": 1700567791}, "\u2605 Hand Wraps | Constrictor (Field-Tested)": {"sugprice": 4916.785384615385, "profit": 444, "limit": 4437, "timest": 1700567840}, "\u2605 Hand Wraps | Desert Shamagh (Well-Worn)": {"sugprice": 5005.862105263159, "profit": 513, "limit": 4517, "timest": 1700567887}, "\u2605 Navaja Knife | Night Stripe (Field-Tested)": {"sugprice": 6723.7404000000015, "profit": 656, "limit": 6068, "timest": 1700568042}, "\u2605 Navaja Knife | Tiger Tooth (Factory New)": {"sugprice": 10994.043076923077, "profit": 526, "limit": 9922, "timest": 1700561503}, "\u2605 Navaja Knife | Urban Masked (Field-Tested)": {"sugprice": 6740.113529411765, "profit": 632, "limit": 6082, "timest": 1700568082}, "\u2605 Shadow Daggers | Tiger Tooth (Factory New)": {"sugprice": 13265, "profit": 1182, "limit": 11971, "timest": 1700568136}, "\u2605 Survival Knife | Boreal Forest (Field-Tested)": {"sugprice": 7972.311, "profit": 690, "limit": 7195, "timest": 1700568177},