{"USP-S | Kill Confirmed (Well-Worn)": {"sugprice": 2954.302083333334, "profit": 205, "limit": 2666, "timest": 1700531201}, "\u2605 Navaja Knife | Scorched (Field-Tested)": {"sugprice": 6681.089999999999, "profit": 498, "limit": 6029, "timest": 1700531529}, "\u2605 Driver Gloves | Racing Green (Battle-Scarred)": {"sugprice": 3961.6097826086952, "profit": 397, "limit": 3575, "timest": 1700531366}, "StatTrak\u2122 M4A4 | The Emperor (Battle-Scarred)": {"sugprice": 2290.343783783783, "profit": 109, "limit": 2067, "timest": 1700522275}, "StatTrak\u2122 USP-S | The Traitor (Well-Worn)": {"sugprice": 2096.4080000000004, "profit": 220, "limit": 1892, "timest": 1700528634}, "USP-S | Whiteout (Minimal Wear)": {"sugprice": 2623, "profit": 320, "limit": 2367, "timest": 1700528792}, "\u2605 Broken Fang Gloves | Needle Point (Field-Tested)": {"sugprice": 5781.1941935483865, "profit": 489, "limit": 5217, "timest": 1700531343}, "\u2605 Driver Gloves | Racing Green (Well-Worn)": {"sugprice": 3986.8024999999993, "profit": 363, "limit": 3598, "timest": 1700531370}, "\u2605 Hand Wraps | Constrictor (Battle-Scarred)": {"sugprice": 4696.130263157895, "profit": 407, "limit": 4238, "timest": 1700531393}, "\u2605 Hydra Gloves | Rattler (Field-Tested)": {"sugprice": 4062.6102222222207, "profit": 259, "limit": 3666, "timest": 1700524462}, "\u2605 Moto Gloves | Finish Line (Battle-Scarred)": {"sugprice": 6781.7676, "profit": 395, "limit": 6120, "timest": 1700531463}, "\u2605 Navaja Knife | Forest DDPAT (Field-Tested)": {"sugprice": 6791.288888888888, "profit": 323, "limit": 6129, "timest": 1700531489}, "\u2605 Navaja Knife | Safari Mesh (Field-Tested)": {"sugprice": 7146.704583333333, "profit": 629, "limit": 6449, "timest": 1700531525}, "\u2605 Shadow Daggers | Bright Water (Field-Tested)": {"sugprice": 7167.1445, "profit": 646, "limit": 6468, "timest": 1700472272}, "\u2605 Shadow Daggers | Rust Coat (Battle-Scarred)": {"sugprice": 6594.932272727273, "profit": 332, "limit": 5951, "timest": 1700511431}, "\u2605 Broken Fang Gloves | Yellow-banded (Field-Tested)": {"sugprice": 6208.406666666665, "profit": 305, "limit": 5603, "timest": 1700531354}, "Vypa Sista of the Revolution | Guerrilla Warfare": {"sugprice": 1570.6719999999998, "profit": 188, "limit": 1417, "timest": 1700531328}, "StatTrak\u2122 M4A4 | \u9f8d\u738b (Dragon King) (Battle-Scarred)": {"sugprice": 1433.607272727273, "profit": 104, "limit": 1293, "timest": 1700523165}, "\u2605 Hydra Gloves | Mangrove (Battle-Scarred)": {"sugprice": 4004.322045454545, "profit": 266, "limit": 3613, "timest": 1700531421}, "\u2605 Hydra Gloves | Mangrove (Well-Worn)": {"sugprice": 4282.0845, "profit": 460, "limit": 3864, "timest": 1700531424}, "\u2605 Shadow Daggers | Scorched (Field-Tested)": {"sugprice": 7078, "profit": 822, "limit": 6387, "timest": 1700531652}, "StatTrak\u2122 M4A4 | Desolate Space (Battle-Scarred)": {"sugprice": 1213.6017073170733, "profit": 152, "limit": 1095, "timest": 1700486880}, "StatTrak\u2122 P90 | Asiimov (Battle-Scarred)": {"sugprice": 1466.893214285714, "profit": 116, "limit": 1323, "timest": 1700531104}, "\u2605 Hand Wraps | Desert Shamagh (Field-Tested)": {"sugprice": 4972.486444444444, "profit": 386, "limit": 4487, "timest": 1700531401}, "\u2605 Gut Knife | Forest DDPAT (Field-Tested)": {"sugprice": 7152.878333333334, "profit": 452, "limit": 6455, "timest": 1700531380}, "\u2605 Moto Gloves | Transport (Battle-Scarred)": {"sugprice": 5317.055999999998, "profit": 393, "limit": 4798, "timest": 1700531470}, "USP-S | The Traitor (Minimal Wear)": {"sugprice": 1366, "profit": 129, "limit": 1232, "timest": 1700531300}, "USP-S | Printstream (Well-Worn)": {"sugprice": 2558.5538888888887, "profit": 193, "limit": 2309, "timest": 1700528770}, "\u2605 Driver Gloves | Racing Green (Field-Tested)": {"sugprice": 3952.597659574467, "profit": 232, "limit": 3567, "timest": 1700531368}, "\u2605 Hand Wraps | Duct Tape (Field-Tested)": {"sugprice": 5299, "profit": 571, "limit": 4782, "timest": 1700531408}, "USP-S | Monster Mashup (Well-Worn)": {"sugprice": 1269.8316666666667, "profit": 121, "limit": 1146, "timest": 1700499761}, "\u2605 Broken Fang Gloves | Unhinged (Battle-Scarred)": {"sugprice": 5188.380416666666, "profit": 526, "limit": 4682, "timest": 1700531347}, "\u2605 Hand Wraps | Arboreal (Field-Tested)": {"sugprice": 5826.961515151516, "profit": 405, "limit": 5258, "timest": 1700531390}, "USP-S | Kill Confirmed (Battle-Scarred)": {"sugprice": 2881.1264000000006, "profit": 184, "limit": 2600, "timest": 1700531195}, "USP-S | Serum (Field-Tested)": {"sugprice": 3511.528823529412, "profit": 402, "limit": 3169, "timest": 1700531237}, "\u2605 Hand Wraps | Giraffe (Battle-Scarred)": {"sugprice": 5676.208148148148, "profit": 496, "limit": 5122, "timest": 1700531410}, "USP-S | Neo-Noir (Well-Worn)": {"sugprice": 1447.0322222222223, "profit": 129, "limit": 1305, "timest": 1700531215}, "\u2605 Survival Knife | Safari Mesh (Field-Tested)": {"sugprice": 7653.991666666666, "profit": 640, "limit": 6907, "timest": 1700531693}, "\u2605 Hydra Gloves | Case Hardened (Field-Tested)": {"sugprice": 7794.664, "profit": 459, "limit": 7034, "timest": 1700531419}, "\u2605 Gut Knife | Rust Coat (Battle-Scarred)": {"sugprice": 8087.681, "profit": 682, "limit": 7299, "timest": 1700531382}, "\u2605 Moto Gloves | Smoke Out (Battle-Scarred)": {"sugprice": 6823.218095238096, "profit": 753, "limit": 6157, "timest": 1700531466}, "\u2605 Hydra Gloves | Rattler (Battle-Scarred)": {"sugprice": 4083.7948780487804, "profit": 213, "limit": 3685, "timest": 1700531426}, "StatTrak\u2122 SSG 08 | Dragonfire (Field-Tested)": {"sugprice": 3351.9165384615385, "profit": 412, "limit": 3025, "timest": 1700531126}, "\u2605 Specialist Gloves | Forest DDPAT (Battle-Scarred)": {"sugprice": 7631.821578947371, "profit": 697, "limit": 6887, "timest": 1700531670}, "StatTrak\u2122 M4A4 | Desert-Strike (Field-Tested)": {"sugprice": 1505.8250000000003, "profit": 323, "limit": 1359, "timest": 1700530770}, "\u2605 Broken Fang Gloves | Jade (Battle-Scarred)": {"sugprice": 7029, "profit": 677, "limit": 6343, "timest": 1700531339}, "StatTrak\u2122 M4A4 | Temukau (Battle-Scarred)": {"sugprice": 2433.1789189189185, "profit": 125, "limit": 2195, "timest": 1700529493}, "\u2605 Hydra Gloves | Rattler (Well-Worn)": {"sugprice": 5042.925, "profit": 471, "limit": 4551, "timest": 1700531437}, "StatTrak\u2122 USP-S | Neo-Noir (Field-Tested)": {"sugprice": 2969.138823529411, "profit": 280, "limit": 2679, "timest": 1700531159}, "\u2605 Bloodhound Gloves | Guerrilla (Field-Tested)": {"sugprice": 6017.936315789474, "profit": 402, "limit": 5431, "timest": 1700531335}, "\u2605 Broken Fang Gloves | Unhinged (Well-Worn)": {"sugprice": 4819.5775, "profit": 272, "limit": 4349, "timest": 1700492208}, "\u2605 Gut Knife | Boreal Forest (Field-Tested)": {"sugprice": 7012.11875, "profit": 432, "limit": 6328, "timest": 1700531374}, "\u2605 Gut Knife | Bright Water (Field-Tested)": {"sugprice": 8248.0672, "profit": 815, "limit": 7443, "timest": 1700522621}, "\u2605 Gut Knife | Safari Mesh (Field-Tested)": {"sugprice": 7027.242666666667, "profit": 465, "limit": 6342, "timest": 1700531384}, "\u2605 Hand Wraps | Constrictor (Field-Tested)": {"sugprice": 5005.79423076923, "profit": 552, "limit": 4517, "timest": 1700531395}, "\u2605 Hand Wraps | Desert Shamagh (Well-Worn)": {"sugprice": 4958.197647058823, "profit": 474, "limit": 4474, "timest": 1700531403}, "\u2605 Navaja Knife | Night Stripe (Field-Tested)": {"sugprice": 6703.872499999999, "profit": 395, "limit": 6050, "timest": 1700529149}, "\u2605 Navaja Knife | Tiger Tooth (Factory New)": {"sugprice": 11380.43153846154, "profit": 898, "limit": 10270, "timest": 1700531599}, "\u2605 Navaja Knife | Urban Masked (Field-Tested)": {"sugprice": 6864.3795, "profit": 540, "limit": 6195, "timest": 1700531608}, "\u2605 Shadow Daggers | Tiger Tooth (Factory New)": {"sugprice": 13513, "profit": 1429, "limit": 12195, "timest": 1700531655},