{"StatTrak\u2122 M4A1-S | Player Two (Battle-Scarred)": {"sugprice": 3294.2704000000003, "profit": 341, "limit": 2973, "timest": 1699958407}, "USP-S | Kill Confirmed (Well-Worn)": {"sugprice": 3410.0379166666658, "profit": 260, "limit": 3077, "timest": 1699958652}, "USP-S | Overgrowth (Field-Tested)": {"sugprice": 1999, "profit": 134, "limit": 1804, "timest": 1699958672}, "\u2605 Moto Gloves | Turtle (Battle-Scarred)": {"sugprice": 8217, "profit": 561, "limit": 7415, "timest": 1699958826}, "\u2605 Navaja Knife | Scorched (Field-Tested)": {"sugprice": 7071.900833333331, "profit": 508, "limit": 6382, "timest": 1699958837}, "\u2605 Driver Gloves | Racing Green (Battle-Scarred)": {"sugprice": 4165.635957446808, "profit": 431, "limit": 3759, "timest": 1699958742}, "StatTrak\u2122 M4A4 | Royal Paladin (Battle-Scarred)": {"sugprice": 2193, "profit": 171, "limit": 1979, "timest": 1699958431}, "StatTrak\u2122 M4A4 | Temukau (Field-Tested)": {"sugprice": 3967.9739999999997, "profit": 225, "limit": 3581, "timest": 1699956888}, "StatTrak\u2122 M4A4 | The Emperor (Battle-Scarred)": {"sugprice": 2833.2865625000004, "profit": 240, "limit": 2557, "timest": 1699958445}, "StatTrak\u2122 USP-S | The Traitor (Well-Worn)": {"sugprice": 2171.0969230769233, "profit": 148, "limit": 1959, "timest": 1699958623}, "USP-S | Printstream (Minimal Wear)": {"sugprice": 4767, "profit": 323, "limit": 4302, "timest": 1699958678}, "USP-S | Whiteout (Minimal Wear)": {"sugprice": 2791, "profit": 151, "limit": 2518, "timest": 1699958155}, "\u2605 Broken Fang Gloves | Needle Point (Battle-Scarred)": {"sugprice": 5550.288695652174, "profit": 265, "limit": 5009, "timest": 1699952805}, "\u2605 Broken Fang Gloves | Needle Point (Field-Tested)": {"sugprice": 5698.944285714286, "profit": 394, "limit": 5143, "timest": 1699958718}, "\u2605 Driver Gloves | Racing Green (Well-Worn)": {"sugprice": 4128.380294117647, "profit": 365, "limit": 3725, "timest": 1699958199}, "\u2605 Hand Wraps | Constrictor (Battle-Scarred)": {"sugprice": 5034.0976, "profit": 364, "limit": 4543, "timest": 1699958769}, "\u2605 Hydra Gloves | Rattler (Field-Tested)": {"sugprice": 4355, "profit": 459, "limit": 3930, "timest": 1699958807}, "\u2605 Moto Gloves | Finish Line (Battle-Scarred)": {"sugprice": 7403.155217391302, "profit": 453, "limit": 6681, "timest": 1699958819}, "\u2605 Navaja Knife | Forest DDPAT (Field-Tested)": {"sugprice": 7120.154347826087, "profit": 462, "limit": 6425, "timest": 1699958829}, "\u2605 Navaja Knife | Safari Mesh (Field-Tested)": {"sugprice": 7505.287307692308, "profit": 613, "limit": 6773, "timest": 1699958835}, "\u2605 Shadow Daggers | Bright Water (Field-Tested)": {"sugprice": 8267.889772727272, "profit": 543, "limit": 7461, "timest": 1699958847}, "\u2605 Shadow Daggers | Rust Coat (Battle-Scarred)": {"sugprice": 7327.4839473684215, "profit": 361, "limit": 6613, "timest": 1699948789}, "\u2605 Broken Fang Gloves | Yellow-banded (Field-Tested)": {"sugprice": 6627.239999999999, "profit": 532, "limit": 5981, "timest": 1699958730}, "\u2605 Hand Wraps | Arboreal (Battle-Scarred)": {"sugprice": 5414.315365853659, "profit": 258, "limit": 4886, "timest": 1699942098}, "Vypa Sista of the Revolution | Guerrilla Warfare": {"sugprice": 1732.0703125, "profit": 182, "limit": 1563, "timest": 1699958704}, "StatTrak\u2122 M4A4 | \u9f8d\u738b (Dragon King) (Battle-Scarred)": {"sugprice": 1528, "profit": 140, "limit": 1379, "timest": 1699958451}, "\u2605 Hydra Gloves | Mangrove (Battle-Scarred)": {"sugprice": 4230.477674418604, "profit": 313, "limit": 3818, "timest": 1699958798}, "USP-S | Monster Mashup (Minimal Wear)": {"sugprice": 2112, "profit": 150, "limit": 1906, "timest": 1699958658}, "\u2605 Broken Fang Gloves | Yellow-banded (Battle-Scarred)": {"sugprice": 6337.022, "profit": 503, "limit": 5719, "timest": 1699958728}, "\u2605 Hydra Gloves | Mangrove (Well-Worn)": {"sugprice": 4445, "profit": 358, "limit": 4011, "timest": 1699958800}, "\u2605 Shadow Daggers | Scorched (Field-Tested)": {"sugprice": 7107.075555555555, "profit": 369, "limit": 6414, "timest": 1699950243}, "StatTrak\u2122 M4A4 | Desolate Space (Battle-Scarred)": {"sugprice": 1248, "profit": 123, "limit": 1126, "timest": 1699957869}, "StatTrak\u2122 USP-S | Blueprint (Battle-Scarred)": {"sugprice": 1079, "profit": 100, "limit": 973, "timest": 1699951763}, "StatTrak\u2122 P90 | Asiimov (Battle-Scarred)": {"sugprice": 1386, "profit": 115, "limit": 1250, "timest": 1699958497}, "\u2605 Bloodhound Gloves | Guerrilla (Battle-Scarred)": {"sugprice": 5979.285, "profit": 288, "limit": 5396, "timest": 1699909182}, "\u2605 Hand Wraps | Desert Shamagh (Field-Tested)": {"sugprice": 4923.335675675675, "profit": 257, "limit": 4443, "timest": 1699948247}, "\u2605 Gut Knife | Forest DDPAT (Field-Tested)": {"sugprice": 7848.607272727272, "profit": 517, "limit": 7083, "timest": 1699958756}, "\u2605 Moto Gloves | Transport (Battle-Scarred)": {"sugprice": 5445.679534883721, "profit": 431, "limit": 4914, "timest": 1699958825}, "USP-S | The Traitor (Minimal Wear)": {"sugprice": 1541.9891891891893, "profit": 140, "limit": 1391, "timest": 1699958696}, "USP-S | Printstream (Well-Worn)": {"sugprice": 2941.8168181818187, "profit": 258, "limit": 2654, "timest": 1699955662}, "\u2605 Driver Gloves | Racing Green (Field-Tested)": {"sugprice": 4264.369591836737, "profit": 250, "limit": 3848, "timest": 1699949665}, "StatTrak\u2122 P90 | Trigon (Field-Tested)": {"sugprice": 1345.3533333333332, "profit": 103, "limit": 1214, "timest": 1699888362}, "\u2605 Hand Wraps | Duct Tape (Field-Tested)": {"sugprice": 5329.195263157894, "profit": 371, "limit": 4809, "timest": 1699958791}, "USP-S | Monster Mashup (Well-Worn)": {"sugprice": 1354.8845161290321, "profit": 147, "limit": 1222, "timest": 1699958660}, "\u2605 Broken Fang Gloves | Unhinged (Battle-Scarred)": {"sugprice": 5024.83255319149, "profit": 338, "limit": 4534, "timest": 1699958722}, "\u2605 Hand Wraps | Arboreal (Field-Tested)": {"sugprice": 6518.396190476191, "profit": 654, "limit": 5882, "timest": 1699958766}, "StatTrak\u2122 M4A4 | Neo-Noir (Field-Tested)": {"sugprice": 1196.5583333333336, "profit": 104, "limit": 1079, "timest": 1699914566}, "USP-S | Kill Confirmed (Battle-Scarred)": {"sugprice": 3319.6024000000007, "profit": 274, "limit": 2995, "timest": 1699958647}, "USP-S | Kill Confirmed (Minimal Wear)": {"sugprice": 5684.456, "profit": 324, "limit": 5130, "timest": 1699876956}, "StatTrak\u2122 M4A4 | Cyber Security (Battle-Scarred)": {"sugprice": 1633, "profit": 100, "limit": 1473, "timest": 1699954983}, "USP-S | Serum (Field-Tested)": {"sugprice": 3610.7357142857145, "profit": 254, "limit": 3258, "timest": 1699958688}, "\u2605 Hand Wraps | Giraffe (Battle-Scarred)": {"sugprice": 6517.963913043478, "profit": 465, "limit": 5882, "timest": 1699958792}, "USP-S | Neo-Noir (Well-Worn)": {"sugprice": 1732, "profit": 125, "limit": 1563, "timest": 1699942478}, "\u2605 Survival Knife | Safari Mesh (Field-Tested)": {"sugprice": 8124.795384615384, "profit": 540, "limit": 7332, "timest": 1699958875}, "StatTrak\u2122 USP-S | Stainless (Battle-Scarred)": {"sugprice": 969.2270588235294, "profit": 102, "limit": 874, "timest": 1699949530}, "\u2605 Hydra Gloves | Case Hardened (Field-Tested)": {"sugprice": 8766.784285714286, "profit": 718, "limit": 7912, "timest": 1699958797}, "\u2605 Gut Knife | Rust Coat (Battle-Scarred)": {"sugprice": 8018, "profit": 395, "limit": 7236, "timest": 1699958758}, "\u2605 Moto Gloves | Smoke Out (Battle-Scarred)": {"sugprice": 7540, "profit": 649, "limit": 6804, "timest": 1699958820}, "USP-S | Serum (Minimal Wear)": {"sugprice": 3729.9600000000005, "profit": 178, "limit": 3366, "timest": 1699944032}, "\u2605 Hydra Gloves | Rattler (Battle-Scarred)": {"sugprice": 4465.980200000003, "profit": 381, "limit": 4030, "timest": 1699951535}, "StatTrak\u2122 M4A4 | Evil Daimyo (Minimal Wear)": {"sugprice": 830, "profit": 178, "limit": 749, "timest": 1699953013},