{"USP-S | Kill Confirmed (Well-Worn)": {"sugprice": 2945, "profit": 185, "limit": 2657, "timest": 1701186185}, "\u2605 Navaja Knife | Scorched (Field-Tested)": {"sugprice": 6744.640384615384, "profit": 432, "limit": 6087, "timest": 1701186358}, "\u2605 Driver Gloves | Racing Green (Battle-Scarred)": {"sugprice": 3656.3007999999995, "profit": 273, "limit": 3299, "timest": 1701186257}, "\u2605 Driver Gloves | Racing Green (Well-Worn)": {"sugprice": 3750.392812500001, "profit": 292, "limit": 3384, "timest": 1701186259}, "\u2605 Hydra Gloves | Rattler (Field-Tested)": {"sugprice": 3995.4788000000017, "profit": 195, "limit": 3605, "timest": 1701180279}, "\u2605 Navaja Knife | Forest DDPAT (Field-Tested)": {"sugprice": 6794.370434782608, "profit": 403, "limit": 6131, "timest": 1701180407}, "\u2605 Shadow Daggers | Bright Water (Field-Tested)": {"sugprice": 7281, "profit": 429, "limit": 6571, "timest": 1701186377}, "\u2605 Shadow Daggers | Rust Coat (Battle-Scarred)": {"sugprice": 6848.9625, "profit": 518, "limit": 6181, "timest": 1701186383}, "\u2605 Broken Fang Gloves | Yellow-banded (Field-Tested)": {"sugprice": 6387.431290322582, "profit": 320, "limit": 5764, "timest": 1701186248}, "\u2605 Hydra Gloves | Mangrove (Battle-Scarred)": {"sugprice": 3886.387872340426, "profit": 259, "limit": 3507, "timest": 1701186315}, "\u2605 Hydra Gloves | Mangrove (Well-Worn)": {"sugprice": 3990.473529411764, "profit": 258, "limit": 3601, "timest": 1701186319}, "\u2605 Hand Wraps | Desert Shamagh (Field-Tested)": {"sugprice": 4862.230888888888, "profit": 353, "limit": 4388, "timest": 1701186297}, "\u2605 Moto Gloves | Transport (Battle-Scarred)": {"sugprice": 5152.755853658535, "profit": 262, "limit": 4650, "timest": 1701186338}, "USP-S | The Traitor (Minimal Wear)": {"sugprice": 1328.6621875000003, "profit": 107, "limit": 1199, "timest": 1701186223}, "USP-S | Printstream (Well-Worn)": {"sugprice": 2706.5108695652175, "profit": 285, "limit": 2442, "timest": 1701186211}, "\u2605 Hand Wraps | Duct Tape (Field-Tested)": {"sugprice": 5150.750714285715, "profit": 291, "limit": 4648, "timest": 1701185130}, "\u2605 Broken Fang Gloves | Unhinged (Battle-Scarred)": {"sugprice": 5176.617446808511, "profit": 417, "limit": 4671, "timest": 1701186241}, "\u2605 Hand Wraps | Arboreal (Field-Tested)": {"sugprice": 5494, "profit": 303, "limit": 4958, "timest": 1701184049}, "\u2605 Hand Wraps | Giraffe (Battle-Scarred)": {"sugprice": 6193.917222222221, "profit": 576, "limit": 5590, "timest": 1701186305}, "USP-S | Neo-Noir (Well-Worn)": {"sugprice": 1469.2281818181818, "profit": 135, "limit": 1325, "timest": 1701186195}, "\u2605 Moto Gloves | Smoke Out (Battle-Scarred)": {"sugprice": 6924.426400000001, "profit": 508, "limit": 6249, "timest": 1701186336}, "\u2605 Hydra Gloves | Rattler (Battle-Scarred)": {"sugprice": 3955.2676, "profit": 287, "limit": 3569, "timest": 1701186320}, "StatTrak\u2122 SSG 08 | Dragonfire (Field-Tested)": {"sugprice": 3177.9406818181815, "profit": 261, "limit": 2868, "timest": 1701185963}, "StatTrak\u2122 USP-S | Neo-Noir (Field-Tested)": {"sugprice": 3225.389411764706, "profit": 342, "limit": 2910, "timest": 1701186095}, "\u2605 Bloodhound Gloves | Guerrilla (Field-Tested)": {"sugprice": 6049.508181818183, "profit": 434, "limit": 5459, "timest": 1701186229}, "\u2605 Gut Knife | Bright Water (Field-Tested)": {"sugprice": 8176.25, "profit": 535, "limit": 7379, "timest": 1701186267}, "\u2605 Hand Wraps | Constrictor (Field-Tested)": {"sugprice": 4905.060370370371, "profit": 287, "limit": 4426, "timest": 1701186291}, "\u2605 Hand Wraps | Desert Shamagh (Well-Worn)": {"sugprice": 4819.260476190476, "profit": 334, "limit": 4349, "timest": 1701186299}, "\u2605 Navaja Knife | Night Stripe (Field-Tested)": {"sugprice": 6642.6641666666665, "profit": 392, "limit": 5995, "timest": 1701181777}, "\u2605 Survival Knife | Scorched (Field-Tested)": {"sugprice": 7654.297142857143, "profit": 368, "limit": 6908, "timest": 1701178215}, "\u2605 Moto Gloves | 3rd Commando Company (Field-Tested)": {"sugprice": 5578.3, "profit": 439, "limit": 5034, "timest": 1701186326}, "StatTrak\u2122 USP-S | Neo-Noir (Battle-Scarred)": {"sugprice": 3025.0049999999997, "profit": 147, "limit": 2730, "timest": 1701117422}, "StatTrak\u2122 USP-S | The Traitor (Battle-Scarred)": {"sugprice": 1863.653191489362, "profit": 122, "limit": 1681, "timest": 1701186130}, "USP-S | Neo-Noir (Minimal Wear)": {"sugprice": 1514.9317142857142, "profit": 104, "limit": 1367, "timest": 1701179838}, "USP-S | Kill Confirmed (Field-Tested)": {"sugprice": 3211.013928571428, "profit": 161, "limit": 2897, "timest": 1701169907}, "\u2605 Driver Gloves | Queen Jaguar (Battle-Scarred)": {"sugprice": 5272.1061538461545, "profit": 308, "limit": 4758, "timest": 1701186256}, "\u2605 Hand Wraps | Desert Shamagh (Battle-Scarred)": {"sugprice": 4868.218709677418, "profit": 305, "limit": 4393, "timest": 1701186295}, "\u2605 Shadow Daggers | Freehand (Field-Tested)": {"sugprice": 8347.36846153846, "profit": 429, "limit": 7533, "timest": 1701118486}, "\u2605 Specialist Gloves | Buckshot (Battle-Scarred)": {"sugprice": 4871.804090909091, "profit": 263, "limit": 4396, "timest": 1701151594}, "USP-S | Orion (Minimal Wear)": {"sugprice": 3826.582195121951, "profit": 212, "limit": 3453, "timest": 1701182186}, "USP-S | Caiman (Field-Tested)": {"sugprice": 3019, "profit": 148, "limit": 2724, "timest": 1701186177}, "\u2605 Sport Gloves | Bronze Morph (Battle-Scarred)": {"sugprice": 9760.856363636365, "profit": 470, "limit": 8809, "timest": 1701172879}, "\u2605 Bloodhound Gloves | Guerrilla (Battle-Scarred)": {"sugprice": 6034.554285714287, "profit": 288, "limit": 5446, "timest": 1701161034}, "\u2605 Moto Gloves | Turtle (Battle-Scarred)": {"sugprice": 7695.679444444445, "profit": 551, "limit": 6945, "timest": 1701186343}, "\u2605 Hand Wraps | Arboreal (Battle-Scarred)": {"sugprice": 5190.869655172414, "profit": 431, "limit": 4684, "timest": 1701186285}, "\u2605 Broken Fang Gloves | Yellow-banded (Battle-Scarred)": {"sugprice": 5647.64, "profit": 418, "limit": 5096, "timest": 1701186245}, "StatTrak\u2122 USP-S | Printstream (Battle-Scarred)": {"sugprice": 4395.470204081634, "profit": 365, "limit": 3966, "timest": 1701186111}, "USP-S | Overgrowth (Field-Tested)": {"sugprice": 1672.429090909091, "profit": 142, "limit": 1509, "timest": 1701186203}, "StatTrak\u2122 USP-S | Stainless (Battle-Scarred)": {"sugprice": 1015.2336666666669, "profit": 101, "limit": 916, "timest": 1701174734}, "\u2605 Broken Fang Gloves | Needle Point (Battle-Scarred)": {"sugprice": 5034.4012, "profit": 282, "limit": 4543, "timest": 1701186235}, "StatTrak\u2122 P250 | Muertos (Field-Tested)": {"sugprice": 1048.0965384615383, "profit": 120, "limit": 945, "timest": 1701185886}, "StatTrak\u2122 P90 | Blind Spot (Field-Tested)": {"sugprice": 1262, "profit": 320, "limit": 1138, "timest": 1701148678}, "StatTrak\u2122 USP-S | Monster Mashup (Field-Tested)": {"sugprice": 1740.7476470588235, "profit": 106, "limit": 1571, "timest": 1701173411}, "Tec-9 | Nuclear Threat (Battle-Scarred)": {"sugprice": 3041.275, "profit": 330, "limit": 2744, "timest": 1701186163}, "USP-S | Orion (Factory New)": {"sugprice": 4015.8829411764705, "profit": 330, "limit": 3624, "timest": 1701183378}, "\u2605 Bloodhound Gloves | Bronzed (Field-Tested)": {"sugprice": 6187, "profit": 426, "limit": 5583, "timest": 1701184749}, "\u2605 Gut Knife | Scorched (Field-Tested)": {"sugprice": 7647.34391304348, "profit": 623, "limit": 6901, "timest": 1701186283}, "\u2605 Hydra Gloves | Emerald (Battle-Scarred)": {"sugprice": 4525.1498, "profit": 342, "limit": 4083, "timest": 1701186311}, "\u2605 Hydra Gloves | Emerald (Field-Tested)": {"sugprice": 4455, "profit": 222, "limit": 4020, "timest": 1701186313}, "\u2605 Hydra Gloves | Mangrove (Field-Tested)": {"sugprice": 3883.0282608695657, "profit": 194, "limit": 3504, "timest": 1701105347}, "\u2605 Moto Gloves | Blood Pressure (Battle-Scarred)": {"sugprice": 9018.103846153846,