{"USP-S | Kill Confirmed (Well-Worn)": {"sugprice": 3019.5259999999994, "profit": 256, "limit": 2725, "timest": 1701206471}, "\u2605 Navaja Knife | Scorched (Field-Tested)": {"sugprice": 6716.722222222223, "profit": 558, "limit": 6061, "timest": 1701207117}, "\u2605 Driver Gloves | Racing Green (Battle-Scarred)": {"sugprice": 3645.833199999999, "profit": 283, "limit": 3290, "timest": 1701206755}, "\u2605 Driver Gloves | Racing Green (Well-Worn)": {"sugprice": 3663, "profit": 245, "limit": 3305, "timest": 1701206767}, "\u2605 Hydra Gloves | Rattler (Field-Tested)": {"sugprice": 3956.396599999999, "profit": 281, "limit": 3570, "timest": 1701206971}, "\u2605 Navaja Knife | Forest DDPAT (Field-Tested)": {"sugprice": 6786.9375, "profit": 404, "limit": 6125, "timest": 1701207082}, "\u2605 Shadow Daggers | Bright Water (Field-Tested)": {"sugprice": 7279, "profit": 452, "limit": 6569, "timest": 1701207185}, "\u2605 Shadow Daggers | Rust Coat (Battle-Scarred)": {"sugprice": 6787.570370370369, "profit": 417, "limit": 6125, "timest": 1701207226}, "\u2605 Broken Fang Gloves | Yellow-banded (Field-Tested)": {"sugprice": 6415.46117647059, "profit": 473, "limit": 5789, "timest": 1701206720}, "\u2605 Hydra Gloves | Mangrove (Battle-Scarred)": {"sugprice": 3859.787659574468, "profit": 285, "limit": 3483, "timest": 1701206942}, "\u2605 Hydra Gloves | Mangrove (Well-Worn)": {"sugprice": 3962.329285714285, "profit": 262, "limit": 3576, "timest": 1701206956}, "\u2605 Hand Wraps | Desert Shamagh (Field-Tested)": {"sugprice": 4867.137272727272, "profit": 332, "limit": 4392, "timest": 1701206889}, "\u2605 Moto Gloves | Transport (Battle-Scarred)": {"sugprice": 5158.6907142857135, "profit": 268, "limit": 4655, "timest": 1701193187}, "USP-S | The Traitor (Minimal Wear)": {"sugprice": 1326.5896774193548, "profit": 105, "limit": 1197, "timest": 1701191077}, "USP-S | Printstream (Well-Worn)": {"sugprice": 2699.432857142857, "profit": 247, "limit": 2436, "timest": 1701206586}, "\u2605 Hand Wraps | Duct Tape (Field-Tested)": {"sugprice": 5150.750714285715, "profit": 291, "limit": 4648, "timest": 1701185130}, "\u2605 Broken Fang Gloves | Unhinged (Battle-Scarred)": {"sugprice": 5161.7957446808505, "profit": 467, "limit": 4658, "timest": 1701206707}, "\u2605 Hand Wraps | Arboreal (Field-Tested)": {"sugprice": 5553.26380952381, "profit": 344, "limit": 5011, "timest": 1701206868}, "\u2605 Hand Wraps | Giraffe (Battle-Scarred)": {"sugprice": 6120.853157894737, "profit": 515, "limit": 5524, "timest": 1701206916}, "USP-S | Neo-Noir (Well-Worn)": {"sugprice": 1464.003888888889, "profit": 139, "limit": 1321, "timest": 1701206509}, "\u2605 Moto Gloves | Smoke Out (Battle-Scarred)": {"sugprice": 6971.4444, "profit": 505, "limit": 6291, "timest": 1701207033}, "\u2605 Hydra Gloves | Rattler (Battle-Scarred)": {"sugprice": 3965.9399999999996, "profit": 295, "limit": 3579, "timest": 1701206959}, "StatTrak\u2122 SSG 08 | Dragonfire (Field-Tested)": {"sugprice": 3170.591219512195, "profit": 262, "limit": 2861, "timest": 1701206176}, "StatTrak\u2122 USP-S | Neo-Noir (Field-Tested)": {"sugprice": 3161, "profit": 262, "limit": 2852, "timest": 1701206290}, "\u2605 Bloodhound Gloves | Guerrilla (Field-Tested)": {"sugprice": 6070.377428571429, "profit": 356, "limit": 5478, "timest": 1701206646}, "\u2605 Gut Knife | Bright Water (Field-Tested)": {"sugprice": 8187.223636363637, "profit": 536, "limit": 7388, "timest": 1701206835}, "\u2605 Hand Wraps | Constrictor (Field-Tested)": {"sugprice": 4946.594193548387, "profit": 325, "limit": 4464, "timest": 1701206875}, "\u2605 Hand Wraps | Desert Shamagh (Well-Worn)": {"sugprice": 4810.64238095238, "profit": 279, "limit": 4341, "timest": 1701206892}, "\u2605 Navaja Knife | Night Stripe (Field-Tested)": {"sugprice": 6594.177857142858, "profit": 342, "limit": 5951, "timest": 1701200029}, "\u2605 Survival Knife | Scorched (Field-Tested)": {"sugprice": 7654.297142857143, "profit": 368, "limit": 6908, "timest": 1701178215}, "\u2605 Moto Gloves | 3rd Commando Company (Field-Tested)": {"sugprice": 5584.663750000001, "profit": 423, "limit": 5040, "timest": 1701207001}, "StatTrak\u2122 USP-S | The Traitor (Battle-Scarred)": {"sugprice": 1866.5842553191494, "profit": 112, "limit": 1684, "timest": 1701206347}, "USP-S | Neo-Noir (Minimal Wear)": {"sugprice": 1514.9317142857142, "profit": 104, "limit": 1367, "timest": 1701179838}, "USP-S | Kill Confirmed (Field-Tested)": {"sugprice": 3211.013928571428, "profit": 161, "limit": 2897, "timest": 1701169907}, "\u2605 Driver Gloves | Queen Jaguar (Battle-Scarred)": {"sugprice": 5202.454800000001, "profit": 259, "limit": 4695, "timest": 1701206749}, "\u2605 Hand Wraps | Desert Shamagh (Battle-Scarred)": {"sugprice": 4869.159687499999, "profit": 305, "limit": 4394, "timest": 1701206884}, "\u2605 Specialist Gloves | Buckshot (Battle-Scarred)": {"sugprice": 4871.804090909091, "profit": 263, "limit": 4396, "timest": 1701151594}, "USP-S | Orion (Minimal Wear)": {"sugprice": 3835.502380952381, "profit": 197, "limit": 3461, "timest": 1701205141}, "USP-S | Caiman (Field-Tested)": {"sugprice": 3059, "profit": 216, "limit": 2760, "timest": 1701206441}, "\u2605 Sport Gloves | Bronze Morph (Battle-Scarred)": {"sugprice": 9760.856363636365, "profit": 470, "limit": 8809, "timest": 1701172879}, "\u2605 Bloodhound Gloves | Guerrilla (Battle-Scarred)": {"sugprice": 6034.554285714287, "profit": 288, "limit": 5446, "timest": 1701161034}, "\u2605 Moto Gloves | Turtle (Battle-Scarred)": {"sugprice": 7749.319090909091, "profit": 441, "limit": 6993, "timest": 1701207060}, "\u2605 Hand Wraps | Arboreal (Battle-Scarred)": {"sugprice": 5037.844761904762, "profit": 279, "limit": 4546, "timest": 1701206864}, "\u2605 Broken Fang Gloves | Yellow-banded (Battle-Scarred)": {"sugprice": 5595.00956521739, "profit": 393, "limit": 5049, "timest": 1701206717}, "StatTrak\u2122 USP-S | Printstream (Battle-Scarred)": {"sugprice": 4386.419565217393, "profit": 311, "limit": 3958, "timest": 1701206337}, "USP-S | Overgrowth (Field-Tested)": {"sugprice": 1667.2790476190476, "profit": 134, "limit": 1504, "timest": 1701206550}, "StatTrak\u2122 USP-S | Stainless (Battle-Scarred)": {"sugprice": 1019.0592857142857, "profit": 101, "limit": 919, "timest": 1701202078}, "\u2605 Broken Fang Gloves | Needle Point (Battle-Scarred)": {"sugprice": 5038.9834, "profit": 287, "limit": 4547, "timest": 1701206670}, "StatTrak\u2122 P250 | Muertos (Field-Tested)": {"sugprice": 1040.1985714285715, "profit": 109, "limit": 938, "timest": 1701206006}, "StatTrak\u2122 P90 | Blind Spot (Field-Tested)": {"sugprice": 1262, "profit": 320, "limit": 1138, "timest": 1701148678}, "StatTrak\u2122 USP-S | Monster Mashup (Field-Tested)": {"sugprice": 1740.7476470588235, "profit": 106, "limit": 1571, "timest": 1701173411}, "Tec-9 | Nuclear Threat (Battle-Scarred)": {"sugprice": 3048.479230769231, "profit": 334, "limit": 2751, "timest": 1701206377}, "USP-S | Orion (Factory New)": {"sugprice": 3992.693125, "profit": 253, "limit": 3603, "timest": 1701206513}, "\u2605 Bloodhound Gloves | Bronzed (Field-Tested)": {"sugprice": 6271.459999999999, "profit": 580, "limit": 5659, "timest": 1701206631}, "\u2605 Gut Knife | Scorched (Field-Tested)": {"sugprice": 7633.787727272726, "profit": 615, "limit": 6889, "timest": 1701206859}, "\u2605 Hydra Gloves | Emerald (Battle-Scarred)": {"sugprice": 4544.781999999999, "profit": 397, "limit": 4101, "timest": 1701206933}, "\u2605 Hydra Gloves | Emerald (Field-Tested)": {"sugprice": 4554.432244897958, "profit": 416, "limit": 4110, "timest": 1701206939}, "\u2605 Moto Gloves | Blood Pressure (Battle-Scarred)": {"sugprice": 9007.466666666667, "profit": 652, "limit": 8129, "timest": 1701207004}, "\u2605 Moto Gloves | Polygon (Battle-Scarred)": {"sugprice": 9985.948333333334, "profit": 636, "limit": 9012, "timest": 1701199949}, "\u2605 Navaja Knife | Boreal Forest (Field-Tested)": {"sugprice": 7134.5689361702125, "profit": 620, "limit": 6438, "timest": 1701207070},