{"StatTrak\u2122 USP-S | Overgrowth (Field-Tested)": {"sugprice": 4072.41, "profit": 229, "limit": 3675, "timest": 1707726356}, "\u2605 Paracord Knife | Scorched (Field-Tested)": {"sugprice": 7448.9, "profit": 375, "limit": 6722, "timest": 1707726776}, "StatTrak\u2122 USP-S | The Traitor (Well-Worn)": {"sugprice": 2298.5795121951223, "profit": 110, "limit": 2074, "timest": 1707698225}, "\u2605 Driver Gloves | Queen Jaguar (Well-Worn)": {"sugprice": 5420.70125, "profit": 282, "limit": 4892, "timest": 1707726565}, "USP-S | Whiteout (Battle-Scarred)": {"sugprice": 2085.157777777778, "profit": 102, "limit": 1881, "timest": 1707685794}, "\u2605 Hydra Gloves | Case Hardened (Field-Tested)": {"sugprice": 9067.587, "profit": 608, "limit": 8183, "timest": 1707726691}, "StatTrak\u2122 P90 | Nostalgia (Battle-Scarred)": {"sugprice": 953.82, "profit": 178, "limit": 860, "timest": 1707726256}, "\u2605 Shadow Daggers | Safari Mesh (Field-Tested)": {"sugprice": 6483.320588235295, "profit": 346, "limit": 5851, "timest": 1707657609}, "StatTrak\u2122 SSG 08 | Dragonfire (Field-Tested)": {"sugprice": 2724.4712500000005, "profit": 136, "limit": 2458, "timest": 1707669291}, "StatTrak\u2122 MP9 | Hypnotic (Factory New)": {"sugprice": 3135.3023076923077, "profit": 167, "limit": 2829, "timest": 1707726215}, "USP-S | Kill Confirmed (Battle-Scarred)": {"sugprice": 3172.2641999999996, "profit": 253, "limit": 2862, "timest": 1707726416}, "\u2605 Driver Gloves | Diamondback (Battle-Scarred)": {"sugprice": 6386.470000000001, "profit": 366, "limit": 5763, "timest": 1707683388}, "\u2605 Hydra Gloves | Case Hardened (Battle-Scarred)": {"sugprice": 7235.739333333334, "profit": 453, "limit": 6530, "timest": 1707679398}, "\u2605 Navaja Knife | Tiger Tooth (Factory New)": {"sugprice": 11989.506842105264, "profit": 574, "limit": 10820, "timest": 1707695525}, "StatTrak\u2122 MP7 | Bloodsport (Factory New)": {"sugprice": 1359.8414285714284, "profit": 173, "limit": 1227, "timest": 1707703806}, "\u2605 Hand Wraps | CAUTION! (Battle-Scarred)": {"sugprice": 14245.83357142857, "profit": 1233, "limit": 12856, "timest": 1707726638}, "\u2605 Sport Gloves | Amphibious (Battle-Scarred)": {"sugprice": 38537.595555555556, "profit": 2107, "limit": 34780, "timest": 1707726859}, "\u2605 Shadow Daggers | Black Laminate (Well-Worn)": {"sugprice": 7096.475909090907, "profit": 456, "limit": 6404, "timest": 1707725366}, "Vypa Sista of the Revolution | Guerrilla Warfare": {"sugprice": 1892.0429411764705, "profit": 193, "limit": 1707, "timest": 1707715035}, "\u2605 Shadow Daggers | Autotronic (Battle-Scarred)": {"sugprice": 8623.654999999999, "profit": 689, "limit": 7782, "timest": 1707726779}, "\u2605 Broken Fang Gloves | Jade (Field-Tested)": {"sugprice": 9863.624705882352, "profit": 636, "limit": 8901, "timest": 1707725845}, "\u2605 Navaja Knife | Boreal Forest (Field-Tested)": {"sugprice": 6640.102608695653, "profit": 373, "limit": 5992, "timest": 1707698651}, "\u2605 Driver Gloves | Racing Green (Battle-Scarred)": {"sugprice": 3792.5040000000004, "profit": 185, "limit": 3422, "timest": 1707669734}, "USP-S | Monster Mashup (Well-Worn)": {"sugprice": 1252.605945945946, "profit": 101, "limit": 1130, "timest": 1707685749}, "\u2605 Hand Wraps | Giraffe (Well-Worn)": {"sugprice": 5551.027777777777, "profit": 264, "limit": 5009, "timest": 1707715887}, "\u2605 Hand Wraps | Overprint (Battle-Scarred)": {"sugprice": 10216.16346153846, "profit": 489, "limit": 9220, "timest": 1707721181}, "\u2605 Paracord Knife | Boreal Forest (Field-Tested)": {"sugprice": 7595.513571428571, "profit": 389, "limit": 6854, "timest": 1707656099}, "\u2605 Driver Gloves | Queen Jaguar (Battle-Scarred)": {"sugprice": 5125.60488372093, "profit": 305, "limit": 4625, "timest": 1707661614}, "StatTrak\u2122 P250 | Cartel (Field-Tested)": {"sugprice": 1048.7533333333333, "profit": 100, "limit": 946, "timest": 1707709352}, "\u2605 Falchion Knife | Black Laminate (Well-Worn)": {"sugprice": 10069.567777777778, "profit": 1004, "limit": 9087, "timest": 1707726589}, "USP-S | Neo-Noir (Minimal Wear)": {"sugprice": 1819.5870588235296, "profit": 108, "limit": 1642, "timest": 1707644988}, "\u2605 Moto Gloves | 3rd Commando Company (Well-Worn)": {"sugprice": 5069.881428571428, "profit": 296, "limit": 4575, "timest": 1707694836}, "\u2605 Paracord Knife | Stained (Battle-Scarred)": {"sugprice": 10126.141666666665, "profit": 576, "limit": 9138, "timest": 1707687925}, "\u2605 Gut Knife | Tiger Tooth (Factory New)": {"sugprice": 13922.190999999997, "profit": 781, "limit": 12564, "timest": 1707719124}, "\u2605 Shadow Daggers | Autotronic (Field-Tested)": {"sugprice": 8586.85125, "profit": 460, "limit": 7749, "timest": 1707646705}, "\u2605 Survival Knife | Case Hardened (Battle-Scarred)": {"sugprice": 13979.953636363636, "profit": 734, "limit": 12616, "timest": 1707659072}, "StatTrak\u2122 P250 | Asiimov (Well-Worn)": {"sugprice": 705.4735294117647, "profit": 109, "limit": 636, "timest": 1707695051}, "\u2605 Gut Knife | Freehand (Field-Tested)": {"sugprice": 8091.834761904764, "profit": 386, "limit": 7302, "timest": 1707652164}, "\u2605 Paracord Knife | Safari Mesh (Field-Tested)": {"sugprice": 7415.43238095238, "profit": 514, "limit": 6692, "timest": 1707662790}, "\u2605 Falchion Knife | Lore (Battle-Scarred)": {"sugprice": 14301.064999999997, "profit": 1145, "limit": 12906, "timest": 1707726593}, "\u2605 Navaja Knife | Night Stripe (Field-Tested)": {"sugprice": 6432.915599999998, "profit": 341, "limit": 5805, "timest": 1707672754}, "\u2605 Hand Wraps | Constrictor (Well-Worn)": {"sugprice": 4933.478, "profit": 517, "limit": 4452, "timest": 1707692478}, "\u2605 Moto Gloves | Blood Pressure (Battle-Scarred)": {"sugprice": 7499.365217391302, "profit": 420, "limit": 6768, "timest": 1707680872}, "\u2605 Survival Knife | Forest DDPAT (Field-Tested)": {"sugprice": 7335.366, "profit": 372, "limit": 6620, "timest": 1707656208}, "USP-S | Kill Confirmed (Well-Worn)": {"sugprice": 3257.476041666667, "profit": 252, "limit": 2939, "timest": 1707726424}, "\u2605 Flip Knife | Tiger Tooth (Factory New)": {"sugprice": 33536.245, "profit": 1593, "limit": 30266, "timest": 1707691700}, "\u2605 Driver Gloves | Racing Green (Well-Worn)": {"sugprice": 4037.2755000000006, "profit": 253, "limit": 3643, "timest": 1707726581}, "USP-S | Royal Blue (Field-Tested)": {"sugprice": 1154.2225, "profit": 109, "limit": 1041, "timest": 1707726474}, "\u2605 Hand Wraps | Duct Tape (Well-Worn)": {"sugprice": 5207, "profit": 345, "limit": 4699, "timest": 1707661750}, "\u2605 Shadow Daggers | Ultraviolet (Battle-Scarred)": {"sugprice": 7533.88, "profit": 446, "limit": 6799, "timest": 1707654470}, "\u2605 Gut Knife | Scorched (Field-Tested)": {"sugprice": 7621.376111111111, "profit": 387, "limit": 6878, "timest": 1707686905}, "\u2605 Bloodhound Gloves | Bronzed (Battle-Scarred)": {"sugprice": 6294.6125, "profit": 309, "limit": 5680, "timest": 1707726503}, "\u2605 Hand Wraps | Giraffe (Battle-Scarred)": {"sugprice": 5164.4962000000005, "profit": 256, "limit": 4660, "timest": 1707680736}, "StatTrak\u2122 USP-S | Neo-Noir (Field-Tested)": {"sugprice": 3449.2420000000006, "profit": 170, "limit": 3112, "timest": 1707684574}, "USP-S | Kill Confirmed (Field-Tested)": {"sugprice": 3590.275199999999, "profit": 171, "limit": 3240, "timest": 1707691454}, "StatTrak\u2122 SSG 08 | Big Iron (Battle-Scarred)": {"sugprice": 1490.6912499999999, "profit": 102, "limit": 1345, "timest": 1707688233}, "\u2605 Ursus Knife | Ultraviolet (Battle-Scarred)": {"sugprice": 10697.572499999998, "profit": 510, "limit": 9654, "timest": 1707726880}, "StatTrak\u2122 Tec-9 | Titanium Bit (Minimal Wear)": {"sugprice": 1018.8536363636363, "profit": 100, "limit": 919, "timest": 1707695882}, "\u2605 Driver Gloves | Overtake (Battle-Scarred)": {"sugprice": 5733.947857142855, "profit": 279, "limit": 5174, "timest": 1707690124}, "USP-S | Printstream (Field-Tested)": {"sugprice": 2747.597959183674, "profit": 146, "limit": 2479,