{"StatTrak\u2122 MP9 | Hypnotic (Factory New)": {"sugprice": 3010.8266666666664, "profit": 205, "limit": 2717, "timest": 1707033571}, "StatTrak\u2122 SSG 08 | Big Iron (Battle-Scarred)": {"sugprice": 1341.4845454545455, "profit": 103, "limit": 1210, "timest": 1707067097}, "StatTrak\u2122 SSG 08 | Dragonfire (Field-Tested)": {"sugprice": 2616.3087096774198, "profit": 139, "limit": 2361, "timest": 1707067765}, "StatTrak\u2122 USP-S | Monster Mashup (Battle-Scarred)": {"sugprice": 1639, "profit": 154, "limit": 1479, "timest": 1707070598}, "Vypa Sista of the Revolution | Guerrilla Warfare": {"sugprice": 1716.0286666666666, "profit": 113, "limit": 1548, "timest": 1707009528}, "\u2605 Driver Gloves | Diamondback (Battle-Scarred)": {"sugprice": 6350.993636363636, "profit": 341, "limit": 5731, "timest": 1707070881}, "\u2605 Falchion Knife | Black Laminate (Well-Worn)": {"sugprice": 9417.855714285713, "profit": 480, "limit": 8499, "timest": 1707070898}, "\u2605 Gut Knife | Scorched (Field-Tested)": {"sugprice": 7048.035199999999, "profit": 336, "limit": 6360, "timest": 1707066049}, "\u2605 Hydra Gloves | Rattler (Field-Tested)": {"sugprice": 3872.0361224489798, "profit": 204, "limit": 3494, "timest": 1707070981}, "\u2605 Paracord Knife | Forest DDPAT (Field-Tested)": {"sugprice": 7751.322142857142, "profit": 386, "limit": 6995, "timest": 1707044062}, "\u2605 Shadow Daggers | Boreal Forest (Field-Tested)": {"sugprice": 6329.751363636364, "profit": 304, "limit": 5712, "timest": 1707048121}, "\u2605 Shadow Daggers | Safari Mesh (Field-Tested)": {"sugprice": 6272.250454545455, "profit": 307, "limit": 5660, "timest": 1707070311}, "\u2605 Shadow Daggers | Autotronic (Field-Tested)": {"sugprice": 8192.937647058825, "profit": 475, "limit": 7394, "timest": 1707071068}, "\u2605 Shadow Daggers | Scorched (Field-Tested)": {"sugprice": 6236, "profit": 302, "limit": 5627, "timest": 1707070315}, "\u2605 Falchion Knife | Ultraviolet (Battle-Scarred)": {"sugprice": 9323.587500000001, "profit": 557, "limit": 8414, "timest": 1707070904}, "\u2605 Navaja Knife | Boreal Forest (Field-Tested)": {"sugprice": 6292.087021276595, "profit": 305, "limit": 5678, "timest": 1707036053}, "StatTrak\u2122 USP-S | Caiman (Field-Tested)": {"sugprice": 5100.0675, "profit": 429, "limit": 4602, "timest": 1707070589}, "StatTrak\u2122 USP-S | Overgrowth (Field-Tested)": {"sugprice": 4268.5, "profit": 254, "limit": 3852, "timest": 1707070604}, "\u2605 Flip Knife | Tiger Tooth (Factory New)": {"sugprice": 32455.771666666667, "profit": 1950, "limit": 29291, "timest": 1707066032}, "\u2605 Gut Knife | Doppler (Factory New)": {"sugprice": 15944.295384615381, "profit": 1659, "limit": 14389, "timest": 1707070913}, "\u2605 Hand Wraps | CAUTION! (Battle-Scarred)": {"sugprice": 12853.392105263158, "profit": 618, "limit": 11600, "timest": 1707038130}, "\u2605 Hydra Gloves | Case Hardened (Battle-Scarred)": {"sugprice": 6863.121739130433, "profit": 397, "limit": 6193, "timest": 1707005054}, "\u2605 Navaja Knife | Doppler (Factory New)": {"sugprice": 18059.828181818182, "profit": 1157, "limit": 16298, "timest": 1707055226}, "\u2605 Paracord Knife | Boreal Forest (Field-Tested)": {"sugprice": 7899.661111111111, "profit": 711, "limit": 7129, "timest": 1707061564}, "\u2605 Paracord Knife | Forest DDPAT (Battle-Scarred)": {"sugprice": 7269.0195, "profit": 346, "limit": 6560, "timest": 1706997189}, "\u2605 Specialist Gloves | Marble Fade (Battle-Scarred)": {"sugprice": 12236.192499999997, "profit": 640, "limit": 11043, "timest": 1707071145}, "\u2605 Ursus Knife | Ultraviolet (Battle-Scarred)": {"sugprice": 10306.16, "profit": 559, "limit": 9301, "timest": 1706985562}, "\u2605 Survival Knife | Stained (Battle-Scarred)": {"sugprice": 8999.110666666666, "profit": 497, "limit": 8121, "timest": 1707001410}, "USP-S | Kill Confirmed (Battle-Scarred)": {"sugprice": 2659.3931250000005, "profit": 128, "limit": 2400, "timest": 1707044923}, "\u2605 Broken Fang Gloves | Jade (Field-Tested)": {"sugprice": 8904.263333333332, "profit": 423, "limit": 8036, "timest": 1707037994}, "\u2605 Falchion Knife | Ultraviolet (Field-Tested)": {"sugprice": 9378.997777777777, "profit": 452, "limit": 8464, "timest": 1707040968}, "\u2605 Gut Knife | Boreal Forest (Field-Tested)": {"sugprice": 6904.232800000002, "profit": 419, "limit": 6231, "timest": 1706986458}, "\u2605 Paracord Knife | Scorched (Field-Tested)": {"sugprice": 7213.060714285713, "profit": 387, "limit": 6509, "timest": 1707071050}, "\u2605 Driver Gloves | Convoy (Battle-Scarred)": {"sugprice": 5807.327499999999, "profit": 284, "limit": 5241, "timest": 1707047583}, "USP-S | Serum (Field-Tested)": {"sugprice": 2682.1569230769232, "profit": 130, "limit": 2420, "timest": 1707067946}, "USP-S | Orion (Minimal Wear)": {"sugprice": 3416.841363636364, "profit": 179, "limit": 3083, "timest": 1707045895}, "\u2605 Hand Wraps | Spruce DDPAT (Battle-Scarred)": {"sugprice": 7032, "profit": 696, "limit": 6346, "timest": 1707070955}, "\u2605 Stiletto Knife | Ultraviolet (Battle-Scarred)": {"sugprice": 15104.203333333333, "profit": 861, "limit": 13631, "timest": 1707071162}, "\u2605 Shadow Daggers | Damascus Steel (Field-Tested)": {"sugprice": 7287.045454545455, "profit": 347, "limit": 6576, "timest": 1706995544}, "\u2605 Broken Fang Gloves | Jade (Battle-Scarred)": {"sugprice": 7156.334000000001, "profit": 360, "limit": 6458, "timest": 1707070857}, "\u2605 Navaja Knife | Stained (Battle-Scarred)": {"sugprice": 6715.5846666666675, "profit": 431, "limit": 6060, "timest": 1707071011}, "\u2605 Sport Gloves | Bronze Morph (Battle-Scarred)": {"sugprice": 9536.179189189186, "profit": 458, "limit": 8606, "timest": 1707069685}, "StatTrak\u2122 P250 | Cartel (Field-Tested)": {"sugprice": 1042.2563636363636, "profit": 101, "limit": 940, "timest": 1706995640}, "USP-S | Purple DDPAT (Factory New)": {"sugprice": 1217, "profit": 105, "limit": 1098, "timest": 1707062695}, "\u2605 Paracord Knife | Stained (Battle-Scarred)": {"sugprice": 9888.981739130435, "profit": 622, "limit": 8924, "timest": 1707071057}, "\u2605 Gut Knife | Freehand (Field-Tested)": {"sugprice": 8093.386428571429, "profit": 466, "limit": 7304, "timest": 1707070917}, "StatTrak\u2122 PP-Bizon | Judgement of Anubis (Field-Tested)": {"sugprice": 1014, "profit": 116, "limit": 915, "timest": 1707026380}, "USP-S | Whiteout (Field-Tested)": {"sugprice": 2078.7838636363645, "profit": 106, "limit": 1876, "timest": 1707070846}, "\u2605 Stiletto Knife | Rust Coat (Battle-Scarred)": {"sugprice": 14350, "profit": 732, "limit": 12950, "timest": 1707021505}, "\u2605 Bloodhound Gloves | Bronzed (Battle-Scarred)": {"sugprice": 5653.557037037036, "profit": 331, "limit": 5102, "timest": 1707070853}, "\u2605 Shadow Daggers | Autotronic (Battle-Scarred)": {"sugprice": 8132.257142857142, "profit": 447, "limit": 7339, "timest": 1707071064}, "\u2605 Paracord Knife | Safari Mesh (Field-Tested)": {"sugprice": 7244.851739130435, "profit": 378, "limit": 6538, "timest": 1707016018}, "USP-S | Printstream (Well-Worn)": {"sugprice": 2376.899795918367, "profit": 113, "limit": 2145, "timest": 1707029864}, "USP-S | Whiteout (Minimal Wear)": {"sugprice": 2770.4281249999995, "profit": 143, "limit": 2500, "timest": 1707054130}, "\u2605 Bowie Knife | Tiger Tooth (Factory New)": {"sugprice": 21580.862727272728, "profit": 1600, "limit": 19476, "timest": 1707065920}, "\u2605 Gut Knife | Tiger Tooth (Factory New)": {"sugprice": 12955, "profit": 652, "limit": 11691, "timest": 1707070925}, "\u2605 Hydra Gloves | Emerald (Battle-Scarred)": {"sugprice": 4375.1594, "profit": 209, "limit": 3948, "timest": 1707070969}, "\u2605 Hydra Gloves | Mangrove (Field-Tested)": {"sugprice": 3712, "profit": 212, "limit": 3350, "timest": 1707070204}, "\u2605 Navaja Knife | Tiger Tooth (Factory New)": {"sugprice": 11481.478181818182, "profit": 546, "limit": 10362, "timest": 1707026118}, "\u2605 Huntsman Knife | Freehand (Field-Tested)": {"sugprice": 10140.335384615384, "profit": 485, "limit": 9151,