{"USP-S | Kill Confirmed (Well-Worn)": {"sugprice": 2876.4718367346936, "profit": 196, "limit": 2596, "timest": 1701350826}, "\u2605 Navaja Knife | Scorched (Field-Tested)": {"sugprice": 6722.532916666666, "profit": 366, "limit": 6067, "timest": 1701350548}, "\u2605 Driver Gloves | Racing Green (Battle-Scarred)": {"sugprice": 3539.675, "profit": 197, "limit": 3194, "timest": 1701344633}, "\u2605 Driver Gloves | Racing Green (Well-Worn)": {"sugprice": 3641.338076923077, "profit": 173, "limit": 3286, "timest": 1701349005}, "\u2605 Hydra Gloves | Rattler (Field-Tested)": {"sugprice": 3803.9560416666664, "profit": 190, "limit": 3433, "timest": 1701351192}, "\u2605 Navaja Knife | Forest DDPAT (Field-Tested)": {"sugprice": 6740.591111111111, "profit": 366, "limit": 6083, "timest": 1701344849}, "\u2605 Shadow Daggers | Bright Water (Field-Tested)": {"sugprice": 7127, "profit": 349, "limit": 6432, "timest": 1701334662}, "\u2605 Shadow Daggers | Rust Coat (Battle-Scarred)": {"sugprice": 6689.2621739130445, "profit": 324, "limit": 6037, "timest": 1701342176}, "\u2605 Broken Fang Gloves | Yellow-banded (Field-Tested)": {"sugprice": 6306.675789473684, "profit": 359, "limit": 5691, "timest": 1701350988}, "\u2605 Hydra Gloves | Mangrove (Battle-Scarred)": {"sugprice": 3802.2267741935484, "profit": 184, "limit": 3431, "timest": 1701351166}, "\u2605 Hydra Gloves | Mangrove (Well-Worn)": {"sugprice": 3986.194117647059, "profit": 276, "limit": 3597, "timest": 1701351186}, "\u2605 Hand Wraps | Desert Shamagh (Field-Tested)": {"sugprice": 4852.560540540541, "profit": 239, "limit": 4379, "timest": 1701351114}, "\u2605 Moto Gloves | Transport (Battle-Scarred)": {"sugprice": 5144.122580645162, "profit": 269, "limit": 4642, "timest": 1701351254}, "USP-S | Printstream (Well-Worn)": {"sugprice": 2641.3795000000005, "profit": 133, "limit": 2383, "timest": 1701350887}, "\u2605 Hand Wraps | Duct Tape (Field-Tested)": {"sugprice": 5113.0314285714285, "profit": 257, "limit": 4614, "timest": 1701351144}, "\u2605 Broken Fang Gloves | Unhinged (Battle-Scarred)": {"sugprice": 5092.688, "profit": 349, "limit": 4596, "timest": 1701350967}, "\u2605 Hand Wraps | Arboreal (Field-Tested)": {"sugprice": 5491.951363636364, "profit": 261, "limit": 4956, "timest": 1701342836}, "\u2605 Hand Wraps | Giraffe (Battle-Scarred)": {"sugprice": 5970.9345454545455, "profit": 400, "limit": 5388, "timest": 1701351148}, "USP-S | Neo-Noir (Well-Worn)": {"sugprice": 1466.013333333333, "profit": 119, "limit": 1323, "timest": 1701350856}, "\u2605 Moto Gloves | Smoke Out (Battle-Scarred)": {"sugprice": 6735.782307692307, "profit": 397, "limit": 6079, "timest": 1701351250}, "\u2605 Hydra Gloves | Rattler (Battle-Scarred)": {"sugprice": 3885.204166666665, "profit": 231, "limit": 3506, "timest": 1701351189}, "StatTrak\u2122 SSG 08 | Dragonfire (Field-Tested)": {"sugprice": 2988, "profit": 157, "limit": 2696, "timest": 1701350726}, "StatTrak\u2122 USP-S | Neo-Noir (Field-Tested)": {"sugprice": 3127.37875, "profit": 210, "limit": 2822, "timest": 1701350757}, "\u2605 Bloodhound Gloves | Guerrilla (Field-Tested)": {"sugprice": 6006.66, "profit": 295, "limit": 5421, "timest": 1701346638}, "\u2605 Gut Knife | Bright Water (Field-Tested)": {"sugprice": 8012.968181818182, "profit": 512, "limit": 7231, "timest": 1701330716}, "\u2605 Hand Wraps | Constrictor (Field-Tested)": {"sugprice": 5028.170476190477, "profit": 376, "limit": 4537, "timest": 1701351098}, "\u2605 Hand Wraps | Desert Shamagh (Well-Worn)": {"sugprice": 4882.530555555555, "profit": 429, "limit": 4406, "timest": 1701351117}, "\u2605 Navaja Knife | Night Stripe (Field-Tested)": {"sugprice": 6575.691176470587, "profit": 313, "limit": 5934, "timest": 1701324007}, "\u2605 Survival Knife | Scorched (Field-Tested)": {"sugprice": 7761.034285714287, "profit": 515, "limit": 7004, "timest": 1701351503}, "\u2605 Moto Gloves | 3rd Commando Company (Field-Tested)": {"sugprice": 5539.272173913043, "profit": 344, "limit": 4999, "timest": 1701335835}, "StatTrak\u2122 USP-S | The Traitor (Battle-Scarred)": {"sugprice": 1871.0734042553195, "profit": 165, "limit": 1688, "timest": 1701350763}, "\u2605 Hand Wraps | Desert Shamagh (Battle-Scarred)": {"sugprice": 4842.846774193548, "profit": 290, "limit": 4370, "timest": 1701351112}, "USP-S | Orion (Minimal Wear)": {"sugprice": 3762, "profit": 230, "limit": 3395, "timest": 1701350866}, "USP-S | Caiman (Field-Tested)": {"sugprice": 3053.0997674418613, "profit": 146, "limit": 2755, "timest": 1701319612}, "\u2605 Sport Gloves | Bronze Morph (Battle-Scarred)": {"sugprice": 9808, "profit": 484, "limit": 8851, "timest": 1701351484}, "\u2605 Moto Gloves | Turtle (Battle-Scarred)": {"sugprice": 7597.374444444444, "profit": 361, "limit": 6856, "timest": 1701343871}, "\u2605 Hand Wraps | Arboreal (Battle-Scarred)": {"sugprice": 5027.838780487805, "profit": 307, "limit": 4537, "timest": 1701351085}, "\u2605 Broken Fang Gloves | Yellow-banded (Battle-Scarred)": {"sugprice": 5187.705454545454, "profit": 268, "limit": 4681, "timest": 1701314086}, "StatTrak\u2122 USP-S | Printstream (Battle-Scarred)": {"sugprice": 4342.254999999998, "profit": 268, "limit": 3918, "timest": 1701350759}, "USP-S | Overgrowth (Field-Tested)": {"sugprice": 1630.2428, "profit": 104, "limit": 1471, "timest": 1701346570}, "StatTrak\u2122 USP-S | Stainless (Battle-Scarred)": {"sugprice": 1017.2182142857142, "profit": 100, "limit": 918, "timest": 1701293106}, "\u2605 Broken Fang Gloves | Needle Point (Battle-Scarred)": {"sugprice": 5018.026999999999, "profit": 317, "limit": 4528, "timest": 1701350952}, "StatTrak\u2122 P250 | Muertos (Field-Tested)": {"sugprice": 1042.0389655172414, "profit": 118, "limit": 940, "timest": 1701349687}, "StatTrak\u2122 USP-S | Monster Mashup (Field-Tested)": {"sugprice": 1790.3586666666665, "profit": 100, "limit": 1615, "timest": 1701338279}, "USP-S | Orion (Factory New)": {"sugprice": 3963.8100000000004, "profit": 189, "limit": 3577, "timest": 1701316309}, "\u2605 Bloodhound Gloves | Bronzed (Field-Tested)": {"sugprice": 6207.129166666668, "profit": 360, "limit": 5601, "timest": 1701350933}, "\u2605 Gut Knife | Scorched (Field-Tested)": {"sugprice": 7502.185384615383, "profit": 526, "limit": 6770, "timest": 1701351074}, "\u2605 Hydra Gloves | Emerald (Battle-Scarred)": {"sugprice": 4534.1626, "profit": 295, "limit": 4092, "timest": 1701351161}, "\u2605 Hydra Gloves | Emerald (Field-Tested)": {"sugprice": 4527.940204081631, "profit": 288, "limit": 4086, "timest": 1701351165}, "\u2605 Moto Gloves | Blood Pressure (Battle-Scarred)": {"sugprice": 8460.358750000001, "profit": 614, "limit": 7635, "timest": 1701351218}, "\u2605 Moto Gloves | Polygon (Battle-Scarred)": {"sugprice": 9984.249444444444, "profit": 485, "limit": 9010, "timest": 1701288470}, "\u2605 Navaja Knife | Boreal Forest (Field-Tested)": {"sugprice": 6905, "profit": 483, "limit": 6231, "timest": 1701351276}, "\u2605 Navaja Knife | Rust Coat (Battle-Scarred)": {"sugprice": 6777.278, "profit": 396, "limit": 6116, "timest": 1701351304}, "\u2605 Navaja Knife | Ultraviolet (Field-Tested)": {"sugprice": 7033.311818181817, "profit": 489, "limit": 6347, "timest": 1701351346}, "\u2605 Shadow Daggers | Ultraviolet (Field-Tested)": {"sugprice": 7940.424999999998, "profit": 430, "limit": 7166, "timest": 1701348688}, "\u2605 Paracord Knife | Scorched (Field-Tested)": {"sugprice": 7557.781666666667, "profit": 499, "limit": 6820, "timest": 1701351360}, "\u2605 Huntsman Knife | Rust Coat (Battle-Scarred)": {"sugprice": 8712, "profit": 473, "limit": 7862, "timest": 1701350497}, "StatTrak\u2122 PP-Bizon | Judgement of Anubis (Field-Tested)": {"sugprice": 974.5509090909092, "profit": 129, "limit": 879, "timest": 1701348847}, "USP-S | Printstream (Field-Tested)": {"sugprice": 2829.2337777777784, "profit": 164, "limit": 2553, "timest": 1701350156}, "\u2605 Shadow Daggers | Night (Field-Tested)": {"sugprice": 7374.753333333333, "profit": 478, "limit": 6655, "timest": 1701351402},