{"USP-S | Kill Confirmed (Well-Worn)": {"sugprice": 2906.1620930232557, "profit": 140, "limit": 2622, "timest": 1701505903}, "\u2605 Navaja Knife | Scorched (Field-Tested)": {"sugprice": 6698.411875, "profit": 321, "limit": 6045, "timest": 1701508509}, "\u2605 Driver Gloves | Racing Green (Battle-Scarred)": {"sugprice": 3677.191874999999, "profit": 220, "limit": 3318, "timest": 1701499729}, "\u2605 Driver Gloves | Racing Green (Well-Worn)": {"sugprice": 3628.539142857143, "profit": 214, "limit": 3274, "timest": 1701453260}, "\u2605 Hydra Gloves | Rattler (Field-Tested)": {"sugprice": 3911.793913043478, "profit": 187, "limit": 3530, "timest": 1701506137}, "\u2605 Shadow Daggers | Bright Water (Field-Tested)": {"sugprice": 7426.401739130437, "profit": 362, "limit": 6702, "timest": 1701463713}, "\u2605 Hydra Gloves | Mangrove (Battle-Scarred)": {"sugprice": 3773.890909090909, "profit": 181, "limit": 3405, "timest": 1701430569}, "\u2605 Hydra Gloves | Mangrove (Well-Worn)": {"sugprice": 3986.908965517242, "profit": 236, "limit": 3598, "timest": 1701504120}, "\u2605 Moto Gloves | Transport (Battle-Scarred)": {"sugprice": 5173.830454545453, "profit": 268, "limit": 4669, "timest": 1701514537}, "USP-S | Printstream (Well-Worn)": {"sugprice": 2645.839333333334, "profit": 130, "limit": 2387, "timest": 1701443320}, "\u2605 Broken Fang Gloves | Unhinged (Battle-Scarred)": {"sugprice": 5166.7414, "profit": 255, "limit": 4662, "timest": 1701514415}, "\u2605 Hand Wraps | Arboreal (Field-Tested)": {"sugprice": 5560.446666666667, "profit": 282, "limit": 5018, "timest": 1701514476}, "\u2605 Hand Wraps | Giraffe (Battle-Scarred)": {"sugprice": 5875.759999999999, "profit": 309, "limit": 5302, "timest": 1701456579}, "USP-S | Neo-Noir (Well-Worn)": {"sugprice": 1501.7044444444446, "profit": 125, "limit": 1355, "timest": 1701514340}, "\u2605 Moto Gloves | Smoke Out (Battle-Scarred)": {"sugprice": 6898.439166666667, "profit": 366, "limit": 6225, "timest": 1701513813}, "StatTrak\u2122 SSG 08 | Dragonfire (Field-Tested)": {"sugprice": 3110.4025, "profit": 206, "limit": 2807, "timest": 1701514206}, "StatTrak\u2122 USP-S | Neo-Noir (Field-Tested)": {"sugprice": 3285.2045454545455, "profit": 260, "limit": 2964, "timest": 1701514257}, "\u2605 Bloodhound Gloves | Guerrilla (Field-Tested)": {"sugprice": 6141.517741935482, "profit": 356, "limit": 5542, "timest": 1701454307}, "\u2605 Hand Wraps | Constrictor (Field-Tested)": {"sugprice": 5016.096875000001, "profit": 307, "limit": 4527, "timest": 1701514481}, "\u2605 Hand Wraps | Desert Shamagh (Well-Worn)": {"sugprice": 5018.835333333333, "profit": 475, "limit": 4529, "timest": 1701514491}, "StatTrak\u2122 USP-S | The Traitor (Battle-Scarred)": {"sugprice": 1846.0697674418604, "profit": 110, "limit": 1666, "timest": 1701514271}, "\u2605 Hand Wraps | Desert Shamagh (Battle-Scarred)": {"sugprice": 4889.240000000001, "profit": 334, "limit": 4412, "timest": 1701507794}, "USP-S | Orion (Minimal Wear)": {"sugprice": 3969.710454545455, "profit": 333, "limit": 3582, "timest": 1701514349}, "USP-S | Caiman (Field-Tested)": {"sugprice": 3113.597045454546, "profit": 175, "limit": 2810, "timest": 1701514313}, "\u2605 Sport Gloves | Bronze Morph (Battle-Scarred)": {"sugprice": 9990.846428571429, "profit": 589, "limit": 9016, "timest": 1701430651}, "\u2605 Moto Gloves | Turtle (Battle-Scarred)": {"sugprice": 8064.11888888889, "profit": 387, "limit": 7277, "timest": 1701511061}, "\u2605 Hand Wraps | Arboreal (Battle-Scarred)": {"sugprice": 5144.9688, "profit": 265, "limit": 4643, "timest": 1701514460}, "StatTrak\u2122 USP-S | Printstream (Battle-Scarred)": {"sugprice": 4393.965365853657, "profit": 244, "limit": 3965, "timest": 1701512010}, "StatTrak\u2122 USP-S | Stainless (Battle-Scarred)": {"sugprice": 1023.2041379310344, "profit": 136, "limit": 923, "timest": 1701449786}, "\u2605 Broken Fang Gloves | Needle Point (Battle-Scarred)": {"sugprice": 5029.758399999999, "profit": 246, "limit": 4539, "timest": 1701510068}, "StatTrak\u2122 USP-S | Monster Mashup (Field-Tested)": {"sugprice": 1901.7605555555556, "profit": 144, "limit": 1716, "timest": 1701514252}, "\u2605 Bloodhound Gloves | Bronzed (Field-Tested)": {"sugprice": 6387.743333333334, "profit": 378, "limit": 5764, "timest": 1701514395}, "\u2605 Gut Knife | Scorched (Field-Tested)": {"sugprice": 7478.65, "profit": 488, "limit": 6749, "timest": 1701460065}, "\u2605 Hydra Gloves | Emerald (Battle-Scarred)": {"sugprice": 4709.1798, "profit": 242, "limit": 4250, "timest": 1701514506}, "\u2605 Hydra Gloves | Emerald (Field-Tested)": {"sugprice": 4581.921818181819, "profit": 242, "limit": 4135, "timest": 1701511630}, "\u2605 Moto Gloves | Blood Pressure (Battle-Scarred)": {"sugprice": 8673.871111111112, "profit": 475, "limit": 7828, "timest": 1701514527}, "\u2605 Navaja Knife | Boreal Forest (Field-Tested)": {"sugprice": 6877.5052173913045, "profit": 333, "limit": 6206, "timest": 1701512312}, "\u2605 Navaja Knife | Rust Coat (Battle-Scarred)": {"sugprice": 6746.519629629628, "profit": 478, "limit": 6088, "timest": 1701511676}, "\u2605 Paracord Knife | Scorched (Field-Tested)": {"sugprice": 7531.208947368421, "profit": 407, "limit": 6796, "timest": 1701514582}, "StatTrak\u2122 PP-Bizon | Judgement of Anubis (Field-Tested)": {"sugprice": 979.0199999999999, "profit": 105, "limit": 883, "timest": 1701446706}, "USP-S | Printstream (Field-Tested)": {"sugprice": 2943.2671428571434, "profit": 141, "limit": 2656, "timest": 1701513500}, "\u2605 Shadow Daggers | Night (Field-Tested)": {"sugprice": 7367.658571428571, "profit": 370, "limit": 6649, "timest": 1701503658}, "\u2605 Moto Gloves | Finish Line (Battle-Scarred)": {"sugprice": 6774.096, "profit": 393, "limit": 6113, "timest": 1701514528}, "\u2605 Hand Wraps | Duct Tape (Battle-Scarred)": {"sugprice": 5213.230714285713, "profit": 363, "limit": 4704, "timest": 1701514493}, "\u2605 Navaja Knife | Safari Mesh (Field-Tested)": {"sugprice": 6921.915714285711, "profit": 336, "limit": 6247, "timest": 1701481998}, "\u2605 Moto Gloves | POW! (Battle-Scarred)": {"sugprice": 8511.93846153846, "profit": 466, "limit": 7682, "timest": 1701509146}, "\u2605 Navaja Knife | Boreal Forest (Battle-Scarred)": {"sugprice": 6780.865714285715, "profit": 351, "limit": 6119, "timest": 1701514545}, "StatTrak\u2122 P250 | Muertos (Battle-Scarred)": {"sugprice": 1038.6779999999999, "profit": 100, "limit": 937, "timest": 1701464007}, "\u2605 Gut Knife | Safari Mesh (Field-Tested)": {"sugprice": 7166.734285714287, "profit": 367, "limit": 6467, "timest": 1701514457}, "\u2605 Gut Knife | Freehand (Field-Tested)": {"sugprice": 8620.524615384616, "profit": 592, "limit": 7780, "timest": 1701514453}, "USP-S | Neo-Noir (Factory New)": {"sugprice": 3068, "profit": 179, "limit": 2768, "timest": 1701512080}, "\u2605 Driver Gloves | Convoy (Field-Tested)": {"sugprice": 6303.1324137931015, "profit": 418, "limit": 5688, "timest": 1701514429}, "\u2605 Hand Wraps | Constrictor (Well-Worn)": {"sugprice": 5054.2644, "profit": 332, "limit": 4561, "timest": 1701513716}, "\u2605 Navaja Knife | Damascus Steel (Field-Tested)": {"sugprice": 7367.59625, "profit": 350, "limit": 6649, "timest": 1701506191}, "\u2605 Shadow Daggers | Damascus Steel (Field-Tested)": {"sugprice": 7895.143333333334, "profit": 437, "limit": 7125, "timest": 1701508538}, "\u2605 Hydra Gloves | Mangrove (Field-Tested)": {"sugprice": 3976.8481632653056, "profit": 228, "limit": 3589, "timest": 1701511000}, "\u2605 Driver Gloves | Convoy (Battle-Scarred)": {"sugprice": 6210.766666666667, "profit": 298, "limit": 5605, "timest": 1701460744}, "\u2605 Navaja Knife | Stained (Battle-Scarred)": {"sugprice": 7272.524285714286, "profit": 360, "limit": 6563, "timest": 1701460216}, "\u2605 Broken Fang Gloves | Jade (Field-Tested)": {"sugprice": 8953.285999999998, "profit": 500, "limit": 8080, "timest": 1701434868}, "\u2605 Hand Wraps | Constrictor (Battle-Scarred)": {"sugprice": 4823.525121951218, "profit": 230, "limit": 4353,