{"USP-S | Kill Confirmed (Well-Worn)": {"sugprice": 2894.2146808510633, "profit": 162, "limit": 2612, "timest": 1701331910}, "\u2605 Navaja Knife | Scorched (Field-Tested)": {"sugprice": 6716.065925925925, "profit": 360, "limit": 6061, "timest": 1701325976}, "\u2605 Driver Gloves | Racing Green (Battle-Scarred)": {"sugprice": 3546.177400000001, "profit": 172, "limit": 3200, "timest": 1701332123}, "\u2605 Driver Gloves | Racing Green (Well-Worn)": {"sugprice": 3616.9484615384613, "profit": 196, "limit": 3264, "timest": 1701332125}, "\u2605 Hydra Gloves | Rattler (Field-Tested)": {"sugprice": 3896.7893999999997, "profit": 280, "limit": 3516, "timest": 1701331563}, "\u2605 Navaja Knife | Forest DDPAT (Field-Tested)": {"sugprice": 6748.792857142857, "profit": 321, "limit": 6090, "timest": 1701279176}, "\u2605 Shadow Daggers | Bright Water (Field-Tested)": {"sugprice": 7428.257333333332, "profit": 492, "limit": 6704, "timest": 1701332349}, "\u2605 Shadow Daggers | Rust Coat (Battle-Scarred)": {"sugprice": 6719.305714285715, "profit": 345, "limit": 6064, "timest": 1701332365}, "\u2605 Broken Fang Gloves | Yellow-banded (Field-Tested)": {"sugprice": 6309.761538461539, "profit": 414, "limit": 5694, "timest": 1701331385}, "\u2605 Hydra Gloves | Mangrove (Battle-Scarred)": {"sugprice": 3794.319166666667, "profit": 223, "limit": 3424, "timest": 1701290671}, "\u2605 Hydra Gloves | Mangrove (Well-Worn)": {"sugprice": 3986.429411764706, "profit": 263, "limit": 3597, "timest": 1701332247}, "\u2605 Hand Wraps | Desert Shamagh (Field-Tested)": {"sugprice": 4752, "profit": 260, "limit": 4288, "timest": 1701332197}, "\u2605 Moto Gloves | Transport (Battle-Scarred)": {"sugprice": 5118.7403125, "profit": 245, "limit": 4619, "timest": 1701313323}, "USP-S | Printstream (Well-Worn)": {"sugprice": 2634.711176470588, "profit": 126, "limit": 2377, "timest": 1701320460}, "\u2605 Hand Wraps | Duct Tape (Field-Tested)": {"sugprice": 5160.467857142857, "profit": 316, "limit": 4657, "timest": 1701332211}, "\u2605 Broken Fang Gloves | Unhinged (Battle-Scarred)": {"sugprice": 5029, "profit": 247, "limit": 4538, "timest": 1701332088}, "\u2605 Hand Wraps | Arboreal (Field-Tested)": {"sugprice": 5504.60304347826, "profit": 262, "limit": 4967, "timest": 1701327965}, "\u2605 Hand Wraps | Giraffe (Battle-Scarred)": {"sugprice": 5919.201500000001, "profit": 301, "limit": 5342, "timest": 1701297635}, "USP-S | Neo-Noir (Well-Worn)": {"sugprice": 1453.7415384615383, "profit": 101, "limit": 1312, "timest": 1701308012}, "\u2605 Moto Gloves | Smoke Out (Battle-Scarred)": {"sugprice": 6729.759999999999, "profit": 391, "limit": 6073, "timest": 1701332277}, "\u2605 Hydra Gloves | Rattler (Battle-Scarred)": {"sugprice": 3917.999199999999, "profit": 192, "limit": 3535, "timest": 1701332249}, "StatTrak\u2122 SSG 08 | Dragonfire (Field-Tested)": {"sugprice": 3094.865142857144, "profit": 210, "limit": 2793, "timest": 1701331794}, "StatTrak\u2122 USP-S | Neo-Noir (Field-Tested)": {"sugprice": 3127.235, "profit": 168, "limit": 2822, "timest": 1701331832}, "\u2605 Bloodhound Gloves | Guerrilla (Field-Tested)": {"sugprice": 6023.840294117646, "profit": 360, "limit": 5436, "timest": 1701302921}, "\u2605 Gut Knife | Bright Water (Field-Tested)": {"sugprice": 8012.968181818182, "profit": 512, "limit": 7231, "timest": 1701330716}, "\u2605 Hand Wraps | Constrictor (Field-Tested)": {"sugprice": 4970.979166666667, "profit": 291, "limit": 4486, "timest": 1701329998}, "\u2605 Hand Wraps | Desert Shamagh (Well-Worn)": {"sugprice": 4828.647368421053, "profit": 262, "limit": 4357, "timest": 1701332206}, "\u2605 Navaja Knife | Night Stripe (Field-Tested)": {"sugprice": 6575.691176470587, "profit": 313, "limit": 5934, "timest": 1701324007}, "\u2605 Survival Knife | Scorched (Field-Tested)": {"sugprice": 7830.977272727274, "profit": 492, "limit": 7067, "timest": 1701332401}, "\u2605 Moto Gloves | 3rd Commando Company (Field-Tested)": {"sugprice": 5570.796363636363, "profit": 439, "limit": 5027, "timest": 1701332256}, "StatTrak\u2122 USP-S | The Traitor (Battle-Scarred)": {"sugprice": 1877.2566666666678, "profit": 122, "limit": 1694, "timest": 1701331839}, "\u2605 Driver Gloves | Queen Jaguar (Battle-Scarred)": {"sugprice": 5175.108888888889, "profit": 247, "limit": 4670, "timest": 1701248773}, "\u2605 Hand Wraps | Desert Shamagh (Battle-Scarred)": {"sugprice": 4752, "profit": 260, "limit": 4288, "timest": 1701332188}, "USP-S | Orion (Minimal Wear)": {"sugprice": 3716.794054054054, "profit": 177, "limit": 3354, "timest": 1701305531}, "USP-S | Caiman (Field-Tested)": {"sugprice": 3053.0997674418613, "profit": 146, "limit": 2755, "timest": 1701319612}, "\u2605 Sport Gloves | Bronze Morph (Battle-Scarred)": {"sugprice": 9908.523846153847, "profit": 478, "limit": 8942, "timest": 1701292598}, "\u2605 Moto Gloves | Turtle (Battle-Scarred)": {"sugprice": 7532.919374999999, "profit": 421, "limit": 6798, "timest": 1701269853}, "\u2605 Hand Wraps | Arboreal (Battle-Scarred)": {"sugprice": 5004.1896875, "profit": 238, "limit": 4516, "timest": 1701319780}, "\u2605 Broken Fang Gloves | Yellow-banded (Battle-Scarred)": {"sugprice": 5187.705454545454, "profit": 268, "limit": 4681, "timest": 1701314086}, "StatTrak\u2122 USP-S | Printstream (Battle-Scarred)": {"sugprice": 4344.923636363636, "profit": 223, "limit": 3921, "timest": 1701331834}, "USP-S | Overgrowth (Field-Tested)": {"sugprice": 1645.0853333333337, "profit": 117, "limit": 1484, "timest": 1701331968}, "StatTrak\u2122 USP-S | Stainless (Battle-Scarred)": {"sugprice": 1017.2182142857142, "profit": 100, "limit": 918, "timest": 1701293106}, "\u2605 Broken Fang Gloves | Needle Point (Battle-Scarred)": {"sugprice": 5051.8387999999995, "profit": 299, "limit": 4559, "timest": 1701332080}, "StatTrak\u2122 P250 | Muertos (Field-Tested)": {"sugprice": 1044.6013333333333, "profit": 104, "limit": 942, "timest": 1701331766}, "StatTrak\u2122 USP-S | Monster Mashup (Field-Tested)": {"sugprice": 1791.2935294117651, "profit": 118, "limit": 1616, "timest": 1701283706}, "USP-S | Orion (Factory New)": {"sugprice": 3963.8100000000004, "profit": 189, "limit": 3577, "timest": 1701316309}, "\u2605 Bloodhound Gloves | Bronzed (Field-Tested)": {"sugprice": 6277.657692307693, "profit": 314, "limit": 5665, "timest": 1701332060}, "\u2605 Gut Knife | Scorched (Field-Tested)": {"sugprice": 7522.8475, "profit": 585, "limit": 6789, "timest": 1701332167}, "\u2605 Hydra Gloves | Emerald (Battle-Scarred)": {"sugprice": 4531.8786, "profit": 265, "limit": 4090, "timest": 1701332225}, "\u2605 Hydra Gloves | Emerald (Field-Tested)": {"sugprice": 4564.322448979592, "profit": 260, "limit": 4119, "timest": 1701330769}, "\u2605 Moto Gloves | Blood Pressure (Battle-Scarred)": {"sugprice": 8533.27625, "profit": 707, "limit": 7701, "timest": 1701332258}, "\u2605 Moto Gloves | Polygon (Battle-Scarred)": {"sugprice": 9984.249444444444, "profit": 485, "limit": 9010, "timest": 1701288470}, "\u2605 Navaja Knife | Boreal Forest (Field-Tested)": {"sugprice": 7029.582127659574, "profit": 507, "limit": 6344, "timest": 1701332297}, "\u2605 Navaja Knife | Rust Coat (Battle-Scarred)": {"sugprice": 6660.0737500000005, "profit": 372, "limit": 6010, "timest": 1701326958}, "\u2605 Navaja Knife | Ultraviolet (Field-Tested)": {"sugprice": 7013.445652173913, "profit": 351, "limit": 6329, "timest": 1701332323}, "\u2605 Paracord Knife | Safari Mesh (Field-Tested)": {"sugprice": 7202.32125, "profit": 592, "limit": 6500, "timest": 1701258011}, "\u2605 Shadow Daggers | Ultraviolet (Field-Tested)": {"sugprice": 7924.966842105263, "profit": 417, "limit": 7152, "timest": 1701332373}, "\u2605 Paracord Knife | Scorched (Field-Tested)": {"sugprice": 7640.84705882353, "profit": 409, "limit": 6895, "timest": 1701332343}, "\u2605 Huntsman Knife | Rust Coat (Battle-Scarred)": {"sugprice": 8851.974285714285, "profit": 595, "limit": 7988, "timest": 1701332220}, "StatTrak\u2122 PP-Bizon | Judgement of Anubis (Field-Tested)": {"sugprice": 988.7571428571429,