{"StatTrak\u2122 M4A1-S | Player Two (Battle-Scarred)": {"sugprice": 3292.3954545454544, "profit": 157, "limit": 2971, "timest": 1700006075}, "USP-S | Kill Confirmed (Well-Worn)": {"sugprice": 3336.631799999999, "profit": 262, "limit": 3011, "timest": 1700069556}, "USP-S | Overgrowth (Field-Tested)": {"sugprice": 1998.4750000000001, "profit": 122, "limit": 1803, "timest": 1700069576}, "\u2605 Moto Gloves | Turtle (Battle-Scarred)": {"sugprice": 8120.4411764705865, "profit": 678, "limit": 7328, "timest": 1700069754}, "\u2605 Navaja Knife | Scorched (Field-Tested)": {"sugprice": 6931.903529411764, "profit": 609, "limit": 6256, "timest": 1700069766}, "\u2605 Driver Gloves | Racing Green (Battle-Scarred)": {"sugprice": 4094.6868888888876, "profit": 235, "limit": 3695, "timest": 1700069684}, "StatTrak\u2122 M4A4 | Royal Paladin (Battle-Scarred)": {"sugprice": 2119, "profit": 124, "limit": 1912, "timest": 1700069426}, "StatTrak\u2122 M4A4 | The Emperor (Battle-Scarred)": {"sugprice": 2846.9420833333334, "profit": 298, "limit": 2569, "timest": 1700069438}, "StatTrak\u2122 USP-S | The Traitor (Well-Worn)": {"sugprice": 2126, "profit": 194, "limit": 1918, "timest": 1700069529}, "USP-S | Printstream (Minimal Wear)": {"sugprice": 4466, "profit": 345, "limit": 4030, "timest": 1700063286}, "USP-S | Whiteout (Minimal Wear)": {"sugprice": 2722.857599999999, "profit": 203, "limit": 2457, "timest": 1700069606}, "\u2605 Broken Fang Gloves | Needle Point (Battle-Scarred)": {"sugprice": 5518.693488372092, "profit": 560, "limit": 4980, "timest": 1700069619}, "\u2605 Broken Fang Gloves | Needle Point (Field-Tested)": {"sugprice": 5575.457142857143, "profit": 376, "limit": 5031, "timest": 1700069621}, "\u2605 Driver Gloves | Racing Green (Well-Worn)": {"sugprice": 4207, "profit": 421, "limit": 3796, "timest": 1700069688}, "\u2605 Hand Wraps | Constrictor (Battle-Scarred)": {"sugprice": 5030.373863636362, "profit": 498, "limit": 4539, "timest": 1700069713}, "\u2605 Hydra Gloves | Rattler (Field-Tested)": {"sugprice": 4385.973846153846, "profit": 384, "limit": 3958, "timest": 1700069742}, "\u2605 Moto Gloves | Finish Line (Battle-Scarred)": {"sugprice": 7189.192857142857, "profit": 469, "limit": 6488, "timest": 1700069748}, "\u2605 Navaja Knife | Forest DDPAT (Field-Tested)": {"sugprice": 6985.390714285712, "profit": 373, "limit": 6304, "timest": 1700069758}, "\u2605 Navaja Knife | Safari Mesh (Field-Tested)": {"sugprice": 7028, "profit": 500, "limit": 6342, "timest": 1700065218}, "\u2605 Shadow Daggers | Bright Water (Field-Tested)": {"sugprice": 8037.966410256412, "profit": 488, "limit": 7254, "timest": 1700069777}, "\u2605 Shadow Daggers | Rust Coat (Battle-Scarred)": {"sugprice": 7042, "profit": 634, "limit": 6355, "timest": 1700069783}, "\u2605 Broken Fang Gloves | Yellow-banded (Field-Tested)": {"sugprice": 6731, "profit": 743, "limit": 6074, "timest": 1700069650}, "\u2605 Hand Wraps | Arboreal (Battle-Scarred)": {"sugprice": 5304.268249999999, "profit": 266, "limit": 4787, "timest": 1700069707}, "Vypa Sista of the Revolution | Guerrilla Warfare": {"sugprice": 1590.9518750000002, "profit": 123, "limit": 1435, "timest": 1700069608}, "StatTrak\u2122 M4A4 | \u9f8d\u738b (Dragon King) (Battle-Scarred)": {"sugprice": 1501.2008108108107, "profit": 124, "limit": 1354, "timest": 1700069445}, "\u2605 Hydra Gloves | Mangrove (Battle-Scarred)": {"sugprice": 4232.7620000000015, "profit": 314, "limit": 3820, "timest": 1700069736}, "USP-S | Monster Mashup (Minimal Wear)": {"sugprice": 1924.2670000000003, "profit": 148, "limit": 1736, "timest": 1700069562}, "\u2605 Broken Fang Gloves | Yellow-banded (Battle-Scarred)": {"sugprice": 6131.779574468085, "profit": 390, "limit": 5533, "timest": 1700069642}, "\u2605 Hydra Gloves | Mangrove (Well-Worn)": {"sugprice": 4521.706315789473, "profit": 379, "limit": 4080, "timest": 1700069738}, "\u2605 Shadow Daggers | Scorched (Field-Tested)": {"sugprice": 7314.614545454547, "profit": 446, "limit": 6601, "timest": 1700069785}, "StatTrak\u2122 M4A4 | Desolate Space (Battle-Scarred)": {"sugprice": 1216.8817999999999, "profit": 116, "limit": 1098, "timest": 1700068039}, "StatTrak\u2122 USP-S | Blueprint (Battle-Scarred)": {"sugprice": 1028.3764516129033, "profit": 100, "limit": 928, "timest": 1699999269}, "StatTrak\u2122 P90 | Asiimov (Battle-Scarred)": {"sugprice": 1435.3722000000002, "profit": 144, "limit": 1295, "timest": 1700069485}, "\u2605 Hand Wraps | Desert Shamagh (Field-Tested)": {"sugprice": 4992.874999999999, "profit": 360, "limit": 4506, "timest": 1700069721}, "\u2605 Gut Knife | Forest DDPAT (Field-Tested)": {"sugprice": 7676.894444444445, "profit": 512, "limit": 6928, "timest": 1700069699}, "\u2605 Moto Gloves | Transport (Battle-Scarred)": {"sugprice": 5319.25880952381, "profit": 298, "limit": 4800, "timest": 1700069752}, "USP-S | The Traitor (Minimal Wear)": {"sugprice": 1434, "profit": 157, "limit": 1294, "timest": 1700069600}, "USP-S | Printstream (Well-Worn)": {"sugprice": 2787, "profit": 184, "limit": 2515, "timest": 1700062010}, "\u2605 Driver Gloves | Racing Green (Field-Tested)": {"sugprice": 4166.740799999997, "profit": 251, "limit": 3760, "timest": 1700069686}, "\u2605 Hand Wraps | Duct Tape (Field-Tested)": {"sugprice": 5236.662000000001, "profit": 517, "limit": 4726, "timest": 1700069727}, "USP-S | Monster Mashup (Well-Worn)": {"sugprice": 1310, "profit": 109, "limit": 1182, "timest": 1700069564}, "\u2605 Broken Fang Gloves | Unhinged (Battle-Scarred)": {"sugprice": 5113.426200000002, "profit": 419, "limit": 4614, "timest": 1700069636}, "\u2605 Hand Wraps | Arboreal (Field-Tested)": {"sugprice": 6342.651052631578, "profit": 552, "limit": 5724, "timest": 1700069709}, "USP-S | Kill Confirmed (Battle-Scarred)": {"sugprice": 3182.2809302325586, "profit": 157, "limit": 2872, "timest": 1700066856}, "StatTrak\u2122 M4A4 | Cyber Security (Battle-Scarred)": {"sugprice": 1590.7425, "profit": 101, "limit": 1435, "timest": 1700065805}, "USP-S | Serum (Field-Tested)": {"sugprice": 3499, "profit": 383, "limit": 3157, "timest": 1700069592}, "\u2605 Hand Wraps | Giraffe (Battle-Scarred)": {"sugprice": 6281.622222222222, "profit": 514, "limit": 5669, "timest": 1700069728}, "USP-S | Neo-Noir (Well-Worn)": {"sugprice": 1603, "profit": 115, "limit": 1446, "timest": 1700069570}, "\u2605 Survival Knife | Safari Mesh (Field-Tested)": {"sugprice": 7794, "profit": 586, "limit": 7034, "timest": 1700069803}, "\u2605 Hydra Gloves | Case Hardened (Field-Tested)": {"sugprice": 8590.84, "profit": 941, "limit": 7753, "timest": 1700069734}, "\u2605 Gut Knife | Rust Coat (Battle-Scarred)": {"sugprice": 7951.558108108109, "profit": 735, "limit": 7176, "timest": 1700069701}, "\u2605 Moto Gloves | Smoke Out (Battle-Scarred)": {"sugprice": 7217, "profit": 682, "limit": 6513, "timest": 1700069750}, "\u2605 Hydra Gloves | Rattler (Battle-Scarred)": {"sugprice": 4485.776595744682, "profit": 354, "limit": 4048, "timest": 1700069740}, "StatTrak\u2122 M4A4 | Evil Daimyo (Minimal Wear)": {"sugprice": 799.4900000000001, "profit": 115, "limit": 721, "timest": 1700042162}, "StatTrak\u2122 SSG 08 | Dragonfire (Field-Tested)": {"sugprice": 3679.2767857142862, "profit": 349, "limit": 3320, "timest": 1700069497}, "\u2605 Specialist Gloves | Forest DDPAT (Battle-Scarred)": {"sugprice": 8329, "profit": 594, "limit": 7516, "timest": 1700069794}, "StatTrak\u2122 M4A4 | Desert-Strike (Field-Tested)": {"sugprice": 1318.0800000000002, "profit": 235, "limit": 1189, "timest": 1700069412}, "Trapper | Guerrilla Warfare": {"sugprice": 826, "profit": 100, "limit": 745, "timest": 1699987757}, "\u2605 Broken Fang Gloves | Jade (Battle-Scarred)": {"sugprice": 7696, "profit": 712, "limit": 6945, "timest": 1700069618}, "\u2605 Broken Fang Gloves | Unhinged (Field-Tested)": {"sugprice": 5238.063749999999, "profit": 259, "limit": 4727, "timest": 1700017712}, "StatTrak\u2122 M4A4 | Temukau (Battle-Scarred)": {"sugprice": 2516.653863636363, "profit": 146, "limit": 2271, "timest": 1700069432},