{"USP-S | Kill Confirmed (Well-Worn)": {"sugprice": 3168, "profit": 253, "limit": 2859, "timest": 1700148341}, "USP-S | Overgrowth (Field-Tested)": {"sugprice": 2013.6749999999997, "profit": 135, "limit": 1817, "timest": 1700148377}, "\u2605 Moto Gloves | Turtle (Battle-Scarred)": {"sugprice": 8012.014210526317, "profit": 540, "limit": 7230, "timest": 1700148582}, "\u2605 Navaja Knife | Scorched (Field-Tested)": {"sugprice": 6946.8422580645165, "profit": 664, "limit": 6269, "timest": 1700148594}, "\u2605 Driver Gloves | Racing Green (Battle-Scarred)": {"sugprice": 4129.8821276595745, "profit": 502, "limit": 3727, "timest": 1700148483}, "StatTrak\u2122 M4A4 | Royal Paladin (Battle-Scarred)": {"sugprice": 2185.650769230769, "profit": 114, "limit": 1972, "timest": 1700148193}, "StatTrak\u2122 M4A4 | The Emperor (Battle-Scarred)": {"sugprice": 2618, "profit": 248, "limit": 2362, "timest": 1700148206}, "StatTrak\u2122 USP-S | The Traitor (Well-Worn)": {"sugprice": 2118, "profit": 197, "limit": 1911, "timest": 1700148307}, "USP-S | Printstream (Minimal Wear)": {"sugprice": 4358, "profit": 348, "limit": 3933, "timest": 1700145903}, "USP-S | Whiteout (Minimal Wear)": {"sugprice": 2641, "profit": 187, "limit": 2383, "timest": 1700148443}, "\u2605 Broken Fang Gloves | Needle Point (Battle-Scarred)": {"sugprice": 5453.6104444444445, "profit": 574, "limit": 4921, "timest": 1700148456}, "\u2605 Broken Fang Gloves | Needle Point (Field-Tested)": {"sugprice": 5533.183571428572, "profit": 535, "limit": 4993, "timest": 1700148458}, "\u2605 Driver Gloves | Racing Green (Well-Worn)": {"sugprice": 4260.147000000001, "profit": 453, "limit": 3844, "timest": 1700148486}, "\u2605 Hand Wraps | Constrictor (Battle-Scarred)": {"sugprice": 4889.579999999999, "profit": 505, "limit": 4412, "timest": 1700148509}, "\u2605 Hydra Gloves | Rattler (Field-Tested)": {"sugprice": 4225.875405405405, "profit": 410, "limit": 3813, "timest": 1700148039}, "\u2605 Moto Gloves | Finish Line (Battle-Scarred)": {"sugprice": 7247.9490000000005, "profit": 446, "limit": 6541, "timest": 1700148573}, "\u2605 Navaja Knife | Forest DDPAT (Field-Tested)": {"sugprice": 6955.804230769231, "profit": 546, "limit": 6277, "timest": 1700148586}, "\u2605 Navaja Knife | Safari Mesh (Field-Tested)": {"sugprice": 6930, "profit": 429, "limit": 6254, "timest": 1700148592}, "\u2605 Shadow Daggers | Bright Water (Field-Tested)": {"sugprice": 7793.199696969697, "profit": 761, "limit": 7033, "timest": 1700148603}, "\u2605 Shadow Daggers | Rust Coat (Battle-Scarred)": {"sugprice": 7025.043870967742, "profit": 644, "limit": 6340, "timest": 1700148609}, "\u2605 Broken Fang Gloves | Yellow-banded (Field-Tested)": {"sugprice": 6775.094736842106, "profit": 623, "limit": 6114, "timest": 1700147436}, "\u2605 Hand Wraps | Arboreal (Battle-Scarred)": {"sugprice": 5106.374230769231, "profit": 519, "limit": 4608, "timest": 1700145496}, "Vypa Sista of the Revolution | Guerrilla Warfare": {"sugprice": 1635.0949999999998, "profit": 144, "limit": 1475, "timest": 1700148445}, "StatTrak\u2122 M4A4 | \u9f8d\u738b (Dragon King) (Battle-Scarred)": {"sugprice": 1502.4866666666667, "profit": 111, "limit": 1355, "timest": 1700148212}, "\u2605 Hydra Gloves | Mangrove (Battle-Scarred)": {"sugprice": 4127.42, "profit": 207, "limit": 3724, "timest": 1700148546}, "USP-S | Monster Mashup (Minimal Wear)": {"sugprice": 1874.0278571428573, "profit": 140, "limit": 1691, "timest": 1700148347}, "\u2605 Broken Fang Gloves | Yellow-banded (Battle-Scarred)": {"sugprice": 6089.489591836735, "profit": 783, "limit": 5495, "timest": 1700148468}, "\u2605 Hydra Gloves | Mangrove (Well-Worn)": {"sugprice": 4334, "profit": 415, "limit": 3911, "timest": 1700147503}, "\u2605 Shadow Daggers | Scorched (Field-Tested)": {"sugprice": 7331.014000000001, "profit": 551, "limit": 6616, "timest": 1700148612}, "StatTrak\u2122 M4A4 | Desolate Space (Battle-Scarred)": {"sugprice": 1218.0782051282051, "profit": 139, "limit": 1099, "timest": 1700148179}, "StatTrak\u2122 P90 | Asiimov (Battle-Scarred)": {"sugprice": 1417, "profit": 127, "limit": 1278, "timest": 1700148250}, "\u2605 Hand Wraps | Desert Shamagh (Field-Tested)": {"sugprice": 4751, "profit": 293, "limit": 4287, "timest": 1700148517}, "\u2605 Gut Knife | Forest DDPAT (Field-Tested)": {"sugprice": 7731.544545454546, "profit": 547, "limit": 6977, "timest": 1700148495}, "\u2605 Moto Gloves | Transport (Battle-Scarred)": {"sugprice": 5250.341621621624, "profit": 387, "limit": 4738, "timest": 1700148580}, "USP-S | The Traitor (Minimal Wear)": {"sugprice": 1454.8542857142857, "profit": 145, "limit": 1313, "timest": 1700148437}, "USP-S | Printstream (Well-Worn)": {"sugprice": 2753, "profit": 294, "limit": 2484, "timest": 1700148397}, "\u2605 Driver Gloves | Racing Green (Field-Tested)": {"sugprice": 4113, "profit": 250, "limit": 3711, "timest": 1700148485}, "\u2605 Hand Wraps | Duct Tape (Field-Tested)": {"sugprice": 4950, "profit": 272, "limit": 4467, "timest": 1700148523}, "USP-S | Monster Mashup (Well-Worn)": {"sugprice": 1342.7869565217393, "profit": 123, "limit": 1211, "timest": 1700148348}, "\u2605 Broken Fang Gloves | Unhinged (Battle-Scarred)": {"sugprice": 5100.606734693877, "profit": 344, "limit": 4603, "timest": 1700148462}, "\u2605 Hand Wraps | Arboreal (Field-Tested)": {"sugprice": 5839, "profit": 486, "limit": 5269, "timest": 1700148506}, "USP-S | Kill Confirmed (Battle-Scarred)": {"sugprice": 3008.3361111111117, "profit": 212, "limit": 2715, "timest": 1700145869}, "StatTrak\u2122 M4A4 | Cyber Security (Battle-Scarred)": {"sugprice": 1576.0388235294117, "profit": 123, "limit": 1422, "timest": 1700130324}, "USP-S | Serum (Field-Tested)": {"sugprice": 3458.9526086956516, "profit": 377, "limit": 3121, "timest": 1700148411}, "\u2605 Hand Wraps | Giraffe (Battle-Scarred)": {"sugprice": 5930, "profit": 572, "limit": 5351, "timest": 1700148525}, "USP-S | Neo-Noir (Well-Worn)": {"sugprice": 1504, "profit": 114, "limit": 1357, "timest": 1700148372}, "\u2605 Survival Knife | Safari Mesh (Field-Tested)": {"sugprice": 7622, "profit": 571, "limit": 6878, "timest": 1700148630}, "\u2605 Hydra Gloves | Case Hardened (Field-Tested)": {"sugprice": 8117, "profit": 583, "limit": 7325, "timest": 1700148541}, "\u2605 Gut Knife | Rust Coat (Battle-Scarred)": {"sugprice": 7939.6807499999995, "profit": 728, "limit": 7165, "timest": 1700148498}, "\u2605 Moto Gloves | Smoke Out (Battle-Scarred)": {"sugprice": 6830, "profit": 537, "limit": 6164, "timest": 1700148575}, "\u2605 Hydra Gloves | Rattler (Battle-Scarred)": {"sugprice": 4241, "profit": 298, "limit": 3827, "timest": 1700148554}, "StatTrak\u2122 M4A4 | Evil Daimyo (Minimal Wear)": {"sugprice": 807.6687499999997, "profit": 101, "limit": 728, "timest": 1700148185}, "StatTrak\u2122 SSG 08 | Dragonfire (Field-Tested)": {"sugprice": 3804.357222222222, "profit": 454, "limit": 3433, "timest": 1700148266}, "\u2605 Specialist Gloves | Forest DDPAT (Battle-Scarred)": {"sugprice": 7796, "profit": 684, "limit": 7035, "timest": 1700148621}, "StatTrak\u2122 M4A4 | Desert-Strike (Field-Tested)": {"sugprice": 1394.2666666666669, "profit": 267, "limit": 1258, "timest": 1700148177}, "\u2605 Broken Fang Gloves | Jade (Battle-Scarred)": {"sugprice": 7424, "profit": 742, "limit": 6700, "timest": 1700147949}, "StatTrak\u2122 M4A4 | Temukau (Battle-Scarred)": {"sugprice": 2538.6620930232557, "profit": 202, "limit": 2291, "timest": 1700148201}, "\u2605 Hydra Gloves | Rattler (Well-Worn)": {"sugprice": 4722, "profit": 383, "limit": 4261, "timest": 1700148569}, "\u2605 Broken Fang Gloves | Needle Point (Well-Worn)": {"sugprice": 5562.680434782608, "profit": 436, "limit": 5020, "timest": 1700148460}, "StatTrak\u2122 USP-S | Neo-Noir (Field-Tested)": {"sugprice": 3171, "profit": 252, "limit": 2861, "timest": 1700148300}, "USP-S | Whiteout (Battle-Scarred)": {"sugprice": 1793.9114705882353, "profit": 147, "limit": 1619, "timest": 1700148440},