{"StatTrak\u2122 M4A4 | The Emperor (Battle-Scarred)": {"sugprice": 2602.169629629629, "profit": 140, "limit": 2348, "timest": 1703045965}, "StatTrak\u2122 M4A4 | \u9f8d\u738b (Dragon King) (Field-Tested)": {"sugprice": 1514.1980952380954, "profit": 105, "limit": 1366, "timest": 1703006349}, "StatTrak\u2122 MAC-10 | Toybox (Battle-Scarred)": {"sugprice": 593, "profit": 100, "limit": 535, "timest": 1702978646}, "StatTrak\u2122 MP7 | Bloodsport (Factory New)": {"sugprice": 1352.1981818181816, "profit": 100, "limit": 1220, "timest": 1703025681}, "StatTrak\u2122 MP9 | Hypnotic (Factory New)": {"sugprice": 3465.867812499999, "profit": 239, "limit": 3127, "timest": 1703045999}, "StatTrak\u2122 P90 | Asiimov (Battle-Scarred)": {"sugprice": 1660.6767857142859, "profit": 208, "limit": 1498, "timest": 1703046021}, "StatTrak\u2122 PP-Bizon | Judgement of Anubis (Field-Tested)": {"sugprice": 940, "profit": 112, "limit": 848, "timest": 1702991547}, "StatTrak\u2122 SSG 08 | Bloodshot (Field-Tested)": {"sugprice": 2015.5434999999998, "profit": 193, "limit": 1819, "timest": 1703046031}, "StatTrak\u2122 USP-S | Neo-Noir (Battle-Scarred)": {"sugprice": 3124.4253333333336, "profit": 232, "limit": 2819, "timest": 1703046059}, "StatTrak\u2122 USP-S | Neo-Noir (Field-Tested)": {"sugprice": 3023.113333333333, "profit": 146, "limit": 2728, "timest": 1703041318}, "StatTrak\u2122 USP-S | The Traitor (Battle-Scarred)": {"sugprice": 2095.132448979592, "profit": 132, "limit": 1890, "timest": 1703046067}, "Tec-9 | Nuclear Threat (Battle-Scarred)": {"sugprice": 3389.9950000000003, "profit": 325, "limit": 3059, "timest": 1703046073}, "USP-S | Kill Confirmed (Battle-Scarred)": {"sugprice": 3102.9341999999992, "profit": 176, "limit": 2800, "timest": 1703046099}, "USP-S | Kill Confirmed (Well-Worn)": {"sugprice": 3082.7410256410253, "profit": 147, "limit": 2782, "timest": 1703008617}, "USP-S | Neo-Noir (Factory New)": {"sugprice": 3101.6640909090916, "profit": 152, "limit": 2799, "timest": 1703046106}, "\u2605 Bloodhound Gloves | Guerrilla (Battle-Scarred)": {"sugprice": 6104.133666666666, "profit": 327, "limit": 5508, "timest": 1703046145}, "\u2605 Broken Fang Gloves | Needle Point (Well-Worn)": {"sugprice": 4990.742, "profit": 240, "limit": 4504, "timest": 1702992751}, "\u2605 Broken Fang Gloves | Yellow-banded (Battle-Scarred)": {"sugprice": 5989.207, "profit": 319, "limit": 5405, "timest": 1703028514}, "\u2605 Driver Gloves | Convoy (Field-Tested)": {"sugprice": 6308.096666666666, "profit": 380, "limit": 5693, "timest": 1703034981}, "\u2605 Driver Gloves | Diamondback (Battle-Scarred)": {"sugprice": 6749.371666666667, "profit": 438, "limit": 6091, "timest": 1703046175}, "\u2605 Driver Gloves | Queen Jaguar (Battle-Scarred)": {"sugprice": 5353.935599999998, "profit": 256, "limit": 4831, "timest": 1703020413}, "\u2605 Gut Knife | Bright Water (Field-Tested)": {"sugprice": 8340.338333333335, "profit": 555, "limit": 7527, "timest": 1703046197}, "\u2605 Hand Wraps | Arboreal (Field-Tested)": {"sugprice": 6149.705833333333, "profit": 535, "limit": 5550, "timest": 1703046209}, "\u2605 Hand Wraps | Badlands (Battle-Scarred)": {"sugprice": 7409.296363636365, "profit": 557, "limit": 6686, "timest": 1703046211}, "\u2605 Hand Wraps | Desert Shamagh (Battle-Scarred)": {"sugprice": 4896.190857142858, "profit": 341, "limit": 4418, "timest": 1703015335}, "\u2605 Hydra Gloves | Mangrove (Field-Tested)": {"sugprice": 4129.34510638298, "profit": 198, "limit": 3726, "timest": 1703033365}, "\u2605 Hydra Gloves | Rattler (Battle-Scarred)": {"sugprice": 4141.6849999999995, "profit": 204, "limit": 3737, "timest": 1703046255}, "\u2605 Moto Gloves | 3rd Commando Company (Battle-Scarred)": {"sugprice": 5031.7944, "profit": 241, "limit": 4541, "timest": 1703033378}, "\u2605 Moto Gloves | POW! (Battle-Scarred)": {"sugprice": 7853.144444444445, "profit": 500, "limit": 7087, "timest": 1702975316}, "\u2605 Moto Gloves | Smoke Out (Battle-Scarred)": {"sugprice": 7019.014838709678, "profit": 337, "limit": 6334, "timest": 1703046343}, "\u2605 Moto Gloves | Transport (Field-Tested)": {"sugprice": 5719.343333333334, "profit": 425, "limit": 5161, "timest": 1703046346}, "\u2605 Navaja Knife | Night Stripe (Field-Tested)": {"sugprice": 6787.3204166666665, "profit": 532, "limit": 6125, "timest": 1703001426}, "\u2605 Navaja Knife | Rust Coat (Battle-Scarred)": {"sugprice": 6968.455806451614, "profit": 339, "limit": 6289, "timest": 1703046354}, "\u2605 Navaja Knife | Scorched (Field-Tested)": {"sugprice": 6969.252758620689, "profit": 332, "limit": 6289, "timest": 1703012758}, "\u2605 Navaja Knife | Ultraviolet (Field-Tested)": {"sugprice": 7326, "profit": 373, "limit": 6611, "timest": 1702961395}, "\u2605 Navaja Knife | Urban Masked (Field-Tested)": {"sugprice": 7045.717499999999, "profit": 367, "limit": 6358, "timest": 1703046368}, "\u2605 Paracord Knife | Forest DDPAT (Field-Tested)": {"sugprice": 8268.814761904763, "profit": 412, "limit": 7462, "timest": 1703002525}, "\u2605 Shadow Daggers | Freehand (Field-Tested)": {"sugprice": 9055.961764705884, "profit": 568, "limit": 8173, "timest": 1703034573}, "\u2605 Shadow Daggers | Ultraviolet (Battle-Scarred)": {"sugprice": 7226.13181818182, "profit": 346, "limit": 6521, "timest": 1702996597}, "\u2605 Shadow Daggers | Ultraviolet (Field-Tested)": {"sugprice": 8708, "profit": 442, "limit": 7858, "timest": 1703037542}, "\u2605 Sport Gloves | Bronze Morph (Battle-Scarred)": {"sugprice": 10399.639473684212, "profit": 707, "limit": 9385, "timest": 1703046394}, "\u2605 Survival Knife | Forest DDPAT (Field-Tested)": {"sugprice": 7814.0215384615385, "profit": 411, "limit": 7052, "timest": 1702973894}, "StatTrak\u2122 M4A4 | X-Ray (Minimal Wear)": {"sugprice": 4556.178947368421, "profit": 217, "limit": 4111, "timest": 1703034217}, "\u2605 Driver Gloves | Racing Green (Battle-Scarred)": {"sugprice": 3850.8772000000004, "profit": 203, "limit": 3475, "timest": 1703046183}, "\u2605 Gut Knife | Boreal Forest (Field-Tested)": {"sugprice": 7381.660000000001, "profit": 512, "limit": 6661, "timest": 1703046195}, "\u2605 Gut Knife | Forest DDPAT (Field-Tested)": {"sugprice": 8032.759523809525, "profit": 492, "limit": 7249, "timest": 1703046199}, "\u2605 Hydra Gloves | Rattler (Field-Tested)": {"sugprice": 3999.2807894736848, "profit": 200, "limit": 3609, "timest": 1703000366}, "\u2605 Paracord Knife | Safari Mesh (Field-Tested)": {"sugprice": 7084.901250000001, "profit": 357, "limit": 6394, "timest": 1703015429}, "\u2605 Shadow Daggers | Safari Mesh (Field-Tested)": {"sugprice": 7190.95, "profit": 373, "limit": 6489, "timest": 1703046384}, "\u2605 Specialist Gloves | Fade (Battle-Scarred)": {"sugprice": 15210.611153846154, "profit": 734, "limit": 13727, "timest": 1703046390}, "\u2605 Driver Gloves | Racing Green (Field-Tested)": {"sugprice": 3782.2764, "profit": 180, "limit": 3413, "timest": 1703032067}, "\u2605 Hand Wraps | Constrictor (Field-Tested)": {"sugprice": 4920.169523809523, "profit": 234, "limit": 4440, "timest": 1703022001}, "\u2605 Hand Wraps | Desert Shamagh (Field-Tested)": {"sugprice": 4968.271276595745, "profit": 253, "limit": 4483, "timest": 1703046223}, "\u2605 Hydra Gloves | Mangrove (Well-Worn)": {"sugprice": 4402.639166666667, "profit": 288, "limit": 3973, "timest": 1703046253}, "\u2605 Moto Gloves | Blood Pressure (Battle-Scarred)": {"sugprice": 7610.078888888888, "profit": 428, "limit": 6868, "timest": 1703023403}, "\u2605 Shadow Daggers | Boreal Forest (Field-Tested)": {"sugprice": 7019.245714285715, "profit": 368, "limit": 6334, "timest": 1703046375}, "\u2605 Bowie Knife | Bright Water (Field-Tested)": {"sugprice": 9864.422142857144, "profit": 616, "limit": 8902, "timest": 1703002875}, "\u2605 Shadow Daggers | Scorched (Field-Tested)": {"sugprice": 6940.853529411764, "profit": 349, "limit": 6264, "timest": 1703046385}, "\u2605 Driver Gloves | Racing Green (Well-Worn)": {"sugprice": 3846.21, "profit": 242, "limit": 3471, "timest": 1703040721},