{"USP-S | Kill Confirmed (Well-Worn)": {"sugprice": 3182.3502325581394, "profit": 160, "limit": 2872, "timest": 1702026428}, "\u2605 Hydra Gloves | Rattler (Field-Tested)": {"sugprice": 4380.768, "profit": 215, "limit": 3953, "timest": 1702006615}, "\u2605 Moto Gloves | Transport (Battle-Scarred)": {"sugprice": 5376.956046511627, "profit": 264, "limit": 4852, "timest": 1701994429}, "\u2605 Broken Fang Gloves | Unhinged (Battle-Scarred)": {"sugprice": 5143.389399999999, "profit": 246, "limit": 4641, "timest": 1702027914}, "StatTrak\u2122 SSG 08 | Dragonfire (Field-Tested)": {"sugprice": 3120.755681818182, "profit": 149, "limit": 2816, "timest": 1702004250}, "StatTrak\u2122 USP-S | The Traitor (Battle-Scarred)": {"sugprice": 2263.8979999999992, "profit": 152, "limit": 2043, "timest": 1702027616}, "\u2605 Moto Gloves | Turtle (Battle-Scarred)": {"sugprice": 7968.975200000002, "profit": 395, "limit": 7192, "timest": 1701949229}, "\u2605 Moto Gloves | Blood Pressure (Battle-Scarred)": {"sugprice": 8096, "profit": 576, "limit": 7306, "timest": 1701978971}, "\u2605 Gut Knife | Safari Mesh (Field-Tested)": {"sugprice": 7203, "profit": 381, "limit": 6500, "timest": 1701979879}, "\u2605 Gut Knife | Freehand (Field-Tested)": {"sugprice": 9073.324285714287, "profit": 434, "limit": 8188, "timest": 1702012007}, "USP-S | Neo-Noir (Factory New)": {"sugprice": 3189.199444444444, "profit": 180, "limit": 2878, "timest": 1702027703}, "\u2605 Driver Gloves | Convoy (Field-Tested)": {"sugprice": 6294.139499999999, "profit": 368, "limit": 5680, "timest": 1702026629}, "\u2605 Specialist Gloves | Fade (Battle-Scarred)": {"sugprice": 15311.670714285716, "profit": 852, "limit": 13818, "timest": 1702028403}, "Tec-9 | Nuclear Threat (Battle-Scarred)": {"sugprice": 3123.700909090908, "profit": 214, "limit": 2819, "timest": 1702027633}, "StatTrak\u2122 M4A4 | Neo-Noir (Well-Worn)": {"sugprice": 982, "profit": 108, "limit": 886, "timest": 1701958642}, "StatTrak\u2122 M4A4 | \u9f8d\u738b (Dragon King) (Field-Tested)": {"sugprice": 1574, "profit": 102, "limit": 1420, "timest": 1702027384}, "\u2605 Bloodhound Gloves | Bronzed (Battle-Scarred)": {"sugprice": 6249.340000000001, "profit": 356, "limit": 5640, "timest": 1702027856}, "\u2605 Navaja Knife | Marble Fade (Factory New)": {"sugprice": 15260.115833333335, "profit": 744, "limit": 13772, "timest": 1702028239}, "\u2605 Shadow Daggers | Scorched (Field-Tested)": {"sugprice": 7001.8618750000005, "profit": 341, "limit": 6319, "timest": 1702013314}, "StatTrak\u2122 M4A4 | The Battlestar (Field-Tested)": {"sugprice": 1525.7368421052631, "profit": 172, "limit": 1376, "timest": 1702027360}, "StatTrak\u2122 M4A4 | The Emperor (Battle-Scarred)": {"sugprice": 2567.818125, "profit": 122, "limit": 2317, "timest": 1701962258}, "\u2605 Driver Gloves | Racing Green (Field-Tested)": {"sugprice": 4225.6404, "profit": 249, "limit": 3813, "timest": 1702023883}, "StatTrak\u2122 M4A4 | Temukau (Battle-Scarred)": {"sugprice": 2427.319111111112, "profit": 122, "limit": 2190, "timest": 1702004078}, "\u2605 Hand Wraps | Constrictor (Battle-Scarred)": {"sugprice": 5013.281999999999, "profit": 260, "limit": 4524, "timest": 1701995766}, "\u2605 Shadow Daggers | Black Laminate (Well-Worn)": {"sugprice": 7720.9722222222235, "profit": 513, "limit": 6968, "timest": 1701950258}, "USP-S | Monster Mashup (Minimal Wear)": {"sugprice": 2007.0370000000003, "profit": 100, "limit": 1811, "timest": 1701960374}, "\u2605 Shadow Daggers | Freehand (Field-Tested)": {"sugprice": 9352.535185185186, "profit": 595, "limit": 8440, "timest": 1702028370}, "\u2605 Bloodhound Gloves | Guerrilla (Battle-Scarred)": {"sugprice": 6214.208076923077, "profit": 391, "limit": 5608, "timest": 1702027874}, "\u2605 Driver Gloves | Convoy (Battle-Scarred)": {"sugprice": 6328.300800000001, "profit": 363, "limit": 5711, "timest": 1702027930}, "\u2605 Navaja Knife | Boreal Forest (Field-Tested)": {"sugprice": 6876.845999999999, "profit": 338, "limit": 6206, "timest": 1702028209}, "\u2605 Shadow Daggers | Boreal Forest (Field-Tested)": {"sugprice": 7240.460769230768, "profit": 368, "limit": 6534, "timest": 1701966588}, "\u2605 Gut Knife | Bright Water (Field-Tested)": {"sugprice": 8404.206666666667, "profit": 423, "limit": 7584, "timest": 1701998821}, "\u2605 Hydra Gloves | Rattler (Well-Worn)": {"sugprice": 4487.8265, "profit": 221, "limit": 4050, "timest": 1701966528}, "StatTrak\u2122 M4A4 | In Living Color (Field-Tested)": {"sugprice": 1307.4123809523812, "profit": 111, "limit": 1179, "timest": 1702007089}, "\u2605 Driver Gloves | Queen Jaguar (Field-Tested)": {"sugprice": 6374.753846153848, "profit": 405, "limit": 5753, "timest": 1702027942}, "\u2605 Bloodhound Gloves | Snakebite (Field-Tested)": {"sugprice": 6091.888461538461, "profit": 325, "limit": 5497, "timest": 1702023727}, "StatTrak\u2122 USP-S | Neo-Noir (Battle-Scarred)": {"sugprice": 3060.3533333333335, "profit": 178, "limit": 2761, "timest": 1702027603}, "\u2605 Specialist Gloves | Forest DDPAT (Battle-Scarred)": {"sugprice": 8662, "profit": 570, "limit": 7817, "timest": 1702028406}, "\u2605 Moto Gloves | Smoke Out (Battle-Scarred)": {"sugprice": 8039.441176470588, "profit": 656, "limit": 7255, "timest": 1702028198}, "\u2605 Hand Wraps | Giraffe (Battle-Scarred)": {"sugprice": 6218.171290322581, "profit": 460, "limit": 5611, "timest": 1702028079}, "\u2605 Shadow Daggers | Forest DDPAT (Field-Tested)": {"sugprice": 7226, "profit": 411, "limit": 6521, "timest": 1702028367}, "\u2605 Gut Knife | Forest DDPAT (Field-Tested)": {"sugprice": 7664.379999999999, "profit": 365, "limit": 6917, "timest": 1702004553}, "USP-S | Printstream (Field-Tested)": {"sugprice": 3193.9193749999995, "profit": 199, "limit": 2882, "timest": 1702027758}, "StatTrak\u2122 SSG 08 | Bloodshot (Field-Tested)": {"sugprice": 1691.0949999999998, "profit": 107, "limit": 1526, "timest": 1701962368}, "\u2605 Navaja Knife | Rust Coat (Battle-Scarred)": {"sugprice": 6974.91, "profit": 360, "limit": 6294, "timest": 1702028265}, "StatTrak\u2122 PP-Bizon | Judgement of Anubis (Field-Tested)": {"sugprice": 1108, "profit": 156, "limit": 999, "timest": 1702027536}, "\u2605 Navaja Knife | Night Stripe (Field-Tested)": {"sugprice": 6860.75294117647, "profit": 380, "limit": 6191, "timest": 1702028257}, "\u2605 Paracord Knife | Forest DDPAT (Field-Tested)": {"sugprice": 8231.133214285714, "profit": 404, "limit": 7428, "timest": 1702003814}, "\u2605 Shadow Daggers | Ultraviolet (Field-Tested)": {"sugprice": 9115, "profit": 481, "limit": 8226, "timest": 1702027122}, "\u2605 Survival Knife | Forest DDPAT (Field-Tested)": {"sugprice": 8015.5909999999985, "profit": 692, "limit": 7234, "timest": 1702028414}, "\u2605 Hydra Gloves | Emerald (Field-Tested)": {"sugprice": 4779.634897959181, "profit": 230, "limit": 4313, "timest": 1701992385}, "\u2605 Driver Gloves | Queen Jaguar (Battle-Scarred)": {"sugprice": 6196.24125, "profit": 610, "limit": 5592, "timest": 1702025175}, "\u2605 Driver Gloves | Racing Green (Battle-Scarred)": {"sugprice": 4012.865609756098, "profit": 228, "limit": 3621, "timest": 1701959705}, "\u2605 Survival Knife | Boreal Forest (Field-Tested)": {"sugprice": 7957.748666666666, "profit": 639, "limit": 7181, "timest": 1702028410}, "StatTrak\u2122 M4A4 | X-Ray (Minimal Wear)": {"sugprice": 4705.146428571429, "profit": 225, "limit": 4246, "timest": 1702020067}, "\u2605 Gut Knife | Doppler (Factory New)": {"sugprice": 16078.095000000001, "profit": 1173, "limit": 14510, "timest": 1702028008}, "\u2605 Shadow Daggers | Rust Coat (Battle-Scarred)": {"sugprice": 6961.155277777779, "profit": 343, "limit": 6282, "timest": 1701966600}, "USP-S | Printstream (Well-Worn)": {"sugprice": 3017.865277777778, "profit": 145, "limit": 2723, "timest": 1702001925}, "StatTrak\u2122 USP-S | The Traitor (Well-Worn)": {"sugprice": 2208.2930434782606, "profit": 106, "limit": 1992, "timest": 1702027618}, "StatTrak\u2122 USP-S | Neo-Noir (Field-Tested)": {"sugprice": 3118, "profit": 221, "limit": 2813,