{"USP-S | Kill Confirmed (Well-Worn)": {"sugprice": 2905.936326530613, "profit": 139, "limit": 2622, "timest": 1701429527}, "\u2605 Navaja Knife | Scorched (Field-Tested)": {"sugprice": 6736.82375, "profit": 469, "limit": 6079, "timest": 1701429715}, "\u2605 Driver Gloves | Racing Green (Battle-Scarred)": {"sugprice": 3644.4691999999986, "profit": 272, "limit": 3289, "timest": 1701429599}, "\u2605 Driver Gloves | Racing Green (Well-Worn)": {"sugprice": 3641.0752941176474, "profit": 193, "limit": 3286, "timest": 1701429601}, "\u2605 Hydra Gloves | Rattler (Field-Tested)": {"sugprice": 3847.5078, "profit": 213, "limit": 3472, "timest": 1701410497}, "\u2605 Navaja Knife | Forest DDPAT (Field-Tested)": {"sugprice": 6692.677826086955, "profit": 322, "limit": 6040, "timest": 1701369078}, "\u2605 Shadow Daggers | Bright Water (Field-Tested)": {"sugprice": 7306, "profit": 397, "limit": 6593, "timest": 1701429737}, "\u2605 Broken Fang Gloves | Yellow-banded (Field-Tested)": {"sugprice": 6271.828823529411, "profit": 325, "limit": 5660, "timest": 1701418818}, "\u2605 Hydra Gloves | Mangrove (Battle-Scarred)": {"sugprice": 3789.5975000000003, "profit": 233, "limit": 3420, "timest": 1701359486}, "\u2605 Hydra Gloves | Mangrove (Well-Worn)": {"sugprice": 3945, "profit": 280, "limit": 3560, "timest": 1701429656}, "\u2605 Hand Wraps | Desert Shamagh (Field-Tested)": {"sugprice": 4849.406756756757, "profit": 236, "limit": 4376, "timest": 1701365182}, "\u2605 Moto Gloves | Transport (Battle-Scarred)": {"sugprice": 5130.544545454545, "profit": 256, "limit": 4630, "timest": 1701425261}, "USP-S | Printstream (Well-Worn)": {"sugprice": 2644.7100000000005, "profit": 139, "limit": 2386, "timest": 1701429553}, "\u2605 Hand Wraps | Duct Tape (Field-Tested)": {"sugprice": 5121.516428571428, "profit": 256, "limit": 4622, "timest": 1701383409}, "\u2605 Broken Fang Gloves | Unhinged (Battle-Scarred)": {"sugprice": 5131.5167999999985, "profit": 294, "limit": 4631, "timest": 1701429583}, "\u2605 Hand Wraps | Arboreal (Field-Tested)": {"sugprice": 5565.388148148149, "profit": 287, "limit": 5022, "timest": 1701429624}, "\u2605 Hand Wraps | Giraffe (Battle-Scarred)": {"sugprice": 5960.227916666667, "profit": 432, "limit": 5379, "timest": 1701415678}, "USP-S | Neo-Noir (Well-Worn)": {"sugprice": 1467.9761538461537, "profit": 116, "limit": 1324, "timest": 1701418337}, "\u2605 Moto Gloves | Smoke Out (Battle-Scarred)": {"sugprice": 6813.42375, "profit": 378, "limit": 6149, "timest": 1701429686}, "\u2605 Hydra Gloves | Rattler (Battle-Scarred)": {"sugprice": 3808.3968749999995, "profit": 195, "limit": 3437, "timest": 1701369048}, "StatTrak\u2122 SSG 08 | Dragonfire (Field-Tested)": {"sugprice": 3096.9070270270267, "profit": 211, "limit": 2794, "timest": 1701429455}, "StatTrak\u2122 USP-S | Neo-Noir (Field-Tested)": {"sugprice": 2969, "profit": 166, "limit": 2679, "timest": 1701429485}, "\u2605 Bloodhound Gloves | Guerrilla (Field-Tested)": {"sugprice": 6105.660666666667, "profit": 324, "limit": 5510, "timest": 1701429571}, "\u2605 Hand Wraps | Constrictor (Field-Tested)": {"sugprice": 5069.227500000001, "profit": 405, "limit": 4574, "timest": 1701429628}, "\u2605 Hand Wraps | Desert Shamagh (Well-Worn)": {"sugprice": 4961.74375, "profit": 490, "limit": 4477, "timest": 1701429636}, "\u2605 Survival Knife | Scorched (Field-Tested)": {"sugprice": 7740.733749999999, "profit": 385, "limit": 6986, "timest": 1701410865}, "\u2605 Moto Gloves | 3rd Commando Company (Field-Tested)": {"sugprice": 5573.260952380952, "profit": 274, "limit": 5029, "timest": 1701420349}, "StatTrak\u2122 USP-S | The Traitor (Battle-Scarred)": {"sugprice": 1859.928181818182, "profit": 117, "limit": 1678, "timest": 1701427728}, "\u2605 Hand Wraps | Desert Shamagh (Battle-Scarred)": {"sugprice": 4825.650322580645, "profit": 234, "limit": 4355, "timest": 1701419777}, "USP-S | Orion (Minimal Wear)": {"sugprice": 3901.9558333333334, "profit": 312, "limit": 3521, "timest": 1701429543}, "USP-S | Caiman (Field-Tested)": {"sugprice": 3036.286842105264, "profit": 149, "limit": 2740, "timest": 1701429095}, "\u2605 Sport Gloves | Bronze Morph (Battle-Scarred)": {"sugprice": 9987.35, "profit": 537, "limit": 9013, "timest": 1701428885}, "\u2605 Moto Gloves | Turtle (Battle-Scarred)": {"sugprice": 7920.315294117646, "profit": 523, "limit": 7148, "timest": 1701429696}, "\u2605 Hand Wraps | Arboreal (Battle-Scarred)": {"sugprice": 5076.140000000001, "profit": 319, "limit": 4581, "timest": 1701429622}, "StatTrak\u2122 USP-S | Printstream (Battle-Scarred)": {"sugprice": 4257, "profit": 231, "limit": 3841, "timest": 1701429487}, "USP-S | Overgrowth (Field-Tested)": {"sugprice": 1630.2428, "profit": 104, "limit": 1471, "timest": 1701346570}, "StatTrak\u2122 USP-S | Stainless (Battle-Scarred)": {"sugprice": 1023.1504347826086, "profit": 104, "limit": 923, "timest": 1701418289}, "\u2605 Broken Fang Gloves | Needle Point (Battle-Scarred)": {"sugprice": 5000.073260869565, "profit": 300, "limit": 4512, "timest": 1701429577}, "StatTrak\u2122 P250 | Muertos (Field-Tested)": {"sugprice": 1042.0389655172414, "profit": 118, "limit": 940, "timest": 1701349687}, "StatTrak\u2122 USP-S | Monster Mashup (Field-Tested)": {"sugprice": 1835.539230769231, "profit": 100, "limit": 1656, "timest": 1701428596}, "\u2605 Bloodhound Gloves | Bronzed (Field-Tested)": {"sugprice": 6262.058333333333, "profit": 448, "limit": 5651, "timest": 1701429567}, "\u2605 Gut Knife | Scorched (Field-Tested)": {"sugprice": 7362.198181818182, "profit": 394, "limit": 6644, "timest": 1701429620}, "\u2605 Hydra Gloves | Emerald (Battle-Scarred)": {"sugprice": 4587.161875, "profit": 278, "limit": 4139, "timest": 1701429648}, "\u2605 Hydra Gloves | Emerald (Field-Tested)": {"sugprice": 4536.8080434782605, "profit": 239, "limit": 4094, "timest": 1701429650}, "\u2605 Moto Gloves | Blood Pressure (Battle-Scarred)": {"sugprice": 8472.4, "profit": 582, "limit": 7646, "timest": 1701429674}, "\u2605 Navaja Knife | Boreal Forest (Field-Tested)": {"sugprice": 7017.034199999998, "profit": 516, "limit": 6332, "timest": 1701423087}, "\u2605 Navaja Knife | Rust Coat (Battle-Scarred)": {"sugprice": 6771, "profit": 345, "limit": 6110, "timest": 1701429266}, "\u2605 Navaja Knife | Ultraviolet (Field-Tested)": {"sugprice": 7054.6875, "profit": 360, "limit": 6366, "timest": 1701427517}, "\u2605 Shadow Daggers | Ultraviolet (Field-Tested)": {"sugprice": 7940.424999999998, "profit": 430, "limit": 7166, "timest": 1701348688}, "\u2605 Paracord Knife | Scorched (Field-Tested)": {"sugprice": 7509.120625, "profit": 363, "limit": 6776, "timest": 1701416181}, "\u2605 Huntsman Knife | Rust Coat (Battle-Scarred)": {"sugprice": 8687.609999999999, "profit": 421, "limit": 7840, "timest": 1701373280}, "StatTrak\u2122 PP-Bizon | Judgement of Anubis (Field-Tested)": {"sugprice": 996.5572727272728, "profit": 127, "limit": 899, "timest": 1701429443}, "USP-S | Printstream (Field-Tested)": {"sugprice": 2820, "profit": 168, "limit": 2545, "timest": 1701429549}, "\u2605 Shadow Daggers | Night (Field-Tested)": {"sugprice": 7201, "profit": 358, "limit": 6498, "timest": 1701425785}, "\u2605 Moto Gloves | Finish Line (Battle-Scarred)": {"sugprice": 6633.2111111111135, "profit": 447, "limit": 5986, "timest": 1701383586}, "\u2605 Shadow Daggers | Safari Mesh (Field-Tested)": {"sugprice": 6972.1494999999995, "profit": 333, "limit": 6292, "timest": 1701417206}, "\u2605 Hand Wraps | Duct Tape (Battle-Scarred)": {"sugprice": 5215.826875, "profit": 431, "limit": 4707, "timest": 1701429638}, "\u2605 Navaja Knife | Safari Mesh (Field-Tested)": {"sugprice": 6889.852812499999, "profit": 420, "limit": 6218, "timest": 1701429713}, "\u2605 Moto Gloves | POW! (Battle-Scarred)": {"sugprice": 8379, "profit": 538, "limit": 7562, "timest": 1701429681}, "\u2605 Navaja Knife | Boreal Forest (Battle-Scarred)": {"sugprice": 6884.599166666667, "profit": 459, "limit": 6213, "timest": 1701429697},