{"\u2605 Hand Wraps | CAUTION! (Battle-Scarred)": {"sugprice": 14926.615333333331, "profit": 792, "limit": 13471, "timest": 1708191213}, "\u2605 Shadow Daggers | Autotronic (Battle-Scarred)": {"sugprice": 9033.692142857142, "profit": 481, "limit": 8152, "timest": 1708177886}, "USP-S | Royal Blue (Field-Tested)": {"sugprice": 1352.4028571428569, "profit": 126, "limit": 1220, "timest": 1708218667}, "StatTrak\u2122 SSG 08 | Big Iron (Battle-Scarred)": {"sugprice": 1486, "profit": 130, "limit": 1341, "timest": 1708155584}, "\u2605 Driver Gloves | Racing Green (Field-Tested)": {"sugprice": 4224.686590909091, "profit": 201, "limit": 3812, "timest": 1708177047}, "\u2605 Driver Gloves | Black Tie (Battle-Scarred)": {"sugprice": 10660.6475, "profit": 518, "limit": 9621, "timest": 1708216711}, "\u2605 Gut Knife | Doppler (Factory New)": {"sugprice": 16867.949999999997, "profit": 1176, "limit": 15223, "timest": 1708218848}, "\u2605 Navaja Knife | Ultraviolet (Battle-Scarred)": {"sugprice": 7348.577058823529, "profit": 481, "limit": 6632, "timest": 1708211472}, "USP-S | Monster Mashup (Minimal Wear)": {"sugprice": 2289.297647058823, "profit": 190, "limit": 2066, "timest": 1708218606}, "\u2605 Gut Knife | Safari Mesh (Field-Tested)": {"sugprice": 7546.518235294117, "profit": 515, "limit": 6810, "timest": 1708205318}, "\u2605 Hand Wraps | Spruce DDPAT (Battle-Scarred)": {"sugprice": 7341.691428571428, "profit": 435, "limit": 6625, "timest": 1708171723}, "\u2605 Navaja Knife | Stained (Battle-Scarred)": {"sugprice": 7482.90923076923, "profit": 357, "limit": 6753, "timest": 1708204086}, "StatTrak\u2122 P2000 | Imperial Dragon (Field-Tested)": {"sugprice": 833.3416129032256, "profit": 105, "limit": 752, "timest": 1708218398}, "USP-S | Serum (Minimal Wear)": {"sugprice": 3461.2474999999995, "profit": 458, "limit": 3123, "timest": 1708165401}, "\u2605 Huntsman Knife | Lore (Battle-Scarred)": {"sugprice": 14710.581111111112, "profit": 907, "limit": 13276, "timest": 1708218895}, "\u2605 Hydra Gloves | Rattler (Well-Worn)": {"sugprice": 4600.934800000001, "profit": 228, "limit": 4152, "timest": 1708218935}, "\u2605 Falchion Knife | Ultraviolet (Battle-Scarred)": {"sugprice": 10459.248125, "profit": 636, "limit": 9439, "timest": 1708191925}, "\u2605 Hand Wraps | Giraffe (Well-Worn)": {"sugprice": 6002.8516666666665, "profit": 415, "limit": 5417, "timest": 1708211371}, "\u2605 Driver Gloves | Diamondback (Battle-Scarred)": {"sugprice": 7248.770000000001, "profit": 619, "limit": 6542, "timest": 1708218767}, "StatTrak\u2122 SSG 08 | Turbo Peek (Field-Tested)": {"sugprice": 875.4894736842105, "profit": 107, "limit": 790, "timest": 1708178953}, "StatTrak\u2122 USP-S | Neo-Noir (Field-Tested)": {"sugprice": 3555.3966666666674, "profit": 314, "limit": 3208, "timest": 1708218550}, "\u2605 Specialist Gloves | Crimson Web (Battle-Scarred)": {"sugprice": 12365.879333333336, "profit": 605, "limit": 11160, "timest": 1708209503}, "USP-S | Orion (Field-Tested)": {"sugprice": 3786.2338775510216, "profit": 181, "limit": 3417, "timest": 1708163908}, "\u2605 Shadow Daggers | Ultraviolet (Battle-Scarred)": {"sugprice": 8299.34, "profit": 530, "limit": 7490, "timest": 1708219042}, "\u2605 Specialist Gloves | Fade (Battle-Scarred)": {"sugprice": 15676.618928571432, "profit": 786, "limit": 14148, "timest": 1708205536}, "\u2605 Paracord Knife | Safari Mesh (Field-Tested)": {"sugprice": 8019.128260869565, "profit": 414, "limit": 7237, "timest": 1708218999}, "\u2605 Survival Knife | Stained (Battle-Scarred)": {"sugprice": 10063.025555555556, "profit": 510, "limit": 9081, "timest": 1708190176}, "\u2605 Moto Gloves | Smoke Out (Battle-Scarred)": {"sugprice": 8047.806470588235, "profit": 384, "limit": 7263, "timest": 1708215504}, "StatTrak\u2122 USP-S | Caiman (Field-Tested)": {"sugprice": 5240.840769230768, "profit": 320, "limit": 4729, "timest": 1708218528}, "\u2605 Hand Wraps | Constrictor (Field-Tested)": {"sugprice": 5581.993846153845, "profit": 291, "limit": 5037, "timest": 1708198587}, "USP-S | Whiteout (Field-Tested)": {"sugprice": 2308.063928571428, "profit": 111, "limit": 2083, "timest": 1708195089}, "Vypa Sista of the Revolution | Guerrilla Warfare": {"sugprice": 1919.5006250000004, "profit": 148, "limit": 1732, "timest": 1708149791}, "\u2605 Shadow Daggers | Boreal Forest (Field-Tested)": {"sugprice": 7082.056666666667, "profit": 351, "limit": 6391, "timest": 1708157480}, "\u2605 Stiletto Knife | Ultraviolet (Battle-Scarred)": {"sugprice": 17610.008, "profit": 1431, "limit": 15893, "timest": 1708158845}, "\u2605 Specialist Gloves | Marble Fade (Battle-Scarred)": {"sugprice": 14210.324666666666, "profit": 919, "limit": 12824, "timest": 1708219054}, "\u2605 Moto Gloves | 3rd Commando Company (Well-Worn)": {"sugprice": 5580.660000000001, "profit": 435, "limit": 5036, "timest": 1708209400}, "\u2605 Navaja Knife | Crimson Web (Battle-Scarred)": {"sugprice": 8596, "profit": 660, "limit": 7757, "timest": 1708218956}, "\u2605 Falchion Knife | Ultraviolet (Field-Tested)": {"sugprice": 11063.403999999999, "profit": 760, "limit": 9984, "timest": 1708218841}, "\u2605 Moto Gloves | Blood Pressure (Battle-Scarred)": {"sugprice": 8196.972142857141, "profit": 584, "limit": 7397, "timest": 1708155992}, "\u2605 Shadow Daggers | Freehand (Field-Tested)": {"sugprice": 9207.570588235292, "profit": 445, "limit": 8309, "timest": 1708170620}, "\u2605 Falchion Knife | Lore (Battle-Scarred)": {"sugprice": 14584.205384615385, "profit": 1119, "limit": 13162, "timest": 1708218835}, "\u2605 Broken Fang Gloves | Jade (Battle-Scarred)": {"sugprice": 8044.034285714287, "profit": 418, "limit": 7259, "timest": 1708183178}, "USP-S | Orion (Factory New)": {"sugprice": 4351, "profit": 226, "limit": 3926, "timest": 1708160502}, "\u2605 Navaja Knife | Scorched (Field-Tested)": {"sugprice": 6849.26, "profit": 369, "limit": 6181, "timest": 1708158112}, "StatTrak\u2122 P250 | Asiimov (Field-Tested)": {"sugprice": 963.4599999999998, "profit": 100, "limit": 869, "timest": 1708152829}, "\u2605 Broken Fang Gloves | Needle Point (Well-Worn)": {"sugprice": 5360.833846153847, "profit": 379, "limit": 4838, "timest": 1708196489}, "\u2605 Hand Wraps | Desert Shamagh (Battle-Scarred)": {"sugprice": 5352.051463414635, "profit": 257, "limit": 4830, "timest": 1708218867}, "USP-S | Kill Confirmed (Battle-Scarred)": {"sugprice": 3550.344897959183, "profit": 228, "limit": 3204, "timest": 1708218597}, "USP-S | Purple DDPAT (Minimal Wear)": {"sugprice": 1270.709411764706, "profit": 124, "limit": 1146, "timest": 1708218663}, "\u2605 Hydra Gloves | Mangrove (Field-Tested)": {"sugprice": 4396.7059183673455, "profit": 227, "limit": 3968, "timest": 1708182053}, "\u2605 Falchion Knife | Black Laminate (Well-Worn)": {"sugprice": 10579.448571428571, "profit": 542, "limit": 9547, "timest": 1708211994}, "\u2605 Survival Knife | Boreal Forest (Field-Tested)": {"sugprice": 7880.784545454546, "profit": 456, "limit": 7112, "timest": 1708162319}, "StatTrak\u2122 Tec-9 | Titanium Bit (Minimal Wear)": {"sugprice": 1070, "profit": 106, "limit": 965, "timest": 1708170130}, "USP-S | Kill Confirmed (Well-Worn)": {"sugprice": 3443.231860465117, "profit": 190, "limit": 3107, "timest": 1708155695}, "StatTrak\u2122 MP9 | Hypnotic (Factory New)": {"sugprice": 3146.368148148147, "profit": 216, "limit": 2839, "timest": 1708218390}, "\u2605 Sport Gloves | Bronze Morph (Battle-Scarred)": {"sugprice": 10429.053043478261, "profit": 502, "limit": 9412, "timest": 1708190158}, "\u2605 Gut Knife | Boreal Forest (Field-Tested)": {"sugprice": 7743.998888888887, "profit": 407, "limit": 6988, "timest": 1708216765}, "\u2605 Gut Knife | Forest DDPAT (Field-Tested)": {"sugprice": 7652.448333333334, "profit": 389, "limit": 6906, "timest": 1708155220}, "\u2605 Hydra Gloves | Emerald (Battle-Scarred)": {"sugprice": 4927.096190476192, "profit": 250, "limit": 4446, "timest": 1708153965}, "\u2605 Hydra Gloves | Case Hardened (Battle-Scarred)": {"sugprice": 7826.725833333334, "profit": 422,