{"StatTrak\u2122 M4A1-S | Player Two (Battle-Scarred)": {"sugprice": 3168, "profit": 224, "limit": 2859, "timest": 1699954981}, "USP-S | Kill Confirmed (Well-Worn)": {"sugprice": 3417.3435999999992, "profit": 243, "limit": 3084, "timest": 1699955153}, "USP-S | Overgrowth (Field-Tested)": {"sugprice": 2008.0024242424238, "profit": 101, "limit": 1812, "timest": 1699881896}, "\u2605 Moto Gloves | Turtle (Battle-Scarred)": {"sugprice": 8167, "profit": 513, "limit": 7370, "timest": 1699955313}, "\u2605 Navaja Knife | Scorched (Field-Tested)": {"sugprice": 7072.460833333334, "profit": 508, "limit": 6382, "timest": 1699955325}, "\u2605 Driver Gloves | Racing Green (Battle-Scarred)": {"sugprice": 4008, "profit": 234, "limit": 3617, "timest": 1699954312}, "StatTrak\u2122 M4A4 | Royal Paladin (Battle-Scarred)": {"sugprice": 2378.8909999999996, "profit": 170, "limit": 2146, "timest": 1699953590}, "StatTrak\u2122 M4A4 | Temukau (Field-Tested)": {"sugprice": 4013.01, "profit": 268, "limit": 3621, "timest": 1699955011}, "StatTrak\u2122 M4A4 | The Emperor (Battle-Scarred)": {"sugprice": 2833.4909375, "profit": 238, "limit": 2557, "timest": 1699955015}, "StatTrak\u2122 USP-S | The Traitor (Well-Worn)": {"sugprice": 2172.2092307692305, "profit": 151, "limit": 1960, "timest": 1699955119}, "USP-S | Printstream (Minimal Wear)": {"sugprice": 4768, "profit": 328, "limit": 4303, "timest": 1699955179}, "USP-S | Whiteout (Minimal Wear)": {"sugprice": 2574, "profit": 157, "limit": 2323, "timest": 1699947693}, "\u2605 Bowie Knife | Rust Coat (Battle-Scarred)": {"sugprice": 9400.514444444445, "profit": 553, "limit": 8483, "timest": 1699871102}, "\u2605 Broken Fang Gloves | Needle Point (Battle-Scarred)": {"sugprice": 5550.288695652174, "profit": 265, "limit": 5009, "timest": 1699952805}, "\u2605 Broken Fang Gloves | Needle Point (Field-Tested)": {"sugprice": 5708.08896551724, "profit": 403, "limit": 5151, "timest": 1699955219}, "\u2605 Driver Gloves | Racing Green (Well-Worn)": {"sugprice": 4086.4606060606066, "profit": 328, "limit": 3688, "timest": 1699955247}, "\u2605 Hand Wraps | Constrictor (Battle-Scarred)": {"sugprice": 5034.427, "profit": 366, "limit": 4543, "timest": 1699955271}, "\u2605 Hydra Gloves | Rattler (Field-Tested)": {"sugprice": 4356, "profit": 473, "limit": 3931, "timest": 1699955301}, "\u2605 Moto Gloves | Finish Line (Battle-Scarred)": {"sugprice": 7327.2127999999975, "profit": 381, "limit": 6612, "timest": 1699955307}, "\u2605 Navaja Knife | Forest DDPAT (Field-Tested)": {"sugprice": 7123.109130434782, "profit": 465, "limit": 6428, "timest": 1699955317}, "\u2605 Navaja Knife | Safari Mesh (Field-Tested)": {"sugprice": 7505.727307692307, "profit": 622, "limit": 6773, "timest": 1699955323}, "\u2605 Shadow Daggers | Bright Water (Field-Tested)": {"sugprice": 8249.036521739128, "profit": 525, "limit": 7444, "timest": 1699955335}, "\u2605 Shadow Daggers | Rust Coat (Battle-Scarred)": {"sugprice": 7327.4839473684215, "profit": 361, "limit": 6613, "timest": 1699948789}, "\u2605 Broken Fang Gloves | Yellow-banded (Field-Tested)": {"sugprice": 6628.198571428571, "profit": 536, "limit": 5981, "timest": 1699953873}, "\u2605 Hand Wraps | Arboreal (Battle-Scarred)": {"sugprice": 5414.315365853659, "profit": 258, "limit": 4886, "timest": 1699942098}, "Vypa Sista of the Revolution | Guerrilla Warfare": {"sugprice": 1737.5296774193548, "profit": 155, "limit": 1568, "timest": 1699901672}, "StatTrak\u2122 M4A4 | \u9f8d\u738b (Dragon King) (Battle-Scarred)": {"sugprice": 1532, "profit": 128, "limit": 1382, "timest": 1699955021}, "\u2605 Hydra Gloves | Mangrove (Battle-Scarred)": {"sugprice": 4230.721395348836, "profit": 326, "limit": 3818, "timest": 1699955295}, "USP-S | Monster Mashup (Minimal Wear)": {"sugprice": 2113, "profit": 125, "limit": 1906, "timest": 1699955159}, "\u2605 Broken Fang Gloves | Yellow-banded (Battle-Scarred)": {"sugprice": 6337.3584, "profit": 514, "limit": 5719, "timest": 1699955229}, "\u2605 Hydra Gloves | Mangrove (Well-Worn)": {"sugprice": 4454, "profit": 368, "limit": 4019, "timest": 1699955297}, "\u2605 Shadow Daggers | Scorched (Field-Tested)": {"sugprice": 7107.075555555555, "profit": 369, "limit": 6414, "timest": 1699950243}, "StatTrak\u2122 M4A4 | Desolate Space (Battle-Scarred)": {"sugprice": 1236, "profit": 112, "limit": 1115, "timest": 1699954989}, "StatTrak\u2122 USP-S | Blueprint (Battle-Scarred)": {"sugprice": 1079, "profit": 100, "limit": 973, "timest": 1699951763}, "StatTrak\u2122 P90 | Asiimov (Battle-Scarred)": {"sugprice": 1443.099333333333, "profit": 107, "limit": 1302, "timest": 1699954132}, "\u2605 Bloodhound Gloves | Guerrilla (Battle-Scarred)": {"sugprice": 5979.285, "profit": 288, "limit": 5396, "timest": 1699909182}, "\u2605 Hand Wraps | Desert Shamagh (Field-Tested)": {"sugprice": 4923.335675675675, "profit": 257, "limit": 4443, "timest": 1699948247}, "\u2605 Gut Knife | Forest DDPAT (Field-Tested)": {"sugprice": 7849.029090909092, "profit": 517, "limit": 7083, "timest": 1699955257}, "\u2605 Moto Gloves | Transport (Battle-Scarred)": {"sugprice": 5430, "profit": 258, "limit": 4900, "timest": 1699942612}, "USP-S | The Traitor (Minimal Wear)": {"sugprice": 1542.1008108108108, "profit": 118, "limit": 1391, "timest": 1699955197}, "USP-S | Printstream (Well-Worn)": {"sugprice": 2941.8168181818187, "profit": 258, "limit": 2654, "timest": 1699955181}, "\u2605 Driver Gloves | Racing Green (Field-Tested)": {"sugprice": 4264.369591836737, "profit": 250, "limit": 3848, "timest": 1699949665}, "StatTrak\u2122 P90 | Trigon (Field-Tested)": {"sugprice": 1345.3533333333332, "profit": 103, "limit": 1214, "timest": 1699888362}, "\u2605 Hand Wraps | Duct Tape (Field-Tested)": {"sugprice": 5329.517368421053, "profit": 296, "limit": 4809, "timest": 1699955285}, "USP-S | Monster Mashup (Well-Worn)": {"sugprice": 1358.9627272727273, "profit": 102, "limit": 1226, "timest": 1699950080}, "\u2605 Broken Fang Gloves | Unhinged (Battle-Scarred)": {"sugprice": 5022.919787234042, "profit": 339, "limit": 4533, "timest": 1699955223}, "\u2605 Hand Wraps | Arboreal (Field-Tested)": {"sugprice": 6519.156666666667, "profit": 458, "limit": 5883, "timest": 1699955267}, "StatTrak\u2122 M4A4 | Neo-Noir (Field-Tested)": {"sugprice": 1196.5583333333336, "profit": 104, "limit": 1079, "timest": 1699914566}, "USP-S | Kill Confirmed (Battle-Scarred)": {"sugprice": 3298, "profit": 301, "limit": 2976, "timest": 1699955147}, "USP-S | Kill Confirmed (Minimal Wear)": {"sugprice": 5684.456, "profit": 324, "limit": 5130, "timest": 1699876956}, "StatTrak\u2122 M4A4 | Cyber Security (Battle-Scarred)": {"sugprice": 1633, "profit": 100, "limit": 1473, "timest": 1699954983}, "USP-S | Serum (Field-Tested)": {"sugprice": 3612.827857142857, "profit": 256, "limit": 3260, "timest": 1699955189}, "\u2605 Hand Wraps | Giraffe (Battle-Scarred)": {"sugprice": 6520.745652173911, "profit": 534, "limit": 5884, "timest": 1699955287}, "USP-S | Neo-Noir (Well-Worn)": {"sugprice": 1732, "profit": 125, "limit": 1563, "timest": 1699942478}, "\u2605 Survival Knife | Safari Mesh (Field-Tested)": {"sugprice": 8110.998333333333, "profit": 528, "limit": 7320, "timest": 1699955363}, "StatTrak\u2122 USP-S | Stainless (Battle-Scarred)": {"sugprice": 969.2270588235294, "profit": 102, "limit": 874, "timest": 1699949530}, "\u2605 Hydra Gloves | Case Hardened (Field-Tested)": {"sugprice": 8773.810714285713, "profit": 740, "limit": 7918, "timest": 1699955293}, "\u2605 Gut Knife | Rust Coat (Battle-Scarred)": {"sugprice": 8068, "profit": 442, "limit": 7281, "timest": 1699955259}, "\u2605 Moto Gloves | Smoke Out (Battle-Scarred)": {"sugprice": 7553, "profit": 464, "limit": 6816, "timest": 1699955309}, "USP-S | Serum (Minimal Wear)": {"sugprice": 3729.9600000000005, "profit": 178, "limit": 3366, "timest": 1699944032}, "\u2605 Hydra Gloves | Rattler (Battle-Scarred)": {"sugprice": 4465.980200000003, "profit": 381, "limit": 4030, "timest": 1699951535},