{"USP-S | Kill Confirmed (Well-Worn)": {"sugprice": 2922.3150000000005, "profit": 221, "limit": 2637, "timest": 1700828044}, "\u2605 Navaja Knife | Scorched (Field-Tested)": {"sugprice": 6734.673846153844, "profit": 394, "limit": 6078, "timest": 1700828579}, "\u2605 Driver Gloves | Racing Green (Battle-Scarred)": {"sugprice": 3676.193829787234, "profit": 292, "limit": 3317, "timest": 1700828249}, "StatTrak\u2122 USP-S | The Traitor (Well-Worn)": {"sugprice": 1867.6136363636363, "profit": 100, "limit": 1685, "timest": 1700790464}, "\u2605 Broken Fang Gloves | Needle Point (Field-Tested)": {"sugprice": 5248.766428571428, "profit": 279, "limit": 4737, "timest": 1700828186}, "\u2605 Driver Gloves | Racing Green (Well-Worn)": {"sugprice": 3825.2157777777784, "profit": 333, "limit": 3452, "timest": 1700828256}, "\u2605 Hand Wraps | Constrictor (Battle-Scarred)": {"sugprice": 4847.380454545454, "profit": 444, "limit": 4374, "timest": 1700828402}, "\u2605 Hydra Gloves | Rattler (Field-Tested)": {"sugprice": 4007.197083333333, "profit": 206, "limit": 3616, "timest": 1700828536}, "\u2605 Navaja Knife | Forest DDPAT (Field-Tested)": {"sugprice": 6878.9000000000015, "profit": 407, "limit": 6208, "timest": 1700787185}, "\u2605 Navaja Knife | Safari Mesh (Field-Tested)": {"sugprice": 6860.286363636363, "profit": 326, "limit": 6191, "timest": 1700818521}, "\u2605 Shadow Daggers | Bright Water (Field-Tested)": {"sugprice": 7720.918125000001, "profit": 551, "limit": 6968, "timest": 1700827587}, "\u2605 Shadow Daggers | Rust Coat (Battle-Scarred)": {"sugprice": 6718.4312, "profit": 482, "limit": 6063, "timest": 1700827593}, "\u2605 Broken Fang Gloves | Yellow-banded (Field-Tested)": {"sugprice": 6357.576451612903, "profit": 407, "limit": 5737, "timest": 1700828207}, "\u2605 Hydra Gloves | Mangrove (Battle-Scarred)": {"sugprice": 3851.644333333333, "profit": 258, "limit": 3476, "timest": 1700828527}, "\u2605 Hydra Gloves | Mangrove (Well-Worn)": {"sugprice": 4273.7522222222215, "profit": 390, "limit": 3857, "timest": 1700817553}, "StatTrak\u2122 P90 | Asiimov (Battle-Scarred)": {"sugprice": 1514.9573684210525, "profit": 182, "limit": 1367, "timest": 1700827729}, "\u2605 Hand Wraps | Desert Shamagh (Field-Tested)": {"sugprice": 4833.381388888887, "profit": 431, "limit": 4362, "timest": 1700828503}, "\u2605 Moto Gloves | Transport (Battle-Scarred)": {"sugprice": 5150.701666666666, "profit": 245, "limit": 4648, "timest": 1700807106}, "USP-S | The Traitor (Minimal Wear)": {"sugprice": 1331.835172413793, "profit": 144, "limit": 1201, "timest": 1700828149}, "USP-S | Printstream (Well-Worn)": {"sugprice": 2445.5273684210524, "profit": 160, "limit": 2207, "timest": 1700828119}, "\u2605 Hand Wraps | Duct Tape (Field-Tested)": {"sugprice": 5168.348823529412, "profit": 479, "limit": 4664, "timest": 1700828508}, "\u2605 Broken Fang Gloves | Unhinged (Battle-Scarred)": {"sugprice": 5031.202941176471, "profit": 365, "limit": 4540, "timest": 1700826191}, "\u2605 Hand Wraps | Arboreal (Field-Tested)": {"sugprice": 5683.785555555554, "profit": 649, "limit": 5129, "timest": 1700828381}, "USP-S | Kill Confirmed (Battle-Scarred)": {"sugprice": 2787.0004878048776, "profit": 151, "limit": 2515, "timest": 1700826043}, "USP-S | Serum (Field-Tested)": {"sugprice": 3306.429285714286, "profit": 239, "limit": 2984, "timest": 1700757613}, "\u2605 Hand Wraps | Giraffe (Battle-Scarred)": {"sugprice": 5783.306666666666, "profit": 723, "limit": 5219, "timest": 1700828516}, "USP-S | Neo-Noir (Well-Worn)": {"sugprice": 1372.991428571429, "profit": 143, "limit": 1239, "timest": 1700828084}, "\u2605 Gut Knife | Rust Coat (Battle-Scarred)": {"sugprice": 7546.031578947369, "profit": 598, "limit": 6810, "timest": 1700828331}, "\u2605 Moto Gloves | Smoke Out (Battle-Scarred)": {"sugprice": 6764.505416666668, "profit": 666, "limit": 6104, "timest": 1700828550}, "\u2605 Hydra Gloves | Rattler (Battle-Scarred)": {"sugprice": 3876.4565517241376, "profit": 232, "limit": 3498, "timest": 1700824378}, "StatTrak\u2122 SSG 08 | Dragonfire (Field-Tested)": {"sugprice": 3041.693529411765, "profit": 208, "limit": 2745, "timest": 1700827753}, "\u2605 Broken Fang Gloves | Jade (Battle-Scarred)": {"sugprice": 7133.524800000001, "profit": 407, "limit": 6438, "timest": 1700828178}, "\u2605 Hydra Gloves | Rattler (Well-Worn)": {"sugprice": 4707.162666666667, "profit": 497, "limit": 4248, "timest": 1700828538}, "StatTrak\u2122 USP-S | Neo-Noir (Field-Tested)": {"sugprice": 3048.1099999999997, "profit": 262, "limit": 2750, "timest": 1700827849}, "\u2605 Bloodhound Gloves | Guerrilla (Field-Tested)": {"sugprice": 6033.750416666667, "profit": 341, "limit": 5445, "timest": 1700828169}, "\u2605 Gut Knife | Boreal Forest (Field-Tested)": {"sugprice": 6993.473846153847, "profit": 461, "limit": 6311, "timest": 1700828265}, "\u2605 Gut Knife | Bright Water (Field-Tested)": {"sugprice": 7850.557000000001, "profit": 685, "limit": 7085, "timest": 1700828280}, "\u2605 Gut Knife | Safari Mesh (Field-Tested)": {"sugprice": 7193.375555555556, "profit": 450, "limit": 6492, "timest": 1700828357}, "\u2605 Hand Wraps | Constrictor (Field-Tested)": {"sugprice": 4915.264090909091, "profit": 458, "limit": 4436, "timest": 1700828498}, "\u2605 Hand Wraps | Desert Shamagh (Well-Worn)": {"sugprice": 4666.280000000001, "profit": 625, "limit": 4211, "timest": 1700828505}, "\u2605 Navaja Knife | Night Stripe (Field-Tested)": {"sugprice": 6745.130333333333, "profit": 488, "limit": 6087, "timest": 1700828573}, "\u2605 Navaja Knife | Tiger Tooth (Factory New)": {"sugprice": 11472.952592592594, "profit": 838, "limit": 10354, "timest": 1700828585}, "\u2605 Navaja Knife | Urban Masked (Field-Tested)": {"sugprice": 6721.240000000001, "profit": 479, "limit": 6065, "timest": 1700828589}, "\u2605 Survival Knife | Forest DDPAT (Field-Tested)": {"sugprice": 7654.542307692309, "profit": 669, "limit": 6908, "timest": 1700828616}, "\u2605 Survival Knife | Scorched (Field-Tested)": {"sugprice": 7552, "profit": 445, "limit": 6815, "timest": 1700828618}, "\u2605 Moto Gloves | 3rd Commando Company (Field-Tested)": {"sugprice": 5728.957812499999, "profit": 711, "limit": 5170, "timest": 1700828540}, "StatTrak\u2122 USP-S | Neo-Noir (Battle-Scarred)": {"sugprice": 3072.11175, "profit": 310, "limit": 2772, "timest": 1700827846}, "UMP-45 | Blaze (Factory New)": {"sugprice": 1414, "profit": 100, "limit": 1276, "timest": 1700744514}, "StatTrak\u2122 USP-S | The Traitor (Battle-Scarred)": {"sugprice": 1837.7984000000004, "profit": 191, "limit": 1658, "timest": 1700827895}, "\u2605 Driver Gloves | Convoy (Battle-Scarred)": {"sugprice": 6245.964999999999, "profit": 651, "limit": 5636, "timest": 1700828211}, "USP-S | Neo-Noir (Minimal Wear)": {"sugprice": 1504.9572093023255, "profit": 192, "limit": 1358, "timest": 1700828068}, "USP-S | Kill Confirmed (Field-Tested)": {"sugprice": 3069, "profit": 154, "limit": 2769, "timest": 1700828039}, "\u2605 Driver Gloves | Queen Jaguar (Battle-Scarred)": {"sugprice": 5227.072380952381, "profit": 485, "limit": 4717, "timest": 1700828241}, "\u2605 Hand Wraps | Desert Shamagh (Battle-Scarred)": {"sugprice": 4891.324499999999, "profit": 516, "limit": 4414, "timest": 1700828501}, "\u2605 Shadow Daggers | Freehand (Field-Tested)": {"sugprice": 8664.725625000001, "profit": 751, "limit": 7819, "timest": 1700828602}, "USP-S | Monster Mashup (Battle-Scarred)": {"sugprice": 1176.460652173913, "profit": 125, "limit": 1061, "timest": 1700828053}, "USP-S | Neo-Noir (Factory New)": {"sugprice": 2938.48, "profit": 220, "limit": 2651, "timest": 1700828065}, "\u2605 Specialist Gloves | Buckshot (Battle-Scarred)": {"sugprice": 5073.333928571427, "profit": 457, "limit": 4578, "timest": 1700828609}, "USP-S | Orion (Minimal Wear)": {"sugprice": 3848, "profit": 271, "limit": 3472, "timest": 1700828097}, "USP-S | Caiman (Field-Tested)": {"sugprice": 3145.327959183673, "profit": 287, "limit": 2838, "timest": 1700828003},