{"StatTrak\u2122 USP-S | Neo-Noir (Battle-Scarred)": {"sugprice": 2958.2774193548394, "profit": 147, "limit": 2669, "timest": 1703575976}, "StatTrak\u2122 USP-S | Neo-Noir (Field-Tested)": {"sugprice": 3117.7664705882357, "profit": 223, "limit": 2813, "timest": 1703607453}, "StatTrak\u2122 USP-S | The Traitor (Battle-Scarred)": {"sugprice": 2117.7158333333336, "profit": 156, "limit": 1911, "timest": 1703607458}, "Tec-9 | Nuclear Threat (Battle-Scarred)": {"sugprice": 3179.995, "profit": 187, "limit": 2869, "timest": 1703569745}, "USP-S | Kill Confirmed (Well-Worn)": {"sugprice": 3065.2895555555556, "profit": 185, "limit": 2766, "timest": 1703607496}, "USP-S | Neo-Noir (Factory New)": {"sugprice": 3113.4849999999997, "profit": 219, "limit": 2809, "timest": 1703598315}, "\u2605 Broken Fang Gloves | Yellow-banded (Battle-Scarred)": {"sugprice": 6116.50911111111, "profit": 295, "limit": 5520, "timest": 1703607561}, "\u2605 Driver Gloves | Convoy (Field-Tested)": {"sugprice": 6326.336153846151, "profit": 396, "limit": 5709, "timest": 1703607567}, "\u2605 Hand Wraps | Badlands (Battle-Scarred)": {"sugprice": 7549.216, "profit": 583, "limit": 6813, "timest": 1703607605}, "\u2605 Hydra Gloves | Mangrove (Field-Tested)": {"sugprice": 4046.6885714285713, "profit": 221, "limit": 3652, "timest": 1703607645}, "\u2605 Moto Gloves | Smoke Out (Battle-Scarred)": {"sugprice": 6991.962413793103, "profit": 372, "limit": 6310, "timest": 1703606121}, "\u2605 Moto Gloves | Transport (Field-Tested)": {"sugprice": 5585.014545454545, "profit": 341, "limit": 5040, "timest": 1703576492}, "\u2605 Navaja Knife | Scorched (Field-Tested)": {"sugprice": 6950.69896551724, "profit": 353, "limit": 6273, "timest": 1703598503}, "\u2605 Shadow Daggers | Freehand (Field-Tested)": {"sugprice": 9081.217222222222, "profit": 516, "limit": 8195, "timest": 1703607723}, "StatTrak\u2122 M4A4 | X-Ray (Minimal Wear)": {"sugprice": 4446.466428571429, "profit": 228, "limit": 4012, "timest": 1703607365}, "\u2605 Hydra Gloves | Rattler (Field-Tested)": {"sugprice": 4073.7333999999996, "profit": 219, "limit": 3676, "timest": 1703607651}, "\u2605 Driver Gloves | Racing Green (Field-Tested)": {"sugprice": 3890.6922000000004, "profit": 298, "limit": 3511, "timest": 1703607579}, "\u2605 Shadow Daggers | Boreal Forest (Field-Tested)": {"sugprice": 7023.215625000001, "profit": 372, "limit": 6338, "timest": 1703607715}, "\u2605 Bloodhound Gloves | Bronzed (Field-Tested)": {"sugprice": 6236.507142857143, "profit": 349, "limit": 5628, "timest": 1703607536}, "StatTrak\u2122 USP-S | Monster Mashup (Battle-Scarred)": {"sugprice": 1936.1577777777775, "profit": 182, "limit": 1747, "timest": 1703607446}, "StatTrak\u2122 USP-S | The Traitor (Well-Worn)": {"sugprice": 2143.018125, "profit": 159, "limit": 1934, "timest": 1703607460}, "\u2605 Hydra Gloves | Mangrove (Battle-Scarred)": {"sugprice": 3980.0092000000004, "profit": 258, "limit": 3591, "timest": 1703607643}, "\u2605 Hand Wraps | Arboreal (Battle-Scarred)": {"sugprice": 5199.942051282051, "profit": 254, "limit": 4692, "timest": 1703606538}, "\u2605 Shadow Daggers | Forest DDPAT (Field-Tested)": {"sugprice": 7096.503214285714, "profit": 513, "limit": 6404, "timest": 1703607721}, "\u2605 Hand Wraps | Duct Tape (Battle-Scarred)": {"sugprice": 5092.532972972971, "profit": 242, "limit": 4596, "timest": 1703553012}, "\u2605 Bloodhound Gloves | Snakebite (Battle-Scarred)": {"sugprice": 6112.032222222221, "profit": 292, "limit": 5516, "timest": 1703575216}, "USP-S | Printstream (Minimal Wear)": {"sugprice": 4357.420434782608, "profit": 256, "limit": 3932, "timest": 1703607516}, "\u2605 Huntsman Knife | Ultraviolet (Field-Tested)": {"sugprice": 10032.552380952382, "profit": 530, "limit": 9054, "timest": 1703607633}, "\u2605 Navaja Knife | Ultraviolet (Battle-Scarred)": {"sugprice": 7000.277777777777, "profit": 349, "limit": 6317, "timest": 1703604209}, "\u2605 Hydra Gloves | Rattler (Well-Worn)": {"sugprice": 4700.421363636363, "profit": 284, "limit": 4242, "timest": 1703607653}, "\u2605 Falchion Knife | Ultraviolet (Battle-Scarred)": {"sugprice": 10198.086000000003, "profit": 574, "limit": 9203, "timest": 1703607587}, "\u2605 Navaja Knife | Safari Mesh (Field-Tested)": {"sugprice": 6998.195102040815, "profit": 347, "limit": 6315, "timest": 1703594116}, "StatTrak\u2122 Tec-9 | Decimator (Battle-Scarred)": {"sugprice": 1849.6945454545455, "profit": 104, "limit": 1669, "timest": 1703540008}, "\u2605 Moto Gloves | Finish Line (Battle-Scarred)": {"sugprice": 6942.151111111111, "profit": 434, "limit": 6265, "timest": 1703607665}, "\u2605 Shadow Daggers | Bright Water (Field-Tested)": {"sugprice": 7512.03875, "profit": 428, "limit": 6779, "timest": 1703602672}, "\u2605 Moto Gloves | Turtle (Battle-Scarred)": {"sugprice": 7790.540952380953, "profit": 603, "limit": 7030, "timest": 1703607677}, "\u2605 Bowie Knife | Rust Coat (Battle-Scarred)": {"sugprice": 8146.7775, "profit": 580, "limit": 7352, "timest": 1703599971}, "StatTrak\u2122 USP-S | Monster Mashup (Field-Tested)": {"sugprice": 1961.3911764705883, "profit": 171, "limit": 1770, "timest": 1703607448}, "\u2605 Paracord Knife | Forest DDPAT (Field-Tested)": {"sugprice": 8093.653846153846, "profit": 388, "limit": 7304, "timest": 1703607707}, "\u2605 Survival Knife | Boreal Forest (Field-Tested)": {"sugprice": 7436.850526315791, "profit": 398, "limit": 6711, "timest": 1703607745}, "\u2605 Navaja Knife | Night Stripe (Field-Tested)": {"sugprice": 7006.797692307692, "profit": 356, "limit": 6323, "timest": 1703607683}, "\u2605 Shadow Daggers | Rust Coat (Battle-Scarred)": {"sugprice": 6811.519130434782, "profit": 353, "limit": 6147, "timest": 1703607725}, "\u2605 Hydra Gloves | Emerald (Well-Worn)": {"sugprice": 4704.907894736842, "profit": 240, "limit": 4246, "timest": 1703607641}, "\u2605 Moto Gloves | Boom! (Battle-Scarred)": {"sugprice": 7380.877777777777, "profit": 454, "limit": 6661, "timest": 1703604170}, "\u2605 Specialist Gloves | Fade (Battle-Scarred)": {"sugprice": 14793.946363636362, "profit": 832, "limit": 13351, "timest": 1703606186}, "USP-S | Para Green (Battle-Scarred)": {"sugprice": 693.5500000000001, "profit": 105, "limit": 625, "timest": 1703607510}, "USP-S | Kill Confirmed (Battle-Scarred)": {"sugprice": 3091.4876, "profit": 212, "limit": 2790, "timest": 1703576035}, "StatTrak\u2122 P90 | Asiimov (Battle-Scarred)": {"sugprice": 1884.1335714285717, "profit": 115, "limit": 1700, "timest": 1703607412}, "\u2605 Moto Gloves | Transport (Battle-Scarred)": {"sugprice": 5246.401399999999, "profit": 252, "limit": 4734, "timest": 1703534507}, "StatTrak\u2122 SSG 08 | Bloodshot (Field-Tested)": {"sugprice": 1718.778888888889, "profit": 137, "limit": 1551, "timest": 1703607422}, "StatTrak\u2122 SSG 08 | Dragonfire (Battle-Scarred)": {"sugprice": 3022.3233333333333, "profit": 150, "limit": 2727, "timest": 1703600848}, "\u2605 Bloodhound Gloves | Guerrilla (Field-Tested)": {"sugprice": 6054.442432432432, "profit": 288, "limit": 5464, "timest": 1703607540}, "\u2605 Hand Wraps | Duct Tape (Field-Tested)": {"sugprice": 5142.331153846153, "profit": 245, "limit": 4640, "timest": 1703607623}, "USP-S | Printstream (Well-Worn)": {"sugprice": 2585.7406896551724, "profit": 130, "limit": 2333, "timest": 1703607519}, "\u2605 Huntsman Knife | Lore (Battle-Scarred)": {"sugprice": 14529.387777777776, "profit": 799, "limit": 13112, "timest": 1703607629}, "\u2605 Shadow Daggers | Ultraviolet (Field-Tested)": {"sugprice": 8019.222142857143, "profit": 470, "limit": 7237, "timest": 1703607733}, "\u2605 Bloodhound Gloves | Bronzed (Battle-Scarred)": {"sugprice": 6362.925714285714, "profit": 393, "limit": 5742, "timest": 1703607535}, "\u2605 Hydra Gloves | Rattler (Battle-Scarred)": {"sugprice": 4135.2576, "profit": 271, "limit": 3732, "timest": 1703607649}, "\u2605 Hydra Gloves | Case Hardened (Battle-Scarred)": {"sugprice": 7291.931666666667, "profit": 347, "limit": 6580, "timest": 1703607635},