{"USP-S | Kill Confirmed (Well-Worn)": {"sugprice": 2990.541599999999, "profit": 289, "limit": 2698, "timest": 1700939360}, "\u2605 Navaja Knife | Scorched (Field-Tested)": {"sugprice": 6746.5626923076925, "profit": 531, "limit": 6088, "timest": 1700939532}, "\u2605 Driver Gloves | Racing Green (Battle-Scarred)": {"sugprice": 3632.879512195122, "profit": 179, "limit": 3278, "timest": 1700933882}, "StatTrak\u2122 USP-S | The Traitor (Well-Worn)": {"sugprice": 1817.6572727272726, "profit": 120, "limit": 1640, "timest": 1700908128}, "\u2605 Broken Fang Gloves | Needle Point (Field-Tested)": {"sugprice": 5176.6399999999985, "profit": 251, "limit": 4671, "timest": 1700876380}, "\u2605 Driver Gloves | Racing Green (Well-Worn)": {"sugprice": 3814, "profit": 202, "limit": 3442, "timest": 1700939435}, "\u2605 Hand Wraps | Constrictor (Battle-Scarred)": {"sugprice": 4711.135625, "profit": 227, "limit": 4251, "timest": 1700919165}, "\u2605 Hydra Gloves | Rattler (Field-Tested)": {"sugprice": 3928.3030434782618, "profit": 281, "limit": 3545, "timest": 1700939496}, "\u2605 Navaja Knife | Forest DDPAT (Field-Tested)": {"sugprice": 6866.358749999999, "profit": 587, "limit": 6196, "timest": 1700939525}, "\u2605 Shadow Daggers | Bright Water (Field-Tested)": {"sugprice": 7581, "profit": 470, "limit": 6841, "timest": 1700936020}, "\u2605 Shadow Daggers | Rust Coat (Battle-Scarred)": {"sugprice": 6859.322173913044, "profit": 568, "limit": 6190, "timest": 1700939561}, "\u2605 Broken Fang Gloves | Yellow-banded (Field-Tested)": {"sugprice": 6347.979047619047, "profit": 430, "limit": 5729, "timest": 1700938816}, "\u2605 Hydra Gloves | Mangrove (Battle-Scarred)": {"sugprice": 3938.145681818182, "profit": 334, "limit": 3554, "timest": 1700939488}, "\u2605 Hydra Gloves | Mangrove (Well-Worn)": {"sugprice": 4238.490624999999, "profit": 343, "limit": 3825, "timest": 1700939492}, "StatTrak\u2122 P90 | Asiimov (Battle-Scarred)": {"sugprice": 1558.1810256410258, "profit": 174, "limit": 1406, "timest": 1700939169}, "\u2605 Hand Wraps | Desert Shamagh (Field-Tested)": {"sugprice": 4901.689777777778, "profit": 403, "limit": 4423, "timest": 1700939470}, "\u2605 Moto Gloves | Transport (Battle-Scarred)": {"sugprice": 5295.876530612243, "profit": 418, "limit": 4779, "timest": 1700939512}, "USP-S | The Traitor (Minimal Wear)": {"sugprice": 1326.4921621621625, "profit": 140, "limit": 1197, "timest": 1700939400}, "USP-S | Printstream (Well-Worn)": {"sugprice": 2547.6214285714286, "profit": 199, "limit": 2299, "timest": 1700939387}, "\u2605 Hand Wraps | Duct Tape (Field-Tested)": {"sugprice": 5183.837333333333, "profit": 293, "limit": 4678, "timest": 1700939476}, "\u2605 Broken Fang Gloves | Unhinged (Battle-Scarred)": {"sugprice": 5075.305897435897, "profit": 372, "limit": 4580, "timest": 1700939417}, "\u2605 Hand Wraps | Arboreal (Field-Tested)": {"sugprice": 5641, "profit": 457, "limit": 5091, "timest": 1700939461}, "USP-S | Kill Confirmed (Battle-Scarred)": {"sugprice": 2773.1237837837834, "profit": 136, "limit": 2502, "timest": 1700932157}, "\u2605 Hand Wraps | Giraffe (Battle-Scarred)": {"sugprice": 5978.263043478261, "profit": 296, "limit": 5395, "timest": 1700939478}, "USP-S | Neo-Noir (Well-Worn)": {"sugprice": 1410.7159375, "profit": 132, "limit": 1273, "timest": 1700939370}, "\u2605 Gut Knife | Rust Coat (Battle-Scarred)": {"sugprice": 7671, "profit": 477, "limit": 6923, "timest": 1700939453}, "\u2605 Moto Gloves | Smoke Out (Battle-Scarred)": {"sugprice": 6815.422941176471, "profit": 519, "limit": 6150, "timest": 1700939510}, "\u2605 Hydra Gloves | Rattler (Battle-Scarred)": {"sugprice": 3992.6055263157896, "profit": 269, "limit": 3603, "timest": 1700939494}, "StatTrak\u2122 SSG 08 | Dragonfire (Field-Tested)": {"sugprice": 3113.288292682928, "profit": 226, "limit": 2809, "timest": 1700939185}, "\u2605 Broken Fang Gloves | Jade (Battle-Scarred)": {"sugprice": 7048, "profit": 495, "limit": 6360, "timest": 1700939407}, "\u2605 Hydra Gloves | Rattler (Well-Worn)": {"sugprice": 4574.406875, "profit": 325, "limit": 4128, "timest": 1700932734}, "StatTrak\u2122 USP-S | Neo-Noir (Field-Tested)": {"sugprice": 3080.4271428571424, "profit": 229, "limit": 2780, "timest": 1700939214}, "\u2605 Bloodhound Gloves | Guerrilla (Field-Tested)": {"sugprice": 5951.5526666666665, "profit": 544, "limit": 5371, "timest": 1700939405}, "\u2605 Gut Knife | Boreal Forest (Field-Tested)": {"sugprice": 6896.321818181819, "profit": 401, "limit": 6223, "timest": 1700931230}, "\u2605 Gut Knife | Bright Water (Field-Tested)": {"sugprice": 8015.794444444444, "profit": 428, "limit": 7234, "timest": 1700939447}, "\u2605 Gut Knife | Safari Mesh (Field-Tested)": {"sugprice": 7143.517647058825, "profit": 386, "limit": 6447, "timest": 1700932533}, "\u2605 Hand Wraps | Constrictor (Field-Tested)": {"sugprice": 4842.758518518519, "profit": 320, "limit": 4370, "timest": 1700920545}, "\u2605 Hand Wraps | Desert Shamagh (Well-Worn)": {"sugprice": 4670.2716666666665, "profit": 253, "limit": 4214, "timest": 1700939472}, "\u2605 Navaja Knife | Night Stripe (Field-Tested)": {"sugprice": 6846.885142857142, "profit": 675, "limit": 6179, "timest": 1700939527}, "\u2605 Navaja Knife | Tiger Tooth (Factory New)": {"sugprice": 11474.250384615385, "profit": 550, "limit": 10355, "timest": 1700934036}, "\u2605 Navaja Knife | Urban Masked (Field-Tested)": {"sugprice": 6942.0142857142855, "profit": 433, "limit": 6265, "timest": 1700939543}, "\u2605 Survival Knife | Forest DDPAT (Field-Tested)": {"sugprice": 7579.201176470589, "profit": 377, "limit": 6840, "timest": 1700939576}, "\u2605 Survival Knife | Scorched (Field-Tested)": {"sugprice": 7666.830625, "profit": 728, "limit": 6919, "timest": 1700939578}, "\u2605 Moto Gloves | 3rd Commando Company (Field-Tested)": {"sugprice": 5653.463703703702, "profit": 418, "limit": 5102, "timest": 1700939500}, "StatTrak\u2122 USP-S | Neo-Noir (Battle-Scarred)": {"sugprice": 3129.2134285714287, "profit": 291, "limit": 2824, "timest": 1700939212}, "StatTrak\u2122 USP-S | The Traitor (Battle-Scarred)": {"sugprice": 1869.1903999999995, "profit": 215, "limit": 1686, "timest": 1700939220}, "\u2605 Driver Gloves | Convoy (Battle-Scarred)": {"sugprice": 6066.035000000001, "profit": 307, "limit": 5474, "timest": 1700917976}, "USP-S | Neo-Noir (Minimal Wear)": {"sugprice": 1512, "profit": 111, "limit": 1364, "timest": 1700939368}, "USP-S | Kill Confirmed (Field-Tested)": {"sugprice": 3119.758571428571, "profit": 149, "limit": 2815, "timest": 1700939359}, "\u2605 Driver Gloves | Queen Jaguar (Battle-Scarred)": {"sugprice": 5375.386315789474, "profit": 256, "limit": 4851, "timest": 1700937878}, "\u2605 Hand Wraps | Desert Shamagh (Battle-Scarred)": {"sugprice": 4804.490465116279, "profit": 282, "limit": 4336, "timest": 1700939468}, "\u2605 Shadow Daggers | Freehand (Field-Tested)": {"sugprice": 8574.292857142857, "profit": 458, "limit": 7738, "timest": 1700939557}, "USP-S | Neo-Noir (Factory New)": {"sugprice": 2853.5876470588228, "profit": 138, "limit": 2575, "timest": 1700905576}, "\u2605 Specialist Gloves | Buckshot (Battle-Scarred)": {"sugprice": 5090.25423076923, "profit": 334, "limit": 4593, "timest": 1700939567}, "USP-S | Orion (Minimal Wear)": {"sugprice": 3924.1623404255315, "profit": 249, "limit": 3541, "timest": 1700938770}, "USP-S | Caiman (Field-Tested)": {"sugprice": 3159.6806249999986, "profit": 304, "limit": 2851, "timest": 1700939349}, "\u2605 Sport Gloves | Bronze Morph (Battle-Scarred)": {"sugprice": 9661.554545454546, "profit": 490, "limit": 8719, "timest": 1700939571}, "\u2605 Bloodhound Gloves | Guerrilla (Battle-Scarred)": {"sugprice": 6324.621666666667, "profit": 664, "limit": 5707, "timest": 1700939403}, "USP-S | Orion (Field-Tested)": {"sugprice": 3898.6268181818177, "profit": 229, "limit": 3518, "timest": 1700899643}, "USP-S | The Traitor (Field-Tested)": {"sugprice": 883.1000000000001, "profit": 118, "limit": 796, "timest": 1700909572},