{"StatTrak\u2122 USP-S | Monster Mashup (Battle-Scarred)": {"sugprice": 1828.0355000000004, "profit": 214, "limit": 1649, "timest": 1707476347}, "StatTrak\u2122 USP-S | Caiman (Field-Tested)": {"sugprice": 5082.2, "profit": 254, "limit": 4586, "timest": 1707468170}, "StatTrak\u2122 USP-S | Overgrowth (Field-Tested)": {"sugprice": 4195.337142857143, "profit": 221, "limit": 3786, "timest": 1707466753}, "\u2605 Paracord Knife | Scorched (Field-Tested)": {"sugprice": 7322.026923076923, "profit": 425, "limit": 6608, "timest": 1707476783}, "USP-S | Printstream (Well-Worn)": {"sugprice": 2415.720888888889, "profit": 130, "limit": 2180, "timest": 1707476451}, "\u2605 Hand Wraps | Duct Tape (Well-Worn)": {"sugprice": 5205.452307692307, "profit": 248, "limit": 4697, "timest": 1707459368}, "StatTrak\u2122 USP-S | The Traitor (Battle-Scarred)": {"sugprice": 2211, "profit": 127, "limit": 1995, "timest": 1707473528}, "StatTrak\u2122 USP-S | The Traitor (Well-Worn)": {"sugprice": 2327, "profit": 139, "limit": 2100, "timest": 1707476384}, "\u2605 Driver Gloves | Queen Jaguar (Well-Worn)": {"sugprice": 5144, "profit": 316, "limit": 4642, "timest": 1707465569}, "\u2605 Shadow Daggers | Ultraviolet (Battle-Scarred)": {"sugprice": 7844.956, "profit": 383, "limit": 7080, "timest": 1707469260}, "\u2605 Specialist Gloves | Forest DDPAT (Battle-Scarred)": {"sugprice": 8344, "profit": 822, "limit": 7530, "timest": 1707476844}, "USP-S | Orion (Field-Tested)": {"sugprice": 3543.0727659574463, "profit": 180, "limit": 3197, "timest": 1707476440}, "USP-S | Whiteout (Battle-Scarred)": {"sugprice": 1998.8490000000006, "profit": 101, "limit": 1803, "timest": 1707476470}, "\u2605 Shadow Daggers | Forest DDPAT (Field-Tested)": {"sugprice": 6571.194761904763, "profit": 348, "limit": 5930, "timest": 1707424919}, "\u2605 Hydra Gloves | Case Hardened (Field-Tested)": {"sugprice": 8600.46111111111, "profit": 669, "limit": 7761, "timest": 1707472398}, "\u2605 Gut Knife | Scorched (Field-Tested)": {"sugprice": 7326, "profit": 357, "limit": 6611, "timest": 1707395892}, "\u2605 Hand Wraps | Duct Tape (Field-Tested)": {"sugprice": 5235.179047619048, "profit": 257, "limit": 4724, "timest": 1707403739}, "\u2605 Shadow Daggers | Boreal Forest (Field-Tested)": {"sugprice": 6576.76380952381, "profit": 313, "limit": 5935, "timest": 1707447168}, "USP-S | Whiteout (Field-Tested)": {"sugprice": 2071.03119047619, "profit": 102, "limit": 1869, "timest": 1707411435}, "StatTrak\u2122 P90 | Nostalgia (Battle-Scarred)": {"sugprice": 887.8208333333333, "profit": 168, "limit": 801, "timest": 1707476239}, "\u2605 Paracord Knife | Stained (Battle-Scarred)": {"sugprice": 10326.989374999997, "profit": 789, "limit": 9320, "timest": 1707476784}, "\u2605 Shadow Daggers | Safari Mesh (Field-Tested)": {"sugprice": 6443.526428571429, "profit": 390, "limit": 5815, "timest": 1707476812}, "StatTrak\u2122 SSG 08 | Dragonfire (Field-Tested)": {"sugprice": 2711.3940909090907, "profit": 140, "limit": 2447, "timest": 1707476263}, "StatTrak\u2122 MP9 | Hypnotic (Factory New)": {"sugprice": 3120.1615384615384, "profit": 352, "limit": 2815, "timest": 1707476205}, "\u2605 Hand Wraps | Giraffe (Well-Worn)": {"sugprice": 5558.195555555556, "profit": 322, "limit": 5016, "timest": 1707464969}, "\u2605 Hand Wraps | Giraffe (Battle-Scarred)": {"sugprice": 5117.1994, "profit": 251, "limit": 4618, "timest": 1707400380}, "\u2605 Hand Wraps | Constrictor (Field-Tested)": {"sugprice": 4911.746190476191, "profit": 271, "limit": 4432, "timest": 1707470433}, "\u2605 Navaja Knife | Ultraviolet (Battle-Scarred)": {"sugprice": 6661.398095238094, "profit": 324, "limit": 6011, "timest": 1707476749}, "\u2605 Hydra Gloves | Rattler (Field-Tested)": {"sugprice": 4114.833023255812, "profit": 286, "limit": 3713, "timest": 1707476676}, "USP-S | Kill Confirmed (Battle-Scarred)": {"sugprice": 2798.016999999999, "profit": 206, "limit": 2525, "timest": 1707476420}, "\u2605 Broken Fang Gloves | Needle Point (Field-Tested)": {"sugprice": 4519.2536842105255, "profit": 228, "limit": 4078, "timest": 1707390810}, "\u2605 Gut Knife | Boreal Forest (Field-Tested)": {"sugprice": 7095.7699999999995, "profit": 478, "limit": 6403, "timest": 1707446276}, "StatTrak\u2122 P2000 | Imperial Dragon (Field-Tested)": {"sugprice": 700.6287500000001, "profit": 135, "limit": 632, "timest": 1707476217}, "\u2605 Specialist Gloves | Crimson Web (Battle-Scarred)": {"sugprice": 10756.595999999998, "profit": 547, "limit": 9707, "timest": 1707476839}, "\u2605 Hand Wraps | Duct Tape (Battle-Scarred)": {"sugprice": 5123.841304347827, "profit": 378, "limit": 4624, "timest": 1707395921}, "\u2605 Huntsman Knife | Freehand (Field-Tested)": {"sugprice": 10345.194615384615, "profit": 496, "limit": 9336, "timest": 1707405343}, "\u2605 Driver Gloves | Racing Green (Well-Worn)": {"sugprice": 3773.2084999999997, "profit": 213, "limit": 3405, "timest": 1707453776}, "\u2605 Shadow Daggers | Night (Field-Tested)": {"sugprice": 6935.233636363637, "profit": 331, "limit": 6259, "timest": 1707448700}, "\u2605 Survival Knife | Stained (Battle-Scarred)": {"sugprice": 9448.729999999998, "profit": 463, "limit": 8527, "timest": 1707429713}, "\u2605 Broken Fang Gloves | Needle Point (Battle-Scarred)": {"sugprice": 4492.414545454546, "profit": 222, "limit": 4054, "timest": 1707392999}, "\u2605 Hand Wraps | Arboreal (Field-Tested)": {"sugprice": 5683.199583333334, "profit": 289, "limit": 5129, "timest": 1707475230}, "\u2605 Huntsman Knife | Bright Water (Field-Tested)": {"sugprice": 9245.695555555554, "profit": 522, "limit": 8344, "timest": 1707407842}, "\u2605 Shadow Daggers | Tiger Tooth (Factory New)": {"sugprice": 13598.985625, "profit": 661, "limit": 12273, "timest": 1707465854}, "\u2605 Survival Knife | Boreal Forest (Field-Tested)": {"sugprice": 7140.517222222223, "profit": 394, "limit": 6444, "timest": 1707476857}, "\u2605 Navaja Knife | Safari Mesh (Field-Tested)": {"sugprice": 6459.402600000001, "profit": 308, "limit": 5829, "timest": 1707476740}, "\u2605 Driver Gloves | Diamondback (Battle-Scarred)": {"sugprice": 6224.027142857144, "profit": 379, "limit": 5617, "timest": 1707472269}, "USP-S | Whiteout (Minimal Wear)": {"sugprice": 2869.7815384615383, "profit": 137, "limit": 2589, "timest": 1707438268}, "\u2605 Driver Gloves | Black Tie (Battle-Scarred)": {"sugprice": 9369.623157894737, "profit": 471, "limit": 8456, "timest": 1707404377}, "\u2605 Driver Gloves | Convoy (Battle-Scarred)": {"sugprice": 5610, "profit": 281, "limit": 5063, "timest": 1707431520}, "USP-S | Printstream (Minimal Wear)": {"sugprice": 4420.9077777777775, "profit": 246, "limit": 3989, "timest": 1707414906}, "\u2605 Hydra Gloves | Case Hardened (Battle-Scarred)": {"sugprice": 7265.115454545454, "profit": 379, "limit": 6556, "timest": 1707472393}, "\u2605 Hand Wraps | Desert Shamagh (Battle-Scarred)": {"sugprice": 4498.317800000001, "profit": 218, "limit": 4059, "timest": 1707476613}, "StatTrak\u2122 SSG 08 | Big Iron (Battle-Scarred)": {"sugprice": 1351.4833333333331, "profit": 120, "limit": 1219, "timest": 1707413401}, "StatTrak\u2122 SSG 08 | Turbo Peek (Battle-Scarred)": {"sugprice": 779.2963043478263, "profit": 101, "limit": 703, "timest": 1707414792}, "USP-S | Printstream (Field-Tested)": {"sugprice": 2517.9440909090913, "profit": 120, "limit": 2272, "timest": 1707420455}, "USP-S | Purple DDPAT (Minimal Wear)": {"sugprice": 1090.639375, "profit": 124, "limit": 984, "timest": 1707414326}, "StatTrak\u2122 P250 | Asiimov (Well-Worn)": {"sugprice": 729.7019047619046, "profit": 122, "limit": 658, "timest": 1707471389}, "USP-S | Serum (Field-Tested)": {"sugprice": 2629.394347826087, "profit": 149, "limit": 2373, "timest": 1707417663}, "\u2605 Specialist Gloves | Buckshot (Field-Tested)": {"sugprice": 5412.081, "profit": 279, "limit": 4884, "timest": 1707431156}, "StatTrak\u2122 Tec-9 | Decimator (Battle-Scarred)": {"sugprice": 1861.5, "profit": 104, "limit": 1680, "timest": 1707474190},