{"StatTrak\u2122 USP-S | Neo-Noir (Battle-Scarred)": {"sugprice": 2958.4119354838717, "profit": 166, "limit": 2669, "timest": 1703512650}, "StatTrak\u2122 USP-S | Neo-Noir (Field-Tested)": {"sugprice": 3112.654210526316, "profit": 197, "limit": 2809, "timest": 1703512659}, "StatTrak\u2122 USP-S | The Traitor (Battle-Scarred)": {"sugprice": 2087.2948979591843, "profit": 119, "limit": 1883, "timest": 1703512669}, "Tec-9 | Nuclear Threat (Battle-Scarred)": {"sugprice": 3260.757777777778, "profit": 162, "limit": 2942, "timest": 1703492957}, "USP-S | Kill Confirmed (Well-Worn)": {"sugprice": 3082.095625, "profit": 168, "limit": 2781, "timest": 1703512717}, "USP-S | Neo-Noir (Factory New)": {"sugprice": 3111.028750000001, "profit": 201, "limit": 2807, "timest": 1703512723}, "\u2605 Broken Fang Gloves | Yellow-banded (Battle-Scarred)": {"sugprice": 6155, "profit": 420, "limit": 5554, "timest": 1703512796}, "\u2605 Driver Gloves | Convoy (Field-Tested)": {"sugprice": 6430.924193548388, "profit": 408, "limit": 5803, "timest": 1703512803}, "\u2605 Hand Wraps | Arboreal (Field-Tested)": {"sugprice": 5790.296315789474, "profit": 301, "limit": 5225, "timest": 1703440775}, "\u2605 Hand Wraps | Badlands (Battle-Scarred)": {"sugprice": 7499.209166666667, "profit": 681, "limit": 6768, "timest": 1703512843}, "\u2605 Hydra Gloves | Mangrove (Field-Tested)": {"sugprice": 3980.087200000002, "profit": 214, "limit": 3592, "timest": 1703512886}, "\u2605 Moto Gloves | Smoke Out (Battle-Scarred)": {"sugprice": 6886.236923076922, "profit": 386, "limit": 6214, "timest": 1703512922}, "\u2605 Moto Gloves | Transport (Field-Tested)": {"sugprice": 5559.123684210526, "profit": 325, "limit": 5017, "timest": 1703508411}, "\u2605 Navaja Knife | Scorched (Field-Tested)": {"sugprice": 6940.420333333334, "profit": 363, "limit": 6263, "timest": 1703512948}, "\u2605 Navaja Knife | Urban Masked (Field-Tested)": {"sugprice": 6854.799999999999, "profit": 342, "limit": 6186, "timest": 1703466419}, "\u2605 Shadow Daggers | Freehand (Field-Tested)": {"sugprice": 9100.208947368423, "profit": 571, "limit": 8212, "timest": 1703513060}, "StatTrak\u2122 M4A4 | X-Ray (Minimal Wear)": {"sugprice": 4552.894166666667, "profit": 253, "limit": 4108, "timest": 1703512431}, "\u2605 Hydra Gloves | Rattler (Field-Tested)": {"sugprice": 4080.200599999999, "profit": 237, "limit": 3682, "timest": 1703512893}, "\u2605 Driver Gloves | Racing Green (Field-Tested)": {"sugprice": 3769.855416666667, "profit": 205, "limit": 3402, "timest": 1703512816}, "\u2605 Hydra Gloves | Mangrove (Well-Worn)": {"sugprice": 4352.6875675675665, "profit": 207, "limit": 3928, "timest": 1703438165}, "\u2605 Shadow Daggers | Boreal Forest (Field-Tested)": {"sugprice": 7000.290909090909, "profit": 410, "limit": 6317, "timest": 1703513051}, "\u2605 Bloodhound Gloves | Bronzed (Field-Tested)": {"sugprice": 6071, "profit": 477, "limit": 5479, "timest": 1703505870}, "StatTrak\u2122 USP-S | Monster Mashup (Battle-Scarred)": {"sugprice": 1879.1672727272728, "profit": 179, "limit": 1695, "timest": 1703512640}, "StatTrak\u2122 P250 | Muertos (Field-Tested)": {"sugprice": 1064.3455999999999, "profit": 101, "limit": 960, "timest": 1703467078}, "\u2605 Shadow Daggers | Damascus Steel (Field-Tested)": {"sugprice": 7901, "profit": 453, "limit": 7130, "timest": 1703428700}, "StatTrak\u2122 USP-S | The Traitor (Well-Worn)": {"sugprice": 2114.034285714286, "profit": 106, "limit": 1907, "timest": 1703512671}, "\u2605 Hydra Gloves | Mangrove (Battle-Scarred)": {"sugprice": 3923.3871999999997, "profit": 240, "limit": 3540, "timest": 1703512884}, "StatTrak\u2122 USP-S | Stainless (Battle-Scarred)": {"sugprice": 1121.6113636363634, "profit": 102, "limit": 1012, "timest": 1703511562}, "USP-S | Printstream (Field-Tested)": {"sugprice": 2684.375833333333, "profit": 129, "limit": 2422, "timest": 1703506685}, "\u2605 Hand Wraps | Arboreal (Battle-Scarred)": {"sugprice": 5058, "profit": 263, "limit": 4564, "timest": 1703512839}, "\u2605 Shadow Daggers | Forest DDPAT (Field-Tested)": {"sugprice": 7123.969166666667, "profit": 415, "limit": 6429, "timest": 1703513058}, "\u2605 Hand Wraps | Duct Tape (Battle-Scarred)": {"sugprice": 5093.021555555553, "profit": 262, "limit": 4596, "timest": 1703512860}, "\u2605 Broken Fang Gloves | Yellow-banded (Field-Tested)": {"sugprice": 6283.021739130436, "profit": 562, "limit": 5670, "timest": 1703440685}, "\u2605 Bloodhound Gloves | Snakebite (Battle-Scarred)": {"sugprice": 6169.401666666666, "profit": 364, "limit": 5567, "timest": 1703512779}, "USP-S | Printstream (Minimal Wear)": {"sugprice": 4387.1168181818175, "profit": 218, "limit": 3959, "timest": 1703512745}, "\u2605 Huntsman Knife | Ultraviolet (Field-Tested)": {"sugprice": 9999.31619047619, "profit": 522, "limit": 9024, "timest": 1703509707}, "\u2605 Navaja Knife | Ultraviolet (Battle-Scarred)": {"sugprice": 7058.132142857144, "profit": 554, "limit": 6369, "timest": 1703510642}, "USP-S | Neo-Noir (Well-Worn)": {"sugprice": 1331.8355999999997, "profit": 107, "limit": 1201, "timest": 1703461108}, "\u2605 Hydra Gloves | Rattler (Well-Worn)": {"sugprice": 4571.391071428572, "profit": 230, "limit": 4125, "timest": 1703512894}, "\u2605 Falchion Knife | Ultraviolet (Battle-Scarred)": {"sugprice": 9792.898181818182, "profit": 497, "limit": 8838, "timest": 1703512823}, "\u2605 Navaja Knife | Safari Mesh (Field-Tested)": {"sugprice": 6992.103199999997, "profit": 389, "limit": 6310, "timest": 1703512947}, "StatTrak\u2122 Tec-9 | Decimator (Battle-Scarred)": {"sugprice": 1992.5933333333332, "profit": 120, "limit": 1798, "timest": 1703496612}, "\u2605 Moto Gloves | Finish Line (Battle-Scarred)": {"sugprice": 6915.291034482758, "profit": 465, "limit": 6241, "timest": 1703512916}, "\u2605 Shadow Daggers | Bright Water (Field-Tested)": {"sugprice": 7550.4982500000015, "profit": 465, "limit": 6814, "timest": 1703513053}, "\u2605 Moto Gloves | Turtle (Battle-Scarred)": {"sugprice": 7673.844736842107, "profit": 585, "limit": 6925, "timest": 1703512934}, "\u2605 Navaja Knife | Stained (Well-Worn)": {"sugprice": 7011.23125, "profit": 497, "limit": 6327, "timest": 1703500961}, "\u2605 Bowie Knife | Rust Coat (Battle-Scarred)": {"sugprice": 7942.274444444444, "profit": 437, "limit": 7167, "timest": 1703511790}, "StatTrak\u2122 USP-S | Monster Mashup (Field-Tested)": {"sugprice": 1954.5975000000003, "profit": 151, "limit": 1764, "timest": 1703512648}, "\u2605 Paracord Knife | Forest DDPAT (Field-Tested)": {"sugprice": 8069.236666666667, "profit": 408, "limit": 7282, "timest": 1703513043}, "\u2605 Survival Knife | Boreal Forest (Field-Tested)": {"sugprice": 7496.15846153846, "profit": 428, "limit": 6765, "timest": 1703508485}, "\u2605 Navaja Knife | Night Stripe (Field-Tested)": {"sugprice": 7020.502173913042, "profit": 442, "limit": 6336, "timest": 1703512940}, "\u2605 Shadow Daggers | Rust Coat (Battle-Scarred)": {"sugprice": 6783.640869565218, "profit": 362, "limit": 6122, "timest": 1703513062}, "\u2605 Hydra Gloves | Emerald (Well-Worn)": {"sugprice": 4675.9818749999995, "profit": 290, "limit": 4220, "timest": 1703512883}, "\u2605 Moto Gloves | Boom! (Battle-Scarred)": {"sugprice": 7439.149999999999, "profit": 414, "limit": 6713, "timest": 1703512905}, "\u2605 Specialist Gloves | Fade (Battle-Scarred)": {"sugprice": 14868.83, "profit": 817, "limit": 13419, "timest": 1703513074}, "USP-S | Para Green (Battle-Scarred)": {"sugprice": 667.805, "profit": 144, "limit": 602, "timest": 1703501296}, "\u2605 Shadow Daggers | Ultraviolet (Battle-Scarred)": {"sugprice": 7812.19619047619, "profit": 372, "limit": 7050, "timest": 1703482765}, "USP-S | Orion (Field-Tested)": {"sugprice": 3988.015263157896, "profit": 224, "limit": 3599, "timest": 1703451449}, "USP-S | Kill Confirmed (Battle-Scarred)": {"sugprice": 3049.8730000000005, "profit": 186, "limit": 2752, "timest": 1703491856}, "Vypa Sista of the Revolution | Guerrilla Warfare": {"sugprice": 1747.8053333333335, "profit": 100, "limit": 1577,