{"StatTrak\u2122 USP-S | Neo-Noir (Field-Tested)": {"sugprice": 3009.407368421052, "profit": 173, "limit": 2715, "timest": 1704711438}, "StatTrak\u2122 USP-S | The Traitor (Battle-Scarred)": {"sugprice": 1916, "profit": 108, "limit": 1729, "timest": 1704711460}, "\u2605 Driver Gloves | Convoy (Field-Tested)": {"sugprice": 6253.474516129033, "profit": 384, "limit": 5643, "timest": 1704713424}, "\u2605 Shadow Daggers | Boreal Forest (Field-Tested)": {"sugprice": 7000.665172413793, "profit": 499, "limit": 6318, "timest": 1704650758}, "\u2605 Bloodhound Gloves | Bronzed (Field-Tested)": {"sugprice": 6327.907142857143, "profit": 351, "limit": 5710, "timest": 1704679404}, "USP-S | Printstream (Minimal Wear)": {"sugprice": 4431.336521739131, "profit": 234, "limit": 3999, "timest": 1704664874}, "\u2605 Paracord Knife | Forest DDPAT (Field-Tested)": {"sugprice": 7720.222142857143, "profit": 433, "limit": 6967, "timest": 1704714077}, "USP-S | Printstream (Well-Worn)": {"sugprice": 2711.8631578947375, "profit": 166, "limit": 2447, "timest": 1704713228}, "\u2605 Hydra Gloves | Case Hardened (Battle-Scarred)": {"sugprice": 7010.066428571428, "profit": 349, "limit": 6326, "timest": 1704645253}, "\u2605 Hand Wraps | Constrictor (Field-Tested)": {"sugprice": 5039.264166666666, "profit": 285, "limit": 4547, "timest": 1704713632}, "\u2605 Gut Knife | Boreal Forest (Field-Tested)": {"sugprice": 7313.388636363638, "profit": 715, "limit": 6600, "timest": 1704713535}, "USP-S | Royal Blue (Field-Tested)": {"sugprice": 1060, "profit": 110, "limit": 956, "timest": 1704704624}, "\u2605 Paracord Knife | Safari Mesh (Field-Tested)": {"sugprice": 7554.249523809522, "profit": 396, "limit": 6817, "timest": 1704646808}, "\u2605 Hand Wraps | Arboreal (Field-Tested)": {"sugprice": 5952.821363636364, "profit": 405, "limit": 5372, "timest": 1704713619}, "Vypa Sista of the Revolution | Guerrilla Warfare": {"sugprice": 1928.0727777777777, "profit": 139, "limit": 1740, "timest": 1704713279}, "\u2605 Gut Knife | Safari Mesh (Field-Tested)": {"sugprice": 7419.9838461538475, "profit": 398, "limit": 6696, "timest": 1704713607}, "\u2605 Bloodhound Gloves | Guerrilla (Battle-Scarred)": {"sugprice": 6215.5131249999995, "profit": 483, "limit": 5609, "timest": 1704697456}, "\u2605 Hand Wraps | Giraffe (Battle-Scarred)": {"sugprice": 5914.43387755102, "profit": 394, "limit": 5337, "timest": 1704713764}, "\u2605 Hand Wraps | Duct Tape (Field-Tested)": {"sugprice": 5196.118214285714, "profit": 306, "limit": 4689, "timest": 1704663589}, "\u2605 Driver Gloves | Queen Jaguar (Field-Tested)": {"sugprice": 6033.1275000000005, "profit": 288, "limit": 5444, "timest": 1704692000}, "\u2605 Huntsman Knife | Ultraviolet (Field-Tested)": {"sugprice": 9964.694285714286, "profit": 475, "limit": 8993, "timest": 1704712134}, "\u2605 Moto Gloves | POW! (Battle-Scarred)": {"sugprice": 8383.410000000002, "profit": 493, "limit": 7566, "timest": 1704713961}, "\u2605 Gut Knife | Forest DDPAT (Field-Tested)": {"sugprice": 7745.693000000001, "profit": 382, "limit": 6990, "timest": 1704713545}, "StatTrak\u2122 USP-S | Neo-Noir (Battle-Scarred)": {"sugprice": 2998.9129166666667, "profit": 148, "limit": 2706, "timest": 1704645899}, "\u2605 Survival Knife | Boreal Forest (Field-Tested)": {"sugprice": 7703.555714285715, "profit": 500, "limit": 6952, "timest": 1704712503}, "StatTrak\u2122 MP9 | Hypnotic (Factory New)": {"sugprice": 3363.385, "profit": 168, "limit": 3035, "timest": 1704712800}, "\u2605 Bloodhound Gloves | Guerrilla (Field-Tested)": {"sugprice": 6081.584999999998, "profit": 325, "limit": 5488, "timest": 1704713300}, "\u2605 Shadow Daggers | Bright Water (Field-Tested)": {"sugprice": 7586.815348837208, "profit": 407, "limit": 6847, "timest": 1704714121}, "\u2605 Moto Gloves | Polygon (Battle-Scarred)": {"sugprice": 10473.135833333334, "profit": 583, "limit": 9452, "timest": 1704677840}, "\u2605 Hydra Gloves | Mangrove (Well-Worn)": {"sugprice": 4838.308571428571, "profit": 246, "limit": 4366, "timest": 1704713813}, "\u2605 Hand Wraps | Arboreal (Battle-Scarred)": {"sugprice": 5198.669047619049, "profit": 338, "limit": 4691, "timest": 1704713617}, "\u2605 Hand Wraps | CAUTION! (Battle-Scarred)": {"sugprice": 13786.349333333334, "profit": 1055, "limit": 12442, "timest": 1704713629}, "\u2605 Shadow Daggers | Safari Mesh (Field-Tested)": {"sugprice": 6995.014166666669, "profit": 531, "limit": 6313, "timest": 1704714154}, "\u2605 Hand Wraps | Duct Tape (Battle-Scarred)": {"sugprice": 5108.235833333333, "profit": 297, "limit": 4610, "timest": 1704713650}, "\u2605 Specialist Gloves | Lt. Commander (Battle-Scarred)": {"sugprice": 9828.645454545454, "profit": 866, "limit": 8870, "timest": 1704712480}, "\u2605 Moto Gloves | Finish Line (Battle-Scarred)": {"sugprice": 6748.309047619048, "profit": 461, "limit": 6090, "timest": 1704660247}, "\u2605 Driver Gloves | Racing Green (Well-Worn)": {"sugprice": 4097.681142857141, "profit": 212, "limit": 3698, "timest": 1704713478}, "\u2605 Moto Gloves | Boom! (Battle-Scarred)": {"sugprice": 7134.105714285714, "profit": 427, "limit": 6438, "timest": 1704713922}, "StatTrak\u2122 MP7 | Bloodsport (Factory New)": {"sugprice": 1406.546470588235, "profit": 140, "limit": 1269, "timest": 1704712781}, "\u2605 Hand Wraps | Badlands (Battle-Scarred)": {"sugprice": 6985.145, "profit": 555, "limit": 6304, "timest": 1704658005}, "\u2605 Driver Gloves | Diamondback (Battle-Scarred)": {"sugprice": 6854.116666666667, "profit": 400, "limit": 6185, "timest": 1704713434}, "\u2605 Shadow Daggers | Autotronic (Field-Tested)": {"sugprice": 8923.851666666666, "profit": 460, "limit": 8053, "timest": 1704652343}, "\u2605 Hydra Gloves | Rattler (Battle-Scarred)": {"sugprice": 4211.1026, "profit": 299, "limit": 3800, "timest": 1704705150}, "\u2605 Driver Gloves | Overtake (Battle-Scarred)": {"sugprice": 6597.891860465117, "profit": 417, "limit": 5954, "timest": 1704681474}, "\u2605 Falchion Knife | Ultraviolet (Battle-Scarred)": {"sugprice": 9658, "profit": 620, "limit": 8716, "timest": 1704702953}, "\u2605 Shadow Daggers | Damascus Steel (Field-Tested)": {"sugprice": 7849.087333333334, "profit": 383, "limit": 7083, "timest": 1704707099}, "\u2605 Hand Wraps | Constrictor (Well-Worn)": {"sugprice": 4911.685238095238, "profit": 255, "limit": 4432, "timest": 1704633532}, "StatTrak\u2122 USP-S | The Traitor (Well-Worn)": {"sugprice": 1931, "profit": 101, "limit": 1742, "timest": 1704707858}, "\u2605 Navaja Knife | Night Stripe (Field-Tested)": {"sugprice": 6989.457631578948, "profit": 379, "limit": 6307, "timest": 1704712271}, "\u2605 Bloodhound Gloves | Snakebite (Field-Tested)": {"sugprice": 6397.626190476191, "profit": 581, "limit": 5773, "timest": 1704713302}, "\u2605 Paracord Knife | Scorched (Field-Tested)": {"sugprice": 7854.479166666667, "profit": 794, "limit": 7088, "timest": 1704714081}, "\u2605 Navaja Knife | Scorched (Field-Tested)": {"sugprice": 6881.25711111111, "profit": 327, "limit": 6210, "timest": 1704646778}, "\u2605 Driver Gloves | Convoy (Battle-Scarred)": {"sugprice": 6234.518709677418, "profit": 376, "limit": 5626, "timest": 1704697572}, "\u2605 Specialist Gloves | Buckshot (Battle-Scarred)": {"sugprice": 5251.992826086958, "profit": 288, "limit": 4739, "timest": 1704714182}, "StatTrak\u2122 Tec-9 | Decimator (Battle-Scarred)": {"sugprice": 1989, "profit": 126, "limit": 1795, "timest": 1704702271}, "\u2605 Moto Gloves | Smoke Out (Battle-Scarred)": {"sugprice": 7243.548695652174, "profit": 467, "limit": 6537, "timest": 1704713970}, "\u2605 Gut Knife | Freehand (Field-Tested)": {"sugprice": 8561.201875, "profit": 650, "limit": 7726, "timest": 1704705002}, "USP-S | Whiteout (Minimal Wear)": {"sugprice": 2782.1233333333334, "profit": 150, "limit": 2510, "timest": 1704713277}, "\u2605 Broken Fang Gloves | Yellow-banded (Field-Tested)": {"sugprice": 6234.966206896552, "profit": 303, "limit": 5627, "timest": 1704709763}, "USP-S | Neo-Noir (Factory New)": {"sugprice": 3037.2230000000004,