{"StatTrak\u2122 M4A4 | The Emperor (Battle-Scarred)": {"sugprice": 2525.504615384615, "profit": 196, "limit": 2279, "timest": 1703255288}, "StatTrak\u2122 MP7 | Bloodsport (Factory New)": {"sugprice": 1331, "profit": 105, "limit": 1201, "timest": 1703250031}, "StatTrak\u2122 MP9 | Hypnotic (Factory New)": {"sugprice": 3323.7246153846145, "profit": 200, "limit": 2999, "timest": 1703228954}, "StatTrak\u2122 USP-S | Neo-Noir (Battle-Scarred)": {"sugprice": 3047.2394285714286, "profit": 252, "limit": 2750, "timest": 1703255390}, "StatTrak\u2122 USP-S | Neo-Noir (Field-Tested)": {"sugprice": 2991.3185000000003, "profit": 209, "limit": 2699, "timest": 1703255392}, "StatTrak\u2122 USP-S | The Traitor (Battle-Scarred)": {"sugprice": 2012.7862222222227, "profit": 109, "limit": 1816, "timest": 1703255398}, "Tec-9 | Nuclear Threat (Battle-Scarred)": {"sugprice": 3440, "profit": 366, "limit": 3104, "timest": 1703252555}, "USP-S | Kill Confirmed (Well-Worn)": {"sugprice": 3068, "profit": 181, "limit": 2768, "timest": 1703255436}, "USP-S | Neo-Noir (Factory New)": {"sugprice": 2941.3108333333334, "profit": 162, "limit": 2654, "timest": 1703255440}, "\u2605 Bloodhound Gloves | Guerrilla (Battle-Scarred)": {"sugprice": 6009.982222222222, "profit": 410, "limit": 5424, "timest": 1703254978}, "\u2605 Broken Fang Gloves | Yellow-banded (Battle-Scarred)": {"sugprice": 5960.3282, "profit": 360, "limit": 5379, "timest": 1703255499}, "\u2605 Driver Gloves | Convoy (Field-Tested)": {"sugprice": 6351.901785714284, "profit": 403, "limit": 5732, "timest": 1703255506}, "\u2605 Driver Gloves | Diamondback (Battle-Scarred)": {"sugprice": 6754.46875, "profit": 346, "limit": 6095, "timest": 1703252779}, "\u2605 Driver Gloves | Queen Jaguar (Battle-Scarred)": {"sugprice": 5445.256799999998, "profit": 486, "limit": 4914, "timest": 1703255512}, "\u2605 Gut Knife | Bright Water (Field-Tested)": {"sugprice": 8202.87111111111, "profit": 420, "limit": 7403, "timest": 1703174408}, "\u2605 Hand Wraps | Arboreal (Field-Tested)": {"sugprice": 5982.463125, "profit": 368, "limit": 5399, "timest": 1703255542}, "\u2605 Hand Wraps | Badlands (Battle-Scarred)": {"sugprice": 7315.040555555554, "profit": 475, "limit": 6601, "timest": 1703255544}, "\u2605 Hand Wraps | Desert Shamagh (Battle-Scarred)": {"sugprice": 4779.726904761906, "profit": 230, "limit": 4313, "timest": 1703237964}, "\u2605 Hydra Gloves | Mangrove (Field-Tested)": {"sugprice": 3940.055918367347, "profit": 192, "limit": 3555, "timest": 1703255648}, "\u2605 Hydra Gloves | Rattler (Battle-Scarred)": {"sugprice": 3933, "profit": 335, "limit": 3549, "timest": 1703255651}, "\u2605 Moto Gloves | 3rd Commando Company (Battle-Scarred)": {"sugprice": 5107.57163265306, "profit": 268, "limit": 4609, "timest": 1703255657}, "\u2605 Moto Gloves | Smoke Out (Battle-Scarred)": {"sugprice": 7052.820789473684, "profit": 484, "limit": 6365, "timest": 1703255674}, "\u2605 Moto Gloves | Transport (Field-Tested)": {"sugprice": 5549.453076923076, "profit": 298, "limit": 5008, "timest": 1703252081}, "\u2605 Navaja Knife | Scorched (Field-Tested)": {"sugprice": 6976.994117647057, "profit": 450, "limit": 6296, "timest": 1703255693}, "\u2605 Navaja Knife | Urban Masked (Field-Tested)": {"sugprice": 6947, "profit": 369, "limit": 6269, "timest": 1703255707}, "\u2605 Shadow Daggers | Freehand (Field-Tested)": {"sugprice": 9307.986086956524, "profit": 761, "limit": 8400, "timest": 1703255725}, "\u2605 Shadow Daggers | Ultraviolet (Field-Tested)": {"sugprice": 8478, "profit": 414, "limit": 7651, "timest": 1703213026}, "\u2605 Sport Gloves | Bronze Morph (Battle-Scarred)": {"sugprice": 9768.948695652172, "profit": 533, "limit": 8816, "timest": 1703255745}, "StatTrak\u2122 M4A4 | X-Ray (Minimal Wear)": {"sugprice": 4793.604117647059, "profit": 329, "limit": 4326, "timest": 1703252280}, "\u2605 Gut Knife | Boreal Forest (Field-Tested)": {"sugprice": 7401.794230769228, "profit": 561, "limit": 6680, "timest": 1703255528}, "\u2605 Gut Knife | Forest DDPAT (Field-Tested)": {"sugprice": 7631, "profit": 389, "limit": 6886, "timest": 1703255532}, "\u2605 Hydra Gloves | Rattler (Field-Tested)": {"sugprice": 3965.2546, "profit": 246, "limit": 3578, "timest": 1703255653}, "\u2605 Driver Gloves | Racing Green (Field-Tested)": {"sugprice": 3713.3099999999995, "profit": 196, "limit": 3351, "timest": 1703231316}, "\u2605 Hand Wraps | Constrictor (Field-Tested)": {"sugprice": 5029.1, "profit": 276, "limit": 4538, "timest": 1703255550}, "\u2605 Hand Wraps | Desert Shamagh (Field-Tested)": {"sugprice": 4855.4227272727285, "profit": 235, "limit": 4382, "timest": 1703233600}, "\u2605 Hydra Gloves | Mangrove (Well-Worn)": {"sugprice": 4348.99, "profit": 250, "limit": 3924, "timest": 1703255649}, "\u2605 Shadow Daggers | Boreal Forest (Field-Tested)": {"sugprice": 6956.707142857143, "profit": 406, "limit": 6278, "timest": 1703255717}, "\u2605 Bowie Knife | Bright Water (Field-Tested)": {"sugprice": 9670.352, "profit": 471, "limit": 8727, "timest": 1703255485}, "\u2605 Shadow Daggers | Scorched (Field-Tested)": {"sugprice": 7197.0441176470595, "profit": 694, "limit": 6495, "timest": 1703255731}, "\u2605 Driver Gloves | Racing Green (Well-Worn)": {"sugprice": 3808.6628125, "profit": 218, "limit": 3437, "timest": 1703255520}, "\u2605 Bloodhound Gloves | Bronzed (Field-Tested)": {"sugprice": 6637.735, "profit": 510, "limit": 5990, "timest": 1703255476}, "\u2605 Broken Fang Gloves | Unhinged (Battle-Scarred)": {"sugprice": 4869.87083333333, "profit": 420, "limit": 4395, "timest": 1703255497}, "StatTrak\u2122 USP-S | Monster Mashup (Battle-Scarred)": {"sugprice": 1865.1899999999996, "profit": 174, "limit": 1683, "timest": 1703255386}, "StatTrak\u2122 P250 | Muertos (Field-Tested)": {"sugprice": 1056.6217777777779, "profit": 101, "limit": 953, "timest": 1703250659}, "\u2605 Shadow Daggers | Damascus Steel (Field-Tested)": {"sugprice": 8172.5775, "profit": 491, "limit": 7375, "timest": 1703255721}, "\u2605 Hydra Gloves | Emerald (Battle-Scarred)": {"sugprice": 4638.013695652174, "profit": 314, "limit": 4185, "timest": 1703255640}, "StatTrak\u2122 USP-S | The Traitor (Well-Worn)": {"sugprice": 2073.0014814814817, "profit": 138, "limit": 1870, "timest": 1703252549}, "\u2605 Hand Wraps | Constrictor (Well-Worn)": {"sugprice": 4795.806153846153, "profit": 234, "limit": 4328, "timest": 1703244030}, "UMP-45 | Blaze (Factory New)": {"sugprice": 1568.3418367346944, "profit": 106, "limit": 1415, "timest": 1703245264}, "\u2605 Hydra Gloves | Mangrove (Battle-Scarred)": {"sugprice": 3974.373469387754, "profit": 364, "limit": 3586, "timest": 1703255645}, "StatTrak\u2122 USP-S | Stainless (Battle-Scarred)": {"sugprice": 1154.5953846153845, "profit": 131, "limit": 1042, "timest": 1703255396}, "USP-S | Whiteout (Minimal Wear)": {"sugprice": 2735.7584210526315, "profit": 132, "limit": 2469, "timest": 1703255468}, "\u2605 Specialist Gloves | Lt. Commander (Battle-Scarred)": {"sugprice": 9897.513846153844, "profit": 800, "limit": 8932, "timest": 1703255743}, "\u2605 Hand Wraps | CAUTION! (Battle-Scarred)": {"sugprice": 14313.228749999997, "profit": 806, "limit": 12917, "timest": 1703255546}, "StatTrak\u2122 Tec-9 | Blue Titanium (Factory New)": {"sugprice": 791, "profit": 115, "limit": 713, "timest": 1703243721}, "\u2605 Hand Wraps | Desert Shamagh (Well-Worn)": {"sugprice": 5008, "profit": 238, "limit": 4519, "timest": 1703177971}, "\u2605 Hydra Gloves | Emerald (Field-Tested)": {"sugprice": 4723.825510204081, "profit": 253, "limit": 4263, "timest": 1703255642}, "USP-S | Printstream (Field-Tested)": {"sugprice": 2744.0968000000007, "profit": 133, "limit": 2476, "timest": 1703237759}, "\u2605 Navaja Knife | Forest DDPAT (Field-Tested)": {"sugprice": 6849.960769230768, "profit": 370, "limit": 6182, "timest": 1703201144}, "\u2605 Hand Wraps | Arboreal (Battle-Scarred)": {"sugprice": 5280.19234042553, "profit": 375, "limit": 4765, "timest": 1703255540}, "USP-S | Kill Confirmed (Field-Tested)": {"sugprice": 3266,