{"StatTrak\u2122 USP-S | Neo-Noir (Field-Tested)": {"sugprice": 3113.261304347826, "profit": 200, "limit": 2809, "timest": 1703704500}, "StatTrak\u2122 USP-S | The Traitor (Battle-Scarred)": {"sugprice": 2090.540681818181, "profit": 141, "limit": 1886, "timest": 1703704506}, "USP-S | Kill Confirmed (Well-Worn)": {"sugprice": 3035.206818181818, "profit": 161, "limit": 2739, "timest": 1703703979}, "USP-S | Neo-Noir (Factory New)": {"sugprice": 3053.691388888888, "profit": 152, "limit": 2755, "timest": 1703704546}, "\u2605 Broken Fang Gloves | Yellow-banded (Battle-Scarred)": {"sugprice": 6114.302448979592, "profit": 307, "limit": 5518, "timest": 1703699440}, "\u2605 Driver Gloves | Convoy (Field-Tested)": {"sugprice": 6289.177037037035, "profit": 300, "limit": 5675, "timest": 1703704612}, "\u2605 Hand Wraps | Badlands (Battle-Scarred)": {"sugprice": 7426.3150000000005, "profit": 520, "limit": 6702, "timest": 1703704651}, "\u2605 Hydra Gloves | Mangrove (Field-Tested)": {"sugprice": 4120.8024, "profit": 212, "limit": 3719, "timest": 1703704691}, "\u2605 Moto Gloves | Smoke Out (Battle-Scarred)": {"sugprice": 6917.8935483870955, "profit": 356, "limit": 6243, "timest": 1703704717}, "\u2605 Moto Gloves | Transport (Field-Tested)": {"sugprice": 5600.895172413793, "profit": 353, "limit": 5054, "timest": 1703700639}, "\u2605 Navaja Knife | Scorched (Field-Tested)": {"sugprice": 6926.239302325583, "profit": 329, "limit": 6250, "timest": 1703702354}, "\u2605 Shadow Daggers | Freehand (Field-Tested)": {"sugprice": 9138.505238095237, "profit": 544, "limit": 8247, "timest": 1703704769}, "StatTrak\u2122 M4A4 | X-Ray (Minimal Wear)": {"sugprice": 4504.209166666667, "profit": 264, "limit": 4065, "timest": 1703700825}, "\u2605 Hydra Gloves | Rattler (Field-Tested)": {"sugprice": 4095.7495918367335, "profit": 268, "limit": 3696, "timest": 1703704697}, "\u2605 Driver Gloves | Racing Green (Field-Tested)": {"sugprice": 3835.0458000000003, "profit": 210, "limit": 3461, "timest": 1703704625}, "\u2605 Shadow Daggers | Boreal Forest (Field-Tested)": {"sugprice": 6953.316538461538, "profit": 485, "limit": 6275, "timest": 1703704269}, "\u2605 Bloodhound Gloves | Bronzed (Field-Tested)": {"sugprice": 6319.161481481482, "profit": 339, "limit": 5703, "timest": 1703703534}, "StatTrak\u2122 USP-S | Monster Mashup (Battle-Scarred)": {"sugprice": 1923.0072222222225, "profit": 131, "limit": 1735, "timest": 1703704494}, "StatTrak\u2122 USP-S | The Traitor (Well-Worn)": {"sugprice": 2142.28275, "profit": 180, "limit": 1933, "timest": 1703704508}, "\u2605 Hydra Gloves | Mangrove (Battle-Scarred)": {"sugprice": 3885.6967567567567, "profit": 320, "limit": 3506, "timest": 1703693127}, "\u2605 Hand Wraps | Arboreal (Battle-Scarred)": {"sugprice": 5308.665, "profit": 264, "limit": 4791, "timest": 1703666252}, "\u2605 Shadow Daggers | Forest DDPAT (Field-Tested)": {"sugprice": 7099.9019230769245, "profit": 344, "limit": 6407, "timest": 1703704276}, "USP-S | Printstream (Minimal Wear)": {"sugprice": 4400.9943478260875, "profit": 228, "limit": 3971, "timest": 1703641762}, "\u2605 Huntsman Knife | Ultraviolet (Field-Tested)": {"sugprice": 10083.245294117649, "profit": 524, "limit": 9100, "timest": 1703704680}, "\u2605 Navaja Knife | Ultraviolet (Battle-Scarred)": {"sugprice": 6928.068571428572, "profit": 375, "limit": 6252, "timest": 1703687182}, "\u2605 Hydra Gloves | Rattler (Well-Worn)": {"sugprice": 4845.34181818182, "profit": 337, "limit": 4372, "timest": 1703704134}, "\u2605 Falchion Knife | Ultraviolet (Battle-Scarred)": {"sugprice": 10237.043529411763, "profit": 501, "limit": 9238, "timest": 1703694665}, "StatTrak\u2122 Tec-9 | Decimator (Battle-Scarred)": {"sugprice": 1770.6445454545456, "profit": 131, "limit": 1598, "timest": 1703625027}, "\u2605 Moto Gloves | Finish Line (Battle-Scarred)": {"sugprice": 6922.60393939394, "profit": 372, "limit": 6247, "timest": 1703704711}, "\u2605 Shadow Daggers | Bright Water (Field-Tested)": {"sugprice": 7481.042631578949, "profit": 386, "limit": 6751, "timest": 1703674241}, "\u2605 Moto Gloves | Turtle (Battle-Scarred)": {"sugprice": 7613.098421052631, "profit": 384, "limit": 6870, "timest": 1703704723}, "\u2605 Bowie Knife | Rust Coat (Battle-Scarred)": {"sugprice": 8051.299285714286, "profit": 459, "limit": 7266, "timest": 1703667926}, "StatTrak\u2122 USP-S | Monster Mashup (Field-Tested)": {"sugprice": 1986.0374999999997, "profit": 167, "limit": 1792, "timest": 1703704496}, "\u2605 Paracord Knife | Forest DDPAT (Field-Tested)": {"sugprice": 8088.538275862068, "profit": 404, "limit": 7299, "timest": 1703701196}, "\u2605 Survival Knife | Boreal Forest (Field-Tested)": {"sugprice": 7519.744705882353, "profit": 390, "limit": 6786, "timest": 1703702466}, "\u2605 Navaja Knife | Night Stripe (Field-Tested)": {"sugprice": 6899, "profit": 338, "limit": 6226, "timest": 1703687164}, "\u2605 Hydra Gloves | Emerald (Well-Worn)": {"sugprice": 4731.611250000001, "profit": 237, "limit": 4270, "timest": 1703664484}, "\u2605 Moto Gloves | Boom! (Battle-Scarred)": {"sugprice": 7680.115, "profit": 505, "limit": 6931, "timest": 1703704707}, "\u2605 Specialist Gloves | Fade (Battle-Scarred)": {"sugprice": 14937.597812499998, "profit": 977, "limit": 13481, "timest": 1703704783}, "USP-S | Para Green (Battle-Scarred)": {"sugprice": 695.6600000000001, "profit": 102, "limit": 627, "timest": 1703666112}, "StatTrak\u2122 P90 | Asiimov (Battle-Scarred)": {"sugprice": 1933.4197368421048, "profit": 156, "limit": 1744, "timest": 1703661495}, "\u2605 Moto Gloves | Transport (Battle-Scarred)": {"sugprice": 5158.690909090909, "profit": 255, "limit": 4655, "timest": 1703704719}, "StatTrak\u2122 SSG 08 | Bloodshot (Field-Tested)": {"sugprice": 1691.8821739130435, "profit": 106, "limit": 1526, "timest": 1703675834}, "StatTrak\u2122 SSG 08 | Dragonfire (Battle-Scarred)": {"sugprice": 3021.5375, "profit": 146, "limit": 2726, "timest": 1703704472}, "\u2605 Hand Wraps | Duct Tape (Field-Tested)": {"sugprice": 5219.642580645162, "profit": 258, "limit": 4710, "timest": 1703699994}, "USP-S | Printstream (Well-Worn)": {"sugprice": 2639.4680555555556, "profit": 150, "limit": 2382, "timest": 1703704565}, "\u2605 Huntsman Knife | Lore (Battle-Scarred)": {"sugprice": 14381.521249999998, "profit": 811, "limit": 12979, "timest": 1703679785}, "\u2605 Shadow Daggers | Ultraviolet (Field-Tested)": {"sugprice": 8084.3386666666665, "profit": 498, "limit": 7296, "timest": 1703704779}, "\u2605 Bloodhound Gloves | Bronzed (Battle-Scarred)": {"sugprice": 6347.666842105263, "profit": 354, "limit": 5728, "timest": 1703704581}, "\u2605 Hydra Gloves | Rattler (Battle-Scarred)": {"sugprice": 4112.1448, "profit": 234, "limit": 3711, "timest": 1703704695}, "\u2605 Hydra Gloves | Case Hardened (Battle-Scarred)": {"sugprice": 7171.2357142857145, "profit": 482, "limit": 6472, "timest": 1703695524}, "USP-S | Whiteout (Minimal Wear)": {"sugprice": 2751.5590476190478, "profit": 144, "limit": 2483, "timest": 1703692782}, "USP-S | Kill Confirmed (Field-Tested)": {"sugprice": 3267.263333333333, "profit": 164, "limit": 2948, "timest": 1703703492}, "\u2605 Navaja Knife | Tiger Tooth (Factory New)": {"sugprice": 12195.93705882353, "profit": 774, "limit": 11006, "timest": 1703677488}, "\u2605 Gut Knife | Freehand (Field-Tested)": {"sugprice": 8186.114736842105, "profit": 676, "limit": 7387, "timest": 1703680887}, "\u2605 Driver Gloves | Queen Jaguar (Battle-Scarred)": {"sugprice": 5384.972653061222, "profit": 365, "limit": 4859, "timest": 1703704618}, "\u2605 Moto Gloves | Polygon (Battle-Scarred)": {"sugprice": 9989.756428571427, "profit": 489, "limit": 9015, "timest": 1703662122}, "\u2605 Shadow Daggers | Scorched (Field-Tested)": {"sugprice": 7028.552500000002, "profit": 377, "limit": 6343, "timest": 1703661172}, "\u2605 Gut Knife | Forest DDPAT (Field-Tested)": {"sugprice": 7783.375806451613, "profit": 420, "limit": 7024, "timest": 1703685877},