{"USP-S | Kill Confirmed (Well-Worn)": {"sugprice": 2902.691020408164, "profit": 147, "limit": 2619, "timest": 1701420187}, "\u2605 Navaja Knife | Scorched (Field-Tested)": {"sugprice": 6747.012, "profit": 392, "limit": 6089, "timest": 1701423099}, "\u2605 Driver Gloves | Racing Green (Battle-Scarred)": {"sugprice": 3625.6308000000004, "profit": 262, "limit": 3272, "timest": 1701423895}, "\u2605 Driver Gloves | Racing Green (Well-Worn)": {"sugprice": 3661.138529411764, "profit": 213, "limit": 3304, "timest": 1701423897}, "\u2605 Hydra Gloves | Rattler (Field-Tested)": {"sugprice": 3847.5078, "profit": 213, "limit": 3472, "timest": 1701410497}, "\u2605 Navaja Knife | Forest DDPAT (Field-Tested)": {"sugprice": 6692.677826086955, "profit": 322, "limit": 6040, "timest": 1701369078}, "\u2605 Shadow Daggers | Bright Water (Field-Tested)": {"sugprice": 7326, "profit": 436, "limit": 6611, "timest": 1701424011}, "\u2605 Shadow Daggers | Rust Coat (Battle-Scarred)": {"sugprice": 6689.2621739130445, "profit": 324, "limit": 6037, "timest": 1701342176}, "\u2605 Broken Fang Gloves | Yellow-banded (Field-Tested)": {"sugprice": 6271.828823529411, "profit": 325, "limit": 5660, "timest": 1701418818}, "\u2605 Hydra Gloves | Mangrove (Battle-Scarred)": {"sugprice": 3789.5975000000003, "profit": 233, "limit": 3420, "timest": 1701359486}, "\u2605 Hydra Gloves | Mangrove (Well-Worn)": {"sugprice": 3940, "profit": 212, "limit": 3555, "timest": 1701423951}, "\u2605 Hand Wraps | Desert Shamagh (Field-Tested)": {"sugprice": 4849.406756756757, "profit": 236, "limit": 4376, "timest": 1701365182}, "\u2605 Moto Gloves | Transport (Battle-Scarred)": {"sugprice": 5124.350937500001, "profit": 251, "limit": 4624, "timest": 1701423971}, "USP-S | Printstream (Well-Worn)": {"sugprice": 2641.3795000000005, "profit": 128, "limit": 2383, "timest": 1701352135}, "\u2605 Hand Wraps | Duct Tape (Field-Tested)": {"sugprice": 5121.516428571428, "profit": 256, "limit": 4622, "timest": 1701383409}, "\u2605 Broken Fang Gloves | Unhinged (Battle-Scarred)": {"sugprice": 5113.574399999999, "profit": 277, "limit": 4615, "timest": 1701423879}, "\u2605 Hand Wraps | Arboreal (Field-Tested)": {"sugprice": 5552.033846153845, "profit": 274, "limit": 5010, "timest": 1701423919}, "\u2605 Hand Wraps | Giraffe (Battle-Scarred)": {"sugprice": 5960.227916666667, "profit": 432, "limit": 5379, "timest": 1701415678}, "USP-S | Neo-Noir (Well-Worn)": {"sugprice": 1467.9761538461537, "profit": 116, "limit": 1324, "timest": 1701418337}, "\u2605 Moto Gloves | Smoke Out (Battle-Scarred)": {"sugprice": 6813.560625, "profit": 382, "limit": 6149, "timest": 1701423969}, "\u2605 Hydra Gloves | Rattler (Battle-Scarred)": {"sugprice": 3808.3968749999995, "profit": 195, "limit": 3437, "timest": 1701369048}, "StatTrak\u2122 SSG 08 | Dragonfire (Field-Tested)": {"sugprice": 3124.3540476190474, "profit": 221, "limit": 2819, "timest": 1701423751}, "StatTrak\u2122 USP-S | Neo-Noir (Field-Tested)": {"sugprice": 3176.114545454546, "profit": 213, "limit": 2866, "timest": 1701423781}, "\u2605 Bloodhound Gloves | Guerrilla (Field-Tested)": {"sugprice": 6093.1580645161275, "profit": 318, "limit": 5499, "timest": 1701423867}, "\u2605 Hand Wraps | Constrictor (Field-Tested)": {"sugprice": 5067.676000000001, "profit": 390, "limit": 4573, "timest": 1701423923}, "\u2605 Hand Wraps | Desert Shamagh (Well-Worn)": {"sugprice": 4959.866249999999, "profit": 492, "limit": 4476, "timest": 1701423931}, "\u2605 Survival Knife | Scorched (Field-Tested)": {"sugprice": 7740.733749999999, "profit": 385, "limit": 6986, "timest": 1701410865}, "\u2605 Moto Gloves | 3rd Commando Company (Field-Tested)": {"sugprice": 5573.260952380952, "profit": 274, "limit": 5029, "timest": 1701420349}, "StatTrak\u2122 USP-S | The Traitor (Battle-Scarred)": {"sugprice": 1861.3326666666667, "profit": 120, "limit": 1679, "timest": 1701423787}, "\u2605 Hand Wraps | Desert Shamagh (Battle-Scarred)": {"sugprice": 4825.650322580645, "profit": 234, "limit": 4355, "timest": 1701419777}, "USP-S | Orion (Minimal Wear)": {"sugprice": 3913.287959183673, "profit": 326, "limit": 3531, "timest": 1701423839}, "USP-S | Caiman (Field-Tested)": {"sugprice": 3036.7453658536588, "profit": 156, "limit": 2740, "timest": 1701369721}, "\u2605 Sport Gloves | Bronze Morph (Battle-Scarred)": {"sugprice": 9981.819285714286, "profit": 552, "limit": 9008, "timest": 1701393517}, "\u2605 Moto Gloves | Turtle (Battle-Scarred)": {"sugprice": 7859.143888888887, "profit": 466, "limit": 7092, "timest": 1701423975}, "\u2605 Hand Wraps | Arboreal (Battle-Scarred)": {"sugprice": 5072.295208333334, "profit": 318, "limit": 4577, "timest": 1701423917}, "StatTrak\u2122 USP-S | Printstream (Battle-Scarred)": {"sugprice": 4420.433404255318, "profit": 259, "limit": 3989, "timest": 1701423783}, "USP-S | Overgrowth (Field-Tested)": {"sugprice": 1630.2428, "profit": 104, "limit": 1471, "timest": 1701346570}, "StatTrak\u2122 USP-S | Stainless (Battle-Scarred)": {"sugprice": 1023.1504347826086, "profit": 104, "limit": 923, "timest": 1701418289}, "\u2605 Broken Fang Gloves | Needle Point (Battle-Scarred)": {"sugprice": 5003.799583333333, "profit": 303, "limit": 4515, "timest": 1701423873}, "StatTrak\u2122 P250 | Muertos (Field-Tested)": {"sugprice": 1042.0389655172414, "profit": 118, "limit": 940, "timest": 1701349687}, "StatTrak\u2122 USP-S | Monster Mashup (Field-Tested)": {"sugprice": 1836.8864285714287, "profit": 104, "limit": 1657, "timest": 1701423777}, "\u2605 Bloodhound Gloves | Bronzed (Field-Tested)": {"sugprice": 6234.566249999999, "profit": 344, "limit": 5626, "timest": 1701423863}, "\u2605 Gut Knife | Scorched (Field-Tested)": {"sugprice": 7459.533076923077, "profit": 383, "limit": 6732, "timest": 1701415523}, "\u2605 Hydra Gloves | Emerald (Battle-Scarred)": {"sugprice": 4597.525999999999, "profit": 248, "limit": 4149, "timest": 1701423943}, "\u2605 Hydra Gloves | Emerald (Field-Tested)": {"sugprice": 4536.4736170212755, "profit": 244, "limit": 4094, "timest": 1701423945}, "\u2605 Moto Gloves | Blood Pressure (Battle-Scarred)": {"sugprice": 8469.56818181818, "profit": 601, "limit": 7643, "timest": 1701423961}, "\u2605 Navaja Knife | Boreal Forest (Field-Tested)": {"sugprice": 7017.034199999998, "profit": 516, "limit": 6332, "timest": 1701423087}, "\u2605 Navaja Knife | Rust Coat (Battle-Scarred)": {"sugprice": 6771, "profit": 332, "limit": 6110, "timest": 1701423987}, "\u2605 Navaja Knife | Ultraviolet (Field-Tested)": {"sugprice": 7048.776249999998, "profit": 355, "limit": 6361, "timest": 1701423999}, "\u2605 Shadow Daggers | Ultraviolet (Field-Tested)": {"sugprice": 7940.424999999998, "profit": 430, "limit": 7166, "timest": 1701348688}, "\u2605 Paracord Knife | Scorched (Field-Tested)": {"sugprice": 7509.120625, "profit": 363, "limit": 6776, "timest": 1701416181}, "\u2605 Huntsman Knife | Rust Coat (Battle-Scarred)": {"sugprice": 8687.609999999999, "profit": 421, "limit": 7840, "timest": 1701373280}, "StatTrak\u2122 PP-Bizon | Judgement of Anubis (Field-Tested)": {"sugprice": 974.5509090909092, "profit": 129, "limit": 879, "timest": 1701348847}, "USP-S | Printstream (Field-Tested)": {"sugprice": 2820, "profit": 172, "limit": 2545, "timest": 1701423845}, "\u2605 Shadow Daggers | Night (Field-Tested)": {"sugprice": 7324, "profit": 475, "limit": 6609, "timest": 1701424017}, "\u2605 Moto Gloves | Finish Line (Battle-Scarred)": {"sugprice": 6633.2111111111135, "profit": 447, "limit": 5986, "timest": 1701383586}, "\u2605 Shadow Daggers | Safari Mesh (Field-Tested)": {"sugprice": 6972.1494999999995, "profit": 333, "limit": 6292, "timest": 1701417206}, "\u2605 Hand Wraps | Duct Tape (Battle-Scarred)": {"sugprice": 5147, "profit": 368, "limit": 4645, "timest": 1701423933}, "\u2605 Navaja Knife | Safari Mesh (Field-Tested)": {"sugprice": 6886.967499999998, "profit": 337, "limit": 6215, "timest": 1701423989}, "\u2605 Moto Gloves | POW! (Battle-Scarred)": {"sugprice": 8371, "profit": 532, "limit": 7554, "timest": 1701423967},