{"USP-S | Kill Confirmed (Well-Worn)": {"sugprice": 2908.987291666668, "profit": 161, "limit": 2625, "timest": 1700817167}, "\u2605 Navaja Knife | Scorched (Field-Tested)": {"sugprice": 6727.983599999999, "profit": 421, "limit": 6072, "timest": 1700817718}, "\u2605 Driver Gloves | Racing Green (Battle-Scarred)": {"sugprice": 3612, "profit": 216, "limit": 3259, "timest": 1700817373}, "StatTrak\u2122 USP-S | The Traitor (Well-Worn)": {"sugprice": 1867.6136363636363, "profit": 100, "limit": 1685, "timest": 1700790464}, "\u2605 Broken Fang Gloves | Needle Point (Field-Tested)": {"sugprice": 5289.989230769231, "profit": 255, "limit": 4774, "timest": 1700810203}, "\u2605 Driver Gloves | Racing Green (Well-Worn)": {"sugprice": 3818.531363636364, "profit": 350, "limit": 3446, "timest": 1700817421}, "\u2605 Hand Wraps | Constrictor (Battle-Scarred)": {"sugprice": 4865.724047619047, "profit": 471, "limit": 4391, "timest": 1700817478}, "\u2605 Hydra Gloves | Rattler (Field-Tested)": {"sugprice": 4024.395102040817, "profit": 223, "limit": 3632, "timest": 1700817557}, "\u2605 Navaja Knife | Forest DDPAT (Field-Tested)": {"sugprice": 6878.9000000000015, "profit": 407, "limit": 6208, "timest": 1700787185}, "\u2605 Navaja Knife | Safari Mesh (Field-Tested)": {"sugprice": 6867.336444444445, "profit": 334, "limit": 6197, "timest": 1700817705}, "\u2605 Shadow Daggers | Bright Water (Field-Tested)": {"sugprice": 7714.671875, "profit": 574, "limit": 6962, "timest": 1700817846}, "\u2605 Shadow Daggers | Rust Coat (Battle-Scarred)": {"sugprice": 6735.00111111111, "profit": 398, "limit": 6078, "timest": 1700791297}, "\u2605 Broken Fang Gloves | Yellow-banded (Field-Tested)": {"sugprice": 6394.6964285714275, "profit": 459, "limit": 5771, "timest": 1700812702}, "\u2605 Hydra Gloves | Mangrove (Battle-Scarred)": {"sugprice": 3846.4820000000004, "profit": 253, "limit": 3471, "timest": 1700817536}, "\u2605 Hydra Gloves | Mangrove (Well-Worn)": {"sugprice": 4273.7522222222215, "profit": 390, "limit": 3857, "timest": 1700817553}, "StatTrak\u2122 P90 | Asiimov (Battle-Scarred)": {"sugprice": 1511.5786842105258, "profit": 183, "limit": 1364, "timest": 1700816919}, "\u2605 Hand Wraps | Desert Shamagh (Field-Tested)": {"sugprice": 4842.400285714285, "profit": 479, "limit": 4370, "timest": 1700817498}, "\u2605 Moto Gloves | Transport (Battle-Scarred)": {"sugprice": 5150.701666666666, "profit": 245, "limit": 4648, "timest": 1700807106}, "USP-S | The Traitor (Minimal Wear)": {"sugprice": 1332.9065517241377, "profit": 127, "limit": 1202, "timest": 1700817260}, "USP-S | Printstream (Well-Worn)": {"sugprice": 2453.7005, "profit": 166, "limit": 2214, "timest": 1700817228}, "\u2605 Hand Wraps | Duct Tape (Field-Tested)": {"sugprice": 5176.3964705882345, "profit": 317, "limit": 4671, "timest": 1700817505}, "\u2605 Broken Fang Gloves | Unhinged (Battle-Scarred)": {"sugprice": 5041.026764705883, "profit": 411, "limit": 4549, "timest": 1700817329}, "\u2605 Hand Wraps | Arboreal (Field-Tested)": {"sugprice": 5677.870555555554, "profit": 689, "limit": 5124, "timest": 1700817476}, "USP-S | Kill Confirmed (Battle-Scarred)": {"sugprice": 2876.9179999999997, "profit": 218, "limit": 2596, "timest": 1700817162}, "USP-S | Serum (Field-Tested)": {"sugprice": 3306.429285714286, "profit": 239, "limit": 2984, "timest": 1700757613}, "\u2605 Hand Wraps | Giraffe (Battle-Scarred)": {"sugprice": 5726.875238095238, "profit": 383, "limit": 5168, "timest": 1700817514}, "USP-S | Neo-Noir (Well-Worn)": {"sugprice": 1372.161904761905, "profit": 139, "limit": 1238, "timest": 1700817182}, "\u2605 Gut Knife | Rust Coat (Battle-Scarred)": {"sugprice": 7565.098499999998, "profit": 363, "limit": 6827, "timest": 1700817453}, "\u2605 Moto Gloves | Smoke Out (Battle-Scarred)": {"sugprice": 6773.61625, "profit": 501, "limit": 6113, "timest": 1700815670}, "\u2605 Hydra Gloves | Rattler (Battle-Scarred)": {"sugprice": 3900, "profit": 253, "limit": 3519, "timest": 1700817555}, "StatTrak\u2122 SSG 08 | Dragonfire (Field-Tested)": {"sugprice": 3040.8854285714287, "profit": 247, "limit": 2744, "timest": 1700816996}, "\u2605 Broken Fang Gloves | Jade (Battle-Scarred)": {"sugprice": 7156.530454545454, "profit": 456, "limit": 6458, "timest": 1700817287}, "\u2605 Hydra Gloves | Rattler (Well-Worn)": {"sugprice": 4820.24875, "profit": 421, "limit": 4350, "timest": 1700817641}, "StatTrak\u2122 USP-S | Neo-Noir (Field-Tested)": {"sugprice": 3036.4080000000004, "profit": 252, "limit": 2740, "timest": 1700817054}, "\u2605 Bloodhound Gloves | Guerrilla (Field-Tested)": {"sugprice": 6026.384166666668, "profit": 336, "limit": 5438, "timest": 1700817283}, "\u2605 Gut Knife | Boreal Forest (Field-Tested)": {"sugprice": 7063.97, "profit": 528, "limit": 6375, "timest": 1700798141}, "\u2605 Gut Knife | Bright Water (Field-Tested)": {"sugprice": 7840.536999999999, "profit": 704, "limit": 7076, "timest": 1700817443}, "\u2605 Gut Knife | Safari Mesh (Field-Tested)": {"sugprice": 7204.585000000001, "profit": 461, "limit": 6502, "timest": 1700817463}, "\u2605 Hand Wraps | Constrictor (Field-Tested)": {"sugprice": 4902.187619047619, "profit": 362, "limit": 4424, "timest": 1700817487}, "\u2605 Hand Wraps | Desert Shamagh (Well-Worn)": {"sugprice": 4610.975, "profit": 579, "limit": 4161, "timest": 1700817500}, "\u2605 Navaja Knife | Night Stripe (Field-Tested)": {"sugprice": 6712.1435483870955, "profit": 466, "limit": 6057, "timest": 1700817694}, "\u2605 Navaja Knife | Tiger Tooth (Factory New)": {"sugprice": 11320.09181818182, "profit": 743, "limit": 10216, "timest": 1700817823}, "\u2605 Navaja Knife | Urban Masked (Field-Tested)": {"sugprice": 6699.859285714287, "profit": 364, "limit": 6046, "timest": 1700817829}, "\u2605 Survival Knife | Forest DDPAT (Field-Tested)": {"sugprice": 7702.5773333333345, "profit": 760, "limit": 6951, "timest": 1700817905}, "\u2605 Survival Knife | Scorched (Field-Tested)": {"sugprice": 7425, "profit": 782, "limit": 6701, "timest": 1700817916}, "\u2605 Moto Gloves | 3rd Commando Company (Field-Tested)": {"sugprice": 5714.889062499999, "profit": 368, "limit": 5157, "timest": 1700817645}, "StatTrak\u2122 USP-S | Neo-Noir (Battle-Scarred)": {"sugprice": 3066.2430952380955, "profit": 325, "limit": 2767, "timest": 1700817051}, "UMP-45 | Blaze (Factory New)": {"sugprice": 1414, "profit": 100, "limit": 1276, "timest": 1700744514}, "StatTrak\u2122 USP-S | The Traitor (Battle-Scarred)": {"sugprice": 1827.5996, "profit": 194, "limit": 1649, "timest": 1700817064}, "\u2605 Driver Gloves | Convoy (Battle-Scarred)": {"sugprice": 6245.704444444444, "profit": 364, "limit": 5636, "timest": 1700810239}, "USP-S | Neo-Noir (Minimal Wear)": {"sugprice": 1496.4526829268293, "profit": 157, "limit": 1350, "timest": 1700817179}, "USP-S | Kill Confirmed (Field-Tested)": {"sugprice": 3128.2787878787876, "profit": 191, "limit": 2823, "timest": 1700817165}, "\u2605 Driver Gloves | Queen Jaguar (Battle-Scarred)": {"sugprice": 5236.078604651161, "profit": 256, "limit": 4725, "timest": 1700817371}, "\u2605 Hand Wraps | Desert Shamagh (Battle-Scarred)": {"sugprice": 4930.341315789475, "profit": 416, "limit": 4449, "timest": 1700817495}, "\u2605 Shadow Daggers | Freehand (Field-Tested)": {"sugprice": 8365, "profit": 596, "limit": 7549, "timest": 1700817862}, "USP-S | Monster Mashup (Battle-Scarred)": {"sugprice": 1181.686382978723, "profit": 131, "limit": 1066, "timest": 1700816256}, "USP-S | Neo-Noir (Factory New)": {"sugprice": 2950.8993749999995, "profit": 329, "limit": 2663, "timest": 1700817177}, "\u2605 Specialist Gloves | Buckshot (Battle-Scarred)": {"sugprice": 5077.1846428571425, "profit": 357, "limit": 4582, "timest": 1700817883}, "USP-S | Orion (Minimal Wear)": {"sugprice": 4040.123695652175, "profit": 357, "limit": 3646, "timest": 1700814546}, "USP-S | Caiman (Field-Tested)": {"sugprice": 3069, "profit": 225, "limit": 2769, "timest": 1700817158}, "\u2605 Sport Gloves | Bronze Morph (Battle-Scarred)": {"sugprice": 9932.226153846155, "profit": 473,