{"StatTrak\u2122 M4A1-S | Player Two (Battle-Scarred)": {"sugprice": 3296.8066666666664, "profit": 303, "limit": 2975, "timest": 1699909387}, "USP-S | Kill Confirmed (Well-Worn)": {"sugprice": 3439.150000000001, "profit": 273, "limit": 3103, "timest": 1699909757}, "USP-S | Overgrowth (Field-Tested)": {"sugprice": 2008.0024242424238, "profit": 101, "limit": 1812, "timest": 1699881896}, "\u2605 Moto Gloves | Turtle (Battle-Scarred)": {"sugprice": 8550.766, "profit": 851, "limit": 7717, "timest": 1699909918}, "\u2605 Navaja Knife | Scorched (Field-Tested)": {"sugprice": 7129.215588235293, "profit": 562, "limit": 6434, "timest": 1699909930}, "\u2605 Driver Gloves | Racing Green (Battle-Scarred)": {"sugprice": 4177.986800000001, "profit": 212, "limit": 3770, "timest": 1699909849}, "StatTrak\u2122 M4A4 | Royal Paladin (Battle-Scarred)": {"sugprice": 2392.4015789473683, "profit": 180, "limit": 2159, "timest": 1699909409}, "StatTrak\u2122 M4A4 | Temukau (Field-Tested)": {"sugprice": 3937, "profit": 196, "limit": 3553, "timest": 1699909417}, "StatTrak\u2122 M4A4 | The Emperor (Battle-Scarred)": {"sugprice": 2748, "profit": 272, "limit": 2480, "timest": 1699909421}, "StatTrak\u2122 USP-S | The Traitor (Well-Worn)": {"sugprice": 2198.6616666666664, "profit": 191, "limit": 1984, "timest": 1699909723}, "USP-S | Printstream (Minimal Wear)": {"sugprice": 5013, "profit": 354, "limit": 4524, "timest": 1699909784}, "USP-S | Whiteout (Minimal Wear)": {"sugprice": 2712, "profit": 165, "limit": 2447, "timest": 1699909808}, "\u2605 Bowie Knife | Rust Coat (Battle-Scarred)": {"sugprice": 9400.514444444445, "profit": 553, "limit": 8483, "timest": 1699871102}, "\u2605 Broken Fang Gloves | Needle Point (Battle-Scarred)": {"sugprice": 5552.689375000001, "profit": 484, "limit": 5011, "timest": 1699909822}, "\u2605 Broken Fang Gloves | Needle Point (Field-Tested)": {"sugprice": 5720.9521875, "profit": 358, "limit": 5163, "timest": 1699909824}, "\u2605 Driver Gloves | Racing Green (Well-Worn)": {"sugprice": 4082.0486486486484, "profit": 290, "limit": 3684, "timest": 1699909222}, "\u2605 Hand Wraps | Constrictor (Battle-Scarred)": {"sugprice": 5005.741458333331, "profit": 490, "limit": 4517, "timest": 1699909876}, "\u2605 Hydra Gloves | Rattler (Field-Tested)": {"sugprice": 4504.3934, "profit": 305, "limit": 4065, "timest": 1699909907}, "\u2605 Moto Gloves | Finish Line (Battle-Scarred)": {"sugprice": 7339.842692307691, "profit": 487, "limit": 6624, "timest": 1699909912}, "\u2605 Navaja Knife | Forest DDPAT (Field-Tested)": {"sugprice": 7177.042608695652, "profit": 417, "limit": 6477, "timest": 1699909922}, "\u2605 Navaja Knife | Safari Mesh (Field-Tested)": {"sugprice": 7509, "profit": 413, "limit": 6776, "timest": 1699909929}, "\u2605 Shadow Daggers | Bright Water (Field-Tested)": {"sugprice": 8295.156511627905, "profit": 570, "limit": 7486, "timest": 1699909940}, "\u2605 Shadow Daggers | Rust Coat (Battle-Scarred)": {"sugprice": 7341.054871794872, "profit": 373, "limit": 6625, "timest": 1699909946}, "\u2605 Broken Fang Gloves | Yellow-banded (Field-Tested)": {"sugprice": 6660.045263157894, "profit": 555, "limit": 6010, "timest": 1699907774}, "\u2605 Hand Wraps | Arboreal (Battle-Scarred)": {"sugprice": 5430.1309756097535, "profit": 282, "limit": 4900, "timest": 1699909870}, "Vypa Sista of the Revolution | Guerrilla Warfare": {"sugprice": 1737.5296774193548, "profit": 155, "limit": 1568, "timest": 1699901672}, "StatTrak\u2122 M4A4 | \u9f8d\u738b (Dragon King) (Battle-Scarred)": {"sugprice": 1544.1142857142854, "profit": 144, "limit": 1393, "timest": 1699909427}, "\u2605 Hydra Gloves | Mangrove (Battle-Scarred)": {"sugprice": 4215.31931818182, "profit": 339, "limit": 3804, "timest": 1699909270}, "USP-S | Monster Mashup (Minimal Wear)": {"sugprice": 2135.829230769231, "profit": 124, "limit": 1927, "timest": 1699909763}, "USP-S | Orion (Minimal Wear)": {"sugprice": 4531.472051282051, "profit": 218, "limit": 4089, "timest": 1699854674}, "\u2605 Broken Fang Gloves | Yellow-banded (Battle-Scarred)": {"sugprice": 6344.557399999999, "profit": 546, "limit": 5725, "timest": 1699909834}, "\u2605 Hydra Gloves | Mangrove (Well-Worn)": {"sugprice": 4548.138571428572, "profit": 338, "limit": 4104, "timest": 1699909903}, "\u2605 Shadow Daggers | Scorched (Field-Tested)": {"sugprice": 7107.075555555555, "profit": 365, "limit": 6414, "timest": 1699896496}, "StatTrak\u2122 M4A4 | Desolate Space (Battle-Scarred)": {"sugprice": 1273, "profit": 107, "limit": 1148, "timest": 1699909396}, "StatTrak\u2122 USP-S | Blueprint (Battle-Scarred)": {"sugprice": 1153, "profit": 122, "limit": 1040, "timest": 1699905630}, "StatTrak\u2122 P90 | Asiimov (Battle-Scarred)": {"sugprice": 1444.1179999999997, "profit": 141, "limit": 1303, "timest": 1699905604}, "\u2605 Bloodhound Gloves | Guerrilla (Battle-Scarred)": {"sugprice": 5979.285, "profit": 288, "limit": 5396, "timest": 1699909182}, "\u2605 Hand Wraps | Desert Shamagh (Field-Tested)": {"sugprice": 4898.541428571428, "profit": 263, "limit": 4420, "timest": 1699909884}, "\u2605 Gut Knife | Forest DDPAT (Field-Tested)": {"sugprice": 7984.775, "profit": 547, "limit": 7206, "timest": 1699909863}, "\u2605 Moto Gloves | Transport (Battle-Scarred)": {"sugprice": 5445, "profit": 272, "limit": 4914, "timest": 1699909916}, "USP-S | The Traitor (Minimal Wear)": {"sugprice": 1541.3813513513514, "profit": 132, "limit": 1391, "timest": 1699909802}, "USP-S | Printstream (Well-Worn)": {"sugprice": 2932.5460000000003, "profit": 287, "limit": 2646, "timest": 1699909786}, "\u2605 Driver Gloves | Racing Green (Field-Tested)": {"sugprice": 4254.5463265306125, "profit": 322, "limit": 3839, "timest": 1699909851}, "StatTrak\u2122 P90 | Trigon (Field-Tested)": {"sugprice": 1345.3533333333332, "profit": 103, "limit": 1214, "timest": 1699888362}, "\u2605 Hand Wraps | Duct Tape (Field-Tested)": {"sugprice": 5383.0314285714285, "profit": 345, "limit": 4858, "timest": 1699909891}, "USP-S | Monster Mashup (Well-Worn)": {"sugprice": 1353.6960606060609, "profit": 105, "limit": 1221, "timest": 1699909765}, "\u2605 Broken Fang Gloves | Unhinged (Battle-Scarred)": {"sugprice": 4979.05465116279, "profit": 375, "limit": 4493, "timest": 1699908245}, "\u2605 Hand Wraps | Arboreal (Field-Tested)": {"sugprice": 6391, "profit": 363, "limit": 5767, "timest": 1699909872}, "StatTrak\u2122 M4A4 | Neo-Noir (Field-Tested)": {"sugprice": 1196.0309090909093, "profit": 104, "limit": 1079, "timest": 1699909407}, "USP-S | Kill Confirmed (Battle-Scarred)": {"sugprice": 3314.4798000000005, "profit": 184, "limit": 2991, "timest": 1699909115}, "USP-S | Kill Confirmed (Minimal Wear)": {"sugprice": 5684.456, "profit": 324, "limit": 5130, "timest": 1699876956}, "StatTrak\u2122 M4A4 | Cyber Security (Battle-Scarred)": {"sugprice": 1675, "profit": 132, "limit": 1511, "timest": 1699909389}, "USP-S | Serum (Field-Tested)": {"sugprice": 3387, "profit": 236, "limit": 3056, "timest": 1699909794}, "\u2605 Hand Wraps | Giraffe (Battle-Scarred)": {"sugprice": 6563.9248, "profit": 698, "limit": 5923, "timest": 1699909893}, "USP-S | Neo-Noir (Well-Worn)": {"sugprice": 1727, "profit": 140, "limit": 1558, "timest": 1699908171}, "\u2605 Survival Knife | Safari Mesh (Field-Tested)": {"sugprice": 8134.079166666666, "profit": 560, "limit": 7341, "timest": 1699909966}, "StatTrak\u2122 USP-S | Stainless (Battle-Scarred)": {"sugprice": 977.423125, "profit": 118, "limit": 882, "timest": 1699895309}, "\u2605 Hydra Gloves | Case Hardened (Field-Tested)": {"sugprice": 8761.564166666667, "profit": 813, "limit": 7907, "timest": 1699909899}, "\u2605 Gut Knife | Rust Coat (Battle-Scarred)": {"sugprice": 8218.021111111111, "profit": 806, "limit": 7416, "timest": 1699909865}, "\u2605 Moto Gloves | Smoke Out (Battle-Scarred)": {"sugprice": 7721, "profit": 705, "limit": 6968, "timest": 1699909914}, "USP-S | Serum (Minimal Wear)": {"sugprice": 3794.57625, "profit": 225, "limit": 3424, "timest": 1699887944},