{"StatTrak\u2122 M4A1-S | Player Two (Battle-Scarred)": {"sugprice": 3292.3954545454544, "profit": 157, "limit": 2971, "timest": 1700006075}, "USP-S | Kill Confirmed (Well-Worn)": {"sugprice": 3338.2808, "profit": 244, "limit": 3012, "timest": 1700074152}, "USP-S | Overgrowth (Field-Tested)": {"sugprice": 2006.5568421052633, "profit": 130, "limit": 1810, "timest": 1700074172}, "\u2605 Moto Gloves | Turtle (Battle-Scarred)": {"sugprice": 8117.934117647057, "profit": 602, "limit": 7326, "timest": 1700074312}, "\u2605 Navaja Knife | Scorched (Field-Tested)": {"sugprice": 6930.9171428571435, "profit": 605, "limit": 6255, "timest": 1700074324}, "\u2605 Driver Gloves | Racing Green (Battle-Scarred)": {"sugprice": 4089.787777777778, "profit": 240, "limit": 3691, "timest": 1700074242}, "StatTrak\u2122 M4A4 | Royal Paladin (Battle-Scarred)": {"sugprice": 2207, "profit": 205, "limit": 1991, "timest": 1700074023}, "StatTrak\u2122 M4A4 | The Emperor (Battle-Scarred)": {"sugprice": 2846.0616666666665, "profit": 283, "limit": 2568, "timest": 1700074035}, "StatTrak\u2122 USP-S | The Traitor (Well-Worn)": {"sugprice": 2122, "profit": 186, "limit": 1915, "timest": 1700074123}, "USP-S | Printstream (Minimal Wear)": {"sugprice": 4466, "profit": 345, "limit": 4030, "timest": 1700063286}, "USP-S | Whiteout (Minimal Wear)": {"sugprice": 2716.9516666666664, "profit": 173, "limit": 2452, "timest": 1700074202}, "\u2605 Broken Fang Gloves | Needle Point (Battle-Scarred)": {"sugprice": 5516.87292682927, "profit": 553, "limit": 4978, "timest": 1700074216}, "\u2605 Broken Fang Gloves | Needle Point (Field-Tested)": {"sugprice": 5571.927428571427, "profit": 366, "limit": 5028, "timest": 1700074218}, "\u2605 Driver Gloves | Racing Green (Well-Worn)": {"sugprice": 4289.194, "profit": 497, "limit": 3870, "timest": 1700074246}, "\u2605 Hand Wraps | Constrictor (Battle-Scarred)": {"sugprice": 5028.831111111111, "profit": 451, "limit": 4538, "timest": 1700074270}, "\u2605 Hydra Gloves | Rattler (Field-Tested)": {"sugprice": 4394.17358974359, "profit": 251, "limit": 3965, "timest": 1700074300}, "\u2605 Moto Gloves | Finish Line (Battle-Scarred)": {"sugprice": 7184.557857142858, "profit": 423, "limit": 6484, "timest": 1700074306}, "\u2605 Navaja Knife | Forest DDPAT (Field-Tested)": {"sugprice": 6981.563214285715, "profit": 370, "limit": 6300, "timest": 1700074316}, "\u2605 Navaja Knife | Safari Mesh (Field-Tested)": {"sugprice": 7194.954117647059, "profit": 665, "limit": 6493, "timest": 1700074322}, "\u2605 Shadow Daggers | Bright Water (Field-Tested)": {"sugprice": 8022.486842105263, "profit": 446, "limit": 7240, "timest": 1700074334}, "\u2605 Shadow Daggers | Rust Coat (Battle-Scarred)": {"sugprice": 7150.247222222224, "profit": 718, "limit": 6453, "timest": 1700074340}, "\u2605 Broken Fang Gloves | Yellow-banded (Field-Tested)": {"sugprice": 6633, "profit": 617, "limit": 5986, "timest": 1700074230}, "\u2605 Hand Wraps | Arboreal (Battle-Scarred)": {"sugprice": 5291.172439024391, "profit": 253, "limit": 4775, "timest": 1700071632}, "Vypa Sista of the Revolution | Guerrilla Warfare": {"sugprice": 1589.9625, "profit": 118, "limit": 1434, "timest": 1700074204}, "StatTrak\u2122 M4A4 | \u9f8d\u738b (Dragon King) (Battle-Scarred)": {"sugprice": 1503.072857142857, "profit": 117, "limit": 1356, "timest": 1700074041}, "\u2605 Hydra Gloves | Mangrove (Battle-Scarred)": {"sugprice": 4168, "profit": 251, "limit": 3761, "timest": 1700074294}, "USP-S | Monster Mashup (Minimal Wear)": {"sugprice": 1922.7050000000004, "profit": 148, "limit": 1735, "timest": 1700074158}, "\u2605 Broken Fang Gloves | Yellow-banded (Battle-Scarred)": {"sugprice": 6137.755744680852, "profit": 420, "limit": 5539, "timest": 1700074228}, "\u2605 Hydra Gloves | Mangrove (Well-Worn)": {"sugprice": 4535.2745, "profit": 389, "limit": 4093, "timest": 1700074296}, "\u2605 Shadow Daggers | Scorched (Field-Tested)": {"sugprice": 7311.114545454545, "profit": 442, "limit": 6598, "timest": 1700074342}, "StatTrak\u2122 M4A4 | Desolate Space (Battle-Scarred)": {"sugprice": 1216.2661999999998, "profit": 100, "limit": 1097, "timest": 1700074009}, "StatTrak\u2122 USP-S | Blueprint (Battle-Scarred)": {"sugprice": 1028.3764516129033, "profit": 100, "limit": 928, "timest": 1699999269}, "StatTrak\u2122 P90 | Asiimov (Battle-Scarred)": {"sugprice": 1435.8182000000002, "profit": 143, "limit": 1295, "timest": 1700074078}, "\u2605 Hand Wraps | Desert Shamagh (Field-Tested)": {"sugprice": 4990.311956521738, "profit": 354, "limit": 4503, "timest": 1700074278}, "\u2605 Gut Knife | Forest DDPAT (Field-Tested)": {"sugprice": 7674.603333333334, "profit": 730, "limit": 6926, "timest": 1700074257}, "\u2605 Moto Gloves | Transport (Battle-Scarred)": {"sugprice": 5316.026511627907, "profit": 418, "limit": 4797, "timest": 1700074310}, "USP-S | The Traitor (Minimal Wear)": {"sugprice": 1434, "profit": 147, "limit": 1294, "timest": 1700074196}, "USP-S | Printstream (Well-Worn)": {"sugprice": 2796, "profit": 193, "limit": 2523, "timest": 1700074180}, "\u2605 Driver Gloves | Racing Green (Field-Tested)": {"sugprice": 4158.821999999999, "profit": 238, "limit": 3753, "timest": 1700074244}, "\u2605 Hand Wraps | Duct Tape (Field-Tested)": {"sugprice": 5225.2136842105265, "profit": 471, "limit": 4715, "timest": 1700074284}, "USP-S | Monster Mashup (Well-Worn)": {"sugprice": 1310, "profit": 108, "limit": 1182, "timest": 1700074160}, "\u2605 Broken Fang Gloves | Unhinged (Battle-Scarred)": {"sugprice": 5121.5322000000015, "profit": 419, "limit": 4622, "timest": 1700074222}, "\u2605 Hand Wraps | Arboreal (Field-Tested)": {"sugprice": 6335.053333333333, "profit": 426, "limit": 5717, "timest": 1700074266}, "USP-S | Kill Confirmed (Battle-Scarred)": {"sugprice": 3182.2809302325586, "profit": 157, "limit": 2872, "timest": 1700066856}, "StatTrak\u2122 M4A4 | Cyber Security (Battle-Scarred)": {"sugprice": 1590.7425, "profit": 101, "limit": 1435, "timest": 1700065805}, "USP-S | Serum (Field-Tested)": {"sugprice": 3488, "profit": 350, "limit": 3147, "timest": 1700074188}, "\u2605 Hand Wraps | Giraffe (Battle-Scarred)": {"sugprice": 6274.781666666666, "profit": 507, "limit": 5662, "timest": 1700074286}, "USP-S | Neo-Noir (Well-Worn)": {"sugprice": 1622, "profit": 114, "limit": 1463, "timest": 1700074166}, "\u2605 Survival Knife | Safari Mesh (Field-Tested)": {"sugprice": 7721, "profit": 516, "limit": 6968, "timest": 1700074362}, "\u2605 Hydra Gloves | Case Hardened (Field-Tested)": {"sugprice": 8591.725454545456, "profit": 878, "limit": 7754, "timest": 1700074292}, "\u2605 Gut Knife | Rust Coat (Battle-Scarred)": {"sugprice": 7947.1272972972965, "profit": 649, "limit": 7172, "timest": 1700074258}, "\u2605 Moto Gloves | Smoke Out (Battle-Scarred)": {"sugprice": 7217, "profit": 655, "limit": 6513, "timest": 1700074308}, "\u2605 Hydra Gloves | Rattler (Battle-Scarred)": {"sugprice": 4488.657021276596, "profit": 343, "limit": 4051, "timest": 1700074298}, "StatTrak\u2122 M4A4 | Evil Daimyo (Minimal Wear)": {"sugprice": 808.1768749999998, "profit": 101, "limit": 729, "timest": 1700074015}, "StatTrak\u2122 SSG 08 | Dragonfire (Field-Tested)": {"sugprice": 3683.025714285715, "profit": 352, "limit": 3323, "timest": 1700074090}, "\u2605 Specialist Gloves | Forest DDPAT (Battle-Scarred)": {"sugprice": 8323, "profit": 595, "limit": 7511, "timest": 1700074352}, "StatTrak\u2122 M4A4 | Desert-Strike (Field-Tested)": {"sugprice": 1317.9338461538462, "profit": 234, "limit": 1189, "timest": 1700074007}, "\u2605 Broken Fang Gloves | Jade (Battle-Scarred)": {"sugprice": 7646, "profit": 598, "limit": 6900, "timest": 1700074214}, "\u2605 Broken Fang Gloves | Unhinged (Field-Tested)": {"sugprice": 5238.063749999999, "profit": 259, "limit": 4727, "timest": 1700017712}, "StatTrak\u2122 M4A4 | Temukau (Battle-Scarred)": {"sugprice": 2515.200465116279, "profit": 129, "limit": 2269, "timest": 1700074029}, "\u2605 Hydra Gloves | Rattler (Well-Worn)": {"sugprice": 5089.12909090909, "profit": 514,