{"StatTrak\u2122 USP-S | Neo-Noir (Battle-Scarred)": {"sugprice": 2956.4425806451613, "profit": 152, "limit": 2668, "timest": 1703522777}, "StatTrak\u2122 USP-S | Neo-Noir (Field-Tested)": {"sugprice": 3119.5914999999995, "profit": 194, "limit": 2815, "timest": 1703522779}, "StatTrak\u2122 USP-S | The Traitor (Battle-Scarred)": {"sugprice": 2103.73693877551, "profit": 122, "limit": 1898, "timest": 1703522785}, "Tec-9 | Nuclear Threat (Battle-Scarred)": {"sugprice": 3260.757777777778, "profit": 162, "limit": 2942, "timest": 1703492957}, "USP-S | Kill Confirmed (Well-Worn)": {"sugprice": 3096.897755102041, "profit": 161, "limit": 2794, "timest": 1703522819}, "USP-S | Neo-Noir (Factory New)": {"sugprice": 3123.543703703704, "profit": 182, "limit": 2818, "timest": 1703522823}, "\u2605 Broken Fang Gloves | Yellow-banded (Battle-Scarred)": {"sugprice": 6224.778799999997, "profit": 511, "limit": 5617, "timest": 1703522883}, "\u2605 Driver Gloves | Convoy (Field-Tested)": {"sugprice": 6336, "profit": 317, "limit": 5718, "timest": 1703516584}, "\u2605 Hand Wraps | Arboreal (Field-Tested)": {"sugprice": 5790.296315789474, "profit": 301, "limit": 5225, "timest": 1703440775}, "\u2605 Hand Wraps | Badlands (Battle-Scarred)": {"sugprice": 7494.536363636362, "profit": 667, "limit": 6763, "timest": 1703522927}, "\u2605 Hydra Gloves | Mangrove (Field-Tested)": {"sugprice": 3984.5006000000008, "profit": 202, "limit": 3596, "timest": 1703520196}, "\u2605 Moto Gloves | Smoke Out (Battle-Scarred)": {"sugprice": 6890.756153846153, "profit": 394, "limit": 6218, "timest": 1703519675}, "\u2605 Moto Gloves | Transport (Field-Tested)": {"sugprice": 5569.724999999999, "profit": 290, "limit": 5026, "timest": 1703522997}, "\u2605 Navaja Knife | Scorched (Field-Tested)": {"sugprice": 6969.3621212121225, "profit": 430, "limit": 6289, "timest": 1703523013}, "\u2605 Navaja Knife | Urban Masked (Field-Tested)": {"sugprice": 6854.799999999999, "profit": 342, "limit": 6186, "timest": 1703466419}, "\u2605 Shadow Daggers | Freehand (Field-Tested)": {"sugprice": 9071.625714285716, "profit": 538, "limit": 8187, "timest": 1703523046}, "StatTrak\u2122 M4A4 | X-Ray (Minimal Wear)": {"sugprice": 4557.069166666667, "profit": 226, "limit": 4112, "timest": 1703522690}, "\u2605 Hydra Gloves | Rattler (Field-Tested)": {"sugprice": 4078.5285999999996, "profit": 266, "limit": 3680, "timest": 1703522973}, "\u2605 Driver Gloves | Racing Green (Field-Tested)": {"sugprice": 3792.7995744680857, "profit": 255, "limit": 3423, "timest": 1703522901}, "\u2605 Hydra Gloves | Mangrove (Well-Worn)": {"sugprice": 4352.6875675675665, "profit": 207, "limit": 3928, "timest": 1703438165}, "\u2605 Shadow Daggers | Boreal Forest (Field-Tested)": {"sugprice": 7007.873636363636, "profit": 416, "limit": 6324, "timest": 1703523038}, "\u2605 Bloodhound Gloves | Bronzed (Field-Tested)": {"sugprice": 6071, "profit": 477, "limit": 5479, "timest": 1703505870}, "StatTrak\u2122 USP-S | Monster Mashup (Battle-Scarred)": {"sugprice": 1887.0908333333334, "profit": 141, "limit": 1703, "timest": 1703522772}, "StatTrak\u2122 P250 | Muertos (Field-Tested)": {"sugprice": 1059.41, "profit": 123, "limit": 956, "timest": 1703519898}, "StatTrak\u2122 USP-S | The Traitor (Well-Worn)": {"sugprice": 2118.3088235294117, "profit": 101, "limit": 1911, "timest": 1703522302}, "\u2605 Hydra Gloves | Mangrove (Battle-Scarred)": {"sugprice": 3941.7888000000003, "profit": 230, "limit": 3557, "timest": 1703522964}, "StatTrak\u2122 USP-S | Stainless (Battle-Scarred)": {"sugprice": 1121.6113636363634, "profit": 102, "limit": 1012, "timest": 1703511562}, "USP-S | Printstream (Field-Tested)": {"sugprice": 2684.375833333333, "profit": 129, "limit": 2422, "timest": 1703506685}, "\u2605 Hand Wraps | Arboreal (Battle-Scarred)": {"sugprice": 5280.745454545454, "profit": 341, "limit": 4765, "timest": 1703522922}, "\u2605 Shadow Daggers | Forest DDPAT (Field-Tested)": {"sugprice": 7133.675833333334, "profit": 424, "limit": 6438, "timest": 1703523044}, "\u2605 Hand Wraps | Duct Tape (Battle-Scarred)": {"sugprice": 5093.858888888889, "profit": 259, "limit": 4597, "timest": 1703522943}, "\u2605 Broken Fang Gloves | Yellow-banded (Field-Tested)": {"sugprice": 6283.021739130436, "profit": 562, "limit": 5670, "timest": 1703440685}, "\u2605 Bloodhound Gloves | Snakebite (Battle-Scarred)": {"sugprice": 6171.823333333334, "profit": 364, "limit": 5570, "timest": 1703522865}, "USP-S | Printstream (Minimal Wear)": {"sugprice": 4384.554583333333, "profit": 296, "limit": 3957, "timest": 1703522839}, "\u2605 Huntsman Knife | Ultraviolet (Field-Tested)": {"sugprice": 9899, "profit": 738, "limit": 8933, "timest": 1703522955}, "\u2605 Navaja Knife | Ultraviolet (Battle-Scarred)": {"sugprice": 7058.132142857144, "profit": 554, "limit": 6369, "timest": 1703510642}, "USP-S | Neo-Noir (Well-Worn)": {"sugprice": 1331.8355999999997, "profit": 107, "limit": 1201, "timest": 1703461108}, "\u2605 Hydra Gloves | Rattler (Well-Worn)": {"sugprice": 4633.18, "profit": 275, "limit": 4181, "timest": 1703522975}, "\u2605 Falchion Knife | Ultraviolet (Battle-Scarred)": {"sugprice": 9872.467142857144, "profit": 571, "limit": 8909, "timest": 1703517642}, "\u2605 Navaja Knife | Safari Mesh (Field-Tested)": {"sugprice": 6919, "profit": 338, "limit": 6244, "timest": 1703523011}, "StatTrak\u2122 Tec-9 | Decimator (Battle-Scarred)": {"sugprice": 1849.5227272727273, "profit": 106, "limit": 1669, "timest": 1703522759}, "\u2605 Moto Gloves | Finish Line (Battle-Scarred)": {"sugprice": 6937.37111111111, "profit": 479, "limit": 6260, "timest": 1703522986}, "\u2605 Shadow Daggers | Bright Water (Field-Tested)": {"sugprice": 7554.023249999998, "profit": 431, "limit": 6817, "timest": 1703523040}, "\u2605 Moto Gloves | Turtle (Battle-Scarred)": {"sugprice": 7690.851, "profit": 392, "limit": 6940, "timest": 1703522998}, "\u2605 Navaja Knife | Stained (Well-Worn)": {"sugprice": 7011.23125, "profit": 497, "limit": 6327, "timest": 1703500961}, "\u2605 Bowie Knife | Rust Coat (Battle-Scarred)": {"sugprice": 7918.31, "profit": 422, "limit": 7146, "timest": 1703522871}, "StatTrak\u2122 USP-S | Monster Mashup (Field-Tested)": {"sugprice": 1958.2215789473685, "profit": 153, "limit": 1767, "timest": 1703522775}, "\u2605 Paracord Knife | Forest DDPAT (Field-Tested)": {"sugprice": 8049.929047619049, "profit": 383, "limit": 7265, "timest": 1703522544}, "\u2605 Survival Knife | Boreal Forest (Field-Tested)": {"sugprice": 7455.382, "profit": 382, "limit": 6728, "timest": 1703522100}, "\u2605 Navaja Knife | Night Stripe (Field-Tested)": {"sugprice": 7022.588000000001, "profit": 439, "limit": 6337, "timest": 1703523005}, "\u2605 Shadow Daggers | Rust Coat (Battle-Scarred)": {"sugprice": 6753.345217391303, "profit": 333, "limit": 6094, "timest": 1703516209}, "\u2605 Hydra Gloves | Emerald (Well-Worn)": {"sugprice": 4663.234705882353, "profit": 273, "limit": 4208, "timest": 1703522962}, "\u2605 Moto Gloves | Boom! (Battle-Scarred)": {"sugprice": 7389.433636363636, "profit": 361, "limit": 6668, "timest": 1703519177}, "\u2605 Specialist Gloves | Fade (Battle-Scarred)": {"sugprice": 15043.153636363633, "profit": 982, "limit": 13576, "timest": 1703523060}, "USP-S | Para Green (Battle-Scarred)": {"sugprice": 667.805, "profit": 144, "limit": 602, "timest": 1703501296}, "\u2605 Shadow Daggers | Ultraviolet (Battle-Scarred)": {"sugprice": 7812.19619047619, "profit": 372, "limit": 7050, "timest": 1703482765}, "USP-S | Orion (Field-Tested)": {"sugprice": 3988.015263157896, "profit": 224, "limit": 3599, "timest": 1703451449}, "USP-S | Kill Confirmed (Battle-Scarred)": {"sugprice": 3049.8730000000005, "profit": 186, "limit": 2752, "timest": 1703491856}, "Vypa Sista of the Revolution | Guerrilla Warfare": {"sugprice": 1747.8053333333335, "profit": 100, "limit": 1577, "timest": 1703442432}, "USP-S | Royal Blue (Field-Tested)": {"sugprice": 989.0140000000002, "profit": 100, "limit": 892, "timest": 1703438004},