{"StatTrak\u2122 USP-S | Monster Mashup (Battle-Scarred)": {"sugprice": 1827.7605882352943, "profit": 189, "limit": 1649, "timest": 1707488848}, "StatTrak\u2122 USP-S | Caiman (Field-Tested)": {"sugprice": 5082.2, "profit": 254, "limit": 4586, "timest": 1707468170}, "StatTrak\u2122 USP-S | Overgrowth (Field-Tested)": {"sugprice": 4200.070000000001, "profit": 223, "limit": 3790, "timest": 1707488852}, "\u2605 Paracord Knife | Scorched (Field-Tested)": {"sugprice": 7332.477272727273, "profit": 422, "limit": 6617, "timest": 1707489281}, "USP-S | Printstream (Well-Worn)": {"sugprice": 2407.1164444444444, "profit": 115, "limit": 2172, "timest": 1707480598}, "\u2605 Hand Wraps | Duct Tape (Well-Worn)": {"sugprice": 5205.452307692307, "profit": 248, "limit": 4697, "timest": 1707459368}, "StatTrak\u2122 USP-S | The Traitor (Battle-Scarred)": {"sugprice": 2250.1724324324323, "profit": 120, "limit": 2030, "timest": 1707486130}, "StatTrak\u2122 USP-S | The Traitor (Well-Worn)": {"sugprice": 2386.0424000000003, "profit": 186, "limit": 2153, "timest": 1707488869}, "\u2605 Driver Gloves | Queen Jaguar (Well-Worn)": {"sugprice": 5210.025, "profit": 302, "limit": 4702, "timest": 1707480048}, "\u2605 Shadow Daggers | Ultraviolet (Battle-Scarred)": {"sugprice": 7844.956, "profit": 383, "limit": 7080, "timest": 1707469260}, "\u2605 Specialist Gloves | Forest DDPAT (Battle-Scarred)": {"sugprice": 8327, "profit": 767, "limit": 7515, "timest": 1707489357}, "USP-S | Orion (Field-Tested)": {"sugprice": 3544.9004255319146, "profit": 172, "limit": 3199, "timest": 1707488939}, "USP-S | Whiteout (Battle-Scarred)": {"sugprice": 2000.4892000000004, "profit": 100, "limit": 1805, "timest": 1707479316}, "\u2605 Shadow Daggers | Forest DDPAT (Field-Tested)": {"sugprice": 6571.194761904763, "profit": 348, "limit": 5930, "timest": 1707424919}, "\u2605 Hydra Gloves | Case Hardened (Field-Tested)": {"sugprice": 8600.46111111111, "profit": 669, "limit": 7761, "timest": 1707472398}, "\u2605 Hand Wraps | Duct Tape (Field-Tested)": {"sugprice": 5235.179047619048, "profit": 257, "limit": 4724, "timest": 1707403739}, "\u2605 Shadow Daggers | Boreal Forest (Field-Tested)": {"sugprice": 6544.631904761905, "profit": 345, "limit": 5906, "timest": 1707484569}, "USP-S | Whiteout (Field-Tested)": {"sugprice": 2071.03119047619, "profit": 102, "limit": 1869, "timest": 1707411435}, "StatTrak\u2122 P90 | Nostalgia (Battle-Scarred)": {"sugprice": 888.1833333333333, "profit": 167, "limit": 801, "timest": 1707488785}, "\u2605 Paracord Knife | Stained (Battle-Scarred)": {"sugprice": 10330.811874999998, "profit": 497, "limit": 9323, "timest": 1707482387}, "\u2605 Shadow Daggers | Safari Mesh (Field-Tested)": {"sugprice": 6446.736666666667, "profit": 382, "limit": 5818, "timest": 1707489323}, "StatTrak\u2122 SSG 08 | Dragonfire (Field-Tested)": {"sugprice": 2717.305652173912, "profit": 144, "limit": 2452, "timest": 1707488805}, "StatTrak\u2122 MP9 | Hypnotic (Factory New)": {"sugprice": 3017.8345454545456, "profit": 228, "limit": 2723, "timest": 1707486683}, "\u2605 Hand Wraps | Giraffe (Well-Worn)": {"sugprice": 5630.801111111111, "profit": 398, "limit": 5081, "timest": 1707485062}, "\u2605 Hand Wraps | Constrictor (Field-Tested)": {"sugprice": 4911.746190476191, "profit": 271, "limit": 4432, "timest": 1707470433}, "\u2605 Navaja Knife | Ultraviolet (Battle-Scarred)": {"sugprice": 6660.168571428572, "profit": 322, "limit": 6010, "timest": 1707478090}, "\u2605 Hydra Gloves | Rattler (Field-Tested)": {"sugprice": 4115.330000000001, "profit": 269, "limit": 3714, "timest": 1707489231}, "USP-S | Kill Confirmed (Battle-Scarred)": {"sugprice": 2797.4394, "profit": 181, "limit": 2524, "timest": 1707488909}, "\u2605 Gut Knife | Boreal Forest (Field-Tested)": {"sugprice": 7095.7699999999995, "profit": 478, "limit": 6403, "timest": 1707446276}, "StatTrak\u2122 P2000 | Imperial Dragon (Field-Tested)": {"sugprice": 701.3149999999999, "profit": 134, "limit": 632, "timest": 1707488760}, "\u2605 Specialist Gloves | Crimson Web (Battle-Scarred)": {"sugprice": 10704.363571428572, "profit": 559, "limit": 9660, "timest": 1707489345}, "\u2605 Huntsman Knife | Freehand (Field-Tested)": {"sugprice": 10345.194615384615, "profit": 496, "limit": 9336, "timest": 1707405343}, "\u2605 Driver Gloves | Racing Green (Well-Worn)": {"sugprice": 3773.2084999999997, "profit": 213, "limit": 3405, "timest": 1707453776}, "\u2605 Shadow Daggers | Night (Field-Tested)": {"sugprice": 6935.233636363637, "profit": 331, "limit": 6259, "timest": 1707448700}, "\u2605 Survival Knife | Stained (Battle-Scarred)": {"sugprice": 9448.729999999998, "profit": 463, "limit": 8527, "timest": 1707429713}, "\u2605 Hand Wraps | Arboreal (Field-Tested)": {"sugprice": 5683.199583333334, "profit": 289, "limit": 5129, "timest": 1707475230}, "\u2605 Huntsman Knife | Bright Water (Field-Tested)": {"sugprice": 9245.695555555554, "profit": 522, "limit": 8344, "timest": 1707407842}, "\u2605 Shadow Daggers | Tiger Tooth (Factory New)": {"sugprice": 13265, "profit": 744, "limit": 11971, "timest": 1707489327}, "\u2605 Survival Knife | Boreal Forest (Field-Tested)": {"sugprice": 7107.951052631579, "profit": 364, "limit": 6414, "timest": 1707489374}, "\u2605 Navaja Knife | Safari Mesh (Field-Tested)": {"sugprice": 6466.2934000000005, "profit": 374, "limit": 5835, "timest": 1707489264}, "\u2605 Driver Gloves | Diamondback (Battle-Scarred)": {"sugprice": 6277.793529411765, "profit": 299, "limit": 5665, "timest": 1707489067}, "USP-S | Whiteout (Minimal Wear)": {"sugprice": 2869.7815384615383, "profit": 137, "limit": 2589, "timest": 1707438268}, "\u2605 Driver Gloves | Black Tie (Battle-Scarred)": {"sugprice": 9375.322000000002, "profit": 454, "limit": 8461, "timest": 1707489056}, "\u2605 Driver Gloves | Convoy (Battle-Scarred)": {"sugprice": 5610, "profit": 281, "limit": 5063, "timest": 1707431520}, "USP-S | Printstream (Minimal Wear)": {"sugprice": 4427.28052631579, "profit": 255, "limit": 3995, "timest": 1707488946}, "\u2605 Hydra Gloves | Case Hardened (Battle-Scarred)": {"sugprice": 7291.232727272727, "profit": 394, "limit": 6580, "timest": 1707489206}, "\u2605 Hand Wraps | Desert Shamagh (Battle-Scarred)": {"sugprice": 4512.858367346939, "profit": 230, "limit": 4072, "timest": 1707489161}, "StatTrak\u2122 SSG 08 | Big Iron (Battle-Scarred)": {"sugprice": 1351.4833333333331, "profit": 120, "limit": 1219, "timest": 1707413401}, "StatTrak\u2122 SSG 08 | Turbo Peek (Battle-Scarred)": {"sugprice": 779.2963043478263, "profit": 101, "limit": 703, "timest": 1707414792}, "USP-S | Printstream (Field-Tested)": {"sugprice": 2517.9440909090913, "profit": 120, "limit": 2272, "timest": 1707420455}, "USP-S | Purple DDPAT (Minimal Wear)": {"sugprice": 1090.639375, "profit": 124, "limit": 984, "timest": 1707414326}, "StatTrak\u2122 P250 | Asiimov (Well-Worn)": {"sugprice": 727.9047826086955, "profit": 107, "limit": 656, "timest": 1707488766}, "USP-S | Serum (Field-Tested)": {"sugprice": 2629.394347826087, "profit": 149, "limit": 2373, "timest": 1707417663}, "\u2605 Specialist Gloves | Buckshot (Field-Tested)": {"sugprice": 5412.081, "profit": 279, "limit": 4884, "timest": 1707431156}, "StatTrak\u2122 Tec-9 | Decimator (Battle-Scarred)": {"sugprice": 1861.5, "profit": 104, "limit": 1680, "timest": 1707474190}, "\u2605 Navaja Knife | Tiger Tooth (Factory New)": {"sugprice": 11844.741111111112, "profit": 571, "limit": 10689, "timest": 1707424866}, "USP-S | Monster Mashup (Well-Worn)": {"sugprice": 1255.2748148148148, "profit": 100, "limit": 1132, "timest": 1707438828}, "\u2605 Gut Knife | Safari Mesh (Field-Tested)": {"sugprice": 7095.881923076925, "profit": 409, "limit": 6404, "timest": 1707432913}, "StatTrak\u2122 MP7 | Bloodsport (Factory New)": {"sugprice": 1324.732727272727, "profit": 162, "limit": 1195, "timest": 1707488746}, "\u2605 Shadow Daggers | Ultraviolet (Field-Tested)": {"sugprice": 8697.9265, "profit": 414, "limit": 7849, "timest": 1707443641},