{"StatTrak\u2122 USP-S | Overgrowth (Field-Tested)": {"sugprice": 4096.51923076923, "profit": 246, "limit": 3697, "timest": 1707786131}, "\u2605 Paracord Knife | Scorched (Field-Tested)": {"sugprice": 7621.974999999999, "profit": 364, "limit": 6878, "timest": 1707829014}, "StatTrak\u2122 USP-S | The Traitor (Well-Worn)": {"sugprice": 2376.220714285714, "profit": 113, "limit": 2144, "timest": 1707819320}, "\u2605 Driver Gloves | Queen Jaguar (Well-Worn)": {"sugprice": 5364.148181818182, "profit": 379, "limit": 4841, "timest": 1707796095}, "USP-S | Whiteout (Battle-Scarred)": {"sugprice": 2125.8825531914895, "profit": 118, "limit": 1918, "timest": 1707844859}, "\u2605 Hydra Gloves | Case Hardened (Field-Tested)": {"sugprice": 9033.134285714286, "profit": 515, "limit": 8152, "timest": 1707845045}, "StatTrak\u2122 P90 | Nostalgia (Battle-Scarred)": {"sugprice": 974.1282352941176, "profit": 169, "limit": 879, "timest": 1707844670}, "StatTrak\u2122 MP9 | Hypnotic (Factory New)": {"sugprice": 3078, "profit": 153, "limit": 2777, "timest": 1707815506}, "USP-S | Kill Confirmed (Battle-Scarred)": {"sugprice": 3263.5695833333334, "profit": 160, "limit": 2945, "timest": 1707826834}, "\u2605 Hand Wraps | CAUTION! (Battle-Scarred)": {"sugprice": 14736.814285714283, "profit": 885, "limit": 13299, "timest": 1707844992}, "\u2605 Sport Gloves | Amphibious (Battle-Scarred)": {"sugprice": 38773.06818181818, "profit": 1904, "limit": 34992, "timest": 1707787372}, "\u2605 Shadow Daggers | Black Laminate (Well-Worn)": {"sugprice": 7110.132, "profit": 404, "limit": 6416, "timest": 1707842496}, "\u2605 Shadow Daggers | Autotronic (Battle-Scarred)": {"sugprice": 8675.402857142857, "profit": 542, "limit": 7829, "timest": 1707845149}, "\u2605 Broken Fang Gloves | Jade (Field-Tested)": {"sugprice": 9765.752499999999, "profit": 500, "limit": 8813, "timest": 1707832857}, "\u2605 Paracord Knife | Boreal Forest (Field-Tested)": {"sugprice": 7693.723636363636, "profit": 398, "limit": 6943, "timest": 1707762262}, "\u2605 Falchion Knife | Black Laminate (Well-Worn)": {"sugprice": 10307.216666666667, "profit": 648, "limit": 9302, "timest": 1707823120}, "\u2605 Paracord Knife | Stained (Battle-Scarred)": {"sugprice": 10015.618461538463, "profit": 644, "limit": 9039, "timest": 1707784898}, "\u2605 Falchion Knife | Lore (Battle-Scarred)": {"sugprice": 13491.564444444442, "profit": 916, "limit": 12176, "timest": 1707820323}, "\u2605 Hand Wraps | Constrictor (Well-Worn)": {"sugprice": 4946.608888888888, "profit": 235, "limit": 4464, "timest": 1707815201}, "\u2605 Moto Gloves | Blood Pressure (Battle-Scarred)": {"sugprice": 7454.132999999999, "profit": 446, "limit": 6727, "timest": 1707765784}, "\u2605 Survival Knife | Forest DDPAT (Field-Tested)": {"sugprice": 7603.025000000001, "profit": 362, "limit": 6861, "timest": 1707810949}, "USP-S | Kill Confirmed (Well-Worn)": {"sugprice": 3345.5848936170205, "profit": 208, "limit": 3019, "timest": 1707844802}, "\u2605 Driver Gloves | Racing Green (Well-Worn)": {"sugprice": 3931.344666666667, "profit": 204, "limit": 3548, "timest": 1707844931}, "USP-S | Royal Blue (Field-Tested)": {"sugprice": 1244.8394117647058, "profit": 183, "limit": 1123, "timest": 1707844841}, "\u2605 Bloodhound Gloves | Bronzed (Battle-Scarred)": {"sugprice": 6260, "profit": 363, "limit": 5649, "timest": 1707844876}, "StatTrak\u2122 USP-S | Neo-Noir (Field-Tested)": {"sugprice": 3356.0472727272722, "profit": 369, "limit": 3028, "timest": 1707822949}, "StatTrak\u2122 SSG 08 | Big Iron (Battle-Scarred)": {"sugprice": 1528.5291666666665, "profit": 107, "limit": 1379, "timest": 1707844698}, "\u2605 Ursus Knife | Ultraviolet (Battle-Scarred)": {"sugprice": 11913.782500000001, "profit": 1186, "limit": 10752, "timest": 1707845235}, "\u2605 Navaja Knife | Marble Fade (Factory New)": {"sugprice": 14452.70375, "profit": 725, "limit": 13043, "timest": 1707772841}, "\u2605 Driver Gloves | Racing Green (Field-Tested)": {"sugprice": 3960.245199999999, "profit": 193, "limit": 3574, "timest": 1707844927}, "\u2605 Gut Knife | Boreal Forest (Field-Tested)": {"sugprice": 7131.17, "profit": 375, "limit": 6435, "timest": 1707844320}, "\u2605 Hydra Gloves | Rattler (Battle-Scarred)": {"sugprice": 4287.0646, "profit": 312, "limit": 3869, "timest": 1707768440}, "\u2605 Huntsman Knife | Ultraviolet (Field-Tested)": {"sugprice": 9947.93142857143, "profit": 490, "limit": 8978, "timest": 1707822530}, "\u2605 Survival Knife | Stained (Battle-Scarred)": {"sugprice": 10100.965263157896, "profit": 543, "limit": 9116, "timest": 1707783467}, "\u2605 Falchion Knife | Ultraviolet (Field-Tested)": {"sugprice": 9870.698333333334, "profit": 469, "limit": 8908, "timest": 1707800646}, "\u2605 Shadow Daggers | Black Laminate (Field-Tested)": {"sugprice": 6856.0125, "profit": 326, "limit": 6187, "timest": 1707792593}, "\u2605 Driver Gloves | Black Tie (Battle-Scarred)": {"sugprice": 10343.13117647059, "profit": 496, "limit": 9334, "timest": 1707838244}, "\u2605 Gut Knife | Doppler (Factory New)": {"sugprice": 16173.728333333333, "profit": 994, "limit": 14596, "timest": 1707844963}, "\u2605 Paracord Knife | Forest DDPAT (Battle-Scarred)": {"sugprice": 7783.0512499999995, "profit": 431, "limit": 7024, "timest": 1707845130}, "\u2605 Navaja Knife | Crimson Web (Battle-Scarred)": {"sugprice": 8182.622, "profit": 658, "limit": 7384, "timest": 1707845087}, "\u2605 Gut Knife | Rust Coat (Battle-Scarred)": {"sugprice": 7482.8829166666665, "profit": 391, "limit": 6753, "timest": 1707777172}, "\u2605 Navaja Knife | Ultraviolet (Battle-Scarred)": {"sugprice": 7181.892307692309, "profit": 507, "limit": 6481, "timest": 1707845122}, "\u2605 Shadow Daggers | Lore (Battle-Scarred)": {"sugprice": 10651.445263157893, "profit": 515, "limit": 9612, "timest": 1707784961}, "USP-S | Monster Mashup (Minimal Wear)": {"sugprice": 2256.8947058823533, "profit": 108, "limit": 2036, "timest": 1707783707}, "USP-S | Printstream (Well-Worn)": {"sugprice": 2614.0033333333336, "profit": 127, "limit": 2359, "timest": 1707844836}, "\u2605 Gut Knife | Safari Mesh (Field-Tested)": {"sugprice": 7306.407142857143, "profit": 378, "limit": 6594, "timest": 1707844974}, "\u2605 Hydra Gloves | Mangrove (Battle-Scarred)": {"sugprice": 4124.302040816327, "profit": 300, "limit": 3722, "timest": 1707759525}, "\u2605 Paracord Knife | Forest DDPAT (Field-Tested)": {"sugprice": 7981.8822222222225, "profit": 461, "limit": 7203, "timest": 1707845132}, "\u2605 Specialist Gloves | Fade (Battle-Scarred)": {"sugprice": 14959.443684210526, "profit": 773, "limit": 13500, "timest": 1707768553}, "UMP-45 | Blaze (Factory New)": {"sugprice": 1565.9945833333331, "profit": 100, "limit": 1413, "timest": 1707786181}, "\u2605 Hand Wraps | Spruce DDPAT (Battle-Scarred)": {"sugprice": 7196, "profit": 384, "limit": 6494, "timest": 1707845026}, "\u2605 Navaja Knife | Stained (Battle-Scarred)": {"sugprice": 7101.940588235294, "profit": 349, "limit": 6409, "timest": 1707845113}, "\u2605 Paracord Knife | Safari Mesh (Field-Tested)": {"sugprice": 7489.553888888889, "profit": 357, "limit": 6759, "timest": 1707805230}, "\u2605 Survival Knife | Case Hardened (Battle-Scarred)": {"sugprice": 14162.676000000001, "profit": 770, "limit": 12781, "timest": 1707833194}, "StatTrak\u2122 P2000 | Imperial Dragon (Field-Tested)": {"sugprice": 733.1396153846155, "profit": 134, "limit": 661, "timest": 1707844645}, "StatTrak\u2122 USP-S | The Traitor (Battle-Scarred)": {"sugprice": 2337.5282978723403, "profit": 112, "limit": 2109, "timest": 1707768743}, "\u2605 Shadow Daggers | Ultraviolet (Battle-Scarred)": {"sugprice": 7678.324545454546, "profit": 396, "limit": 6929, "timest": 1707772149}, "\u2605 Shadow Daggers | Forest DDPAT (Field-Tested)": {"sugprice": 6784.0493750000005, "profit": 333, "limit": 6122, "timest": 1707772915}, "\u2605 Navaja Knife | Doppler (Factory New)": {"sugprice": 17622, "profit": 1002, "limit": 15903, "timest": 1707845092}, "USP-S | Serum (Minimal Wear)": {"sugprice": 3161.8919999999994,