{"USP-S | Kill Confirmed (Well-Worn)": {"sugprice": 3281.71780487805, "profit": 165, "limit": 2961, "timest": 1702168322}, "\u2605 Moto Gloves | Transport (Battle-Scarred)": {"sugprice": 5343.646799999999, "profit": 257, "limit": 4822, "timest": 1702156280}, "\u2605 Broken Fang Gloves | Unhinged (Battle-Scarred)": {"sugprice": 4949, "profit": 290, "limit": 4466, "timest": 1702115358}, "StatTrak\u2122 USP-S | The Traitor (Battle-Scarred)": {"sugprice": 2243.5853191489364, "profit": 114, "limit": 2024, "timest": 1702168221}, "\u2605 Gut Knife | Safari Mesh (Field-Tested)": {"sugprice": 7272, "profit": 353, "limit": 6562, "timest": 1702183982}, "\u2605 Gut Knife | Freehand (Field-Tested)": {"sugprice": 8998.319090909092, "profit": 509, "limit": 8120, "timest": 1702189850}, "USP-S | Neo-Noir (Factory New)": {"sugprice": 3113.137142857143, "profit": 173, "limit": 2809, "timest": 1702126259}, "\u2605 Driver Gloves | Convoy (Field-Tested)": {"sugprice": 6268.3294117647065, "profit": 355, "limit": 5657, "timest": 1702159727}, "\u2605 Specialist Gloves | Fade (Battle-Scarred)": {"sugprice": 15523.003846153846, "profit": 1019, "limit": 14009, "timest": 1702190328}, "Tec-9 | Nuclear Threat (Battle-Scarred)": {"sugprice": 3162.99375, "profit": 216, "limit": 2854, "timest": 1702189414}, "StatTrak\u2122 M4A4 | \u9f8d\u738b (Dragon King) (Field-Tested)": {"sugprice": 1540.3200000000002, "profit": 116, "limit": 1390, "timest": 1702125910}, "\u2605 Bloodhound Gloves | Bronzed (Battle-Scarred)": {"sugprice": 6224.444666666666, "profit": 296, "limit": 5617, "timest": 1702145926}, "\u2605 Shadow Daggers | Scorched (Field-Tested)": {"sugprice": 7191.325714285714, "profit": 408, "limit": 6490, "timest": 1702184089}, "StatTrak\u2122 M4A4 | The Emperor (Battle-Scarred)": {"sugprice": 2606.6049999999996, "profit": 167, "limit": 2352, "timest": 1702189084}, "\u2605 Driver Gloves | Racing Green (Field-Tested)": {"sugprice": 4205.355714285714, "profit": 290, "limit": 3795, "timest": 1702189797}, "\u2605 Hand Wraps | Constrictor (Battle-Scarred)": {"sugprice": 4938.803181818181, "profit": 248, "limit": 4457, "timest": 1702189897}, "\u2605 Shadow Daggers | Freehand (Field-Tested)": {"sugprice": 9272.586666666668, "profit": 506, "limit": 8368, "timest": 1702188729}, "\u2605 Bloodhound Gloves | Guerrilla (Battle-Scarred)": {"sugprice": 6220.230476190476, "profit": 416, "limit": 5613, "timest": 1702189641}, "\u2605 Driver Gloves | Convoy (Battle-Scarred)": {"sugprice": 6299.873571428569, "profit": 354, "limit": 5685, "timest": 1702159722}, "\u2605 Navaja Knife | Boreal Forest (Field-Tested)": {"sugprice": 6989.050204081632, "profit": 387, "limit": 6307, "timest": 1702146442}, "\u2605 Gut Knife | Bright Water (Field-Tested)": {"sugprice": 8410.533076923077, "profit": 414, "limit": 7590, "timest": 1702144314}, "\u2605 Hydra Gloves | Rattler (Well-Worn)": {"sugprice": 4474.149230769231, "profit": 318, "limit": 4037, "timest": 1702125279}, "\u2605 Driver Gloves | Queen Jaguar (Field-Tested)": {"sugprice": 6505.461, "profit": 329, "limit": 5871, "timest": 1702109412}, "StatTrak\u2122 USP-S | Neo-Noir (Battle-Scarred)": {"sugprice": 3047.672727272728, "profit": 168, "limit": 2750, "timest": 1702189353}, "\u2605 Specialist Gloves | Forest DDPAT (Battle-Scarred)": {"sugprice": 8519.86, "profit": 576, "limit": 7689, "timest": 1702111848}, "\u2605 Moto Gloves | Smoke Out (Battle-Scarred)": {"sugprice": 7781.655624999999, "profit": 400, "limit": 7022, "timest": 1702188574}, "\u2605 Hand Wraps | Giraffe (Battle-Scarred)": {"sugprice": 6110.949285714286, "profit": 303, "limit": 5515, "timest": 1702158462}, "\u2605 Shadow Daggers | Forest DDPAT (Field-Tested)": {"sugprice": 7259.367499999999, "profit": 438, "limit": 6551, "timest": 1702184079}, "\u2605 Gut Knife | Forest DDPAT (Field-Tested)": {"sugprice": 7936.745357142856, "profit": 608, "limit": 7162, "timest": 1702173174}, "USP-S | Printstream (Field-Tested)": {"sugprice": 3151.6851219512196, "profit": 151, "limit": 2844, "timest": 1702184777}, "\u2605 Navaja Knife | Rust Coat (Battle-Scarred)": {"sugprice": 6916.332093023255, "profit": 329, "limit": 6241, "timest": 1702185912}, "\u2605 Navaja Knife | Night Stripe (Field-Tested)": {"sugprice": 6809.64, "profit": 351, "limit": 6145, "timest": 1702190114}, "\u2605 Shadow Daggers | Ultraviolet (Field-Tested)": {"sugprice": 9206.4375, "profit": 447, "limit": 8308, "timest": 1702179658}, "\u2605 Survival Knife | Forest DDPAT (Field-Tested)": {"sugprice": 8000.845555555556, "profit": 560, "limit": 7220, "timest": 1702190351}, "\u2605 Hydra Gloves | Emerald (Field-Tested)": {"sugprice": 4786.857755102041, "profit": 230, "limit": 4320, "timest": 1702114385}, "\u2605 Driver Gloves | Queen Jaguar (Battle-Scarred)": {"sugprice": 5886.032954545454, "profit": 370, "limit": 5312, "timest": 1702189765}, "\u2605 Driver Gloves | Racing Green (Battle-Scarred)": {"sugprice": 4133.704347826087, "profit": 202, "limit": 3730, "timest": 1702168607}, "\u2605 Survival Knife | Boreal Forest (Field-Tested)": {"sugprice": 7881.269333333334, "profit": 478, "limit": 7112, "timest": 1702190346}, "USP-S | Printstream (Well-Worn)": {"sugprice": 3079.371666666667, "profit": 150, "limit": 2779, "timest": 1702178145}, "StatTrak\u2122 USP-S | The Traitor (Well-Worn)": {"sugprice": 2175.175625, "profit": 122, "limit": 1963, "timest": 1702189385}, "StatTrak\u2122 USP-S | Neo-Noir (Field-Tested)": {"sugprice": 3049.5405263157895, "profit": 186, "limit": 2752, "timest": 1702124840}, "\u2605 Gut Knife | Scorched (Field-Tested)": {"sugprice": 7284.4454545454555, "profit": 365, "limit": 6574, "timest": 1702158313}, "StatTrak\u2122 M4A4 | Royal Paladin (Field-Tested)": {"sugprice": 2270.885, "profit": 177, "limit": 2049, "timest": 1702189069}, "\u2605 Sport Gloves | Bronze Morph (Battle-Scarred)": {"sugprice": 10709.415882352943, "profit": 808, "limit": 9665, "timest": 1702109915}, "\u2605 Driver Gloves | Overtake (Battle-Scarred)": {"sugprice": 6834.2296153846155, "profit": 343, "limit": 6167, "timest": 1702163952}, "\u2605 Hydra Gloves | Mangrove (Battle-Scarred)": {"sugprice": 4309.495476190476, "profit": 213, "limit": 3889, "timest": 1702163369}, "StatTrak\u2122 M4A4 | Buzz Kill (Battle-Scarred)": {"sugprice": 1979, "profit": 107, "limit": 1786, "timest": 1702188976}, "\u2605 Shadow Daggers | Black Laminate (Field-Tested)": {"sugprice": 7629.491666666666, "profit": 495, "limit": 6885, "timest": 1702141064}, "\u2605 Hand Wraps | CAUTION! (Battle-Scarred)": {"sugprice": 14131.722000000003, "profit": 724, "limit": 12753, "timest": 1702189882}, "\u2605 Paracord Knife | Safari Mesh (Field-Tested)": {"sugprice": 8082.218095238095, "profit": 586, "limit": 7294, "timest": 1702190148}, "StatTrak\u2122 M4A4 | Royal Paladin (Battle-Scarred)": {"sugprice": 2496.186428571428, "profit": 251, "limit": 2252, "timest": 1702189065}, "StatTrak\u2122 USP-S | Monster Mashup (Battle-Scarred)": {"sugprice": 1818.7, "profit": 100, "limit": 1641, "timest": 1702114992}, "\u2605 Hydra Gloves | Mangrove (Field-Tested)": {"sugprice": 4285.267272727273, "profit": 231, "limit": 3867, "timest": 1702155226}, "StatTrak\u2122 P90 | Asiimov (Battle-Scarred)": {"sugprice": 1363.1933333333334, "profit": 114, "limit": 1230, "timest": 1702189208}, "USP-S | Orion (Field-Tested)": {"sugprice": 4102.93469387755, "profit": 226, "limit": 3702, "timest": 1702189543}, "\u2605 Hand Wraps | Desert Shamagh (Well-Worn)": {"sugprice": 5198.396086956522, "profit": 274, "limit": 4691, "timest": 1702189940}, "\u2605 Hydra Gloves | Rattler (Battle-Scarred)": {"sugprice": 4250.152558139534, "profit": 225, "limit": 3835, "timest": 1702166634}, "\u2605 Driver Gloves | Racing Green (Well-Worn)": {"sugprice": 4140.738571428572, "profit": 224, "limit": 3737, "timest": 1702149773}, "USP-S | Whiteout (Battle-Scarred)": {"sugprice": 1741.604651162791, "profit": 102, "limit": 1571, "timest": 1702187299}, "\u2605 Hand Wraps | Cobalt Skulls (Battle-Scarred)": {"sugprice": 22226.947500000002,