{"\u2605 Hydra Gloves | Case Hardened (Field-Tested)": {"sugprice": 9182.723750000001, "profit": 798, "limit": 8287, "timest": 1708097499}, "\u2605 Hand Wraps | CAUTION! (Battle-Scarred)": {"sugprice": 14883.776249999997, "profit": 757, "limit": 13432, "timest": 1708179946}, "\u2605 Shadow Daggers | Autotronic (Battle-Scarred)": {"sugprice": 9033.692142857142, "profit": 481, "limit": 8152, "timest": 1708177886}, "USP-S | Royal Blue (Field-Tested)": {"sugprice": 1333.69, "profit": 118, "limit": 1203, "timest": 1708179770}, "\u2605 Bloodhound Gloves | Bronzed (Battle-Scarred)": {"sugprice": 6525.8105263157895, "profit": 327, "limit": 5889, "timest": 1708097285}, "StatTrak\u2122 SSG 08 | Big Iron (Battle-Scarred)": {"sugprice": 1486, "profit": 130, "limit": 1341, "timest": 1708155584}, "\u2605 Driver Gloves | Racing Green (Field-Tested)": {"sugprice": 4224.686590909091, "profit": 201, "limit": 3812, "timest": 1708177047}, "\u2605 Driver Gloves | Black Tie (Battle-Scarred)": {"sugprice": 10591.839411764706, "profit": 504, "limit": 9559, "timest": 1708175631}, "\u2605 Gut Knife | Doppler (Factory New)": {"sugprice": 16779.163333333334, "profit": 1111, "limit": 15143, "timest": 1708179876}, "\u2605 Navaja Knife | Ultraviolet (Battle-Scarred)": {"sugprice": 7335.567333333334, "profit": 366, "limit": 6620, "timest": 1708180094}, "USP-S | Monster Mashup (Minimal Wear)": {"sugprice": 2243.967777777778, "profit": 120, "limit": 2025, "timest": 1708171527}, "\u2605 Gut Knife | Safari Mesh (Field-Tested)": {"sugprice": 7493.245, "profit": 603, "limit": 6762, "timest": 1708167708}, "\u2605 Hand Wraps | Spruce DDPAT (Battle-Scarred)": {"sugprice": 7341.691428571428, "profit": 435, "limit": 6625, "timest": 1708171723}, "\u2605 Navaja Knife | Stained (Battle-Scarred)": {"sugprice": 7481.485, "profit": 391, "limit": 6752, "timest": 1708180083}, "StatTrak\u2122 P2000 | Imperial Dragon (Field-Tested)": {"sugprice": 818.4191666666666, "profit": 124, "limit": 738, "timest": 1708179550}, "USP-S | Serum (Minimal Wear)": {"sugprice": 3461.2474999999995, "profit": 458, "limit": 3123, "timest": 1708165401}, "\u2605 Huntsman Knife | Lore (Battle-Scarred)": {"sugprice": 14737.345000000001, "profit": 1019, "limit": 13300, "timest": 1708179980}, "\u2605 Hydra Gloves | Rattler (Well-Worn)": {"sugprice": 4594.742857142856, "profit": 254, "limit": 4146, "timest": 1708180034}, "\u2605 Falchion Knife | Ultraviolet (Battle-Scarred)": {"sugprice": 10250.937272727273, "profit": 554, "limit": 9251, "timest": 1708170395}, "\u2605 Hand Wraps | Giraffe (Well-Worn)": {"sugprice": 5964.9784615384615, "profit": 389, "limit": 5383, "timest": 1708179966}, "\u2605 Driver Gloves | Diamondback (Battle-Scarred)": {"sugprice": 7128, "profit": 546, "limit": 6433, "timest": 1708179831}, "StatTrak\u2122 SSG 08 | Turbo Peek (Field-Tested)": {"sugprice": 875.4894736842105, "profit": 107, "limit": 790, "timest": 1708178953}, "StatTrak\u2122 USP-S | Neo-Noir (Field-Tested)": {"sugprice": 3542.4551851851843, "profit": 216, "limit": 3197, "timest": 1708179645}, "\u2605 Sport Gloves | Amphibious (Battle-Scarred)": {"sugprice": 38609, "profit": 1875, "limit": 34844, "timest": 1708099063}, "\u2605 Specialist Gloves | Crimson Web (Battle-Scarred)": {"sugprice": 12391.743529411764, "profit": 632, "limit": 11183, "timest": 1708156752}, "USP-S | Orion (Field-Tested)": {"sugprice": 3786.2338775510216, "profit": 181, "limit": 3417, "timest": 1708163908}, "\u2605 Shadow Daggers | Ultraviolet (Battle-Scarred)": {"sugprice": 8216.41, "profit": 460, "limit": 7415, "timest": 1708180177}, "\u2605 Specialist Gloves | Fade (Battle-Scarred)": {"sugprice": 15641.136666666667, "profit": 825, "limit": 14116, "timest": 1708180195}, "\u2605 Paracord Knife | Safari Mesh (Field-Tested)": {"sugprice": 7931.056111111112, "profit": 427, "limit": 7157, "timest": 1708180111}, "StatTrak\u2122 SSG 08 | Bloodshot (Field-Tested)": {"sugprice": 1399.0336363636363, "profit": 101, "limit": 1262, "timest": 1708096824}, "\u2605 Survival Knife | Stained (Battle-Scarred)": {"sugprice": 10062.576666666668, "profit": 524, "limit": 9081, "timest": 1708180233}, "\u2605 Moto Gloves | Smoke Out (Battle-Scarred)": {"sugprice": 8137.878095238094, "profit": 397, "limit": 7344, "timest": 1708174537}, "StatTrak\u2122 USP-S | Caiman (Field-Tested)": {"sugprice": 5245.06, "profit": 310, "limit": 4733, "timest": 1708179630}, "\u2605 Hand Wraps | Constrictor (Field-Tested)": {"sugprice": 5584.249166666666, "profit": 440, "limit": 5039, "timest": 1708179950}, "USP-S | Whiteout (Field-Tested)": {"sugprice": 2276, "profit": 109, "limit": 2054, "timest": 1708168218}, "Vypa Sista of the Revolution | Guerrilla Warfare": {"sugprice": 1919.5006250000004, "profit": 148, "limit": 1732, "timest": 1708149791}, "\u2605 Shadow Daggers | Boreal Forest (Field-Tested)": {"sugprice": 7082.056666666667, "profit": 351, "limit": 6391, "timest": 1708157480}, "\u2605 Stiletto Knife | Ultraviolet (Battle-Scarred)": {"sugprice": 17610.008, "profit": 1431, "limit": 15893, "timest": 1708158845}, "\u2605 Specialist Gloves | Marble Fade (Battle-Scarred)": {"sugprice": 13883.724545454546, "profit": 723, "limit": 12530, "timest": 1708180211}, "\u2605 Moto Gloves | 3rd Commando Company (Well-Worn)": {"sugprice": 5506.408333333334, "profit": 365, "limit": 4969, "timest": 1708180043}, "\u2605 Navaja Knife | Crimson Web (Battle-Scarred)": {"sugprice": 8623.74142857143, "profit": 798, "limit": 7782, "timest": 1708180058}, "\u2605 Falchion Knife | Ultraviolet (Field-Tested)": {"sugprice": 10937.592999999997, "profit": 762, "limit": 9871, "timest": 1708179866}, "\u2605 Moto Gloves | Blood Pressure (Battle-Scarred)": {"sugprice": 8196.972142857141, "profit": 584, "limit": 7397, "timest": 1708155992}, "\u2605 Shadow Daggers | Freehand (Field-Tested)": {"sugprice": 9207.570588235292, "profit": 445, "limit": 8309, "timest": 1708170620}, "\u2605 Falchion Knife | Lore (Battle-Scarred)": {"sugprice": 14355, "profit": 934, "limit": 12955, "timest": 1708179860}, "\u2605 Broken Fang Gloves | Jade (Battle-Scarred)": {"sugprice": 8038.672857142858, "profit": 417, "limit": 7254, "timest": 1708179796}, "USP-S | Orion (Factory New)": {"sugprice": 4351, "profit": 226, "limit": 3926, "timest": 1708160502}, "\u2605 Navaja Knife | Scorched (Field-Tested)": {"sugprice": 6849.26, "profit": 369, "limit": 6181, "timest": 1708158112}, "StatTrak\u2122 P250 | Asiimov (Field-Tested)": {"sugprice": 963.4599999999998, "profit": 100, "limit": 869, "timest": 1708152829}, "\u2605 Broken Fang Gloves | Needle Point (Well-Worn)": {"sugprice": 5241.793846153845, "profit": 286, "limit": 4730, "timest": 1708179817}, "\u2605 Hand Wraps | Desert Shamagh (Battle-Scarred)": {"sugprice": 5321.665405405407, "profit": 271, "limit": 4802, "timest": 1708179955}, "USP-S | Kill Confirmed (Battle-Scarred)": {"sugprice": 3479.2025999999996, "profit": 242, "limit": 3139, "timest": 1708177535}, "\u2605 Driver Gloves | Rezan the Red (Battle-Scarred)": {"sugprice": 6608.9225, "profit": 337, "limit": 5964, "timest": 1708096399}, "USP-S | Purple DDPAT (Minimal Wear)": {"sugprice": 1264.7194444444442, "profit": 103, "limit": 1141, "timest": 1708177586}, "\u2605 Hydra Gloves | Mangrove (Field-Tested)": {"sugprice": 4379.773404255317, "profit": 214, "limit": 3952, "timest": 1708180014}, "\u2605 Falchion Knife | Black Laminate (Well-Worn)": {"sugprice": 10066.235454545455, "profit": 596, "limit": 9084, "timest": 1708157940}, "\u2605 Survival Knife | Boreal Forest (Field-Tested)": {"sugprice": 7880.784545454546, "profit": 456, "limit": 7112, "timest": 1708162319}, "StatTrak\u2122 Tec-9 | Titanium Bit (Minimal Wear)": {"sugprice": 1070, "profit": 106, "limit": 965, "timest": 1708170130}, "USP-S | Kill Confirmed (Well-Worn)": {"sugprice": 3443.231860465117, "profit": 190, "limit": 3107, "timest": 1708155695}, "StatTrak\u2122 MP9 | Hypnotic (Factory New)": {"sugprice": 3122.304642857144, "profit": 234, "limit": 2817, "timest": 1708179543},