{"USP-S | Kill Confirmed (Well-Worn)": {"sugprice": 3287.028666666667, "profit": 311, "limit": 2966, "timest": 1700272629}, "USP-S | Overgrowth (Field-Tested)": {"sugprice": 1930, "profit": 157, "limit": 1741, "timest": 1700272670}, "\u2605 Moto Gloves | Turtle (Battle-Scarred)": {"sugprice": 7888.972941176471, "profit": 526, "limit": 7119, "timest": 1700273192}, "\u2605 Navaja Knife | Scorched (Field-Tested)": {"sugprice": 6717.564444444444, "profit": 362, "limit": 6062, "timest": 1700273237}, "\u2605 Driver Gloves | Racing Green (Battle-Scarred)": {"sugprice": 4080.8906818181817, "profit": 265, "limit": 3683, "timest": 1700272945}, "StatTrak\u2122 M4A4 | Royal Paladin (Battle-Scarred)": {"sugprice": 2290.3740000000003, "profit": 189, "limit": 2067, "timest": 1700272183}, "StatTrak\u2122 M4A4 | The Emperor (Battle-Scarred)": {"sugprice": 2675.365185185185, "profit": 340, "limit": 2414, "timest": 1700272231}, "StatTrak\u2122 USP-S | The Traitor (Well-Worn)": {"sugprice": 2099.469333333333, "profit": 195, "limit": 1894, "timest": 1700272557}, "USP-S | Printstream (Minimal Wear)": {"sugprice": 4435, "profit": 408, "limit": 4002, "timest": 1700264080}, "USP-S | Whiteout (Minimal Wear)": {"sugprice": 2574, "profit": 198, "limit": 2323, "timest": 1700272791}, "\u2605 Broken Fang Gloves | Needle Point (Battle-Scarred)": {"sugprice": 5455.104210526316, "profit": 446, "limit": 4923, "timest": 1700272846}, "\u2605 Broken Fang Gloves | Needle Point (Field-Tested)": {"sugprice": 5674.6375, "profit": 520, "limit": 5121, "timest": 1700272850}, "\u2605 Driver Gloves | Racing Green (Well-Worn)": {"sugprice": 4201.146842105262, "profit": 226, "limit": 3791, "timest": 1700272953}, "\u2605 Hand Wraps | Constrictor (Battle-Scarred)": {"sugprice": 4630.408846153846, "profit": 364, "limit": 4178, "timest": 1700273033}, "\u2605 Hydra Gloves | Rattler (Field-Tested)": {"sugprice": 4269.153255813954, "profit": 390, "limit": 3852, "timest": 1700269038}, "\u2605 Moto Gloves | Finish Line (Battle-Scarred)": {"sugprice": 7131.495714285715, "profit": 414, "limit": 6436, "timest": 1700240443}, "\u2605 Navaja Knife | Forest DDPAT (Field-Tested)": {"sugprice": 6944.0184615384605, "profit": 473, "limit": 6266, "timest": 1700273207}, "\u2605 Navaja Knife | Safari Mesh (Field-Tested)": {"sugprice": 7169.385365853658, "profit": 600, "limit": 6470, "timest": 1700273231}, "\u2605 Shadow Daggers | Bright Water (Field-Tested)": {"sugprice": 7829.015333333333, "profit": 623, "limit": 7065, "timest": 1700238451}, "\u2605 Shadow Daggers | Rust Coat (Battle-Scarred)": {"sugprice": 6892.353809523809, "profit": 449, "limit": 6220, "timest": 1700273289}, "\u2605 Broken Fang Gloves | Yellow-banded (Field-Tested)": {"sugprice": 6767.79, "profit": 555, "limit": 6107, "timest": 1700272904}, "\u2605 Hand Wraps | Arboreal (Battle-Scarred)": {"sugprice": 5120.524500000001, "profit": 250, "limit": 4621, "timest": 1700235035}, "Vypa Sista of the Revolution | Guerrilla Warfare": {"sugprice": 1624.5223529411765, "profit": 139, "limit": 1466, "timest": 1700272800}, "StatTrak\u2122 M4A4 | \u9f8d\u738b (Dragon King) (Battle-Scarred)": {"sugprice": 1516.4600000000003, "profit": 127, "limit": 1368, "timest": 1700272253}, "\u2605 Hydra Gloves | Mangrove (Battle-Scarred)": {"sugprice": 4235.563478260869, "profit": 301, "limit": 3822, "timest": 1700273139}, "USP-S | Monster Mashup (Minimal Wear)": {"sugprice": 1903.8305263157895, "profit": 134, "limit": 1718, "timest": 1700272641}, "\u2605 Broken Fang Gloves | Yellow-banded (Battle-Scarred)": {"sugprice": 5955.439268292683, "profit": 403, "limit": 5374, "timest": 1700272892}, "\u2605 Hydra Gloves | Mangrove (Well-Worn)": {"sugprice": 4335.484166666666, "profit": 277, "limit": 3912, "timest": 1700253325}, "\u2605 Shadow Daggers | Scorched (Field-Tested)": {"sugprice": 7117.757, "profit": 510, "limit": 6423, "timest": 1700273293}, "StatTrak\u2122 M4A4 | Desolate Space (Battle-Scarred)": {"sugprice": 1251.4071739130436, "profit": 100, "limit": 1129, "timest": 1700272129}, "StatTrak\u2122 P90 | Asiimov (Battle-Scarred)": {"sugprice": 1469.8348837209305, "profit": 173, "limit": 1326, "timest": 1700272367}, "\u2605 Hand Wraps | Desert Shamagh (Field-Tested)": {"sugprice": 4928.610555555555, "profit": 270, "limit": 4448, "timest": 1700273077}, "\u2605 Gut Knife | Forest DDPAT (Field-Tested)": {"sugprice": 7614.22090909091, "profit": 426, "limit": 6871, "timest": 1700272980}, "\u2605 Moto Gloves | Transport (Battle-Scarred)": {"sugprice": 5401.044242424243, "profit": 436, "limit": 4874, "timest": 1700273182}, "USP-S | The Traitor (Minimal Wear)": {"sugprice": 1423.5700000000002, "profit": 132, "limit": 1284, "timest": 1700272764}, "USP-S | Printstream (Well-Worn)": {"sugprice": 2749.662916666666, "profit": 259, "limit": 2481, "timest": 1700272688}, "\u2605 Driver Gloves | Racing Green (Field-Tested)": {"sugprice": 4022.7530769230766, "profit": 194, "limit": 3630, "timest": 1700238043}, "\u2605 Hand Wraps | Duct Tape (Field-Tested)": {"sugprice": 5184.215, "profit": 273, "limit": 4678, "timest": 1700273115}, "USP-S | Monster Mashup (Well-Worn)": {"sugprice": 1311.496666666667, "profit": 110, "limit": 1183, "timest": 1700272645}, "\u2605 Broken Fang Gloves | Unhinged (Battle-Scarred)": {"sugprice": 5134.894081632654, "profit": 424, "limit": 4634, "timest": 1700272873}, "\u2605 Hand Wraps | Arboreal (Field-Tested)": {"sugprice": 5613, "profit": 412, "limit": 5065, "timest": 1700273026}, "USP-S | Kill Confirmed (Battle-Scarred)": {"sugprice": 3047.3654000000006, "profit": 190, "limit": 2750, "timest": 1700264001}, "USP-S | Serum (Field-Tested)": {"sugprice": 3409.339166666667, "profit": 250, "limit": 3076, "timest": 1700272725}, "\u2605 Hand Wraps | Giraffe (Battle-Scarred)": {"sugprice": 5929.91423076923, "profit": 494, "limit": 5351, "timest": 1700273126}, "USP-S | Neo-Noir (Well-Worn)": {"sugprice": 1524.7827272727272, "profit": 124, "limit": 1376, "timest": 1700265361}, "\u2605 Survival Knife | Safari Mesh (Field-Tested)": {"sugprice": 7679.227500000001, "profit": 374, "limit": 6930, "timest": 1700251016}, "\u2605 Hydra Gloves | Case Hardened (Field-Tested)": {"sugprice": 7950, "profit": 525, "limit": 7174, "timest": 1700273135}, "\u2605 Gut Knife | Rust Coat (Battle-Scarred)": {"sugprice": 7878.545357142858, "profit": 421, "limit": 7110, "timest": 1700272996}, "\u2605 Moto Gloves | Smoke Out (Battle-Scarred)": {"sugprice": 6915.481739130436, "profit": 598, "limit": 6241, "timest": 1700273179}, "\u2605 Hydra Gloves | Rattler (Battle-Scarred)": {"sugprice": 4481.669361702128, "profit": 363, "limit": 4044, "timest": 1700273149}, "StatTrak\u2122 M4A4 | Evil Daimyo (Minimal Wear)": {"sugprice": 840.1755555555557, "profit": 131, "limit": 758, "timest": 1700272152}, "StatTrak\u2122 SSG 08 | Dragonfire (Field-Tested)": {"sugprice": 3817.1265, "profit": 420, "limit": 3444, "timest": 1700272418}, "\u2605 Specialist Gloves | Forest DDPAT (Battle-Scarred)": {"sugprice": 8172.185263157896, "profit": 762, "limit": 7375, "timest": 1700273326}, "StatTrak\u2122 M4A4 | Desert-Strike (Field-Tested)": {"sugprice": 1250.1278260869567, "profit": 101, "limit": 1128, "timest": 1700272069}, "\u2605 Broken Fang Gloves | Jade (Battle-Scarred)": {"sugprice": 7386.265625, "profit": 475, "limit": 6666, "timest": 1700272842}, "StatTrak\u2122 M4A4 | Temukau (Battle-Scarred)": {"sugprice": 2540.3960526315786, "profit": 314, "limit": 2292, "timest": 1700272210}, "\u2605 Hydra Gloves | Rattler (Well-Worn)": {"sugprice": 4949.255714285714, "profit": 340, "limit": 4466, "timest": 1700273162}, "\u2605 Broken Fang Gloves | Needle Point (Well-Worn)": {"sugprice": 5493.2936842105255, "profit": 426, "limit": 4957, "timest": 1700272860}, "StatTrak\u2122 USP-S | Neo-Noir (Field-Tested)": {"sugprice": 3123.355625, "profit": 354, "limit": 2818, "timest": 1700272513}, "USP-S | Whiteout (Battle-Scarred)": {"sugprice": 1725.1525000000001, "profit": 122, "limit": 1556, "timest": 1700272782},