{"USP-S | Kill Confirmed (Well-Worn)": {"sugprice": 2902.510666666667, "profit": 171, "limit": 2619, "timest": 1701323282}, "\u2605 Navaja Knife | Scorched (Field-Tested)": {"sugprice": 6724.420714285713, "profit": 326, "limit": 6068, "timest": 1701306780}, "\u2605 Driver Gloves | Racing Green (Battle-Scarred)": {"sugprice": 3548.3318000000013, "profit": 177, "limit": 3202, "timest": 1701323681}, "\u2605 Driver Gloves | Racing Green (Well-Worn)": {"sugprice": 3631.0912, "profit": 209, "limit": 3277, "timest": 1701323684}, "\u2605 Hydra Gloves | Rattler (Field-Tested)": {"sugprice": 3898.1985999999993, "profit": 207, "limit": 3518, "timest": 1701323920}, "\u2605 Navaja Knife | Forest DDPAT (Field-Tested)": {"sugprice": 6748.792857142857, "profit": 321, "limit": 6090, "timest": 1701279176}, "\u2605 Shadow Daggers | Bright Water (Field-Tested)": {"sugprice": 7427.340454545454, "profit": 506, "limit": 6703, "timest": 1701324136}, "\u2605 Shadow Daggers | Rust Coat (Battle-Scarred)": {"sugprice": 6699.289523809522, "profit": 379, "limit": 6046, "timest": 1701304189}, "\u2605 Broken Fang Gloves | Yellow-banded (Field-Tested)": {"sugprice": 6314.2719230769235, "profit": 423, "limit": 5698, "timest": 1701323597}, "\u2605 Hydra Gloves | Mangrove (Battle-Scarred)": {"sugprice": 3794.319166666667, "profit": 223, "limit": 3424, "timest": 1701290671}, "\u2605 Hydra Gloves | Mangrove (Well-Worn)": {"sugprice": 3988.472352941177, "profit": 269, "limit": 3599, "timest": 1701323913}, "\u2605 Hand Wraps | Desert Shamagh (Field-Tested)": {"sugprice": 4920.459090909091, "profit": 419, "limit": 4440, "timest": 1701323834}, "\u2605 Moto Gloves | Transport (Battle-Scarred)": {"sugprice": 5118.7403125, "profit": 245, "limit": 4619, "timest": 1701313323}, "USP-S | Printstream (Well-Worn)": {"sugprice": 2634.711176470588, "profit": 126, "limit": 2377, "timest": 1701320460}, "\u2605 Hand Wraps | Duct Tape (Field-Tested)": {"sugprice": 5145.337500000001, "profit": 317, "limit": 4643, "timest": 1701323870}, "\u2605 Broken Fang Gloves | Unhinged (Battle-Scarred)": {"sugprice": 5094.283399999999, "profit": 257, "limit": 4597, "timest": 1701323552}, "\u2605 Hand Wraps | Arboreal (Field-Tested)": {"sugprice": 5512.6575, "profit": 291, "limit": 4975, "timest": 1701319784}, "\u2605 Hand Wraps | Giraffe (Battle-Scarred)": {"sugprice": 5919.201500000001, "profit": 301, "limit": 5342, "timest": 1701297635}, "USP-S | Neo-Noir (Well-Worn)": {"sugprice": 1453.7415384615383, "profit": 101, "limit": 1312, "timest": 1701308012}, "\u2605 Moto Gloves | Smoke Out (Battle-Scarred)": {"sugprice": 6802.0999999999985, "profit": 587, "limit": 6138, "timest": 1701323950}, "\u2605 Hydra Gloves | Rattler (Battle-Scarred)": {"sugprice": 3919.5681999999997, "profit": 196, "limit": 3537, "timest": 1701323916}, "StatTrak\u2122 SSG 08 | Dragonfire (Field-Tested)": {"sugprice": 3095.602571428572, "profit": 212, "limit": 2793, "timest": 1701323094}, "StatTrak\u2122 USP-S | Neo-Noir (Field-Tested)": {"sugprice": 3128.52875, "profit": 169, "limit": 2823, "timest": 1701323156}, "\u2605 Bloodhound Gloves | Guerrilla (Field-Tested)": {"sugprice": 6023.840294117646, "profit": 360, "limit": 5436, "timest": 1701302921}, "\u2605 Gut Knife | Bright Water (Field-Tested)": {"sugprice": 8095.763846153845, "profit": 544, "limit": 7306, "timest": 1701323706}, "\u2605 Hand Wraps | Constrictor (Field-Tested)": {"sugprice": 4974.030833333333, "profit": 307, "limit": 4489, "timest": 1701315670}, "\u2605 Hand Wraps | Desert Shamagh (Well-Worn)": {"sugprice": 4830.348421052631, "profit": 266, "limit": 4359, "timest": 1701323849}, "\u2605 Navaja Knife | Night Stripe (Field-Tested)": {"sugprice": 6575.691176470587, "profit": 313, "limit": 5934, "timest": 1701324007}, "\u2605 Survival Knife | Scorched (Field-Tested)": {"sugprice": 7815.2108333333335, "profit": 564, "limit": 7053, "timest": 1701324161}, "\u2605 Moto Gloves | 3rd Commando Company (Field-Tested)": {"sugprice": 5573.693913043478, "profit": 378, "limit": 5030, "timest": 1701323933}, "StatTrak\u2122 USP-S | The Traitor (Battle-Scarred)": {"sugprice": 1876.0570833333338, "profit": 124, "limit": 1693, "timest": 1701323176}, "\u2605 Driver Gloves | Queen Jaguar (Battle-Scarred)": {"sugprice": 5175.108888888889, "profit": 247, "limit": 4670, "timest": 1701248773}, "\u2605 Hand Wraps | Desert Shamagh (Battle-Scarred)": {"sugprice": 4874.518181818182, "profit": 338, "limit": 4399, "timest": 1701323827}, "USP-S | Orion (Minimal Wear)": {"sugprice": 3716.794054054054, "profit": 177, "limit": 3354, "timest": 1701305531}, "USP-S | Caiman (Field-Tested)": {"sugprice": 3053.0997674418613, "profit": 146, "limit": 2755, "timest": 1701319612}, "\u2605 Sport Gloves | Bronze Morph (Battle-Scarred)": {"sugprice": 9908.523846153847, "profit": 478, "limit": 8942, "timest": 1701292598}, "\u2605 Moto Gloves | Turtle (Battle-Scarred)": {"sugprice": 7532.919374999999, "profit": 421, "limit": 6798, "timest": 1701269853}, "\u2605 Hand Wraps | Arboreal (Battle-Scarred)": {"sugprice": 5004.1896875, "profit": 238, "limit": 4516, "timest": 1701319780}, "\u2605 Broken Fang Gloves | Yellow-banded (Battle-Scarred)": {"sugprice": 5187.705454545454, "profit": 268, "limit": 4681, "timest": 1701314086}, "StatTrak\u2122 USP-S | Printstream (Battle-Scarred)": {"sugprice": 4346.421136363636, "profit": 226, "limit": 3922, "timest": 1701323164}, "USP-S | Overgrowth (Field-Tested)": {"sugprice": 1644.496666666667, "profit": 116, "limit": 1484, "timest": 1701323376}, "StatTrak\u2122 USP-S | Stainless (Battle-Scarred)": {"sugprice": 1017.2182142857142, "profit": 100, "limit": 918, "timest": 1701293106}, "\u2605 Broken Fang Gloves | Needle Point (Battle-Scarred)": {"sugprice": 5053.9713999999985, "profit": 301, "limit": 4561, "timest": 1701318495}, "StatTrak\u2122 P250 | Muertos (Field-Tested)": {"sugprice": 1044.2703448275863, "profit": 113, "limit": 942, "timest": 1701323048}, "StatTrak\u2122 USP-S | Monster Mashup (Field-Tested)": {"sugprice": 1791.2935294117651, "profit": 118, "limit": 1616, "timest": 1701283706}, "Tec-9 | Nuclear Threat (Battle-Scarred)": {"sugprice": 2951.314, "profit": 237, "limit": 2663, "timest": 1701245990}, "USP-S | Orion (Factory New)": {"sugprice": 3963.8100000000004, "profit": 189, "limit": 3577, "timest": 1701316309}, "\u2605 Bloodhound Gloves | Bronzed (Field-Tested)": {"sugprice": 6264.264166666667, "profit": 302, "limit": 5653, "timest": 1701323494}, "\u2605 Gut Knife | Scorched (Field-Tested)": {"sugprice": 7413, "profit": 439, "limit": 6690, "timest": 1701323778}, "\u2605 Hydra Gloves | Emerald (Battle-Scarred)": {"sugprice": 4532.754000000001, "profit": 236, "limit": 4090, "timest": 1701316657}, "\u2605 Hydra Gloves | Emerald (Field-Tested)": {"sugprice": 4566.019387755102, "profit": 262, "limit": 4120, "timest": 1701323900}, "\u2605 Moto Gloves | Blood Pressure (Battle-Scarred)": {"sugprice": 8535.05875, "profit": 713, "limit": 7702, "timest": 1701323936}, "\u2605 Moto Gloves | Polygon (Battle-Scarred)": {"sugprice": 9984.249444444444, "profit": 485, "limit": 9010, "timest": 1701288470}, "\u2605 Navaja Knife | Boreal Forest (Field-Tested)": {"sugprice": 7034.091489361702, "profit": 512, "limit": 6348, "timest": 1701323987}, "\u2605 Navaja Knife | Rust Coat (Battle-Scarred)": {"sugprice": 6632.204, "profit": 346, "limit": 5985, "timest": 1701324009}, "\u2605 Navaja Knife | Ultraviolet (Field-Tested)": {"sugprice": 7037.538, "profit": 375, "limit": 6351, "timest": 1701324041}, "\u2605 Paracord Knife | Safari Mesh (Field-Tested)": {"sugprice": 7202.32125, "profit": 592, "limit": 6500, "timest": 1701258011}, "\u2605 Shadow Daggers | Ultraviolet (Field-Tested)": {"sugprice": 7945.578499999999, "profit": 471, "limit": 7170, "timest": 1701324148}, "\u2605 Paracord Knife | Scorched (Field-Tested)": {"sugprice": 7641.610000000001, "profit": 474, "limit": 6896, "timest": 1701324062}, "\u2605 Huntsman Knife | Rust Coat (Battle-Scarred)": {"sugprice": 8855.540476190476, "profit": 599,