{"StatTrak\u2122 USP-S | Neo-Noir (Field-Tested)": {"sugprice": 2949.0147368421053, "profit": 149, "limit": 2661, "timest": 1704808597}, "StatTrak\u2122 USP-S | The Traitor (Battle-Scarred)": {"sugprice": 1872, "profit": 145, "limit": 1689, "timest": 1704795019}, "\u2605 Driver Gloves | Convoy (Field-Tested)": {"sugprice": 6247.019090909089, "profit": 379, "limit": 5637, "timest": 1704808739}, "\u2605 Bloodhound Gloves | Bronzed (Field-Tested)": {"sugprice": 6321.014999999999, "profit": 372, "limit": 5704, "timest": 1704791490}, "USP-S | Printstream (Minimal Wear)": {"sugprice": 4392.51, "profit": 342, "limit": 3964, "timest": 1704738218}, "\u2605 Paracord Knife | Forest DDPAT (Field-Tested)": {"sugprice": 7464.745, "profit": 356, "limit": 6736, "timest": 1704805288}, "USP-S | Printstream (Well-Worn)": {"sugprice": 2701.0740540540532, "profit": 143, "limit": 2437, "timest": 1704808669}, "\u2605 Hand Wraps | Constrictor (Field-Tested)": {"sugprice": 5045.783076923077, "profit": 242, "limit": 4553, "timest": 1704789789}, "\u2605 Gut Knife | Boreal Forest (Field-Tested)": {"sugprice": 7196.781176470588, "profit": 595, "limit": 6495, "timest": 1704808775}, "\u2605 Hand Wraps | Arboreal (Field-Tested)": {"sugprice": 5676.981538461538, "profit": 282, "limit": 5123, "timest": 1704808793}, "Vypa Sista of the Revolution | Guerrilla Warfare": {"sugprice": 1884.6794117647062, "profit": 230, "limit": 1700, "timest": 1704808695}, "\u2605 Gut Knife | Safari Mesh (Field-Tested)": {"sugprice": 7260.094545454546, "profit": 436, "limit": 6552, "timest": 1704808787}, "\u2605 Bloodhound Gloves | Guerrilla (Battle-Scarred)": {"sugprice": 6105.757647058823, "profit": 296, "limit": 5510, "timest": 1704791493}, "\u2605 Hand Wraps | Giraffe (Battle-Scarred)": {"sugprice": 5444, "profit": 277, "limit": 4913, "timest": 1704805209}, "\u2605 Hand Wraps | Duct Tape (Field-Tested)": {"sugprice": 5109.677692307692, "profit": 372, "limit": 4611, "timest": 1704808813}, "\u2605 Driver Gloves | Queen Jaguar (Field-Tested)": {"sugprice": 5892.0199999999995, "profit": 321, "limit": 5317, "timest": 1704801730}, "\u2605 Huntsman Knife | Ultraviolet (Field-Tested)": {"sugprice": 9934.456666666667, "profit": 488, "limit": 8965, "timest": 1704785030}, "\u2605 Moto Gloves | POW! (Battle-Scarred)": {"sugprice": 8403.082666666665, "profit": 582, "limit": 7583, "timest": 1704767384}, "\u2605 Gut Knife | Forest DDPAT (Field-Tested)": {"sugprice": 7705.068333333334, "profit": 619, "limit": 6953, "timest": 1704808779}, "\u2605 Survival Knife | Boreal Forest (Field-Tested)": {"sugprice": 7694.242222222221, "profit": 547, "limit": 6944, "timest": 1704797702}, "StatTrak\u2122 MP9 | Hypnotic (Factory New)": {"sugprice": 3358.2535294117647, "profit": 161, "limit": 3030, "timest": 1704804184}, "\u2605 Bloodhound Gloves | Guerrilla (Field-Tested)": {"sugprice": 6115.294878048779, "profit": 347, "limit": 5519, "timest": 1704808705}, "\u2605 Shadow Daggers | Bright Water (Field-Tested)": {"sugprice": 7536.063125000004, "profit": 358, "limit": 6801, "timest": 1704792501}, "\u2605 Hydra Gloves | Mangrove (Well-Worn)": {"sugprice": 4290, "profit": 314, "limit": 3871, "timest": 1704805229}, "\u2605 Hand Wraps | Arboreal (Battle-Scarred)": {"sugprice": 5178.058536585366, "profit": 405, "limit": 4673, "timest": 1704796131}, "\u2605 Hand Wraps | CAUTION! (Battle-Scarred)": {"sugprice": 13846.222666666668, "profit": 1050, "limit": 12496, "timest": 1704772647}, "\u2605 Shadow Daggers | Safari Mesh (Field-Tested)": {"sugprice": 6850.491904761906, "profit": 461, "limit": 6182, "timest": 1704808929}, "\u2605 Hand Wraps | Duct Tape (Battle-Scarred)": {"sugprice": 5107.86724137931, "profit": 296, "limit": 4609, "timest": 1704808811}, "\u2605 Specialist Gloves | Lt. Commander (Battle-Scarred)": {"sugprice": 9806.136666666665, "profit": 511, "limit": 8850, "timest": 1704800611}, "\u2605 Driver Gloves | Racing Green (Well-Worn)": {"sugprice": 4077.115357142857, "profit": 209, "limit": 3679, "timest": 1704760116}, "\u2605 Moto Gloves | Boom! (Battle-Scarred)": {"sugprice": 6998.222777777778, "profit": 505, "limit": 6315, "timest": 1704808851}, "StatTrak\u2122 MP7 | Bloodsport (Factory New)": {"sugprice": 1362.9554545454548, "profit": 180, "limit": 1230, "timest": 1704808502}, "\u2605 Hand Wraps | Badlands (Battle-Scarred)": {"sugprice": 7011.024285714286, "profit": 335, "limit": 6327, "timest": 1704749409}, "\u2605 Hydra Gloves | Rattler (Battle-Scarred)": {"sugprice": 3959, "profit": 360, "limit": 3572, "timest": 1704808839}, "\u2605 Driver Gloves | Overtake (Battle-Scarred)": {"sugprice": 6349.767567567567, "profit": 329, "limit": 5730, "timest": 1704800222}, "\u2605 Falchion Knife | Ultraviolet (Battle-Scarred)": {"sugprice": 9553.193913043478, "profit": 622, "limit": 8621, "timest": 1704808771}, "\u2605 Shadow Daggers | Damascus Steel (Field-Tested)": {"sugprice": 7722, "profit": 434, "limit": 6969, "timest": 1704805824}, "StatTrak\u2122 USP-S | The Traitor (Well-Worn)": {"sugprice": 1956.3808571428572, "profit": 124, "limit": 1765, "timest": 1704728834}, "\u2605 Navaja Knife | Night Stripe (Field-Tested)": {"sugprice": 6934.474074074074, "profit": 526, "limit": 6258, "timest": 1704808881}, "\u2605 Bloodhound Gloves | Snakebite (Field-Tested)": {"sugprice": 6083.285000000001, "profit": 373, "limit": 5490, "timest": 1704808707}, "\u2605 Paracord Knife | Scorched (Field-Tested)": {"sugprice": 7793.112857142857, "profit": 387, "limit": 7033, "timest": 1704808901}, "\u2605 Navaja Knife | Scorched (Field-Tested)": {"sugprice": 6925.992093023256, "profit": 365, "limit": 6250, "timest": 1704767527}, "\u2605 Driver Gloves | Convoy (Battle-Scarred)": {"sugprice": 6266.224583333333, "profit": 378, "limit": 5655, "timest": 1704808737}, "\u2605 Specialist Gloves | Buckshot (Battle-Scarred)": {"sugprice": 5169.982051282051, "profit": 330, "limit": 4665, "timest": 1704808937}, "StatTrak\u2122 Tec-9 | Decimator (Battle-Scarred)": {"sugprice": 1931, "profit": 103, "limit": 1742, "timest": 1704802774}, "\u2605 Moto Gloves | Smoke Out (Battle-Scarred)": {"sugprice": 7143.58, "profit": 353, "limit": 6447, "timest": 1704806968}, "\u2605 Gut Knife | Freehand (Field-Tested)": {"sugprice": 8493.944444444445, "profit": 718, "limit": 7665, "timest": 1704808781}, "USP-S | Whiteout (Minimal Wear)": {"sugprice": 2773.658125, "profit": 137, "limit": 2503, "timest": 1704805089}, "\u2605 Broken Fang Gloves | Yellow-banded (Field-Tested)": {"sugprice": 6189.398928571429, "profit": 327, "limit": 5585, "timest": 1704741940}, "\u2605 Moto Gloves | Blood Pressure (Battle-Scarred)": {"sugprice": 7745.978076923076, "profit": 486, "limit": 6990, "timest": 1704808849}, "\u2605 Navaja Knife | Ultraviolet (Field-Tested)": {"sugprice": 7143.326875000001, "profit": 381, "limit": 6446, "timest": 1704800516}, "StatTrak\u2122 USP-S | Monster Mashup (Battle-Scarred)": {"sugprice": 1710.815652173913, "profit": 115, "limit": 1544, "timest": 1704808591}, "\u2605 Bloodhound Gloves | Bronzed (Battle-Scarred)": {"sugprice": 6156, "profit": 361, "limit": 5555, "timest": 1704808699}, "\u2605 Moto Gloves | Turtle (Battle-Scarred)": {"sugprice": 8115.252142857142, "profit": 464, "limit": 7324, "timest": 1704744079}, "\u2605 Specialist Gloves | Fade (Battle-Scarred)": {"sugprice": 14996.553684210527, "profit": 724, "limit": 13534, "timest": 1704737277}, "\u2605 Survival Knife | Safari Mesh (Field-Tested)": {"sugprice": 7313.89625, "profit": 447, "limit": 6600, "timest": 1704797705}, "StatTrak\u2122 USP-S | Blueprint (Battle-Scarred)": {"sugprice": 1183.24, "profit": 110, "limit": 1067, "timest": 1704808574}, "\u2605 Shadow Daggers | Freehand (Field-Tested)": {"sugprice": 8800, "profit": 699, "limit": 7942, "timest": 1704808919}, "\u2605 Navaja Knife | Urban Masked (Field-Tested)": {"sugprice": 6772.830000000001, "profit": 364, "limit": 6112, "timest": 1704808895}, "\u2605 Driver Gloves | Rezan the Red (Battle-Scarred)": {"sugprice": 6522.428947368422, "profit": 381,