{"USP-S | Kill Confirmed (Well-Worn)": {"sugprice": 3133.4843243243245, "profit": 222, "limit": 2827, "timest": 1701782321}, "\u2605 Hydra Gloves | Rattler (Field-Tested)": {"sugprice": 4187.5389583333335, "profit": 213, "limit": 3779, "timest": 1701781457}, "\u2605 Moto Gloves | Transport (Battle-Scarred)": {"sugprice": 5461.240454545456, "profit": 462, "limit": 4928, "timest": 1701782945}, "\u2605 Broken Fang Gloves | Unhinged (Battle-Scarred)": {"sugprice": 5052, "profit": 280, "limit": 4559, "timest": 1701782542}, "USP-S | Neo-Noir (Well-Worn)": {"sugprice": 1507.4893333333334, "profit": 101, "limit": 1360, "timest": 1701771192}, "StatTrak\u2122 SSG 08 | Dragonfire (Field-Tested)": {"sugprice": 3179.5474193548384, "profit": 166, "limit": 2869, "timest": 1701782118}, "\u2605 Bloodhound Gloves | Guerrilla (Field-Tested)": {"sugprice": 6138, "profit": 335, "limit": 5539, "timest": 1701782434}, "\u2605 Hand Wraps | Desert Shamagh (Well-Worn)": {"sugprice": 5069.752999999999, "profit": 258, "limit": 4575, "timest": 1701782872}, "StatTrak\u2122 USP-S | The Traitor (Battle-Scarred)": {"sugprice": 2075.305106382979, "profit": 222, "limit": 1872, "timest": 1701782246}, "\u2605 Moto Gloves | Turtle (Battle-Scarred)": {"sugprice": 8076.875714285712, "profit": 387, "limit": 7289, "timest": 1701770732}, "StatTrak\u2122 USP-S | Monster Mashup (Field-Tested)": {"sugprice": 1823, "profit": 112, "limit": 1645, "timest": 1701770364}, "\u2605 Bloodhound Gloves | Bronzed (Field-Tested)": {"sugprice": 6455.213809523811, "profit": 336, "limit": 5825, "timest": 1701782427}, "\u2605 Hydra Gloves | Emerald (Battle-Scarred)": {"sugprice": 4732.6925, "profit": 242, "limit": 4271, "timest": 1701716804}, "\u2605 Moto Gloves | Blood Pressure (Battle-Scarred)": {"sugprice": 8711, "profit": 440, "limit": 7861, "timest": 1701773570}, "\u2605 Hand Wraps | Duct Tape (Battle-Scarred)": {"sugprice": 5162, "profit": 280, "limit": 4658, "timest": 1701775231}, "\u2605 Gut Knife | Safari Mesh (Field-Tested)": {"sugprice": 7356.6213333333335, "profit": 438, "limit": 6639, "timest": 1701782824}, "\u2605 Gut Knife | Freehand (Field-Tested)": {"sugprice": 9040.085454545455, "profit": 538, "limit": 8158, "timest": 1701713294}, "USP-S | Neo-Noir (Factory New)": {"sugprice": 3279.0449999999996, "profit": 281, "limit": 2959, "timest": 1701782333}, "\u2605 Driver Gloves | Convoy (Field-Tested)": {"sugprice": 6431.7894444444455, "profit": 356, "limit": 5804, "timest": 1701774232}, "\u2605 Hand Wraps | Constrictor (Well-Worn)": {"sugprice": 4972.001176470589, "profit": 295, "limit": 4487, "timest": 1701782867}, "\u2605 Shadow Daggers | Damascus Steel (Field-Tested)": {"sugprice": 7918, "profit": 562, "limit": 7145, "timest": 1701783009}, "\u2605 Hydra Gloves | Mangrove (Field-Tested)": {"sugprice": 4326.39, "profit": 206, "limit": 3904, "timest": 1701763108}, "USP-S | The Traitor (Minimal Wear)": {"sugprice": 1392.5606451612903, "profit": 101, "limit": 1256, "timest": 1701702435}, "\u2605 Specialist Gloves | Fade (Battle-Scarred)": {"sugprice": 14606.07, "profit": 764, "limit": 13181, "timest": 1701753536}, "\u2605 Shadow Daggers | Autotronic (Field-Tested)": {"sugprice": 9417.873000000001, "profit": 496, "limit": 8499, "timest": 1701769167}, "USP-S | Kill Confirmed (Battle-Scarred)": {"sugprice": 3130.8265306122444, "profit": 193, "limit": 2825, "timest": 1701753102}, "\u2605 Broken Fang Gloves | Needle Point (Field-Tested)": {"sugprice": 5074.234285714286, "profit": 250, "limit": 4579, "timest": 1701777526}, "USP-S | Orion (Field-Tested)": {"sugprice": 3973, "profit": 313, "limit": 3585, "timest": 1701782352}, "\u2605 Hand Wraps | Desert Shamagh (Field-Tested)": {"sugprice": 5137.2127272727275, "profit": 279, "limit": 4636, "timest": 1701782870}, "\u2605 Hydra Gloves | Rattler (Battle-Scarred)": {"sugprice": 4139.305476190477, "profit": 201, "limit": 3735, "timest": 1701780044}, "Tec-9 | Nuclear Threat (Battle-Scarred)": {"sugprice": 3060.08, "profit": 224, "limit": 2761, "timest": 1701721670}, "USP-S | Purple DDPAT (Minimal Wear)": {"sugprice": 1035.9779999999998, "profit": 131, "limit": 934, "timest": 1701782380}, "\u2605 Broken Fang Gloves | Yellow-banded (Field-Tested)": {"sugprice": 6239.851666666666, "profit": 307, "limit": 5631, "timest": 1701769751}, "\u2605 Falchion Knife | Rust Coat (Battle-Scarred)": {"sugprice": 8376.462, "profit": 457, "limit": 7559, "timest": 1701722157}, "StatTrak\u2122 M4A4 | Buzz Kill (Field-Tested)": {"sugprice": 2042.6653846153847, "profit": 166, "limit": 1843, "timest": 1701776909}, "StatTrak\u2122 M4A4 | Desert-Strike (Field-Tested)": {"sugprice": 1496.2484848484844, "profit": 100, "limit": 1350, "timest": 1701761397}, "StatTrak\u2122 M4A4 | In Living Color (Battle-Scarred)": {"sugprice": 1252.7472727272725, "profit": 129, "limit": 1130, "timest": 1701762487}, "StatTrak\u2122 M4A4 | Neo-Noir (Well-Worn)": {"sugprice": 1010.9566666666669, "profit": 122, "limit": 912, "timest": 1701781921}, "StatTrak\u2122 M4A4 | \u9f8d\u738b (Dragon King) (Field-Tested)": {"sugprice": 1547.1235714285715, "profit": 106, "limit": 1396, "timest": 1701758831}, "StatTrak\u2122 USP-S | Monster Mashup (Battle-Scarred)": {"sugprice": 1828, "profit": 113, "limit": 1649, "timest": 1701771097}, "\u2605 Bloodhound Gloves | Bronzed (Battle-Scarred)": {"sugprice": 6411.208333333333, "profit": 408, "limit": 5786, "timest": 1701782424}, "StatTrak\u2122 M4A4 | Cyber Security (Well-Worn)": {"sugprice": 1540.3425000000002, "profit": 113, "limit": 1390, "timest": 1701705730}, "\u2605 Navaja Knife | Marble Fade (Factory New)": {"sugprice": 15996.533333333333, "profit": 821, "limit": 14436, "timest": 1701733928}, "\u2605 Shadow Daggers | Scorched (Field-Tested)": {"sugprice": 6930, "profit": 482, "limit": 6254, "timest": 1701783019}, "StatTrak\u2122 M4A4 | The Battlestar (Field-Tested)": {"sugprice": 1460.621111111111, "profit": 140, "limit": 1318, "timest": 1701781967}, "\u2605 Navaja Knife | Ultraviolet (Field-Tested)": {"sugprice": 7235.415454545454, "profit": 407, "limit": 6529, "timest": 1701782970}, "\u2605 Shadow Daggers | Marble Fade (Factory New)": {"sugprice": 14692.855454545452, "profit": 758, "limit": 13260, "timest": 1701713856}, "StatTrak\u2122 M4A4 | The Emperor (Battle-Scarred)": {"sugprice": 2758.482702702702, "profit": 202, "limit": 2489, "timest": 1701781971}, "USP-S | Whiteout (Minimal Wear)": {"sugprice": 2708.5860000000002, "profit": 136, "limit": 2444, "timest": 1701725157}, "\u2605 Bowie Knife | Rust Coat (Battle-Scarred)": {"sugprice": 8382.386, "profit": 464, "limit": 7565, "timest": 1701782441}, "\u2605 Driver Gloves | Racing Green (Field-Tested)": {"sugprice": 3984.746326530613, "profit": 285, "limit": 3596, "timest": 1701782583}, "\u2605 Gut Knife | Scorched (Field-Tested)": {"sugprice": 7332.465384615386, "profit": 364, "limit": 6617, "timest": 1701708738}, "StatTrak\u2122 M4A4 | Temukau (Battle-Scarred)": {"sugprice": 2392.281276595744, "profit": 138, "limit": 2159, "timest": 1701781963}, "\u2605 Hand Wraps | Constrictor (Battle-Scarred)": {"sugprice": 4949.020869565216, "profit": 401, "limit": 4466, "timest": 1701782853}, "\u2605 Shadow Daggers | Black Laminate (Well-Worn)": {"sugprice": 7462.666666666666, "profit": 374, "limit": 6735, "timest": 1701771603}, "USP-S | Monster Mashup (Minimal Wear)": {"sugprice": 1927, "profit": 102, "limit": 1739, "timest": 1701780914}, "\u2605 Shadow Daggers | Freehand (Field-Tested)": {"sugprice": 9228, "profit": 685, "limit": 8328, "timest": 1701783012}, "\u2605 Huntsman Knife | Bright Water (Field-Tested)": {"sugprice": 10444.223333333335, "profit": 532, "limit": 9425, "timest": 1701775238}, "\u2605 Bloodhound Gloves | Guerrilla (Battle-Scarred)": {"sugprice": 6259.139375, "profit": 444, "limit": 5648, "timest": 1701782432}, "\u2605 Driver Gloves | Convoy (Battle-Scarred)": {"sugprice": 6331.832380952383, "profit": 354, "limit": 5714, "timest": 1701782555},