{"USP-S | Kill Confirmed (Well-Worn)": {"sugprice": 2996.646764705883, "profit": 242, "limit": 2704, "timest": 1700441051}, "USP-S | Overgrowth (Field-Tested)": {"sugprice": 1817.187222222222, "profit": 101, "limit": 1640, "timest": 1700382708}, "\u2605 Navaja Knife | Scorched (Field-Tested)": {"sugprice": 6577.652916666667, "profit": 367, "limit": 5936, "timest": 1700441443}, "\u2605 Driver Gloves | Racing Green (Battle-Scarred)": {"sugprice": 4066.9357446808513, "profit": 307, "limit": 3670, "timest": 1700441196}, "StatTrak\u2122 M4A4 | The Emperor (Battle-Scarred)": {"sugprice": 2295.248461538462, "profit": 180, "limit": 2071, "timest": 1700440889}, "StatTrak\u2122 USP-S | The Traitor (Well-Worn)": {"sugprice": 2117.7778947368424, "profit": 256, "limit": 1911, "timest": 1700441017}, "USP-S | Whiteout (Minimal Wear)": {"sugprice": 2737.638636363636, "profit": 229, "limit": 2470, "timest": 1700441101}, "\u2605 Broken Fang Gloves | Needle Point (Battle-Scarred)": {"sugprice": 5206.854074074074, "profit": 326, "limit": 4699, "timest": 1700401727}, "\u2605 Broken Fang Gloves | Needle Point (Field-Tested)": {"sugprice": 5826.4437499999985, "profit": 501, "limit": 5258, "timest": 1700441117}, "\u2605 Driver Gloves | Racing Green (Well-Worn)": {"sugprice": 4110.422727272728, "profit": 376, "limit": 3709, "timest": 1700441200}, "\u2605 Hand Wraps | Constrictor (Battle-Scarred)": {"sugprice": 4841.990769230768, "profit": 272, "limit": 4369, "timest": 1700441238}, "\u2605 Hydra Gloves | Rattler (Field-Tested)": {"sugprice": 4125.909500000001, "profit": 360, "limit": 3723, "timest": 1700441349}, "\u2605 Moto Gloves | Finish Line (Battle-Scarred)": {"sugprice": 6862.727647058822, "profit": 488, "limit": 6193, "timest": 1700441358}, "\u2605 Navaja Knife | Forest DDPAT (Field-Tested)": {"sugprice": 6906.919655172414, "profit": 435, "limit": 6233, "timest": 1700433808}, "\u2605 Navaja Knife | Safari Mesh (Field-Tested)": {"sugprice": 7161.006666666667, "profit": 490, "limit": 6462, "timest": 1700441435}, "\u2605 Shadow Daggers | Bright Water (Field-Tested)": {"sugprice": 7240.399545454545, "profit": 475, "limit": 6534, "timest": 1700416483}, "\u2605 Shadow Daggers | Rust Coat (Battle-Scarred)": {"sugprice": 6652.374444444444, "profit": 439, "limit": 6003, "timest": 1700441484}, "\u2605 Broken Fang Gloves | Yellow-banded (Field-Tested)": {"sugprice": 6361.353076923077, "profit": 517, "limit": 5741, "timest": 1700441138}, "Vypa Sista of the Revolution | Guerrilla Warfare": {"sugprice": 1593.8954545454544, "profit": 132, "limit": 1438, "timest": 1700441103}, "StatTrak\u2122 M4A4 | \u9f8d\u738b (Dragon King) (Battle-Scarred)": {"sugprice": 1459.7947619047618, "profit": 168, "limit": 1317, "timest": 1700440914}, "\u2605 Hydra Gloves | Mangrove (Battle-Scarred)": {"sugprice": 4067.37947368421, "profit": 335, "limit": 3670, "timest": 1700441313}, "USP-S | Monster Mashup (Minimal Wear)": {"sugprice": 1834.9660000000003, "profit": 110, "limit": 1656, "timest": 1700426253}, "\u2605 Hydra Gloves | Mangrove (Well-Worn)": {"sugprice": 4319.074117647058, "profit": 300, "limit": 3897, "timest": 1700441328}, "\u2605 Shadow Daggers | Scorched (Field-Tested)": {"sugprice": 7117.507500000001, "profit": 501, "limit": 6423, "timest": 1700441489}, "StatTrak\u2122 M4A4 | Desolate Space (Battle-Scarred)": {"sugprice": 1247.5520000000001, "profit": 130, "limit": 1125, "timest": 1700440779}, "StatTrak\u2122 P90 | Asiimov (Battle-Scarred)": {"sugprice": 1461.7115624999997, "profit": 131, "limit": 1319, "timest": 1700440959}, "\u2605 Hand Wraps | Desert Shamagh (Field-Tested)": {"sugprice": 4995.491538461539, "profit": 465, "limit": 4508, "timest": 1700441274}, "\u2605 Gut Knife | Forest DDPAT (Field-Tested)": {"sugprice": 7499.583636363637, "profit": 634, "limit": 6768, "timest": 1700441211}, "\u2605 Moto Gloves | Transport (Battle-Scarred)": {"sugprice": 5367.53, "profit": 409, "limit": 4844, "timest": 1700441410}, "USP-S | The Traitor (Minimal Wear)": {"sugprice": 1407.1871428571428, "profit": 135, "limit": 1269, "timest": 1700441095}, "USP-S | Printstream (Well-Worn)": {"sugprice": 2638.597368421053, "profit": 222, "limit": 2381, "timest": 1700441079}, "\u2605 Driver Gloves | Racing Green (Field-Tested)": {"sugprice": 4083.572040816326, "profit": 242, "limit": 3685, "timest": 1700441198}, "\u2605 Hand Wraps | Duct Tape (Field-Tested)": {"sugprice": 5430.801818181818, "profit": 554, "limit": 4901, "timest": 1700441289}, "USP-S | Monster Mashup (Well-Worn)": {"sugprice": 1300.3175, "profit": 113, "limit": 1173, "timest": 1700441059}, "\u2605 Broken Fang Gloves | Unhinged (Battle-Scarred)": {"sugprice": 5059.402222222221, "profit": 547, "limit": 4566, "timest": 1700441121}, "\u2605 Hand Wraps | Arboreal (Field-Tested)": {"sugprice": 5789.5162500000015, "profit": 535, "limit": 5225, "timest": 1700441227}, "USP-S | Kill Confirmed (Battle-Scarred)": {"sugprice": 2867.4383720930227, "profit": 147, "limit": 2587, "timest": 1700439877}, "USP-S | Serum (Field-Tested)": {"sugprice": 3403.4272222222226, "profit": 278, "limit": 3071, "timest": 1700441087}, "\u2605 Hand Wraps | Giraffe (Battle-Scarred)": {"sugprice": 5701, "profit": 544, "limit": 5145, "timest": 1700441303}, "USP-S | Neo-Noir (Well-Worn)": {"sugprice": 1508.0852941176472, "profit": 162, "limit": 1361, "timest": 1700441065}, "\u2605 Survival Knife | Safari Mesh (Field-Tested)": {"sugprice": 7787.131333333334, "profit": 542, "limit": 7027, "timest": 1700441551}, "\u2605 Hydra Gloves | Case Hardened (Field-Tested)": {"sugprice": 8073.998888888889, "profit": 513, "limit": 7286, "timest": 1700437372}, "\u2605 Gut Knife | Rust Coat (Battle-Scarred)": {"sugprice": 8028.228571428574, "profit": 722, "limit": 7245, "timest": 1700441213}, "\u2605 Moto Gloves | Smoke Out (Battle-Scarred)": {"sugprice": 6939.17304347826, "profit": 792, "limit": 6262, "timest": 1700441388}, "\u2605 Hydra Gloves | Rattler (Battle-Scarred)": {"sugprice": 4163.401714285715, "profit": 287, "limit": 3757, "timest": 1700441344}, "StatTrak\u2122 SSG 08 | Dragonfire (Field-Tested)": {"sugprice": 3413.731052631579, "profit": 379, "limit": 3080, "timest": 1700440975}, "\u2605 Specialist Gloves | Forest DDPAT (Battle-Scarred)": {"sugprice": 8020.819444444446, "profit": 768, "limit": 7238, "timest": 1700432305}, "StatTrak\u2122 M4A4 | Desert-Strike (Field-Tested)": {"sugprice": 1324.8638461538458, "profit": 162, "limit": 1195, "timest": 1700440762}, "\u2605 Broken Fang Gloves | Jade (Battle-Scarred)": {"sugprice": 7284.9977777777785, "profit": 820, "limit": 6574, "timest": 1700441113}, "StatTrak\u2122 M4A4 | Temukau (Battle-Scarred)": {"sugprice": 2462.246428571428, "profit": 148, "limit": 2222, "timest": 1700440872}, "\u2605 Hydra Gloves | Rattler (Well-Worn)": {"sugprice": 5074.963636363636, "profit": 424, "limit": 4580, "timest": 1700441352}, "StatTrak\u2122 USP-S | Neo-Noir (Field-Tested)": {"sugprice": 3043.8541666666665, "profit": 304, "limit": 2747, "timest": 1700441009}, "USP-S | Whiteout (Battle-Scarred)": {"sugprice": 1675.5235999999998, "profit": 130, "limit": 1512, "timest": 1700385834}, "\u2605 Bloodhound Gloves | Guerrilla (Field-Tested)": {"sugprice": 5932.502941176472, "profit": 385, "limit": 5354, "timest": 1700441109}, "\u2605 Broken Fang Gloves | Unhinged (Well-Worn)": {"sugprice": 5049.967142857144, "profit": 486, "limit": 4557, "timest": 1700426499}, "\u2605 Gut Knife | Boreal Forest (Field-Tested)": {"sugprice": 7188.58, "profit": 655, "limit": 6487, "timest": 1700441205}, "\u2605 Gut Knife | Bright Water (Field-Tested)": {"sugprice": 8286.589999999998, "profit": 896, "limit": 7478, "timest": 1700441207}, "\u2605 Gut Knife | Safari Mesh (Field-Tested)": {"sugprice": 6981.953529411764, "profit": 334, "limit": 6301, "timest": 1700394071}, "\u2605 Hand Wraps | Arboreal (Well-Worn)": {"sugprice": 5771.95, "profit": 472, "limit": 5209, "timest": 1700422258}, "\u2605 Hand Wraps | Constrictor (Field-Tested)": {"sugprice": 5124.1615624999995, "profit": 730,