{"USP-S | Kill Confirmed (Well-Worn)": {"sugprice": 2939, "profit": 180, "limit": 2652, "timest": 1701174813}, "\u2605 Navaja Knife | Scorched (Field-Tested)": {"sugprice": 6734.221034482758, "profit": 405, "limit": 6077, "timest": 1701174986}, "\u2605 Driver Gloves | Racing Green (Battle-Scarred)": {"sugprice": 3658.4351020408167, "profit": 258, "limit": 3301, "timest": 1701174890}, "\u2605 Driver Gloves | Racing Green (Well-Worn)": {"sugprice": 3736.670333333333, "profit": 279, "limit": 3372, "timest": 1701174892}, "\u2605 Hydra Gloves | Rattler (Field-Tested)": {"sugprice": 4016.8180000000007, "profit": 205, "limit": 3625, "timest": 1701172626}, "\u2605 Navaja Knife | Forest DDPAT (Field-Tested)": {"sugprice": 6771.243043478261, "profit": 335, "limit": 6111, "timest": 1701130363}, "\u2605 Shadow Daggers | Bright Water (Field-Tested)": {"sugprice": 7215, "profit": 386, "limit": 6511, "timest": 1701175006}, "\u2605 Shadow Daggers | Rust Coat (Battle-Scarred)": {"sugprice": 6817.457407407406, "profit": 491, "limit": 6152, "timest": 1701175014}, "\u2605 Broken Fang Gloves | Yellow-banded (Field-Tested)": {"sugprice": 6323.219333333333, "profit": 394, "limit": 5706, "timest": 1701174880}, "\u2605 Hydra Gloves | Mangrove (Battle-Scarred)": {"sugprice": 3909.967708333335, "profit": 239, "limit": 3528, "timest": 1701174942}, "\u2605 Hydra Gloves | Mangrove (Well-Worn)": {"sugprice": 3940.286666666667, "profit": 241, "limit": 3556, "timest": 1701174946}, "StatTrak\u2122 P90 | Asiimov (Battle-Scarred)": {"sugprice": 1486.4309090909092, "profit": 128, "limit": 1341, "timest": 1701090908}, "\u2605 Hand Wraps | Desert Shamagh (Field-Tested)": {"sugprice": 4845.388888888889, "profit": 340, "limit": 4372, "timest": 1701174924}, "\u2605 Moto Gloves | Transport (Battle-Scarred)": {"sugprice": 5176.623488372093, "profit": 272, "limit": 4671, "timest": 1701174966}, "USP-S | The Traitor (Minimal Wear)": {"sugprice": 1335.2545161290323, "profit": 120, "limit": 1205, "timest": 1701174856}, "USP-S | Printstream (Well-Worn)": {"sugprice": 2682.2125, "profit": 298, "limit": 2420, "timest": 1701174843}, "\u2605 Hand Wraps | Duct Tape (Field-Tested)": {"sugprice": 5130.68857142857, "profit": 287, "limit": 4630, "timest": 1701174930}, "\u2605 Broken Fang Gloves | Unhinged (Battle-Scarred)": {"sugprice": 5157.0742553191485, "profit": 445, "limit": 4654, "timest": 1701174874}, "\u2605 Hand Wraps | Arboreal (Field-Tested)": {"sugprice": 5544.390588235294, "profit": 352, "limit": 5003, "timest": 1701174914}, "\u2605 Hand Wraps | Giraffe (Battle-Scarred)": {"sugprice": 6262.593684210526, "profit": 669, "limit": 5651, "timest": 1701174932}, "USP-S | Neo-Noir (Well-Worn)": {"sugprice": 1463.5523076923077, "profit": 183, "limit": 1320, "timest": 1701174823}, "\u2605 Moto Gloves | Smoke Out (Battle-Scarred)": {"sugprice": 6969.325000000001, "profit": 433, "limit": 6289, "timest": 1701174964}, "\u2605 Hydra Gloves | Rattler (Battle-Scarred)": {"sugprice": 3951.5154, "profit": 301, "limit": 3566, "timest": 1701174948}, "StatTrak\u2122 SSG 08 | Dragonfire (Field-Tested)": {"sugprice": 3177.2378260869555, "profit": 284, "limit": 2867, "timest": 1701174632}, "StatTrak\u2122 USP-S | Neo-Noir (Field-Tested)": {"sugprice": 3168, "profit": 300, "limit": 2859, "timest": 1701174724}, "\u2605 Bloodhound Gloves | Guerrilla (Field-Tested)": {"sugprice": 6023.364117647058, "profit": 411, "limit": 5436, "timest": 1701174862}, "\u2605 Gut Knife | Bright Water (Field-Tested)": {"sugprice": 8200.166875, "profit": 568, "limit": 7400, "timest": 1701174900}, "\u2605 Hand Wraps | Constrictor (Field-Tested)": {"sugprice": 4927.9676666666655, "profit": 311, "limit": 4447, "timest": 1701174918}, "\u2605 Hand Wraps | Desert Shamagh (Well-Worn)": {"sugprice": 4770.250000000001, "profit": 378, "limit": 4305, "timest": 1701174926}, "\u2605 Navaja Knife | Night Stripe (Field-Tested)": {"sugprice": 6675.757692307691, "profit": 427, "limit": 6024, "timest": 1701174980}, "\u2605 Navaja Knife | Urban Masked (Field-Tested)": {"sugprice": 6826.864545454547, "profit": 329, "limit": 6161, "timest": 1701099095}, "\u2605 Survival Knife | Scorched (Field-Tested)": {"sugprice": 7655.792857142857, "profit": 365, "limit": 6909, "timest": 1701175032}, "\u2605 Moto Gloves | 3rd Commando Company (Field-Tested)": {"sugprice": 5570.165416666668, "profit": 391, "limit": 5027, "timest": 1701174954}, "StatTrak\u2122 USP-S | Neo-Noir (Battle-Scarred)": {"sugprice": 3025.0049999999997, "profit": 147, "limit": 2730, "timest": 1701117422}, "StatTrak\u2122 USP-S | The Traitor (Battle-Scarred)": {"sugprice": 1854.7993478260876, "profit": 117, "limit": 1673, "timest": 1701174749}, "USP-S | Neo-Noir (Minimal Wear)": {"sugprice": 1525.2287499999998, "profit": 107, "limit": 1376, "timest": 1701165330}, "USP-S | Kill Confirmed (Field-Tested)": {"sugprice": 3211.013928571428, "profit": 161, "limit": 2897, "timest": 1701169907}, "\u2605 Driver Gloves | Queen Jaguar (Battle-Scarred)": {"sugprice": 5315.24875, "profit": 314, "limit": 4797, "timest": 1701174888}, "\u2605 Hand Wraps | Desert Shamagh (Battle-Scarred)": {"sugprice": 4835.497352941175, "profit": 275, "limit": 4364, "timest": 1701174922}, "\u2605 Shadow Daggers | Freehand (Field-Tested)": {"sugprice": 8347.36846153846, "profit": 429, "limit": 7533, "timest": 1701118486}, "\u2605 Specialist Gloves | Buckshot (Battle-Scarred)": {"sugprice": 4871.804090909091, "profit": 263, "limit": 4396, "timest": 1701151594}, "USP-S | Orion (Minimal Wear)": {"sugprice": 3882.6424999999986, "profit": 222, "limit": 3504, "timest": 1701174829}, "USP-S | Caiman (Field-Tested)": {"sugprice": 3193.5933333333323, "profit": 269, "limit": 2882, "timest": 1701174804}, "\u2605 Sport Gloves | Bronze Morph (Battle-Scarred)": {"sugprice": 9760.856363636365, "profit": 470, "limit": 8809, "timest": 1701172879}, "\u2605 Bloodhound Gloves | Guerrilla (Battle-Scarred)": {"sugprice": 6034.554285714287, "profit": 288, "limit": 5446, "timest": 1701161034}, "\u2605 Moto Gloves | Turtle (Battle-Scarred)": {"sugprice": 7623, "profit": 531, "limit": 6879, "timest": 1701174970}, "\u2605 Hand Wraps | Arboreal (Battle-Scarred)": {"sugprice": 5002, "profit": 263, "limit": 4514, "timest": 1701174912}, "\u2605 Broken Fang Gloves | Yellow-banded (Battle-Scarred)": {"sugprice": 5676.8045999999995, "profit": 446, "limit": 5123, "timest": 1701174878}, "StatTrak\u2122 USP-S | Printstream (Battle-Scarred)": {"sugprice": 4387.88306122449, "profit": 389, "limit": 3960, "timest": 1701174726}, "USP-S | Overgrowth (Field-Tested)": {"sugprice": 1636, "profit": 126, "limit": 1476, "timest": 1701174831}, "StatTrak\u2122 USP-S | Stainless (Battle-Scarred)": {"sugprice": 1015.2336666666669, "profit": 101, "limit": 916, "timest": 1701174734}, "\u2605 Broken Fang Gloves | Needle Point (Battle-Scarred)": {"sugprice": 5026.0826, "profit": 274, "limit": 4536, "timest": 1701174868}, "StatTrak\u2122 P250 | Muertos (Field-Tested)": {"sugprice": 1046.7418518518518, "profit": 144, "limit": 944, "timest": 1701174572}, "StatTrak\u2122 P90 | Blind Spot (Field-Tested)": {"sugprice": 1262, "profit": 320, "limit": 1138, "timest": 1701148678}, "StatTrak\u2122 USP-S | Monster Mashup (Field-Tested)": {"sugprice": 1740.7476470588235, "profit": 106, "limit": 1571, "timest": 1701173411}, "Tec-9 | Nuclear Threat (Battle-Scarred)": {"sugprice": 3035.937272727273, "profit": 326, "limit": 2739, "timest": 1701174781}, "USP-S | Orion (Factory New)": {"sugprice": 4026.4613636363642, "profit": 298, "limit": 3633, "timest": 1701174825}, "\u2605 Bloodhound Gloves | Bronzed (Field-Tested)": {"sugprice": 6287.254347826087, "profit": 410, "limit": 5674, "timest": 1701174858}, "\u2605 Gut Knife | Scorched (Field-Tested)": {"sugprice": 7424, "profit": 422, "limit": 6700, "timest": 1701174910}, "\u2605 Hydra Gloves | Emerald (Battle-Scarred)": {"sugprice": 4572.257999999999, "profit": 343, "limit": 4126, "timest": 1701174938},