{"StatTrak\u2122 M4A4 | The Emperor (Battle-Scarred)": {"sugprice": 2693.5228260869567, "profit": 225, "limit": 2430, "timest": 1702824464}, "StatTrak\u2122 M4A4 | \u9f8d\u738b (Dragon King) (Field-Tested)": {"sugprice": 1545.6835, "profit": 142, "limit": 1394, "timest": 1702824485}, "StatTrak\u2122 MAC-10 | Toybox (Battle-Scarred)": {"sugprice": 589.9725000000001, "profit": 114, "limit": 532, "timest": 1702824492}, "StatTrak\u2122 MP7 | Bloodsport (Factory New)": {"sugprice": 1374.5783333333331, "profit": 136, "limit": 1240, "timest": 1702824494}, "StatTrak\u2122 MP9 | Hypnotic (Factory New)": {"sugprice": 3486.721627906976, "profit": 328, "limit": 3146, "timest": 1702824507}, "StatTrak\u2122 P90 | Asiimov (Battle-Scarred)": {"sugprice": 1507.2972413793104, "profit": 167, "limit": 1360, "timest": 1702824528}, "StatTrak\u2122 PP-Bizon | Judgement of Anubis (Field-Tested)": {"sugprice": 1003.9460714285714, "profit": 110, "limit": 906, "timest": 1702824532}, "StatTrak\u2122 SSG 08 | Bloodshot (Field-Tested)": {"sugprice": 2009.6985714285713, "profit": 190, "limit": 1813, "timest": 1702824540}, "StatTrak\u2122 Tec-9 | Decimator (Battle-Scarred)": {"sugprice": 1869.23875, "profit": 102, "limit": 1686, "timest": 1702824554}, "StatTrak\u2122 USP-S | Neo-Noir (Battle-Scarred)": {"sugprice": 3058.232647058823, "profit": 153, "limit": 2760, "timest": 1702820547}, "StatTrak\u2122 USP-S | Neo-Noir (Field-Tested)": {"sugprice": 3145.325555555555, "profit": 220, "limit": 2838, "timest": 1702824573}, "StatTrak\u2122 USP-S | The Traitor (Battle-Scarred)": {"sugprice": 2117.3846000000003, "profit": 144, "limit": 1910, "timest": 1702824579}, "Tec-9 | Nuclear Threat (Battle-Scarred)": {"sugprice": 3458.12125, "profit": 429, "limit": 3120, "timest": 1702824584}, "USP-S | Kill Confirmed (Battle-Scarred)": {"sugprice": 3123.3526000000006, "profit": 222, "limit": 2818, "timest": 1702800437}, "USP-S | Kill Confirmed (Well-Worn)": {"sugprice": 3108.7090243902444, "profit": 152, "limit": 2805, "timest": 1702821614}, "USP-S | Neo-Noir (Factory New)": {"sugprice": 3182.300434782608, "profit": 204, "limit": 2872, "timest": 1702824620}, "USP-S | The Traitor (Minimal Wear)": {"sugprice": 1428.062, "profit": 106, "limit": 1288, "timest": 1702792612}, "\u2605 Bloodhound Gloves | Bronzed (Battle-Scarred)": {"sugprice": 6357.793333333332, "profit": 407, "limit": 5737, "timest": 1702782834}, "\u2605 Bloodhound Gloves | Guerrilla (Battle-Scarred)": {"sugprice": 6085.2283333333335, "profit": 332, "limit": 5491, "timest": 1702824663}, "\u2605 Broken Fang Gloves | Needle Point (Battle-Scarred)": {"sugprice": 4953.958260869565, "profit": 240, "limit": 4470, "timest": 1702800945}, "\u2605 Broken Fang Gloves | Needle Point (Well-Worn)": {"sugprice": 5015.625, "profit": 264, "limit": 4526, "timest": 1702824681}, "\u2605 Broken Fang Gloves | Yellow-banded (Battle-Scarred)": {"sugprice": 6002.1046153846155, "profit": 362, "limit": 5416, "timest": 1702822500}, "\u2605 Broken Fang Gloves | Yellow-banded (Field-Tested)": {"sugprice": 6248.705625, "profit": 301, "limit": 5639, "timest": 1702750691}, "\u2605 Driver Gloves | Convoy (Field-Tested)": {"sugprice": 6295.251724137932, "profit": 311, "limit": 5681, "timest": 1702824690}, "\u2605 Driver Gloves | Diamondback (Battle-Scarred)": {"sugprice": 6765.53, "profit": 485, "limit": 6105, "timest": 1702824692}, "\u2605 Driver Gloves | Queen Jaguar (Battle-Scarred)": {"sugprice": 5246, "profit": 255, "limit": 4734, "timest": 1702824696}, "\u2605 Falchion Knife | Rust Coat (Battle-Scarred)": {"sugprice": 8493.842142857144, "profit": 617, "limit": 7665, "timest": 1702824708}, "\u2605 Falchion Knife | Ultraviolet (Battle-Scarred)": {"sugprice": 9934.334444444445, "profit": 576, "limit": 8965, "timest": 1702824710}, "\u2605 Gut Knife | Bright Water (Field-Tested)": {"sugprice": 8730.738333333333, "profit": 693, "limit": 7879, "timest": 1702824152}, "\u2605 Hand Wraps | Arboreal (Field-Tested)": {"sugprice": 5981.493333333332, "profit": 297, "limit": 5398, "timest": 1702824728}, "\u2605 Hand Wraps | Badlands (Battle-Scarred)": {"sugprice": 7286.412499999999, "profit": 368, "limit": 6575, "timest": 1702824731}, "\u2605 Hand Wraps | Desert Shamagh (Battle-Scarred)": {"sugprice": 5048.176808510639, "profit": 438, "limit": 4555, "timest": 1702824741}, "\u2605 Hand Wraps | Giraffe (Battle-Scarred)": {"sugprice": 5435, "profit": 261, "limit": 4905, "timest": 1702744914}, "\u2605 Huntsman Knife | Ultraviolet (Field-Tested)": {"sugprice": 9885.700588235293, "profit": 566, "limit": 8921, "timest": 1702824764}, "\u2605 Hydra Gloves | Case Hardened (Battle-Scarred)": {"sugprice": 7339.4039999999995, "profit": 446, "limit": 6623, "timest": 1702824766}, "\u2605 Hydra Gloves | Mangrove (Field-Tested)": {"sugprice": 4005.032619047619, "profit": 194, "limit": 3614, "timest": 1702812445}, "\u2605 Hydra Gloves | Rattler (Battle-Scarred)": {"sugprice": 4113.006818181817, "profit": 242, "limit": 3711, "timest": 1702824783}, "\u2605 Moto Gloves | 3rd Commando Company (Battle-Scarred)": {"sugprice": 5019.415, "profit": 265, "limit": 4530, "timest": 1702806928}, "\u2605 Moto Gloves | Boom! (Battle-Scarred)": {"sugprice": 7212.586666666667, "profit": 736, "limit": 6509, "timest": 1702824800}, "\u2605 Moto Gloves | Finish Line (Battle-Scarred)": {"sugprice": 7265.170434782608, "profit": 521, "limit": 6556, "timest": 1702811813}, "\u2605 Moto Gloves | POW! (Battle-Scarred)": {"sugprice": 8085.442857142856, "profit": 411, "limit": 7297, "timest": 1702814666}, "\u2605 Moto Gloves | Smoke Out (Battle-Scarred)": {"sugprice": 7263.557647058823, "profit": 475, "limit": 6555, "timest": 1702824819}, "\u2605 Moto Gloves | Transport (Field-Tested)": {"sugprice": 5722.152352941176, "profit": 463, "limit": 5164, "timest": 1702824824}, "\u2605 Navaja Knife | Night Stripe (Field-Tested)": {"sugprice": 6996.326923076923, "profit": 511, "limit": 6314, "timest": 1702824832}, "\u2605 Navaja Knife | Rust Coat (Battle-Scarred)": {"sugprice": 6860.740666666667, "profit": 407, "limit": 6191, "timest": 1702824835}, "\u2605 Navaja Knife | Safari Mesh (Battle-Scarred)": {"sugprice": 6791.424166666667, "profit": 393, "limit": 6129, "timest": 1702813584}, "\u2605 Navaja Knife | Scorched (Field-Tested)": {"sugprice": 7055.577941176471, "profit": 569, "limit": 6367, "timest": 1702824841}, "\u2605 Navaja Knife | Ultraviolet (Field-Tested)": {"sugprice": 7427.1331578947365, "profit": 366, "limit": 6702, "timest": 1702824854}, "\u2605 Navaja Knife | Urban Masked (Field-Tested)": {"sugprice": 6940.87590909091, "profit": 342, "limit": 6264, "timest": 1702823347}, "\u2605 Paracord Knife | Forest DDPAT (Field-Tested)": {"sugprice": 8415.594827586207, "profit": 659, "limit": 7595, "timest": 1702824858}, "\u2605 Paracord Knife | Scorched (Field-Tested)": {"sugprice": 7670.88105263158, "profit": 547, "limit": 6922, "timest": 1702792783}, "\u2605 Shadow Daggers | Bright Water (Field-Tested)": {"sugprice": 7677.826764705881, "profit": 442, "limit": 6929, "timest": 1702824870}, "\u2605 Shadow Daggers | Freehand (Field-Tested)": {"sugprice": 8957.010689655173, "profit": 624, "limit": 8083, "timest": 1702824878}, "\u2605 Shadow Daggers | Rust Coat (Battle-Scarred)": {"sugprice": 6843.131111111112, "profit": 364, "limit": 6175, "timest": 1702824956}, "\u2605 Shadow Daggers | Ultraviolet (Battle-Scarred)": {"sugprice": 7649.651111111111, "profit": 467, "limit": 6903, "timest": 1702824964}, "\u2605 Shadow Daggers | Ultraviolet (Field-Tested)": {"sugprice": 8880, "profit": 584, "limit": 8014, "timest": 1702813620}, "\u2605 Sport Gloves | Bronze Morph (Battle-Scarred)": {"sugprice": 10382.291818181819, "profit": 534, "limit": 9370, "timest": 1702824979}, "\u2605 Survival Knife | Boreal Forest (Field-Tested)": {"sugprice": 7899.728823529413, "profit": 655, "limit": 7129, "timest": 1702824981}, "\u2605 Survival Knife | Forest DDPAT (Field-Tested)": {"sugprice": 7695.157000000001, "profit": 445, "limit": 6944, "timest": 1702824983},