{"USP-S | Kill Confirmed (Well-Worn)": {"sugprice": 2871, "profit": 175, "limit": 2591, "timest": 1701291247}, "\u2605 Navaja Knife | Scorched (Field-Tested)": {"sugprice": 6603, "profit": 361, "limit": 5959, "timest": 1701291787}, "\u2605 Driver Gloves | Racing Green (Battle-Scarred)": {"sugprice": 3549.1175999999996, "profit": 206, "limit": 3203, "timest": 1701291431}, "\u2605 Driver Gloves | Racing Green (Well-Worn)": {"sugprice": 3637.2804000000006, "profit": 249, "limit": 3282, "timest": 1701291434}, "\u2605 Hydra Gloves | Rattler (Field-Tested)": {"sugprice": 3897.470999999999, "profit": 265, "limit": 3517, "timest": 1701291624}, "\u2605 Navaja Knife | Forest DDPAT (Field-Tested)": {"sugprice": 6748.792857142857, "profit": 321, "limit": 6090, "timest": 1701279176}, "\u2605 Shadow Daggers | Bright Water (Field-Tested)": {"sugprice": 7440.60780487805, "profit": 646, "limit": 6715, "timest": 1701291877}, "\u2605 Shadow Daggers | Rust Coat (Battle-Scarred)": {"sugprice": 6692.183499999999, "profit": 372, "limit": 6039, "timest": 1701291896}, "\u2605 Broken Fang Gloves | Yellow-banded (Field-Tested)": {"sugprice": 6297.23653846154, "profit": 483, "limit": 5683, "timest": 1701291374}, "\u2605 Hydra Gloves | Mangrove (Battle-Scarred)": {"sugprice": 3794.319166666667, "profit": 223, "limit": 3424, "timest": 1701290671}, "\u2605 Hydra Gloves | Mangrove (Well-Worn)": {"sugprice": 3985.753125, "profit": 284, "limit": 3597, "timest": 1701291616}, "\u2605 Hand Wraps | Desert Shamagh (Field-Tested)": {"sugprice": 4907.0797142857145, "profit": 392, "limit": 4428, "timest": 1701291536}, "\u2605 Moto Gloves | Transport (Battle-Scarred)": {"sugprice": 5115.303548387096, "profit": 247, "limit": 4616, "timest": 1701291698}, "USP-S | Printstream (Well-Worn)": {"sugprice": 2674.795882352941, "profit": 133, "limit": 2414, "timest": 1701256477}, "\u2605 Hand Wraps | Duct Tape (Field-Tested)": {"sugprice": 5126.608181818182, "profit": 284, "limit": 4626, "timest": 1701291554}, "\u2605 Broken Fang Gloves | Unhinged (Battle-Scarred)": {"sugprice": 5086.4346000000005, "profit": 305, "limit": 4590, "timest": 1701291360}, "\u2605 Hand Wraps | Arboreal (Field-Tested)": {"sugprice": 5519.131153846151, "profit": 416, "limit": 4981, "timest": 1701291512}, "\u2605 Hand Wraps | Giraffe (Battle-Scarred)": {"sugprice": 5909.336315789475, "profit": 298, "limit": 5333, "timest": 1701291558}, "USP-S | Neo-Noir (Well-Worn)": {"sugprice": 1453.6553846153843, "profit": 100, "limit": 1311, "timest": 1701287779}, "\u2605 Moto Gloves | Smoke Out (Battle-Scarred)": {"sugprice": 6917.075624999999, "profit": 640, "limit": 6242, "timest": 1701291694}, "\u2605 Hydra Gloves | Rattler (Battle-Scarred)": {"sugprice": 3928.6531999999984, "profit": 306, "limit": 3545, "timest": 1701291620}, "StatTrak\u2122 SSG 08 | Dragonfire (Field-Tested)": {"sugprice": 3095.233714285715, "profit": 228, "limit": 2793, "timest": 1701291015}, "StatTrak\u2122 USP-S | Neo-Noir (Field-Tested)": {"sugprice": 3165.7149999999997, "profit": 242, "limit": 2857, "timest": 1701291122}, "\u2605 Bloodhound Gloves | Guerrilla (Field-Tested)": {"sugprice": 6016.120312499999, "profit": 493, "limit": 5429, "timest": 1701291338}, "\u2605 Gut Knife | Bright Water (Field-Tested)": {"sugprice": 8113.1564285714285, "profit": 520, "limit": 7322, "timest": 1701291470}, "\u2605 Hand Wraps | Constrictor (Field-Tested)": {"sugprice": 4974.3932, "profit": 331, "limit": 4489, "timest": 1701291522}, "\u2605 Hand Wraps | Desert Shamagh (Well-Worn)": {"sugprice": 4829.496842105263, "profit": 306, "limit": 4358, "timest": 1701291548}, "\u2605 Navaja Knife | Night Stripe (Field-Tested)": {"sugprice": 6573.794545454546, "profit": 336, "limit": 5932, "timest": 1701266321}, "\u2605 Survival Knife | Scorched (Field-Tested)": {"sugprice": 7813.285, "profit": 571, "limit": 7051, "timest": 1701291966}, "\u2605 Moto Gloves | 3rd Commando Company (Field-Tested)": {"sugprice": 5565.443181818182, "profit": 379, "limit": 5022, "timest": 1701291635}, "StatTrak\u2122 USP-S | The Traitor (Battle-Scarred)": {"sugprice": 1868.2968750000002, "profit": 126, "limit": 1686, "timest": 1701291133}, "\u2605 Driver Gloves | Queen Jaguar (Battle-Scarred)": {"sugprice": 5175.108888888889, "profit": 247, "limit": 4670, "timest": 1701248773}, "\u2605 Hand Wraps | Desert Shamagh (Battle-Scarred)": {"sugprice": 4889.77588235294, "profit": 362, "limit": 4413, "timest": 1701291534}, "USP-S | Orion (Minimal Wear)": {"sugprice": 3716.794054054054, "profit": 185, "limit": 3354, "timest": 1701291292}, "USP-S | Caiman (Field-Tested)": {"sugprice": 3035.2597619047615, "profit": 185, "limit": 2739, "timest": 1701291228}, "\u2605 Sport Gloves | Bronze Morph (Battle-Scarred)": {"sugprice": 9908.31, "profit": 490, "limit": 8942, "timest": 1701291939}, "\u2605 Moto Gloves | Turtle (Battle-Scarred)": {"sugprice": 7532.919374999999, "profit": 421, "limit": 6798, "timest": 1701269853}, "\u2605 Hand Wraps | Arboreal (Battle-Scarred)": {"sugprice": 4984.703928571429, "profit": 240, "limit": 4498, "timest": 1701291507}, "\u2605 Broken Fang Gloves | Yellow-banded (Battle-Scarred)": {"sugprice": 5126, "profit": 319, "limit": 4626, "timest": 1701291366}, "StatTrak\u2122 USP-S | Printstream (Battle-Scarred)": {"sugprice": 4330.52488372093, "profit": 300, "limit": 3908, "timest": 1701291126}, "USP-S | Overgrowth (Field-Tested)": {"sugprice": 1645.777666666667, "profit": 121, "limit": 1485, "timest": 1701291296}, "StatTrak\u2122 USP-S | Stainless (Battle-Scarred)": {"sugprice": 1018.3199999999998, "profit": 100, "limit": 919, "timest": 1701289392}, "\u2605 Broken Fang Gloves | Needle Point (Battle-Scarred)": {"sugprice": 5063.9021999999995, "profit": 310, "limit": 4570, "timest": 1701291345}, "StatTrak\u2122 P250 | Muertos (Field-Tested)": {"sugprice": 1045.0046428571427, "profit": 109, "limit": 943, "timest": 1701290928}, "StatTrak\u2122 USP-S | Monster Mashup (Field-Tested)": {"sugprice": 1791.2935294117651, "profit": 118, "limit": 1616, "timest": 1701283706}, "Tec-9 | Nuclear Threat (Battle-Scarred)": {"sugprice": 2951.314, "profit": 237, "limit": 2663, "timest": 1701245990}, "USP-S | Orion (Factory New)": {"sugprice": 3963.5995238095243, "profit": 212, "limit": 3577, "timest": 1701291284}, "\u2605 Bloodhound Gloves | Bronzed (Field-Tested)": {"sugprice": 6250.751739130436, "profit": 402, "limit": 5641, "timest": 1701291328}, "\u2605 Gut Knife | Scorched (Field-Tested)": {"sugprice": 7564.041764705882, "profit": 585, "limit": 6826, "timest": 1701290639}, "\u2605 Hydra Gloves | Emerald (Battle-Scarred)": {"sugprice": 4526.9392, "profit": 334, "limit": 4085, "timest": 1701291581}, "\u2605 Hydra Gloves | Emerald (Field-Tested)": {"sugprice": 4567.475918367348, "profit": 403, "limit": 4122, "timest": 1701291592}, "\u2605 Moto Gloves | Blood Pressure (Battle-Scarred)": {"sugprice": 8612, "profit": 746, "limit": 7772, "timest": 1701291641}, "\u2605 Moto Gloves | Polygon (Battle-Scarred)": {"sugprice": 9984.249444444444, "profit": 485, "limit": 9010, "timest": 1701288470}, "\u2605 Navaja Knife | Boreal Forest (Field-Tested)": {"sugprice": 7031.835531914893, "profit": 602, "limit": 6346, "timest": 1701291723}, "\u2605 Navaja Knife | Rust Coat (Battle-Scarred)": {"sugprice": 6636.960588235294, "profit": 386, "limit": 5989, "timest": 1701291761}, "\u2605 Navaja Knife | Ultraviolet (Field-Tested)": {"sugprice": 7042.209599999998, "profit": 397, "limit": 6355, "timest": 1701291819}, "\u2605 Paracord Knife | Safari Mesh (Field-Tested)": {"sugprice": 7202.32125, "profit": 592, "limit": 6500, "timest": 1701258011}, "\u2605 Shadow Daggers | Ultraviolet (Field-Tested)": {"sugprice": 7906.125263157895, "profit": 555, "limit": 7135, "timest": 1701291923}, "\u2605 Paracord Knife | Scorched (Field-Tested)": {"sugprice": 7619.415384615385, "profit": 577, "limit": 6876, "timest": 1701291841}, "\u2605 Huntsman Knife | Rust Coat (Battle-Scarred)": {"sugprice": 8853.75619047619, "profit": 603, "limit": 7990,