{"StatTrak\u2122 USP-S | Neo-Noir (Field-Tested)": {"sugprice": 3056.654736842105, "profit": 290, "limit": 2758, "timest": 1704476049}, "StatTrak\u2122 USP-S | The Traitor (Battle-Scarred)": {"sugprice": 2037, "profit": 171, "limit": 1838, "timest": 1704476053}, "USP-S | Kill Confirmed (Well-Worn)": {"sugprice": 3124.171621621622, "profit": 149, "limit": 2819, "timest": 1704476094}, "\u2605 Driver Gloves | Convoy (Field-Tested)": {"sugprice": 6290.993333333332, "profit": 315, "limit": 5677, "timest": 1704476172}, "\u2605 Shadow Daggers | Boreal Forest (Field-Tested)": {"sugprice": 7054.967307692308, "profit": 387, "limit": 6367, "timest": 1704476337}, "\u2605 Bloodhound Gloves | Bronzed (Field-Tested)": {"sugprice": 6412.831944444444, "profit": 416, "limit": 5787, "timest": 1704476140}, "StatTrak\u2122 USP-S | Monster Mashup (Battle-Scarred)": {"sugprice": 1848.3682352941175, "profit": 106, "limit": 1668, "timest": 1704447662}, "USP-S | Printstream (Minimal Wear)": {"sugprice": 4698.8538461538465, "profit": 352, "limit": 4240, "timest": 1704476116}, "\u2605 Paracord Knife | Forest DDPAT (Field-Tested)": {"sugprice": 8266.039459459462, "profit": 397, "limit": 7460, "timest": 1704470780}, "\u2605 Specialist Gloves | Fade (Battle-Scarred)": {"sugprice": 15281.67, "profit": 745, "limit": 13791, "timest": 1704397697}, "USP-S | Printstream (Well-Worn)": {"sugprice": 2756.5356756756764, "profit": 131, "limit": 2487, "timest": 1704474773}, "\u2605 Hydra Gloves | Case Hardened (Battle-Scarred)": {"sugprice": 7241.848181818182, "profit": 469, "limit": 6535, "timest": 1704476248}, "\u2605 Driver Gloves | Queen Jaguar (Battle-Scarred)": {"sugprice": 5831.4525, "profit": 282, "limit": 5262, "timest": 1704468222}, "StatTrak\u2122 Tec-9 | Blue Titanium (Factory New)": {"sugprice": 849.8758333333334, "profit": 140, "limit": 767, "timest": 1704475958}, "\u2605 Survival Knife | Safari Mesh (Field-Tested)": {"sugprice": 7708.877826086956, "profit": 367, "limit": 6957, "timest": 1704443476}, "\u2605 Hand Wraps | Constrictor (Field-Tested)": {"sugprice": 5140.849999999999, "profit": 370, "limit": 4639, "timest": 1704476218}, "\u2605 Broken Fang Gloves | Unhinged (Battle-Scarred)": {"sugprice": 5183.258571428572, "profit": 262, "limit": 4677, "timest": 1704447791}, "StatTrak\u2122 USP-S | Printstream (Battle-Scarred)": {"sugprice": 4625.157142857143, "profit": 312, "limit": 4174, "timest": 1704422766}, "\u2605 Gut Knife | Bright Water (Field-Tested)": {"sugprice": 8491.807894736843, "profit": 404, "limit": 7663, "timest": 1704426164}, "\u2605 Navaja Knife | Safari Mesh (Battle-Scarred)": {"sugprice": 7250.199285714286, "profit": 538, "limit": 6543, "timest": 1704476304}, "\u2605 Navaja Knife | Stained (Field-Tested)": {"sugprice": 7425, "profit": 378, "limit": 6701, "timest": 1704456060}, "\u2605 Navaja Knife | Stained (Well-Worn)": {"sugprice": 7548.961428571428, "profit": 445, "limit": 6812, "timest": 1704476316}, "\u2605 Gut Knife | Boreal Forest (Field-Tested)": {"sugprice": 7478.185, "profit": 448, "limit": 6749, "timest": 1704476195}, "USP-S | Royal Blue (Field-Tested)": {"sugprice": 1107.6742857142856, "profit": 100, "limit": 999, "timest": 1704469406}, "USP-S | Printstream (Field-Tested)": {"sugprice": 2790.6555555555565, "profit": 133, "limit": 2518, "timest": 1704459339}, "StatTrak\u2122 M4A4 | The Emperor (Battle-Scarred)": {"sugprice": 2539.177441860465, "profit": 183, "limit": 2291, "timest": 1704475848}, "USP-S | Kill Confirmed (Battle-Scarred)": {"sugprice": 3137.8958, "profit": 159, "limit": 2831, "timest": 1704451109}, "\u2605 Bowie Knife | Ultraviolet (Battle-Scarred)": {"sugprice": 9316.25625, "profit": 926, "limit": 8407, "timest": 1704473021}, "\u2605 Paracord Knife | Safari Mesh (Field-Tested)": {"sugprice": 7862.153888888888, "profit": 418, "limit": 7095, "timest": 1704476331}, "\u2605 Hand Wraps | Arboreal (Field-Tested)": {"sugprice": 6078.900370370371, "profit": 294, "limit": 5486, "timest": 1704476210}, "Vypa Sista of the Revolution | Guerrilla Warfare": {"sugprice": 1944.0426086956527, "profit": 141, "limit": 1754, "timest": 1704476131}, "\u2605 Huntsman Knife | Freehand (Field-Tested)": {"sugprice": 11767.04375, "profit": 1149, "limit": 10619, "timest": 1704476237}, "\u2605 Shadow Daggers | Rust Coat (Battle-Scarred)": {"sugprice": 6954.685102040814, "profit": 408, "limit": 6276, "timest": 1704476372}, "\u2605 Gut Knife | Safari Mesh (Field-Tested)": {"sugprice": 7375.066666666667, "profit": 391, "limit": 6655, "timest": 1704476206}, "StatTrak\u2122 P90 | Asiimov (Battle-Scarred)": {"sugprice": 1821, "profit": 119, "limit": 1643, "timest": 1704475927}, "\u2605 Hydra Gloves | Emerald (Field-Tested)": {"sugprice": 5014.769799999998, "profit": 362, "limit": 4525, "timest": 1704476251}, "StatTrak\u2122 SSG 08 | Bloodshot (Field-Tested)": {"sugprice": 1576.8742857142859, "profit": 103, "limit": 1423, "timest": 1704475947}, "\u2605 Bloodhound Gloves | Guerrilla (Battle-Scarred)": {"sugprice": 6402.202352941176, "profit": 430, "limit": 5777, "timest": 1704476142}, "USP-S | The Traitor (Minimal Wear)": {"sugprice": 1484.8009090909086, "profit": 108, "limit": 1340, "timest": 1704433521}, "StatTrak\u2122 SSG 08 | Turbo Peek (Field-Tested)": {"sugprice": 942, "profit": 104, "limit": 850, "timest": 1704441525}, "StatTrak\u2122 M4A4 | The Battlestar (Field-Tested)": {"sugprice": 1544, "profit": 160, "limit": 1393, "timest": 1704398324}, "StatTrak\u2122 M4A4 | Tooth Fairy (Field-Tested)": {"sugprice": 551.9122727272726, "profit": 122, "limit": 498, "timest": 1704475853}, "StatTrak\u2122 M4A4 | Tooth Fairy (Battle-Scarred)": {"sugprice": 598.6145454545456, "profit": 127, "limit": 540, "timest": 1704442486}, "\u2605 Hand Wraps | Giraffe (Battle-Scarred)": {"sugprice": 5982.306249999998, "profit": 352, "limit": 5399, "timest": 1704476234}, "\u2605 Bowie Knife | Rust Coat (Battle-Scarred)": {"sugprice": 8242.989285714286, "profit": 448, "limit": 7439, "timest": 1704429126}, "\u2605 Hand Wraps | Duct Tape (Field-Tested)": {"sugprice": 5203.1237037037035, "profit": 292, "limit": 4695, "timest": 1704476231}, "\u2605 Driver Gloves | Queen Jaguar (Field-Tested)": {"sugprice": 6179.833333333333, "profit": 319, "limit": 5577, "timest": 1704476181}, "\u2605 Huntsman Knife | Ultraviolet (Field-Tested)": {"sugprice": 10148.720666666666, "profit": 493, "limit": 9159, "timest": 1704461516}, "\u2605 Navaja Knife | Stained (Battle-Scarred)": {"sugprice": 7407.754166666667, "profit": 649, "limit": 6685, "timest": 1704476312}, "\u2605 Moto Gloves | POW! (Battle-Scarred)": {"sugprice": 8727.568235294118, "profit": 516, "limit": 7876, "timest": 1704476286}, "\u2605 Gut Knife | Forest DDPAT (Field-Tested)": {"sugprice": 7781, "profit": 437, "limit": 7022, "timest": 1704476200}, "\u2605 Shadow Daggers | Scorched (Field-Tested)": {"sugprice": 7145.0055555555555, "profit": 482, "limit": 6448, "timest": 1704476376}, "StatTrak\u2122 P250 | Cartel (Field-Tested)": {"sugprice": 1377.0687500000001, "profit": 101, "limit": 1242, "timest": 1704392285}, "\u2605 Shadow Daggers | Ultraviolet (Field-Tested)": {"sugprice": 8524.99153846154, "profit": 493, "limit": 7693, "timest": 1704471434}, "USP-S | Monster Mashup (Well-Worn)": {"sugprice": 1344.7127586206896, "profit": 109, "limit": 1213, "timest": 1704476096}, "StatTrak\u2122 USP-S | Neo-Noir (Battle-Scarred)": {"sugprice": 3143.6800000000003, "profit": 231, "limit": 2837, "timest": 1704476046}, "\u2605 Survival Knife | Boreal Forest (Field-Tested)": {"sugprice": 8140.706666666667, "profit": 451, "limit": 7346, "timest": 1704475742}, "StatTrak\u2122 MP9 | Hypnotic (Factory New)": {"sugprice": 3371.625405405405, "profit": 264, "limit": 3042, "timest": 1704475899}, "\u2605 Broken Fang Gloves | Yellow-banded (Battle-Scarred)": {"sugprice": 5969.02659090909, "profit": 431, "limit": 5387, "timest": 1704476166}, "\u2605 Survival Knife | Forest DDPAT (Field-Tested)": {"sugprice": 7759.563076923077, "profit": 520, "limit": 7003,