{"StatTrak\u2122 M4A4 | The Battlestar (Field-Tested)": {"sugprice": 1363.1726315789474, "profit": 141, "limit": 1230, "timest": 1702631500}, "StatTrak\u2122 M4A4 | The Emperor (Battle-Scarred)": {"sugprice": 2597.560937499999, "profit": 158, "limit": 2344, "timest": 1702631502}, "StatTrak\u2122 M4A4 | \u9f8d\u738b (Dragon King) (Field-Tested)": {"sugprice": 1509.7451428571428, "profit": 123, "limit": 1362, "timest": 1702631514}, "StatTrak\u2122 MAC-10 | Toybox (Battle-Scarred)": {"sugprice": 609.8683333333333, "profit": 119, "limit": 550, "timest": 1702631520}, "StatTrak\u2122 MP7 | Bloodsport (Factory New)": {"sugprice": 1336.5631578947366, "profit": 108, "limit": 1206, "timest": 1702631522}, "StatTrak\u2122 MP9 | Hypnotic (Factory New)": {"sugprice": 3458.5865384615395, "profit": 179, "limit": 3121, "timest": 1702631536}, "StatTrak\u2122 P90 | Asiimov (Battle-Scarred)": {"sugprice": 1396.1100000000001, "profit": 114, "limit": 1259, "timest": 1702631557}, "StatTrak\u2122 PP-Bizon | Judgement of Anubis (Field-Tested)": {"sugprice": 983, "profit": 100, "limit": 887, "timest": 1702631562}, "StatTrak\u2122 SSG 08 | Bloodshot (Field-Tested)": {"sugprice": 1944.3177777777778, "profit": 139, "limit": 1754, "timest": 1702631568}, "StatTrak\u2122 Tec-9 | Decimator (Battle-Scarred)": {"sugprice": 2110.179090909091, "profit": 364, "limit": 1904, "timest": 1702631578}, "StatTrak\u2122 USP-S | Monster Mashup (Field-Tested)": {"sugprice": 1905, "profit": 111, "limit": 1719, "timest": 1702631594}, "StatTrak\u2122 USP-S | Neo-Noir (Battle-Scarred)": {"sugprice": 3092.7966666666666, "profit": 213, "limit": 2791, "timest": 1702631595}, "StatTrak\u2122 USP-S | Neo-Noir (Field-Tested)": {"sugprice": 3115.6556000000005, "profit": 236, "limit": 2811, "timest": 1702631598}, "StatTrak\u2122 USP-S | The Traitor (Battle-Scarred)": {"sugprice": 2029, "profit": 122, "limit": 1831, "timest": 1702631603}, "Tec-9 | Nuclear Threat (Battle-Scarred)": {"sugprice": 3601.654444444444, "profit": 598, "limit": 3250, "timest": 1702631609}, "Tec-9 | Titanium Bit (Factory New)": {"sugprice": 597.9779999999998, "profit": 101, "limit": 539, "timest": 1702628429}, "USP-S | Kill Confirmed (Battle-Scarred)": {"sugprice": 3028, "profit": 210, "limit": 2732, "timest": 1702631636}, "USP-S | Kill Confirmed (Well-Worn)": {"sugprice": 3069, "profit": 184, "limit": 2769, "timest": 1702631640}, "USP-S | Neo-Noir (Factory New)": {"sugprice": 3156.1410714285707, "profit": 263, "limit": 2848, "timest": 1702631644}, "USP-S | Overgrowth (Field-Tested)": {"sugprice": 1770.556923076923, "profit": 115, "limit": 1597, "timest": 1702631652}, "USP-S | The Traitor (Minimal Wear)": {"sugprice": 1459.3161538461538, "profit": 107, "limit": 1317, "timest": 1702631666}, "\u2605 Bloodhound Gloves | Bronzed (Battle-Scarred)": {"sugprice": 6364.6545, "profit": 422, "limit": 5744, "timest": 1702631678}, "\u2605 Bloodhound Gloves | Guerrilla (Battle-Scarred)": {"sugprice": 6123.92724137931, "profit": 387, "limit": 5526, "timest": 1702631682}, "\u2605 Bloodhound Gloves | Snakebite (Field-Tested)": {"sugprice": 5886.206666666666, "profit": 314, "limit": 5312, "timest": 1702631688}, "\u2605 Broken Fang Gloves | Needle Point (Battle-Scarred)": {"sugprice": 4952.452083333333, "profit": 244, "limit": 4469, "timest": 1702631710}, "\u2605 Broken Fang Gloves | Needle Point (Well-Worn)": {"sugprice": 5117.199230769231, "profit": 295, "limit": 4618, "timest": 1702631715}, "\u2605 Broken Fang Gloves | Yellow-banded (Battle-Scarred)": {"sugprice": 5838.42304347826, "profit": 346, "limit": 5269, "timest": 1702628708}, "\u2605 Broken Fang Gloves | Yellow-banded (Field-Tested)": {"sugprice": 6156.129130434782, "profit": 409, "limit": 5555, "timest": 1702631741}, "\u2605 Driver Gloves | Convoy (Field-Tested)": {"sugprice": 6252, "profit": 319, "limit": 5642, "timest": 1702631745}, "\u2605 Driver Gloves | Diamondback (Battle-Scarred)": {"sugprice": 6756.478181818181, "profit": 537, "limit": 6097, "timest": 1702631747}, "\u2605 Driver Gloves | Queen Jaguar (Battle-Scarred)": {"sugprice": 5718.5402, "profit": 372, "limit": 5160, "timest": 1702631750}, "\u2605 Driver Gloves | Queen Jaguar (Field-Tested)": {"sugprice": 5816.367, "profit": 341, "limit": 5249, "timest": 1702628726}, "\u2605 Falchion Knife | Rust Coat (Battle-Scarred)": {"sugprice": 8788.814999999997, "profit": 510, "limit": 7931, "timest": 1702631762}, "\u2605 Falchion Knife | Ultraviolet (Battle-Scarred)": {"sugprice": 10016.464347826088, "profit": 966, "limit": 9039, "timest": 1702631764}, "\u2605 Gut Knife | Bright Water (Field-Tested)": {"sugprice": 8606.864545454546, "profit": 537, "limit": 7767, "timest": 1702628748}, "\u2605 Hand Wraps | Arboreal (Field-Tested)": {"sugprice": 5957.53625, "profit": 406, "limit": 5376, "timest": 1702631780}, "\u2605 Hand Wraps | Badlands (Battle-Scarred)": {"sugprice": 7241.773636363637, "profit": 410, "limit": 6535, "timest": 1702631782}, "\u2605 Hand Wraps | CAUTION! (Battle-Scarred)": {"sugprice": 13448.006875, "profit": 848, "limit": 12136, "timest": 1702631784}, "\u2605 Hand Wraps | Constrictor (Battle-Scarred)": {"sugprice": 4868.07441860465, "profit": 293, "limit": 4393, "timest": 1702631786}, "\u2605 Hand Wraps | Constrictor (Well-Worn)": {"sugprice": 4758.2300000000005, "profit": 227, "limit": 4294, "timest": 1702628778}, "\u2605 Hand Wraps | Desert Shamagh (Battle-Scarred)": {"sugprice": 5033.502653061223, "profit": 291, "limit": 4542, "timest": 1702631792}, "\u2605 Hand Wraps | Giraffe (Battle-Scarred)": {"sugprice": 5688.510612244897, "profit": 473, "limit": 5133, "timest": 1702631802}, "\u2605 Huntsman Knife | Rust Coat (Battle-Scarred)": {"sugprice": 8665.143999999998, "profit": 479, "limit": 7820, "timest": 1702631808}, "\u2605 Huntsman Knife | Ultraviolet (Field-Tested)": {"sugprice": 9925.261363636364, "profit": 618, "limit": 8957, "timest": 1702631810}, "\u2605 Hydra Gloves | Case Hardened (Battle-Scarred)": {"sugprice": 7262, "profit": 532, "limit": 6553, "timest": 1702631812}, "\u2605 Hydra Gloves | Mangrove (Battle-Scarred)": {"sugprice": 4000.79, "profit": 239, "limit": 3610, "timest": 1702631820}, "\u2605 Hydra Gloves | Mangrove (Field-Tested)": {"sugprice": 4075.4819148936167, "profit": 241, "limit": 3678, "timest": 1702631822}, "\u2605 Hydra Gloves | Rattler (Battle-Scarred)": {"sugprice": 4037.29488372093, "profit": 207, "limit": 3643, "timest": 1702631826}, "\u2605 Moto Gloves | 3rd Commando Company (Battle-Scarred)": {"sugprice": 5082.744600000002, "profit": 268, "limit": 4587, "timest": 1702631832}, "\u2605 Moto Gloves | Boom! (Battle-Scarred)": {"sugprice": 7006.019047619047, "profit": 685, "limit": 6322, "timest": 1702631838}, "\u2605 Moto Gloves | Finish Line (Battle-Scarred)": {"sugprice": 7421.805833333333, "profit": 445, "limit": 6698, "timest": 1702628843}, "\u2605 Moto Gloves | POW! (Battle-Scarred)": {"sugprice": 8413, "profit": 608, "limit": 7592, "timest": 1702631846}, "\u2605 Moto Gloves | Smoke Out (Battle-Scarred)": {"sugprice": 7365.176923076922, "profit": 446, "limit": 6647, "timest": 1702631848}, "\u2605 Moto Gloves | Transport (Field-Tested)": {"sugprice": 5730.12909090909, "profit": 422, "limit": 5171, "timest": 1702631852}, "\u2605 Navaja Knife | Forest DDPAT (Field-Tested)": {"sugprice": 6881.2856, "profit": 385, "limit": 6210, "timest": 1702631856}, "\u2605 Navaja Knife | Marble Fade (Factory New)": {"sugprice": 14951.991111111112, "profit": 1073, "limit": 13494, "timest": 1702628858}, "\u2605 Navaja Knife | Night Stripe (Field-Tested)": {"sugprice": 7045.463333333333, "profit": 582, "limit": 6358, "timest": 1702628860}, "\u2605 Navaja Knife | Rust Coat (Battle-Scarred)": {"sugprice": 6911.237812500001, "profit": 365, "limit": 6237, "timest": 1702631862}, "\u2605 Navaja Knife | Safari Mesh (Battle-Scarred)": {"sugprice": 6944.709090909091, "profit": 597, "limit": 6267, "timest": 1702631864}, "\u2605 Navaja Knife | Scorched (Field-Tested)": {"sugprice": 6888.518571428572, "profit": 332,