{"StatTrak\u2122 USP-S | Neo-Noir (Battle-Scarred)": {"sugprice": 2952.938333333334, "profit": 142, "limit": 2665, "timest": 1703528025}, "StatTrak\u2122 USP-S | Neo-Noir (Field-Tested)": {"sugprice": 3110.9559090909092, "profit": 181, "limit": 2807, "timest": 1703528027}, "StatTrak\u2122 USP-S | The Traitor (Battle-Scarred)": {"sugprice": 2099.8958333333335, "profit": 133, "limit": 1895, "timest": 1703528033}, "Tec-9 | Nuclear Threat (Battle-Scarred)": {"sugprice": 3260.757777777778, "profit": 162, "limit": 2942, "timest": 1703492957}, "USP-S | Kill Confirmed (Well-Worn)": {"sugprice": 3096.096041666666, "profit": 158, "limit": 2794, "timest": 1703528069}, "USP-S | Neo-Noir (Factory New)": {"sugprice": 3131.3351724137938, "profit": 177, "limit": 2826, "timest": 1703528073}, "\u2605 Broken Fang Gloves | Yellow-banded (Battle-Scarred)": {"sugprice": 6227.459799999999, "profit": 487, "limit": 5620, "timest": 1703528133}, "\u2605 Driver Gloves | Convoy (Field-Tested)": {"sugprice": 6422.7409375, "profit": 400, "limit": 5796, "timest": 1703528138}, "\u2605 Hand Wraps | Badlands (Battle-Scarred)": {"sugprice": 7496.227272727271, "profit": 663, "limit": 6765, "timest": 1703528177}, "\u2605 Hydra Gloves | Mangrove (Field-Tested)": {"sugprice": 3984.5006000000008, "profit": 202, "limit": 3596, "timest": 1703520196}, "\u2605 Moto Gloves | Smoke Out (Battle-Scarred)": {"sugprice": 6890.756153846153, "profit": 394, "limit": 6218, "timest": 1703519675}, "\u2605 Moto Gloves | Transport (Field-Tested)": {"sugprice": 5573.3668181818175, "profit": 294, "limit": 5029, "timest": 1703528246}, "\u2605 Navaja Knife | Scorched (Field-Tested)": {"sugprice": 6968.961, "profit": 425, "limit": 6289, "timest": 1703528263}, "\u2605 Navaja Knife | Urban Masked (Field-Tested)": {"sugprice": 6854.799999999999, "profit": 342, "limit": 6186, "timest": 1703466419}, "\u2605 Shadow Daggers | Freehand (Field-Tested)": {"sugprice": 9073.264761904764, "profit": 462, "limit": 8188, "timest": 1703528294}, "StatTrak\u2122 M4A4 | X-Ray (Minimal Wear)": {"sugprice": 4572.295454545455, "profit": 218, "limit": 4126, "timest": 1703527939}, "\u2605 Hydra Gloves | Rattler (Field-Tested)": {"sugprice": 4090.4618, "profit": 264, "limit": 3691, "timest": 1703528222}, "\u2605 Driver Gloves | Racing Green (Field-Tested)": {"sugprice": 3825.4047999999993, "profit": 261, "limit": 3452, "timest": 1703528150}, "\u2605 Shadow Daggers | Boreal Forest (Field-Tested)": {"sugprice": 7016.289565217391, "profit": 337, "limit": 6332, "timest": 1703525979}, "\u2605 Bloodhound Gloves | Bronzed (Field-Tested)": {"sugprice": 6071, "profit": 477, "limit": 5479, "timest": 1703505870}, "StatTrak\u2122 USP-S | Monster Mashup (Battle-Scarred)": {"sugprice": 1851, "profit": 107, "limit": 1670, "timest": 1703528022}, "StatTrak\u2122 P250 | Muertos (Field-Tested)": {"sugprice": 1059.41, "profit": 123, "limit": 956, "timest": 1703519898}, "StatTrak\u2122 USP-S | The Traitor (Well-Worn)": {"sugprice": 2127.5924242424244, "profit": 108, "limit": 1920, "timest": 1703528035}, "\u2605 Hydra Gloves | Mangrove (Battle-Scarred)": {"sugprice": 3942.9444, "profit": 217, "limit": 3558, "timest": 1703528215}, "StatTrak\u2122 USP-S | Stainless (Battle-Scarred)": {"sugprice": 1121.6113636363634, "profit": 102, "limit": 1012, "timest": 1703511562}, "USP-S | Printstream (Field-Tested)": {"sugprice": 2684.375833333333, "profit": 129, "limit": 2422, "timest": 1703506685}, "\u2605 Hand Wraps | Arboreal (Battle-Scarred)": {"sugprice": 5204.180588235295, "profit": 268, "limit": 4696, "timest": 1703528172}, "\u2605 Shadow Daggers | Forest DDPAT (Field-Tested)": {"sugprice": 7136.372222222223, "profit": 427, "limit": 6440, "timest": 1703528292}, "\u2605 Hand Wraps | Duct Tape (Battle-Scarred)": {"sugprice": 5099.455348837208, "profit": 261, "limit": 4602, "timest": 1703528192}, "\u2605 Bloodhound Gloves | Snakebite (Battle-Scarred)": {"sugprice": 6175.985, "profit": 367, "limit": 5573, "timest": 1703528114}, "USP-S | Printstream (Minimal Wear)": {"sugprice": 4389.6867999999995, "profit": 299, "limit": 3961, "timest": 1703528088}, "\u2605 Huntsman Knife | Ultraviolet (Field-Tested)": {"sugprice": 9800, "profit": 639, "limit": 8844, "timest": 1703528204}, "\u2605 Navaja Knife | Ultraviolet (Battle-Scarred)": {"sugprice": 7058.132142857144, "profit": 554, "limit": 6369, "timest": 1703510642}, "USP-S | Neo-Noir (Well-Worn)": {"sugprice": 1331.8355999999997, "profit": 107, "limit": 1201, "timest": 1703461108}, "\u2605 Hydra Gloves | Rattler (Well-Worn)": {"sugprice": 4638.827931034483, "profit": 279, "limit": 4186, "timest": 1703528224}, "\u2605 Falchion Knife | Ultraviolet (Battle-Scarred)": {"sugprice": 9896.000454545454, "profit": 759, "limit": 8931, "timest": 1703525850}, "\u2605 Navaja Knife | Safari Mesh (Field-Tested)": {"sugprice": 6920, "profit": 335, "limit": 6245, "timest": 1703528260}, "StatTrak\u2122 Tec-9 | Decimator (Battle-Scarred)": {"sugprice": 1849.969090909091, "profit": 106, "limit": 1669, "timest": 1703528007}, "\u2605 Moto Gloves | Finish Line (Battle-Scarred)": {"sugprice": 6947.0999999999985, "profit": 484, "limit": 6269, "timest": 1703528236}, "\u2605 Shadow Daggers | Bright Water (Field-Tested)": {"sugprice": 7551.387500000002, "profit": 416, "limit": 6815, "timest": 1703528288}, "\u2605 Moto Gloves | Turtle (Battle-Scarred)": {"sugprice": 7693.209999999999, "profit": 449, "limit": 6943, "timest": 1703528248}, "\u2605 Navaja Knife | Stained (Well-Worn)": {"sugprice": 7011.23125, "profit": 497, "limit": 6327, "timest": 1703500961}, "\u2605 Bowie Knife | Rust Coat (Battle-Scarred)": {"sugprice": 7918.31, "profit": 421, "limit": 7146, "timest": 1703523842}, "StatTrak\u2122 USP-S | Monster Mashup (Field-Tested)": {"sugprice": 1958.8605263157895, "profit": 153, "limit": 1767, "timest": 1703528023}, "\u2605 Paracord Knife | Forest DDPAT (Field-Tested)": {"sugprice": 8065.210454545456, "profit": 395, "limit": 7278, "timest": 1703528278}, "\u2605 Survival Knife | Boreal Forest (Field-Tested)": {"sugprice": 7455.382, "profit": 382, "limit": 6728, "timest": 1703522100}, "\u2605 Navaja Knife | Night Stripe (Field-Tested)": {"sugprice": 7023.027500000001, "profit": 437, "limit": 6338, "timest": 1703528254}, "\u2605 Shadow Daggers | Rust Coat (Battle-Scarred)": {"sugprice": 6753.345217391303, "profit": 333, "limit": 6094, "timest": 1703516209}, "\u2605 Hydra Gloves | Emerald (Well-Worn)": {"sugprice": 4648.716315789474, "profit": 258, "limit": 4195, "timest": 1703528212}, "\u2605 Moto Gloves | Boom! (Battle-Scarred)": {"sugprice": 7389.433636363636, "profit": 361, "limit": 6668, "timest": 1703519177}, "\u2605 Specialist Gloves | Fade (Battle-Scarred)": {"sugprice": 15083.33238095238, "profit": 1473, "limit": 13612, "timest": 1703528309}, "USP-S | Para Green (Battle-Scarred)": {"sugprice": 783, "profit": 253, "limit": 706, "timest": 1703528082}, "\u2605 Shadow Daggers | Ultraviolet (Battle-Scarred)": {"sugprice": 7812.19619047619, "profit": 372, "limit": 7050, "timest": 1703482765}, "USP-S | Orion (Field-Tested)": {"sugprice": 3988.015263157896, "profit": 224, "limit": 3599, "timest": 1703451449}, "USP-S | Kill Confirmed (Battle-Scarred)": {"sugprice": 3022.173200000001, "profit": 164, "limit": 2727, "timest": 1703528065}, "Vypa Sista of the Revolution | Guerrilla Warfare": {"sugprice": 1747.8053333333335, "profit": 100, "limit": 1577, "timest": 1703442432}, "\u2605 Driver Gloves | Overtake (Battle-Scarred)": {"sugprice": 6486.2304651162785, "profit": 345, "limit": 5853, "timest": 1703491934}, "USP-S | Monster Mashup (Well-Worn)": {"sugprice": 1242.5422727272728, "profit": 103, "limit": 1121, "timest": 1703519992}, "\u2605 Shadow Daggers | Safari Mesh (Field-Tested)": {"sugprice": 6907.533548387097, "profit": 406, "limit": 6234, "timest": 1703454562}, "StatTrak\u2122 P90 | Asiimov (Battle-Scarred)": {"sugprice": 1890.485, "profit": 110, "limit": 1706, "timest": 1703527987},