{"\u2605 Hand Wraps | CAUTION! (Battle-Scarred)": {"sugprice": 14790.671666666669, "profit": 704, "limit": 13348, "timest": 1708348123}, "USP-S | Royal Blue (Field-Tested)": {"sugprice": 1336.7592857142859, "profit": 102, "limit": 1206, "timest": 1708328457}, "\u2605 Driver Gloves | Black Tie (Battle-Scarred)": {"sugprice": 10571.53409090909, "profit": 615, "limit": 9540, "timest": 1708335094}, "\u2605 Gut Knife | Doppler (Factory New)": {"sugprice": 16681, "profit": 1154, "limit": 15054, "timest": 1708350773}, "\u2605 Navaja Knife | Ultraviolet (Battle-Scarred)": {"sugprice": 7345.330952380954, "profit": 376, "limit": 6629, "timest": 1708350983}, "USP-S | Monster Mashup (Minimal Wear)": {"sugprice": 2261.5205555555553, "profit": 119, "limit": 2041, "timest": 1708330379}, "StatTrak\u2122 P2000 | Imperial Dragon (Field-Tested)": {"sugprice": 850.2336, "profit": 102, "limit": 767, "timest": 1708330239}, "USP-S | Serum (Minimal Wear)": {"sugprice": 3352.8624999999997, "profit": 176, "limit": 3025, "timest": 1708340549}, "\u2605 Huntsman Knife | Lore (Battle-Scarred)": {"sugprice": 14279.802307692307, "profit": 770, "limit": 12887, "timest": 1708283574}, "\u2605 Hydra Gloves | Rattler (Well-Worn)": {"sugprice": 4609.48347826087, "profit": 219, "limit": 4160, "timest": 1708274935}, "\u2605 Falchion Knife | Ultraviolet (Battle-Scarred)": {"sugprice": 10219.628181818181, "profit": 501, "limit": 9223, "timest": 1708349463}, "\u2605 Hand Wraps | Giraffe (Well-Worn)": {"sugprice": 6157.384, "profit": 585, "limit": 5557, "timest": 1708346082}, "\u2605 Driver Gloves | Diamondback (Battle-Scarred)": {"sugprice": 7208.171999999998, "profit": 620, "limit": 6505, "timest": 1708350711}, "StatTrak\u2122 USP-S | Neo-Noir (Field-Tested)": {"sugprice": 3463.2334482758615, "profit": 182, "limit": 3125, "timest": 1708350539}, "\u2605 Specialist Gloves | Crimson Web (Battle-Scarred)": {"sugprice": 12208.509090909092, "profit": 580, "limit": 11018, "timest": 1708273103}, "\u2605 Shadow Daggers | Ultraviolet (Battle-Scarred)": {"sugprice": 8157.0526315789475, "profit": 496, "limit": 7361, "timest": 1708351057}, "\u2605 Specialist Gloves | Fade (Battle-Scarred)": {"sugprice": 15263.72181818182, "profit": 924, "limit": 13775, "timest": 1708299137}, "\u2605 Paracord Knife | Safari Mesh (Field-Tested)": {"sugprice": 8151.665833333335, "profit": 518, "limit": 7356, "timest": 1708346946}, "StatTrak\u2122 USP-S | Caiman (Field-Tested)": {"sugprice": 5199.974090909091, "profit": 280, "limit": 4692, "timest": 1708350516}, "\u2605 Hand Wraps | Constrictor (Field-Tested)": {"sugprice": 5757.92, "profit": 359, "limit": 5196, "timest": 1708350804}, "USP-S | Whiteout (Field-Tested)": {"sugprice": 2237.6129032258063, "profit": 107, "limit": 2019, "timest": 1708269402}, "\u2605 Specialist Gloves | Marble Fade (Battle-Scarred)": {"sugprice": 14172, "profit": 907, "limit": 12790, "timest": 1708326216}, "\u2605 Moto Gloves | 3rd Commando Company (Well-Worn)": {"sugprice": 5636.461, "profit": 481, "limit": 5086, "timest": 1708267695}, "\u2605 Navaja Knife | Crimson Web (Battle-Scarred)": {"sugprice": 8645.457272727273, "profit": 594, "limit": 7802, "timest": 1708350954}, "\u2605 Falchion Knife | Ultraviolet (Field-Tested)": {"sugprice": 10868.674, "profit": 591, "limit": 9808, "timest": 1708350756}, "\u2605 Shadow Daggers | Freehand (Field-Tested)": {"sugprice": 9076.118666666667, "profit": 525, "limit": 8191, "timest": 1708284374}, "\u2605 Falchion Knife | Lore (Battle-Scarred)": {"sugprice": 14691.326666666668, "profit": 1081, "limit": 13258, "timest": 1708349461}, "\u2605 Hand Wraps | Desert Shamagh (Battle-Scarred)": {"sugprice": 5328.200454545455, "profit": 279, "limit": 4808, "timest": 1708337233}, "USP-S | Kill Confirmed (Battle-Scarred)": {"sugprice": 3430, "profit": 182, "limit": 3095, "timest": 1708331092}, "USP-S | Purple DDPAT (Minimal Wear)": {"sugprice": 1327.677692307692, "profit": 106, "limit": 1198, "timest": 1708350638}, "\u2605 Falchion Knife | Black Laminate (Well-Worn)": {"sugprice": 10879, "profit": 1004, "limit": 9818, "timest": 1708346027}, "StatTrak\u2122 MP9 | Hypnotic (Factory New)": {"sugprice": 3109.9682608695653, "profit": 158, "limit": 2806, "timest": 1708350444}, "\u2605 Sport Gloves | Bronze Morph (Battle-Scarred)": {"sugprice": 10531.72976190476, "profit": 583, "limit": 9504, "timest": 1708350381}, "\u2605 Gut Knife | Boreal Forest (Field-Tested)": {"sugprice": 7703.356923076923, "profit": 367, "limit": 6952, "timest": 1708340636}, "\u2605 Hydra Gloves | Case Hardened (Battle-Scarred)": {"sugprice": 8141.682105263159, "profit": 725, "limit": 7347, "timest": 1708350912}, "StatTrak\u2122 USP-S | The Traitor (Battle-Scarred)": {"sugprice": 2417.5186363636367, "profit": 173, "limit": 2181, "timest": 1708350553}, "USP-S | Whiteout (Battle-Scarred)": {"sugprice": 2085.165333333334, "profit": 105, "limit": 1881, "timest": 1708285394}, "\u2605 Navaja Knife | Doppler (Factory New)": {"sugprice": 17808.7825, "profit": 1651, "limit": 16072, "timest": 1708350964}, "\u2605 Paracord Knife | Forest DDPAT (Battle-Scarred)": {"sugprice": 8388.266363636365, "profit": 817, "limit": 7570, "timest": 1708350993}, "\u2605 Broken Fang Gloves | Yellow-banded (Battle-Scarred)": {"sugprice": 5611, "profit": 308, "limit": 5063, "timest": 1708264787}, "\u2605 Gut Knife | Rust Coat (Battle-Scarred)": {"sugprice": 7905.853333333333, "profit": 406, "limit": 7135, "timest": 1708346783}, "\u2605 Paracord Knife | Boreal Forest (Field-Tested)": {"sugprice": 8329.570000000002, "profit": 396, "limit": 7517, "timest": 1708319632}, "\u2605 Navaja Knife | Marble Fade (Factory New)": {"sugprice": 15898.783684210526, "profit": 963, "limit": 14348, "timest": 1708350968}, "StatTrak\u2122 MP7 | Bloodsport (Factory New)": {"sugprice": 1369.13875, "profit": 130, "limit": 1235, "timest": 1708344357}, "StatTrak\u2122 SSG 08 | Dragonfire (Field-Tested)": {"sugprice": 3092.7338297872334, "profit": 257, "limit": 2791, "timest": 1708283859}, "\u2605 Hydra Gloves | Rattler (Battle-Scarred)": {"sugprice": 4455.052272727274, "profit": 212, "limit": 4020, "timest": 1708346110}, "\u2605 Shadow Daggers | Safari Mesh (Field-Tested)": {"sugprice": 7045.52, "profit": 390, "limit": 6358, "timest": 1708338755}, "\u2605 Specialist Gloves | Lt. Commander (Battle-Scarred)": {"sugprice": 10593, "profit": 535, "limit": 9560, "timest": 1708349720}, "\u2605 Driver Gloves | Convoy (Battle-Scarred)": {"sugprice": 6400.00090909091, "profit": 322, "limit": 5776, "timest": 1708339823}, "\u2605 Shadow Daggers | Scorched (Field-Tested)": {"sugprice": 7598.988181818183, "profit": 362, "limit": 6858, "timest": 1708351054}, "StatTrak\u2122 Tec-9 | Decimator (Battle-Scarred)": {"sugprice": 1863.8035714285718, "profit": 114, "limit": 1682, "timest": 1708350504}, "USP-S | Kill Confirmed (Field-Tested)": {"sugprice": 3961.938181818182, "profit": 225, "limit": 3575, "timest": 1708350592}, "\u2605 Broken Fang Gloves | Unhinged (Battle-Scarred)": {"sugprice": 5498.485319148936, "profit": 270, "limit": 4962, "timest": 1708350682}, "\u2605 Navaja Knife | Ultraviolet (Field-Tested)": {"sugprice": 7360.897222222224, "profit": 358, "limit": 6643, "timest": 1708299052}, "\u2605 Broken Fang Gloves | Yellow-banded (Field-Tested)": {"sugprice": 6609.196363636364, "profit": 321, "limit": 5964, "timest": 1708288228}, "\u2605 Hydra Gloves | Case Hardened (Field-Tested)": {"sugprice": 9080.172727272728, "profit": 502, "limit": 8194, "timest": 1708280909}, "\u2605 Specialist Gloves | Buckshot (Field-Tested)": {"sugprice": 6164, "profit": 296, "limit": 5563, "timest": 1708322237}, "\u2605 Driver Gloves | Convoy (Field-Tested)": {"sugprice": 6438.948823529412, "profit": 332, "limit": 5811, "timest": 1708350077}, "\u2605 Survival Knife | Safari Mesh (Field-Tested)": {"sugprice": 8146.099230769231, "profit": 388, "limit": 7351, "timest": 1708317166}, "USP-S | Whiteout (Minimal Wear)": {"sugprice": 3237.125, "profit": 175, "limit": 2921, "timest": 1708350650},