{"USP-S | Kill Confirmed (Well-Worn)": {"sugprice": 3159.051219512195, "profit": 171, "limit": 2851, "timest": 1701794189}, "\u2605 Hydra Gloves | Rattler (Field-Tested)": {"sugprice": 4187.5389583333335, "profit": 213, "limit": 3779, "timest": 1701781457}, "\u2605 Moto Gloves | Transport (Battle-Scarred)": {"sugprice": 5427, "profit": 294, "limit": 4897, "timest": 1701853914}, "\u2605 Broken Fang Gloves | Unhinged (Battle-Scarred)": {"sugprice": 5210.1282, "profit": 340, "limit": 4702, "timest": 1701817873}, "USP-S | Neo-Noir (Well-Worn)": {"sugprice": 1408, "profit": 100, "limit": 1270, "timest": 1701796797}, "StatTrak\u2122 SSG 08 | Dragonfire (Field-Tested)": {"sugprice": 3118, "profit": 158, "limit": 2813, "timest": 1701853120}, "\u2605 Bloodhound Gloves | Guerrilla (Field-Tested)": {"sugprice": 6212.343333333334, "profit": 403, "limit": 5606, "timest": 1701854838}, "\u2605 Hand Wraps | Desert Shamagh (Well-Worn)": {"sugprice": 5272.483888888889, "profit": 255, "limit": 4758, "timest": 1701844899}, "StatTrak\u2122 USP-S | The Traitor (Battle-Scarred)": {"sugprice": 2095, "profit": 148, "limit": 1890, "timest": 1701854739}, "\u2605 Moto Gloves | Turtle (Battle-Scarred)": {"sugprice": 8059.062727272729, "profit": 540, "limit": 7273, "timest": 1701853917}, "StatTrak\u2122 USP-S | Monster Mashup (Field-Tested)": {"sugprice": 1823, "profit": 112, "limit": 1645, "timest": 1701770364}, "\u2605 Bloodhound Gloves | Bronzed (Field-Tested)": {"sugprice": 6421.411818181819, "profit": 395, "limit": 5795, "timest": 1701854832}, "\u2605 Moto Gloves | Blood Pressure (Battle-Scarred)": {"sugprice": 8414, "profit": 400, "limit": 7593, "timest": 1701852223}, "\u2605 Hand Wraps | Duct Tape (Battle-Scarred)": {"sugprice": 5233.762857142858, "profit": 257, "limit": 4723, "timest": 1701830871}, "\u2605 Gut Knife | Safari Mesh (Field-Tested)": {"sugprice": 7378.9685714285715, "profit": 363, "limit": 6659, "timest": 1701836732}, "\u2605 Gut Knife | Freehand (Field-Tested)": {"sugprice": 9019.72, "profit": 874, "limit": 8140, "timest": 1701837412}, "USP-S | Neo-Noir (Factory New)": {"sugprice": 3222.9528571428573, "profit": 195, "limit": 2908, "timest": 1701854786}, "\u2605 Driver Gloves | Convoy (Field-Tested)": {"sugprice": 6444.8915000000015, "profit": 394, "limit": 5816, "timest": 1701854862}, "\u2605 Hand Wraps | Constrictor (Well-Worn)": {"sugprice": 4928.420625, "profit": 246, "limit": 4447, "timest": 1701803107}, "\u2605 Shadow Daggers | Damascus Steel (Field-Tested)": {"sugprice": 7820, "profit": 465, "limit": 7057, "timest": 1701792494}, "USP-S | The Traitor (Minimal Wear)": {"sugprice": 1362.7525, "profit": 114, "limit": 1229, "timest": 1701783641}, "\u2605 Specialist Gloves | Fade (Battle-Scarred)": {"sugprice": 15349.11272727273, "profit": 866, "limit": 13852, "timest": 1701855122}, "\u2605 Shadow Daggers | Autotronic (Field-Tested)": {"sugprice": 9417.873000000001, "profit": 496, "limit": 8499, "timest": 1701769167}, "\u2605 Broken Fang Gloves | Needle Point (Field-Tested)": {"sugprice": 5075.7642857142855, "profit": 242, "limit": 4580, "timest": 1701795657}, "USP-S | Orion (Field-Tested)": {"sugprice": 4028.5868292682926, "profit": 195, "limit": 3635, "timest": 1701854791}, "\u2605 Hand Wraps | Desert Shamagh (Field-Tested)": {"sugprice": 4884, "profit": 239, "limit": 4407, "timest": 1701812689}, "\u2605 Hydra Gloves | Rattler (Battle-Scarred)": {"sugprice": 4139.305476190477, "profit": 201, "limit": 3735, "timest": 1701780044}, "Tec-9 | Nuclear Threat (Battle-Scarred)": {"sugprice": 3047.1925, "profit": 178, "limit": 2750, "timest": 1701853708}, "USP-S | Purple DDPAT (Minimal Wear)": {"sugprice": 1008.40875, "profit": 107, "limit": 910, "timest": 1701815179}, "\u2605 Broken Fang Gloves | Yellow-banded (Field-Tested)": {"sugprice": 6212.989166666665, "profit": 327, "limit": 5607, "timest": 1701789596}, "StatTrak\u2122 M4A4 | Buzz Kill (Field-Tested)": {"sugprice": 2042.6653846153847, "profit": 166, "limit": 1843, "timest": 1701776909}, "StatTrak\u2122 M4A4 | Desert-Strike (Field-Tested)": {"sugprice": 1429.007555555555, "profit": 104, "limit": 1289, "timest": 1701817585}, "StatTrak\u2122 M4A4 | In Living Color (Battle-Scarred)": {"sugprice": 1201.1684375, "profit": 109, "limit": 1084, "timest": 1701808107}, "StatTrak\u2122 M4A4 | Neo-Noir (Well-Worn)": {"sugprice": 1010.1252173913042, "profit": 107, "limit": 911, "timest": 1701814889}, "StatTrak\u2122 M4A4 | \u9f8d\u738b (Dragon King) (Field-Tested)": {"sugprice": 1544.626315789474, "profit": 100, "limit": 1394, "timest": 1701818356}, "StatTrak\u2122 USP-S | Monster Mashup (Battle-Scarred)": {"sugprice": 1828, "profit": 113, "limit": 1649, "timest": 1701771097}, "\u2605 Bloodhound Gloves | Bronzed (Battle-Scarred)": {"sugprice": 6378.273999999999, "profit": 427, "limit": 5756, "timest": 1701854830}, "\u2605 Navaja Knife | Marble Fade (Factory New)": {"sugprice": 15838.534545454546, "profit": 1253, "limit": 14294, "timest": 1701791134}, "\u2605 Shadow Daggers | Scorched (Field-Tested)": {"sugprice": 7084.427777777778, "profit": 486, "limit": 6393, "timest": 1701855109}, "StatTrak\u2122 M4A4 | The Battlestar (Field-Tested)": {"sugprice": 1480.2164285714287, "profit": 122, "limit": 1335, "timest": 1701854636}, "\u2605 Navaja Knife | Ultraviolet (Field-Tested)": {"sugprice": 7229.304285714285, "profit": 400, "limit": 6524, "timest": 1701785515}, "StatTrak\u2122 M4A4 | The Emperor (Battle-Scarred)": {"sugprice": 2711, "profit": 174, "limit": 2446, "timest": 1701849495}, "USP-S | Whiteout (Minimal Wear)": {"sugprice": 2676.5741666666668, "profit": 157, "limit": 2415, "timest": 1701790644}, "\u2605 Bowie Knife | Rust Coat (Battle-Scarred)": {"sugprice": 8337.529999999999, "profit": 423, "limit": 7524, "timest": 1701810956}, "\u2605 Driver Gloves | Racing Green (Field-Tested)": {"sugprice": 3956, "profit": 235, "limit": 3570, "timest": 1701854871}, "StatTrak\u2122 M4A4 | Temukau (Battle-Scarred)": {"sugprice": 2435.1225531914897, "profit": 151, "limit": 2197, "timest": 1701854633}, "\u2605 Hand Wraps | Constrictor (Battle-Scarred)": {"sugprice": 4957.928936170211, "profit": 301, "limit": 4474, "timest": 1701854906}, "\u2605 Shadow Daggers | Black Laminate (Well-Worn)": {"sugprice": 7570.505, "profit": 427, "limit": 6832, "timest": 1701855087}, "USP-S | Monster Mashup (Minimal Wear)": {"sugprice": 2018.80375, "profit": 102, "limit": 1821, "timest": 1701839911}, "\u2605 Shadow Daggers | Freehand (Field-Tested)": {"sugprice": 9387.638846153846, "profit": 639, "limit": 8472, "timest": 1701855101}, "\u2605 Huntsman Knife | Bright Water (Field-Tested)": {"sugprice": 10314.03166666667, "profit": 689, "limit": 9308, "timest": 1701854925}, "\u2605 Bloodhound Gloves | Guerrilla (Battle-Scarred)": {"sugprice": 6241.041818181819, "profit": 375, "limit": 5632, "timest": 1701852678}, "\u2605 Driver Gloves | Convoy (Battle-Scarred)": {"sugprice": 6335.5896296296305, "profit": 367, "limit": 5717, "timest": 1701854860}, "\u2605 Gut Knife | Boreal Forest (Field-Tested)": {"sugprice": 7659.91857142857, "profit": 473, "limit": 6913, "timest": 1701854882}, "\u2605 Navaja Knife | Urban Masked (Field-Tested)": {"sugprice": 6981.976, "profit": 382, "limit": 6301, "timest": 1701855049}, "\u2605 Hand Wraps | Cobalt Skulls (Battle-Scarred)": {"sugprice": 21875.793333333335, "profit": 1345, "limit": 19742, "timest": 1701783898}, "\u2605 Navaja Knife | Boreal Forest (Field-Tested)": {"sugprice": 7017.265714285714, "profit": 380, "limit": 6333, "timest": 1701834624}, "\u2605 Shadow Daggers | Boreal Forest (Field-Tested)": {"sugprice": 7125.132142857142, "profit": 360, "limit": 6430, "timest": 1701855091}, "\u2605 Gut Knife | Bright Water (Field-Tested)": {"sugprice": 8600.176, "profit": 600, "limit": 7761, "timest": 1701854884}, "\u2605 Hydra Gloves | Rattler (Well-Worn)": {"sugprice": 4488.160625, "profit": 302, "limit": 4050, "timest": 1701854953}, "StatTrak\u2122 M4A4 | In Living Color (Field-Tested)": {"sugprice": 1290.2279999999998,