{"USP-S | Kill Confirmed (Well-Worn)": {"sugprice": 2928.115555555555, "profit": 313, "limit": 2642, "timest": 1700578959}, "\u2605 Navaja Knife | Scorched (Field-Tested)": {"sugprice": 6772.338148148148, "profit": 753, "limit": 6112, "timest": 1700579650}, "\u2605 Driver Gloves | Racing Green (Battle-Scarred)": {"sugprice": 3858.3315999999995, "profit": 444, "limit": 3482, "timest": 1700579354}, "StatTrak\u2122 M4A4 | The Emperor (Battle-Scarred)": {"sugprice": 2276.5988888888883, "profit": 162, "limit": 2054, "timest": 1700578291}, "StatTrak\u2122 USP-S | The Traitor (Well-Worn)": {"sugprice": 1881, "profit": 106, "limit": 1697, "timest": 1700578816}, "USP-S | Whiteout (Minimal Wear)": {"sugprice": 2324, "profit": 179, "limit": 2097, "timest": 1700577657}, "\u2605 Broken Fang Gloves | Needle Point (Field-Tested)": {"sugprice": 5669.512000000001, "profit": 706, "limit": 5116, "timest": 1700579249}, "\u2605 Driver Gloves | Racing Green (Well-Worn)": {"sugprice": 3762, "profit": 321, "limit": 3395, "timest": 1700579360}, "\u2605 Hand Wraps | Constrictor (Battle-Scarred)": {"sugprice": 4608.866470588235, "profit": 288, "limit": 4159, "timest": 1700579458}, "\u2605 Hydra Gloves | Rattler (Field-Tested)": {"sugprice": 4074.8015217391307, "profit": 420, "limit": 3677, "timest": 1700571988}, "\u2605 Moto Gloves | Finish Line (Battle-Scarred)": {"sugprice": 6765.3533333333335, "profit": 506, "limit": 6105, "timest": 1700579598}, "\u2605 Navaja Knife | Forest DDPAT (Field-Tested)": {"sugprice": 6794.189629629628, "profit": 328, "limit": 6131, "timest": 1700579632}, "\u2605 Navaja Knife | Safari Mesh (Field-Tested)": {"sugprice": 6929, "profit": 479, "limit": 6253, "timest": 1700579646}, "\u2605 Shadow Daggers | Bright Water (Field-Tested)": {"sugprice": 7601.55875, "profit": 603, "limit": 6860, "timest": 1700579695}, "\u2605 Shadow Daggers | Rust Coat (Battle-Scarred)": {"sugprice": 6500.536666666666, "profit": 443, "limit": 5866, "timest": 1700574732}, "\u2605 Broken Fang Gloves | Yellow-banded (Field-Tested)": {"sugprice": 6264.82, "profit": 568, "limit": 5654, "timest": 1700579287}, "Vypa Sista of the Revolution | Guerrilla Warfare": {"sugprice": 1591.8500000000001, "profit": 200, "limit": 1436, "timest": 1700579194}, "StatTrak\u2122 M4A4 | \u9f8d\u738b (Dragon King) (Battle-Scarred)": {"sugprice": 1386, "profit": 113, "limit": 1250, "timest": 1700578324}, "\u2605 Hydra Gloves | Mangrove (Battle-Scarred)": {"sugprice": 3965.1554761904754, "profit": 259, "limit": 3578, "timest": 1700571982}, "\u2605 Hydra Gloves | Mangrove (Well-Worn)": {"sugprice": 4224.049090909091, "profit": 384, "limit": 3812, "timest": 1700579558}, "\u2605 Shadow Daggers | Scorched (Field-Tested)": {"sugprice": 6987, "profit": 847, "limit": 6305, "timest": 1700579725}, "StatTrak\u2122 M4A4 | Desolate Space (Battle-Scarred)": {"sugprice": 1219.4540000000002, "profit": 123, "limit": 1100, "timest": 1700578127}, "StatTrak\u2122 P90 | Asiimov (Battle-Scarred)": {"sugprice": 1462.1842105263156, "profit": 107, "limit": 1319, "timest": 1700578529}, "\u2605 Hand Wraps | Desert Shamagh (Field-Tested)": {"sugprice": 4970.923000000001, "profit": 322, "limit": 4486, "timest": 1700579482}, "\u2605 Gut Knife | Forest DDPAT (Field-Tested)": {"sugprice": 7163.454000000001, "profit": 802, "limit": 6465, "timest": 1700579399}, "\u2605 Moto Gloves | Transport (Battle-Scarred)": {"sugprice": 5239, "profit": 594, "limit": 4728, "timest": 1700579612}, "USP-S | The Traitor (Minimal Wear)": {"sugprice": 1367.7523529411765, "profit": 173, "limit": 1234, "timest": 1700577651}, "USP-S | Printstream (Well-Worn)": {"sugprice": 2571.9105555555557, "profit": 269, "limit": 2321, "timest": 1700574293}, "\u2605 Driver Gloves | Racing Green (Field-Tested)": {"sugprice": 3768.0253658536585, "profit": 329, "limit": 3400, "timest": 1700579356}, "\u2605 Hand Wraps | Duct Tape (Field-Tested)": {"sugprice": 5197, "profit": 541, "limit": 4690, "timest": 1700579506}, "USP-S | Monster Mashup (Well-Worn)": {"sugprice": 1269.8316666666667, "profit": 121, "limit": 1146, "timest": 1700499761}, "\u2605 Broken Fang Gloves | Unhinged (Battle-Scarred)": {"sugprice": 5049, "profit": 492, "limit": 4556, "timest": 1700579256}, "\u2605 Hand Wraps | Arboreal (Field-Tested)": {"sugprice": 5764.7571875, "profit": 565, "limit": 5202, "timest": 1700579443}, "USP-S | Kill Confirmed (Battle-Scarred)": {"sugprice": 2729, "profit": 228, "limit": 2462, "timest": 1700578935}, "USP-S | Serum (Field-Tested)": {"sugprice": 3476.4387500000003, "profit": 347, "limit": 3137, "timest": 1700579148}, "\u2605 Hand Wraps | Giraffe (Battle-Scarred)": {"sugprice": 5685.196774193549, "profit": 640, "limit": 5130, "timest": 1700579510}, "USP-S | Neo-Noir (Well-Worn)": {"sugprice": 1386, "profit": 116, "limit": 1250, "timest": 1700579015}, "\u2605 Survival Knife | Safari Mesh (Field-Tested)": {"sugprice": 7391.386666666666, "profit": 561, "limit": 6670, "timest": 1700579864}, "\u2605 Hydra Gloves | Case Hardened (Field-Tested)": {"sugprice": 7662.816000000001, "profit": 626, "limit": 6915, "timest": 1700579542}, "\u2605 Gut Knife | Rust Coat (Battle-Scarred)": {"sugprice": 7861.894666666665, "profit": 523, "limit": 7095, "timest": 1700579403}, "\u2605 Moto Gloves | Smoke Out (Battle-Scarred)": {"sugprice": 6723.737727272726, "profit": 673, "limit": 6068, "timest": 1700579608}, "\u2605 Hydra Gloves | Rattler (Battle-Scarred)": {"sugprice": 4104.1644186046515, "profit": 198, "limit": 3704, "timest": 1700579569}, "StatTrak\u2122 SSG 08 | Dragonfire (Field-Tested)": {"sugprice": 3136, "profit": 398, "limit": 2830, "timest": 1700578605}, "\u2605 Specialist Gloves | Forest DDPAT (Battle-Scarred)": {"sugprice": 7594.766470588234, "profit": 593, "limit": 6854, "timest": 1700579778}, "StatTrak\u2122 M4A4 | Desert-Strike (Field-Tested)": {"sugprice": 1446.706551724138, "profit": 246, "limit": 1305, "timest": 1700578122}, "\u2605 Broken Fang Gloves | Jade (Battle-Scarred)": {"sugprice": 7078, "profit": 736, "limit": 6387, "timest": 1700579239}, "StatTrak\u2122 M4A4 | Temukau (Battle-Scarred)": {"sugprice": 2359.2020588235287, "profit": 210, "limit": 2129, "timest": 1700578279}, "\u2605 Hydra Gloves | Rattler (Well-Worn)": {"sugprice": 4804.481818181818, "profit": 361, "limit": 4336, "timest": 1700579579}, "StatTrak\u2122 USP-S | Neo-Noir (Field-Tested)": {"sugprice": 2974.211578947368, "profit": 325, "limit": 2684, "timest": 1700578797}, "\u2605 Bloodhound Gloves | Guerrilla (Field-Tested)": {"sugprice": 5984.6585000000005, "profit": 634, "limit": 5401, "timest": 1700579218}, "\u2605 Broken Fang Gloves | Unhinged (Well-Worn)": {"sugprice": 4791.323333333333, "profit": 294, "limit": 4324, "timest": 1700579265}, "\u2605 Gut Knife | Boreal Forest (Field-Tested)": {"sugprice": 6976.87875, "profit": 577, "limit": 6296, "timest": 1700579383}, "\u2605 Gut Knife | Bright Water (Field-Tested)": {"sugprice": 8157.894782608695, "profit": 417, "limit": 7362, "timest": 1700579386}, "\u2605 Gut Knife | Safari Mesh (Field-Tested)": {"sugprice": 7192.679500000001, "profit": 533, "limit": 6491, "timest": 1700579415}, "\u2605 Hand Wraps | Constrictor (Field-Tested)": {"sugprice": 4752, "profit": 434, "limit": 4288, "timest": 1700579461}, "\u2605 Hand Wraps | Desert Shamagh (Well-Worn)": {"sugprice": 5059.891666666666, "profit": 563, "limit": 4566, "timest": 1700579494}, "\u2605 Navaja Knife | Night Stripe (Field-Tested)": {"sugprice": 6721.256800000002, "profit": 654, "limit": 6065, "timest": 1700579642}, "\u2605 Navaja Knife | Tiger Tooth (Factory New)": {"sugprice": 11011.194615384618, "profit": 959, "limit": 9937, "timest": 1700579665}, "\u2605 Navaja Knife | Urban Masked (Field-Tested)": {"sugprice": 6724.27, "profit": 388, "limit": 6068, "timest": 1700579676}, "\u2605 Shadow Daggers | Tiger Tooth (Factory New)": {"sugprice": 13174, "profit": 1332, "limit": 11889, "timest": 1700579743}, "\u2605 Survival Knife | Boreal Forest (Field-Tested)": {"sugprice": 7954.523333333333, "profit": 1064,