{"StatTrak\u2122 M4A4 | The Emperor (Battle-Scarred)": {"sugprice": 2626.9982142857143, "profit": 154, "limit": 2370, "timest": 1703102263}, "StatTrak\u2122 MP7 | Bloodsport (Factory New)": {"sugprice": 1358.4866666666667, "profit": 101, "limit": 1226, "timest": 1703092392}, "StatTrak\u2122 MP9 | Hypnotic (Factory New)": {"sugprice": 3486.621379310344, "profit": 256, "limit": 3146, "timest": 1703102298}, "StatTrak\u2122 P90 | Asiimov (Battle-Scarred)": {"sugprice": 1671.3285714285714, "profit": 151, "limit": 1508, "timest": 1703102321}, "StatTrak\u2122 SSG 08 | Bloodshot (Field-Tested)": {"sugprice": 1870, "profit": 125, "limit": 1687, "timest": 1703102331}, "StatTrak\u2122 USP-S | Neo-Noir (Battle-Scarred)": {"sugprice": 3112.9632142857145, "profit": 295, "limit": 2809, "timest": 1703102358}, "StatTrak\u2122 USP-S | Neo-Noir (Field-Tested)": {"sugprice": 2991.166, "profit": 154, "limit": 2699, "timest": 1703102360}, "StatTrak\u2122 USP-S | The Traitor (Battle-Scarred)": {"sugprice": 2063.7220408163266, "profit": 129, "limit": 1862, "timest": 1703102366}, "Tec-9 | Nuclear Threat (Battle-Scarred)": {"sugprice": 3519, "profit": 446, "limit": 3175, "timest": 1703102371}, "USP-S | Kill Confirmed (Battle-Scarred)": {"sugprice": 3067, "profit": 153, "limit": 2767, "timest": 1703067891}, "USP-S | Kill Confirmed (Well-Worn)": {"sugprice": 3089.987692307692, "profit": 154, "limit": 2788, "timest": 1703102401}, "USP-S | Neo-Noir (Factory New)": {"sugprice": 3125.472083333334, "profit": 189, "limit": 2820, "timest": 1703102405}, "\u2605 Bloodhound Gloves | Guerrilla (Battle-Scarred)": {"sugprice": 6162.1096428571445, "profit": 352, "limit": 5561, "timest": 1703102447}, "\u2605 Broken Fang Gloves | Yellow-banded (Battle-Scarred)": {"sugprice": 6019.463600000001, "profit": 405, "limit": 5432, "timest": 1703096759}, "\u2605 Driver Gloves | Convoy (Field-Tested)": {"sugprice": 6346.82, "profit": 443, "limit": 5728, "timest": 1703102553}, "\u2605 Driver Gloves | Diamondback (Battle-Scarred)": {"sugprice": 6778.875555555555, "profit": 562, "limit": 6117, "timest": 1703102554}, "\u2605 Driver Gloves | Queen Jaguar (Battle-Scarred)": {"sugprice": 5314.377999999998, "profit": 277, "limit": 4796, "timest": 1703102557}, "\u2605 Gut Knife | Bright Water (Field-Tested)": {"sugprice": 8284.709375, "profit": 419, "limit": 7476, "timest": 1703100478}, "\u2605 Hand Wraps | Arboreal (Field-Tested)": {"sugprice": 6134.836363636364, "profit": 420, "limit": 5536, "timest": 1703102586}, "\u2605 Hand Wraps | Badlands (Battle-Scarred)": {"sugprice": 7348.10375, "profit": 490, "limit": 6631, "timest": 1703102587}, "\u2605 Hand Wraps | Desert Shamagh (Battle-Scarred)": {"sugprice": 4927.83085106383, "profit": 235, "limit": 4447, "timest": 1703102596}, "\u2605 Hydra Gloves | Mangrove (Field-Tested)": {"sugprice": 4048.1820833333336, "profit": 220, "limit": 3653, "timest": 1703099063}, "\u2605 Hydra Gloves | Rattler (Battle-Scarred)": {"sugprice": 4063.128292682926, "profit": 380, "limit": 3666, "timest": 1703087049}, "\u2605 Moto Gloves | 3rd Commando Company (Battle-Scarred)": {"sugprice": 5104.275199999998, "profit": 268, "limit": 4606, "timest": 1703102637}, "\u2605 Moto Gloves | Smoke Out (Battle-Scarred)": {"sugprice": 6982.380789473685, "profit": 462, "limit": 6301, "timest": 1703102653}, "\u2605 Moto Gloves | Transport (Field-Tested)": {"sugprice": 5597.592142857144, "profit": 312, "limit": 5051, "timest": 1703102657}, "\u2605 Navaja Knife | Rust Coat (Battle-Scarred)": {"sugprice": 6994.856428571428, "profit": 377, "limit": 6312, "timest": 1703084268}, "\u2605 Navaja Knife | Scorched (Field-Tested)": {"sugprice": 6915.583548387098, "profit": 443, "limit": 6241, "timest": 1703102673}, "\u2605 Navaja Knife | Urban Masked (Field-Tested)": {"sugprice": 7080.685238095239, "profit": 400, "limit": 6390, "timest": 1703102687}, "\u2605 Shadow Daggers | Freehand (Field-Tested)": {"sugprice": 9347.682857142858, "profit": 635, "limit": 8436, "timest": 1703102704}, "\u2605 Shadow Daggers | Ultraviolet (Field-Tested)": {"sugprice": 8611, "profit": 439, "limit": 7771, "timest": 1703092801}, "\u2605 Sport Gloves | Bronze Morph (Battle-Scarred)": {"sugprice": 10136.296666666665, "profit": 507, "limit": 9148, "timest": 1703102726}, "StatTrak\u2122 M4A4 | X-Ray (Minimal Wear)": {"sugprice": 4654.756666666667, "profit": 261, "limit": 4200, "timest": 1703097122}, "\u2605 Driver Gloves | Racing Green (Battle-Scarred)": {"sugprice": 3805.3090000000016, "profit": 218, "limit": 3434, "timest": 1703102560}, "\u2605 Gut Knife | Boreal Forest (Field-Tested)": {"sugprice": 7455.8287500000015, "profit": 478, "limit": 6728, "timest": 1703102572}, "\u2605 Gut Knife | Forest DDPAT (Field-Tested)": {"sugprice": 8157.110476190475, "profit": 518, "limit": 7361, "timest": 1703102576}, "\u2605 Hydra Gloves | Rattler (Field-Tested)": {"sugprice": 4082.706999999999, "profit": 260, "limit": 3684, "timest": 1703102632}, "\u2605 Paracord Knife | Safari Mesh (Field-Tested)": {"sugprice": 7391.659375, "profit": 408, "limit": 6670, "timest": 1703102690}, "\u2605 Shadow Daggers | Safari Mesh (Field-Tested)": {"sugprice": 7046.072, "profit": 370, "limit": 6359, "timest": 1703102708}, "\u2605 Specialist Gloves | Fade (Battle-Scarred)": {"sugprice": 15216.255769230771, "profit": 724, "limit": 13732, "timest": 1703047458}, "\u2605 Driver Gloves | Racing Green (Field-Tested)": {"sugprice": 3773.2226, "profit": 274, "limit": 3405, "timest": 1703102562}, "\u2605 Hand Wraps | Constrictor (Field-Tested)": {"sugprice": 5023.865789473685, "profit": 272, "limit": 4534, "timest": 1703100008}, "\u2605 Hand Wraps | Desert Shamagh (Field-Tested)": {"sugprice": 4975.7212, "profit": 263, "limit": 4490, "timest": 1703102598}, "\u2605 Hydra Gloves | Mangrove (Well-Worn)": {"sugprice": 4364.086, "profit": 254, "limit": 3938, "timest": 1703102628}, "\u2605 Moto Gloves | Blood Pressure (Battle-Scarred)": {"sugprice": 7610.078888888888, "profit": 428, "limit": 6868, "timest": 1703023403}, "\u2605 Shadow Daggers | Boreal Forest (Field-Tested)": {"sugprice": 7057.307500000001, "profit": 465, "limit": 6369, "timest": 1703102696}, "\u2605 Bowie Knife | Bright Water (Field-Tested)": {"sugprice": 9829.602666666668, "profit": 549, "limit": 8871, "timest": 1703102454}, "\u2605 Shadow Daggers | Scorched (Field-Tested)": {"sugprice": 7021.891739130435, "profit": 556, "limit": 6337, "timest": 1703102711}, "\u2605 Driver Gloves | Racing Green (Well-Worn)": {"sugprice": 3847.794285714286, "profit": 239, "limit": 3472, "timest": 1703102563}, "\u2605 Bloodhound Gloves | Bronzed (Field-Tested)": {"sugprice": 6494.1015789473695, "profit": 402, "limit": 5860, "timest": 1703102445}, "\u2605 Bloodhound Gloves | Guerrilla (Field-Tested)": {"sugprice": 6110.4032352941185, "profit": 318, "limit": 5514, "timest": 1703102449}, "\u2605 Broken Fang Gloves | Unhinged (Battle-Scarred)": {"sugprice": 5097.921428571429, "profit": 286, "limit": 4600, "timest": 1703102543}, "StatTrak\u2122 USP-S | Monster Mashup (Battle-Scarred)": {"sugprice": 1857.9150000000002, "profit": 134, "limit": 1676, "timest": 1703102354}, "StatTrak\u2122 P250 | Muertos (Field-Tested)": {"sugprice": 996.9364285714286, "profit": 145, "limit": 899, "timest": 1703076976}, "\u2605 Shadow Daggers | Damascus Steel (Field-Tested)": {"sugprice": 8282.265714285715, "profit": 646, "limit": 7474, "timest": 1703102700}, "\u2605 Hydra Gloves | Emerald (Battle-Scarred)": {"sugprice": 4657.451136363637, "profit": 222, "limit": 4203, "timest": 1703091672}, "StatTrak\u2122 USP-S | The Traitor (Well-Worn)": {"sugprice": 2082.7995454545458, "profit": 134, "limit": 1879, "timest": 1703102368}, "\u2605 Hand Wraps | Constrictor (Well-Worn)": {"sugprice": 4994.533103448275, "profit": 261, "limit": 4507, "timest": 1703102595}, "UMP-45 | Blaze (Factory New)": {"sugprice": 1592.1956000000002, "profit": 100, "limit": 1436, "timest": 1703100361}, "\u2605 Moto Gloves | Eclipse (Battle-Scarred)": {"sugprice": 6973.291111111112,