{"USP-S | Kill Confirmed (Well-Worn)": {"sugprice": 2968, "profit": 239, "limit": 2678, "timest": 1701254073}, "\u2605 Navaja Knife | Scorched (Field-Tested)": {"sugprice": 6741.901304347825, "profit": 501, "limit": 6084, "timest": 1701269868}, "\u2605 Driver Gloves | Racing Green (Battle-Scarred)": {"sugprice": 3516, "profit": 169, "limit": 3173, "timest": 1701268784}, "\u2605 Driver Gloves | Racing Green (Well-Worn)": {"sugprice": 3593, "profit": 205, "limit": 3242, "timest": 1701261430}, "\u2605 Hydra Gloves | Rattler (Field-Tested)": {"sugprice": 3901.682200000001, "profit": 367, "limit": 3521, "timest": 1701267466}, "\u2605 Navaja Knife | Forest DDPAT (Field-Tested)": {"sugprice": 6734.76423076923, "profit": 323, "limit": 6078, "timest": 1701266319}, "\u2605 Shadow Daggers | Bright Water (Field-Tested)": {"sugprice": 7412.03794117647, "profit": 541, "limit": 6689, "timest": 1701269887}, "\u2605 Shadow Daggers | Rust Coat (Battle-Scarred)": {"sugprice": 6734.33409090909, "profit": 503, "limit": 6077, "timest": 1701266432}, "\u2605 Broken Fang Gloves | Yellow-banded (Field-Tested)": {"sugprice": 6236, "profit": 313, "limit": 5627, "timest": 1701258639}, "\u2605 Hydra Gloves | Mangrove (Battle-Scarred)": {"sugprice": 3838.378095238095, "profit": 275, "limit": 3464, "timest": 1701269824}, "\u2605 Hydra Gloves | Mangrove (Well-Worn)": {"sugprice": 3950.8707142857143, "profit": 232, "limit": 3565, "timest": 1701269828}, "\u2605 Hand Wraps | Desert Shamagh (Field-Tested)": {"sugprice": 4905.191142857144, "profit": 398, "limit": 4426, "timest": 1701269806}, "\u2605 Moto Gloves | Transport (Battle-Scarred)": {"sugprice": 5191.602352941176, "profit": 251, "limit": 4685, "timest": 1701253157}, "USP-S | The Traitor (Minimal Wear)": {"sugprice": 1326.5896774193548, "profit": 105, "limit": 1197, "timest": 1701191077}, "USP-S | Printstream (Well-Worn)": {"sugprice": 2674.795882352941, "profit": 133, "limit": 2414, "timest": 1701256477}, "\u2605 Hand Wraps | Duct Tape (Field-Tested)": {"sugprice": 5146.119090909091, "profit": 284, "limit": 4644, "timest": 1701269812}, "\u2605 Broken Fang Gloves | Unhinged (Battle-Scarred)": {"sugprice": 5075.546874999999, "profit": 288, "limit": 4580, "timest": 1701269757}, "\u2605 Hand Wraps | Arboreal (Field-Tested)": {"sugprice": 5477.672631578947, "profit": 330, "limit": 4943, "timest": 1701269796}, "\u2605 Hand Wraps | Giraffe (Battle-Scarred)": {"sugprice": 5883, "profit": 302, "limit": 5309, "timest": 1701269814}, "USP-S | Neo-Noir (Well-Worn)": {"sugprice": 1441.7976923076926, "profit": 107, "limit": 1301, "timest": 1701251132}, "\u2605 Moto Gloves | Smoke Out (Battle-Scarred)": {"sugprice": 6968.049473684211, "profit": 510, "limit": 6288, "timest": 1701269847}, "\u2605 Hydra Gloves | Rattler (Battle-Scarred)": {"sugprice": 3928.391399999999, "profit": 311, "limit": 3545, "timest": 1701269830}, "StatTrak\u2122 SSG 08 | Dragonfire (Field-Tested)": {"sugprice": 3109.9643243243254, "profit": 259, "limit": 2806, "timest": 1701269630}, "StatTrak\u2122 USP-S | Neo-Noir (Field-Tested)": {"sugprice": 3149.195555555556, "profit": 213, "limit": 2842, "timest": 1701269659}, "\u2605 Bloodhound Gloves | Guerrilla (Field-Tested)": {"sugprice": 5944, "profit": 446, "limit": 5364, "timest": 1701269745}, "\u2605 Gut Knife | Bright Water (Field-Tested)": {"sugprice": 8145.259333333333, "profit": 564, "limit": 7351, "timest": 1701269782}, "\u2605 Hand Wraps | Constrictor (Field-Tested)": {"sugprice": 4978.207777777778, "profit": 366, "limit": 4492, "timest": 1701269800}, "\u2605 Hand Wraps | Desert Shamagh (Well-Worn)": {"sugprice": 4837.487142857142, "profit": 323, "limit": 4365, "timest": 1701269808}, "\u2605 Navaja Knife | Night Stripe (Field-Tested)": {"sugprice": 6573.794545454546, "profit": 336, "limit": 5932, "timest": 1701266321}, "\u2605 Survival Knife | Scorched (Field-Tested)": {"sugprice": 7767.735384615385, "profit": 518, "limit": 7010, "timest": 1701269984}, "\u2605 Moto Gloves | 3rd Commando Company (Field-Tested)": {"sugprice": 5611.9221739130435, "profit": 369, "limit": 5064, "timest": 1701269837}, "StatTrak\u2122 USP-S | The Traitor (Battle-Scarred)": {"sugprice": 1856.458888888889, "profit": 128, "limit": 1675, "timest": 1701269665}, "\u2605 Driver Gloves | Queen Jaguar (Battle-Scarred)": {"sugprice": 5175.108888888889, "profit": 247, "limit": 4670, "timest": 1701248773}, "\u2605 Hand Wraps | Desert Shamagh (Battle-Scarred)": {"sugprice": 4927.46, "profit": 404, "limit": 4447, "timest": 1701269804}, "USP-S | Orion (Minimal Wear)": {"sugprice": 3853.0531818181817, "profit": 188, "limit": 3477, "timest": 1701249608}, "USP-S | Caiman (Field-Tested)": {"sugprice": 2969, "profit": 143, "limit": 2679, "timest": 1701262075}, "\u2605 Sport Gloves | Bronze Morph (Battle-Scarred)": {"sugprice": 9992.052307692307, "profit": 620, "limit": 9017, "timest": 1701269936}, "\u2605 Moto Gloves | Turtle (Battle-Scarred)": {"sugprice": 7532.919374999999, "profit": 421, "limit": 6798, "timest": 1701269853}, "\u2605 Hand Wraps | Arboreal (Battle-Scarred)": {"sugprice": 4994.254761904762, "profit": 263, "limit": 4507, "timest": 1701246382}, "\u2605 Broken Fang Gloves | Yellow-banded (Battle-Scarred)": {"sugprice": 5098, "profit": 243, "limit": 4600, "timest": 1701263507}, "StatTrak\u2122 USP-S | Printstream (Battle-Scarred)": {"sugprice": 4345.09590909091, "profit": 243, "limit": 3921, "timest": 1701269661}, "USP-S | Overgrowth (Field-Tested)": {"sugprice": 1659.757777777778, "profit": 119, "limit": 1497, "timest": 1701269719}, "StatTrak\u2122 USP-S | Stainless (Battle-Scarred)": {"sugprice": 1021.0213793103447, "profit": 103, "limit": 921, "timest": 1701269663}, "\u2605 Broken Fang Gloves | Needle Point (Battle-Scarred)": {"sugprice": 4997, "profit": 247, "limit": 4509, "timest": 1701269751}, "StatTrak\u2122 P250 | Muertos (Field-Tested)": {"sugprice": 1048.0306250000003, "profit": 112, "limit": 945, "timest": 1701269603}, "StatTrak\u2122 USP-S | Monster Mashup (Field-Tested)": {"sugprice": 1785.2716666666665, "profit": 114, "limit": 1611, "timest": 1701269655}, "Tec-9 | Nuclear Threat (Battle-Scarred)": {"sugprice": 2951.314, "profit": 237, "limit": 2663, "timest": 1701245990}, "USP-S | Orion (Factory New)": {"sugprice": 3991.9854545454555, "profit": 237, "limit": 3602, "timest": 1701269713}, "\u2605 Bloodhound Gloves | Bronzed (Field-Tested)": {"sugprice": 6228.188095238095, "profit": 440, "limit": 5620, "timest": 1701269742}, "\u2605 Gut Knife | Scorched (Field-Tested)": {"sugprice": 7638.696875, "profit": 600, "limit": 6893, "timest": 1701269792}, "\u2605 Hydra Gloves | Emerald (Battle-Scarred)": {"sugprice": 4521.1836, "profit": 359, "limit": 4080, "timest": 1701269820}, "\u2605 Hydra Gloves | Emerald (Field-Tested)": {"sugprice": 4561.0112244897955, "profit": 284, "limit": 4116, "timest": 1701269822}, "\u2605 Moto Gloves | Blood Pressure (Battle-Scarred)": {"sugprice": 8693, "profit": 862, "limit": 7845, "timest": 1701269840}, "\u2605 Moto Gloves | Polygon (Battle-Scarred)": {"sugprice": 9826, "profit": 649, "limit": 8867, "timest": 1701269104}, "\u2605 Navaja Knife | Boreal Forest (Field-Tested)": {"sugprice": 7118.134680851064, "profit": 636, "limit": 6424, "timest": 1701269857}, "\u2605 Navaja Knife | Rust Coat (Battle-Scarred)": {"sugprice": 6793.172692307693, "profit": 405, "limit": 6130, "timest": 1701269864}, "\u2605 Navaja Knife | Ultraviolet (Field-Tested)": {"sugprice": 7047.630344827586, "profit": 426, "limit": 6360, "timest": 1701269876}, "\u2605 Paracord Knife | Safari Mesh (Field-Tested)": {"sugprice": 7202.32125, "profit": 592, "limit": 6500, "timest": 1701258011}, "\u2605 Shadow Daggers | Ultraviolet (Field-Tested)": {"sugprice": 7818, "profit": 398, "limit": 7055, "timest": 1701269915}, "\u2605 Paracord Knife | Scorched (Field-Tested)": {"sugprice": 7620.804615384616, "profit": 739, "limit": 6877, "timest": 1701269883}, "\u2605 Huntsman Knife | Rust Coat (Battle-Scarred)": {"sugprice": 8874.352727272726,