{"StatTrak\u2122 USP-S | Neo-Noir (Field-Tested)": {"sugprice": 3086.81625, "profit": 149, "limit": 2785, "timest": 1704461116}, "StatTrak\u2122 USP-S | The Traitor (Battle-Scarred)": {"sugprice": 2058, "profit": 102, "limit": 1857, "timest": 1704461122}, "USP-S | Kill Confirmed (Well-Worn)": {"sugprice": 3224.117200000001, "profit": 240, "limit": 2909, "timest": 1704455806}, "\u2605 Driver Gloves | Convoy (Field-Tested)": {"sugprice": 6308.477749999998, "profit": 333, "limit": 5693, "timest": 1704468215}, "\u2605 Shadow Daggers | Boreal Forest (Field-Tested)": {"sugprice": 7061.053461538462, "profit": 394, "limit": 6372, "timest": 1704468367}, "\u2605 Bloodhound Gloves | Bronzed (Field-Tested)": {"sugprice": 6420.230263157895, "profit": 428, "limit": 5794, "timest": 1704468117}, "StatTrak\u2122 USP-S | Monster Mashup (Battle-Scarred)": {"sugprice": 1848.3682352941175, "profit": 106, "limit": 1668, "timest": 1704447662}, "USP-S | Printstream (Minimal Wear)": {"sugprice": 4672.697500000001, "profit": 334, "limit": 4217, "timest": 1704468093}, "\u2605 Paracord Knife | Forest DDPAT (Field-Tested)": {"sugprice": 8265.66948717949, "profit": 396, "limit": 7459, "timest": 1704459559}, "\u2605 Specialist Gloves | Fade (Battle-Scarred)": {"sugprice": 15281.67, "profit": 745, "limit": 13791, "timest": 1704397697}, "USP-S | Printstream (Well-Worn)": {"sugprice": 2758.267692307693, "profit": 234, "limit": 2489, "timest": 1704468097}, "\u2605 Hydra Gloves | Case Hardened (Battle-Scarred)": {"sugprice": 7241.073999999999, "profit": 369, "limit": 6535, "timest": 1704467099}, "\u2605 Driver Gloves | Queen Jaguar (Battle-Scarred)": {"sugprice": 5831.4525, "profit": 282, "limit": 5262, "timest": 1704468222}, "StatTrak\u2122 Tec-9 | Blue Titanium (Factory New)": {"sugprice": 841, "profit": 105, "limit": 759, "timest": 1704444679}, "\u2605 Survival Knife | Safari Mesh (Field-Tested)": {"sugprice": 7708.877826086956, "profit": 367, "limit": 6957, "timest": 1704443476}, "\u2605 Hand Wraps | Constrictor (Field-Tested)": {"sugprice": 5138.022222222222, "profit": 318, "limit": 4637, "timest": 1704468259}, "\u2605 Broken Fang Gloves | Unhinged (Battle-Scarred)": {"sugprice": 5183.258571428572, "profit": 262, "limit": 4677, "timest": 1704447791}, "StatTrak\u2122 USP-S | Printstream (Battle-Scarred)": {"sugprice": 4625.157142857143, "profit": 312, "limit": 4174, "timest": 1704422766}, "\u2605 Gut Knife | Bright Water (Field-Tested)": {"sugprice": 8491.807894736843, "profit": 404, "limit": 7663, "timest": 1704426164}, "\u2605 Navaja Knife | Safari Mesh (Battle-Scarred)": {"sugprice": 7227.613846153847, "profit": 520, "limit": 6522, "timest": 1704468339}, "\u2605 Navaja Knife | Stained (Field-Tested)": {"sugprice": 7425, "profit": 378, "limit": 6701, "timest": 1704456060}, "\u2605 Navaja Knife | Stained (Well-Worn)": {"sugprice": 7540.012499999999, "profit": 440, "limit": 6804, "timest": 1704468349}, "\u2605 Gut Knife | Boreal Forest (Field-Tested)": {"sugprice": 7475.119285714286, "profit": 447, "limit": 6746, "timest": 1704468238}, "USP-S | Royal Blue (Field-Tested)": {"sugprice": 1105.333, "profit": 101, "limit": 997, "timest": 1704466978}, "USP-S | Printstream (Field-Tested)": {"sugprice": 2790.6555555555565, "profit": 133, "limit": 2518, "timest": 1704459339}, "StatTrak\u2122 M4A4 | The Emperor (Battle-Scarred)": {"sugprice": 2540.7609523809524, "profit": 184, "limit": 2293, "timest": 1704467909}, "USP-S | Kill Confirmed (Battle-Scarred)": {"sugprice": 3137.8958, "profit": 159, "limit": 2831, "timest": 1704451109}, "\u2605 Bowie Knife | Ultraviolet (Battle-Scarred)": {"sugprice": 9291.074736842105, "profit": 554, "limit": 8385, "timest": 1704402604}, "\u2605 Paracord Knife | Safari Mesh (Field-Tested)": {"sugprice": 7860.152941176471, "profit": 416, "limit": 7093, "timest": 1704468361}, "\u2605 Hand Wraps | Arboreal (Field-Tested)": {"sugprice": 6078.959642857143, "profit": 294, "limit": 5486, "timest": 1704468252}, "Vypa Sista of the Revolution | Guerrilla Warfare": {"sugprice": 1947.0281818181813, "profit": 144, "limit": 1757, "timest": 1704468110}, "\u2605 Huntsman Knife | Freehand (Field-Tested)": {"sugprice": 11784.34, "profit": 1175, "limit": 10635, "timest": 1704468282}, "\u2605 Shadow Daggers | Rust Coat (Battle-Scarred)": {"sugprice": 6960.972799999998, "profit": 426, "limit": 6282, "timest": 1704468377}, "\u2605 Gut Knife | Safari Mesh (Field-Tested)": {"sugprice": 7377.909090909091, "profit": 403, "limit": 6658, "timest": 1704468248}, "StatTrak\u2122 P90 | Asiimov (Battle-Scarred)": {"sugprice": 1802, "profit": 105, "limit": 1626, "timest": 1704467974}, "\u2605 Hydra Gloves | Emerald (Field-Tested)": {"sugprice": 5045.488599999999, "profit": 348, "limit": 4553, "timest": 1704464569}, "StatTrak\u2122 SSG 08 | Bloodshot (Field-Tested)": {"sugprice": 1581.4964285714286, "profit": 110, "limit": 1427, "timest": 1704467984}, "\u2605 Bloodhound Gloves | Guerrilla (Battle-Scarred)": {"sugprice": 6380.338235294119, "profit": 357, "limit": 5758, "timest": 1704468119}, "USP-S | The Traitor (Minimal Wear)": {"sugprice": 1484.8009090909086, "profit": 108, "limit": 1340, "timest": 1704433521}, "StatTrak\u2122 SSG 08 | Turbo Peek (Field-Tested)": {"sugprice": 942, "profit": 104, "limit": 850, "timest": 1704441525}, "StatTrak\u2122 M4A4 | The Battlestar (Field-Tested)": {"sugprice": 1544, "profit": 160, "limit": 1393, "timest": 1704398324}, "StatTrak\u2122 USP-S | Blueprint (Battle-Scarred)": {"sugprice": 1048.477692307692, "profit": 180, "limit": 946, "timest": 1704385268}, "StatTrak\u2122 M4A4 | Tooth Fairy (Field-Tested)": {"sugprice": 549.6504761904762, "profit": 119, "limit": 496, "timest": 1704467914}, "StatTrak\u2122 M4A4 | Tooth Fairy (Battle-Scarred)": {"sugprice": 598.6145454545456, "profit": 127, "limit": 540, "timest": 1704442486}, "\u2605 Hand Wraps | Giraffe (Battle-Scarred)": {"sugprice": 6011.285714285713, "profit": 450, "limit": 5425, "timest": 1704468281}, "\u2605 Bowie Knife | Rust Coat (Battle-Scarred)": {"sugprice": 8242.989285714286, "profit": 448, "limit": 7439, "timest": 1704429126}, "\u2605 Hand Wraps | Duct Tape (Field-Tested)": {"sugprice": 5161.510333333333, "profit": 249, "limit": 4658, "timest": 1704403203}, "\u2605 Driver Gloves | Queen Jaguar (Field-Tested)": {"sugprice": 6224.646428571429, "profit": 362, "limit": 5617, "timest": 1704468224}, "\u2605 Huntsman Knife | Ultraviolet (Field-Tested)": {"sugprice": 10148.720666666666, "profit": 493, "limit": 9159, "timest": 1704461516}, "\u2605 Navaja Knife | Stained (Battle-Scarred)": {"sugprice": 7335, "profit": 585, "limit": 6619, "timest": 1704468345}, "\u2605 Moto Gloves | POW! (Battle-Scarred)": {"sugprice": 8695.490588235294, "profit": 490, "limit": 7847, "timest": 1704468321}, "\u2605 Gut Knife | Forest DDPAT (Field-Tested)": {"sugprice": 7798, "profit": 454, "limit": 7037, "timest": 1704468242}, "\u2605 Shadow Daggers | Scorched (Field-Tested)": {"sugprice": 7070, "profit": 338, "limit": 6380, "timest": 1704467787}, "StatTrak\u2122 P250 | Cartel (Field-Tested)": {"sugprice": 1377.0687500000001, "profit": 101, "limit": 1242, "timest": 1704392285}, "\u2605 Shadow Daggers | Ultraviolet (Field-Tested)": {"sugprice": 8488, "profit": 432, "limit": 7660, "timest": 1704460197}, "USP-S | Monster Mashup (Well-Worn)": {"sugprice": 1346.146551724138, "profit": 112, "limit": 1214, "timest": 1704468068}, "StatTrak\u2122 USP-S | Neo-Noir (Battle-Scarred)": {"sugprice": 3146.3360975609753, "profit": 237, "limit": 2839, "timest": 1704468019}, "\u2605 Survival Knife | Boreal Forest (Field-Tested)": {"sugprice": 8105.553124999999, "profit": 418, "limit": 7315, "timest": 1704468397}, "StatTrak\u2122 MP9 | Hypnotic (Factory New)": {"sugprice": 3378.383055555556, "profit": 272, "limit": 3048, "timest": 1704467952}, "\u2605 Broken Fang Gloves | Yellow-banded (Battle-Scarred)": {"sugprice": 5980.545227272726, "profit": 455, "limit": 5397, "timest": 1704468208},