{"USP-S | Kill Confirmed (Well-Worn)": {"sugprice": 3353.173599999999, "profit": 180, "limit": 3026, "timest": 1700106848}, "USP-S | Overgrowth (Field-Tested)": {"sugprice": 2012.8513636363632, "profit": 113, "limit": 1816, "timest": 1700106868}, "\u2605 Moto Gloves | Turtle (Battle-Scarred)": {"sugprice": 8112.937058823527, "profit": 538, "limit": 7321, "timest": 1700107008}, "\u2605 Navaja Knife | Scorched (Field-Tested)": {"sugprice": 6945.775365853659, "profit": 916, "limit": 6268, "timest": 1700107020}, "\u2605 Driver Gloves | Racing Green (Battle-Scarred)": {"sugprice": 4087.8137777777783, "profit": 231, "limit": 3689, "timest": 1700106938}, "StatTrak\u2122 M4A4 | Royal Paladin (Battle-Scarred)": {"sugprice": 2236.3618749999996, "profit": 107, "limit": 2018, "timest": 1700103263}, "StatTrak\u2122 M4A4 | The Emperor (Battle-Scarred)": {"sugprice": 2823.41, "profit": 249, "limit": 2548, "timest": 1700106705}, "StatTrak\u2122 USP-S | The Traitor (Well-Worn)": {"sugprice": 2128, "profit": 158, "limit": 1920, "timest": 1700106808}, "USP-S | Printstream (Minimal Wear)": {"sugprice": 4466, "profit": 345, "limit": 4030, "timest": 1700063286}, "USP-S | Whiteout (Minimal Wear)": {"sugprice": 2723.3186956521736, "profit": 137, "limit": 2457, "timest": 1700100725}, "\u2605 Broken Fang Gloves | Needle Point (Battle-Scarred)": {"sugprice": 5477.912558139536, "profit": 352, "limit": 4943, "timest": 1700106912}, "\u2605 Broken Fang Gloves | Needle Point (Field-Tested)": {"sugprice": 5538.152, "profit": 269, "limit": 4998, "timest": 1700106914}, "\u2605 Driver Gloves | Racing Green (Well-Worn)": {"sugprice": 4279.966000000001, "profit": 476, "limit": 3862, "timest": 1700106941}, "\u2605 Hand Wraps | Constrictor (Battle-Scarred)": {"sugprice": 5002.694146341462, "profit": 481, "limit": 4514, "timest": 1700106965}, "\u2605 Hydra Gloves | Rattler (Field-Tested)": {"sugprice": 4462.969333333335, "profit": 438, "limit": 4027, "timest": 1700106995}, "\u2605 Moto Gloves | Finish Line (Battle-Scarred)": {"sugprice": 7182.244285714287, "profit": 343, "limit": 6481, "timest": 1700086262}, "\u2605 Navaja Knife | Forest DDPAT (Field-Tested)": {"sugprice": 6954.37576923077, "profit": 450, "limit": 6276, "timest": 1700086676}, "\u2605 Navaja Knife | Safari Mesh (Field-Tested)": {"sugprice": 7203.38225, "profit": 420, "limit": 6501, "timest": 1700107017}, "\u2605 Shadow Daggers | Bright Water (Field-Tested)": {"sugprice": 8050.531842105263, "profit": 384, "limit": 7265, "timest": 1700087664}, "\u2605 Shadow Daggers | Rust Coat (Battle-Scarred)": {"sugprice": 7104.297000000001, "profit": 607, "limit": 6411, "timest": 1700107036}, "\u2605 Broken Fang Gloves | Yellow-banded (Field-Tested)": {"sugprice": 6800.2305263157905, "profit": 548, "limit": 6137, "timest": 1700106926}, "\u2605 Hand Wraps | Arboreal (Battle-Scarred)": {"sugprice": 5291.172439024391, "profit": 253, "limit": 4775, "timest": 1700071632}, "Vypa Sista of the Revolution | Guerrilla Warfare": {"sugprice": 1589.1353333333332, "profit": 100, "limit": 1434, "timest": 1700082718}, "StatTrak\u2122 M4A4 | \u9f8d\u738b (Dragon King) (Battle-Scarred)": {"sugprice": 1504.373333333333, "profit": 103, "limit": 1357, "timest": 1700106710}, "\u2605 Hydra Gloves | Mangrove (Battle-Scarred)": {"sugprice": 4283.41456521739, "profit": 360, "limit": 3865, "timest": 1700106989}, "USP-S | Monster Mashup (Minimal Wear)": {"sugprice": 1911.167692307692, "profit": 119, "limit": 1724, "timest": 1700088420}, "\u2605 Broken Fang Gloves | Yellow-banded (Battle-Scarred)": {"sugprice": 6147.685744680849, "profit": 294, "limit": 5548, "timest": 1700095699}, "\u2605 Hydra Gloves | Mangrove (Well-Worn)": {"sugprice": 4514.784705882353, "profit": 346, "limit": 4074, "timest": 1700106991}, "\u2605 Shadow Daggers | Scorched (Field-Tested)": {"sugprice": 7265.014999999999, "profit": 499, "limit": 6556, "timest": 1700107038}, "StatTrak\u2122 M4A4 | Desolate Space (Battle-Scarred)": {"sugprice": 1221.961632653061, "profit": 100, "limit": 1102, "timest": 1700077529}, "StatTrak\u2122 P90 | Asiimov (Battle-Scarred)": {"sugprice": 1434.8032653061225, "profit": 127, "limit": 1294, "timest": 1700106751}, "\u2605 Hand Wraps | Desert Shamagh (Field-Tested)": {"sugprice": 5021.953958333333, "profit": 333, "limit": 4532, "timest": 1700106973}, "\u2605 Gut Knife | Forest DDPAT (Field-Tested)": {"sugprice": 7739.826363636364, "profit": 557, "limit": 6985, "timest": 1700106952}, "\u2605 Moto Gloves | Transport (Battle-Scarred)": {"sugprice": 5331.064186046512, "profit": 255, "limit": 4811, "timest": 1700093305}, "USP-S | The Traitor (Minimal Wear)": {"sugprice": 1455.2499999999998, "profit": 102, "limit": 1313, "timest": 1700096739}, "USP-S | Printstream (Well-Worn)": {"sugprice": 2893.9355172413793, "profit": 238, "limit": 2611, "timest": 1700106876}, "\u2605 Driver Gloves | Racing Green (Field-Tested)": {"sugprice": 4159.777551020407, "profit": 208, "limit": 3754, "timest": 1700106940}, "\u2605 Hand Wraps | Duct Tape (Field-Tested)": {"sugprice": 5211.629499999999, "profit": 343, "limit": 4703, "timest": 1700106979}, "USP-S | Monster Mashup (Well-Worn)": {"sugprice": 1348.682, "profit": 137, "limit": 1217, "timest": 1700106856}, "\u2605 Broken Fang Gloves | Unhinged (Battle-Scarred)": {"sugprice": 5133.40224489796, "profit": 398, "limit": 4632, "timest": 1700106918}, "\u2605 Hand Wraps | Arboreal (Field-Tested)": {"sugprice": 6354.081428571428, "profit": 369, "limit": 5734, "timest": 1700106962}, "USP-S | Kill Confirmed (Battle-Scarred)": {"sugprice": 3185.4918000000007, "profit": 178, "limit": 2874, "timest": 1700106842}, "StatTrak\u2122 M4A4 | Cyber Security (Battle-Scarred)": {"sugprice": 1590.7425, "profit": 101, "limit": 1435, "timest": 1700065805}, "USP-S | Serum (Field-Tested)": {"sugprice": 3455, "profit": 303, "limit": 3118, "timest": 1700106884}, "\u2605 Hand Wraps | Giraffe (Battle-Scarred)": {"sugprice": 6181.151000000001, "profit": 507, "limit": 5578, "timest": 1700106981}, "USP-S | Neo-Noir (Well-Worn)": {"sugprice": 1565, "profit": 100, "limit": 1412, "timest": 1700102976}, "\u2605 Survival Knife | Safari Mesh (Field-Tested)": {"sugprice": 7889.287619047618, "profit": 610, "limit": 7120, "timest": 1700107054}, "\u2605 Hydra Gloves | Case Hardened (Field-Tested)": {"sugprice": 7920, "profit": 420, "limit": 7147, "timest": 1700106987}, "\u2605 Gut Knife | Rust Coat (Battle-Scarred)": {"sugprice": 7955.003414634147, "profit": 514, "limit": 7179, "timest": 1700106954}, "\u2605 Moto Gloves | Smoke Out (Battle-Scarred)": {"sugprice": 7210, "profit": 536, "limit": 6507, "timest": 1700107004}, "\u2605 Hydra Gloves | Rattler (Battle-Scarred)": {"sugprice": 4487.214468085107, "profit": 404, "limit": 4049, "timest": 1700106994}, "StatTrak\u2122 M4A4 | Evil Daimyo (Minimal Wear)": {"sugprice": 808.0068749999999, "profit": 100, "limit": 729, "timest": 1700088761}, "StatTrak\u2122 SSG 08 | Dragonfire (Field-Tested)": {"sugprice": 3642.5279166666674, "profit": 314, "limit": 3287, "timest": 1700106764}, "\u2605 Specialist Gloves | Forest DDPAT (Battle-Scarred)": {"sugprice": 8287, "profit": 405, "limit": 7479, "timest": 1700107048}, "StatTrak\u2122 M4A4 | Desert-Strike (Field-Tested)": {"sugprice": 1375.1300000000003, "profit": 275, "limit": 1241, "timest": 1700106663}, "\u2605 Broken Fang Gloves | Jade (Battle-Scarred)": {"sugprice": 7527, "profit": 459, "limit": 6793, "timest": 1700106910}, "StatTrak\u2122 M4A4 | Temukau (Battle-Scarred)": {"sugprice": 2537.1302222222225, "profit": 121, "limit": 2289, "timest": 1700084867}, "\u2605 Hydra Gloves | Rattler (Well-Worn)": {"sugprice": 5159.486, "profit": 569, "limit": 4656, "timest": 1700106997}, "\u2605 Broken Fang Gloves | Needle Point (Well-Worn)": {"sugprice": 5564.691304347826, "profit": 454, "limit": 5022, "timest": 1700106916}, "StatTrak\u2122 USP-S | Neo-Noir (Field-Tested)": {"sugprice": 3168, "profit": 218, "limit": 2859, "timest": 1700106793},