{"USP-S | Kill Confirmed (Well-Worn)": {"sugprice": 2906.4024, "profit": 215, "limit": 2623, "timest": 1701377338}, "\u2605 Navaja Knife | Scorched (Field-Tested)": {"sugprice": 6731.1869565217385, "profit": 475, "limit": 6074, "timest": 1701378596}, "\u2605 Driver Gloves | Racing Green (Battle-Scarred)": {"sugprice": 3587.9461999999994, "profit": 196, "limit": 3238, "timest": 1701377952}, "\u2605 Driver Gloves | Racing Green (Well-Worn)": {"sugprice": 3636.1814814814825, "profit": 240, "limit": 3281, "timest": 1701377970}, "\u2605 Hydra Gloves | Rattler (Field-Tested)": {"sugprice": 3819.8849999999993, "profit": 192, "limit": 3447, "timest": 1701378341}, "\u2605 Navaja Knife | Forest DDPAT (Field-Tested)": {"sugprice": 6692.677826086955, "profit": 322, "limit": 6040, "timest": 1701369078}, "\u2605 Shadow Daggers | Bright Water (Field-Tested)": {"sugprice": 7414.028799999999, "profit": 484, "limit": 6691, "timest": 1701378696}, "\u2605 Shadow Daggers | Rust Coat (Battle-Scarred)": {"sugprice": 6689.2621739130445, "profit": 324, "limit": 6037, "timest": 1701342176}, "\u2605 Broken Fang Gloves | Yellow-banded (Field-Tested)": {"sugprice": 6314.902500000001, "profit": 358, "limit": 5699, "timest": 1701377820}, "\u2605 Hydra Gloves | Mangrove (Battle-Scarred)": {"sugprice": 3789.5975000000003, "profit": 233, "limit": 3420, "timest": 1701359486}, "\u2605 Hydra Gloves | Mangrove (Well-Worn)": {"sugprice": 3978.787777777779, "profit": 264, "limit": 3590, "timest": 1701378331}, "\u2605 Hand Wraps | Desert Shamagh (Field-Tested)": {"sugprice": 4849.406756756757, "profit": 236, "limit": 4376, "timest": 1701365182}, "\u2605 Moto Gloves | Transport (Battle-Scarred)": {"sugprice": 5125.834324324324, "profit": 250, "limit": 4626, "timest": 1701378472}, "USP-S | Printstream (Well-Worn)": {"sugprice": 2641.3795000000005, "profit": 128, "limit": 2383, "timest": 1701352135}, "\u2605 Hand Wraps | Duct Tape (Field-Tested)": {"sugprice": 5121.516428571428, "profit": 255, "limit": 4622, "timest": 1701378193}, "\u2605 Broken Fang Gloves | Unhinged (Battle-Scarred)": {"sugprice": 5079.1323999999995, "profit": 336, "limit": 4583, "timest": 1701377816}, "\u2605 Hand Wraps | Arboreal (Field-Tested)": {"sugprice": 5485.946190476189, "profit": 371, "limit": 4951, "timest": 1701359388}, "\u2605 Hand Wraps | Giraffe (Battle-Scarred)": {"sugprice": 5944.854347826086, "profit": 289, "limit": 5365, "timest": 1701369032}, "USP-S | Neo-Noir (Well-Worn)": {"sugprice": 1467.9976923076922, "profit": 100, "limit": 1324, "timest": 1701369792}, "\u2605 Moto Gloves | Smoke Out (Battle-Scarred)": {"sugprice": 6769.479411764706, "profit": 330, "limit": 6109, "timest": 1701378451}, "\u2605 Hydra Gloves | Rattler (Battle-Scarred)": {"sugprice": 3808.3968749999995, "profit": 195, "limit": 3437, "timest": 1701369048}, "StatTrak\u2122 SSG 08 | Dragonfire (Field-Tested)": {"sugprice": 3132.588571428571, "profit": 234, "limit": 2827, "timest": 1701376917}, "StatTrak\u2122 USP-S | Neo-Noir (Field-Tested)": {"sugprice": 3148.4633333333336, "profit": 228, "limit": 2841, "timest": 1701377110}, "\u2605 Bloodhound Gloves | Guerrilla (Field-Tested)": {"sugprice": 6076.606176470589, "profit": 305, "limit": 5484, "timest": 1701377727}, "\u2605 Gut Knife | Bright Water (Field-Tested)": {"sugprice": 8012.968181818182, "profit": 512, "limit": 7231, "timest": 1701330716}, "\u2605 Hand Wraps | Constrictor (Field-Tested)": {"sugprice": 5017.06111111111, "profit": 363, "limit": 4527, "timest": 1701378121}, "\u2605 Hand Wraps | Desert Shamagh (Well-Worn)": {"sugprice": 4857.33, "profit": 399, "limit": 4383, "timest": 1701378189}, "\u2605 Navaja Knife | Night Stripe (Field-Tested)": {"sugprice": 6575.691176470587, "profit": 313, "limit": 5934, "timest": 1701324007}, "\u2605 Survival Knife | Scorched (Field-Tested)": {"sugprice": 7740.461249999999, "profit": 385, "limit": 6985, "timest": 1701378823}, "\u2605 Moto Gloves | 3rd Commando Company (Field-Tested)": {"sugprice": 5539.272173913043, "profit": 344, "limit": 4999, "timest": 1701335835}, "StatTrak\u2122 USP-S | The Traitor (Battle-Scarred)": {"sugprice": 1839.0641025641032, "profit": 115, "limit": 1659, "timest": 1701377127}, "\u2605 Hand Wraps | Desert Shamagh (Battle-Scarred)": {"sugprice": 4820.251379310344, "profit": 265, "limit": 4350, "timest": 1701378158}, "USP-S | Orion (Minimal Wear)": {"sugprice": 3823.2024, "profit": 249, "limit": 3450, "timest": 1701371390}, "USP-S | Caiman (Field-Tested)": {"sugprice": 3036.7453658536588, "profit": 156, "limit": 2740, "timest": 1701369721}, "\u2605 Sport Gloves | Bronze Morph (Battle-Scarred)": {"sugprice": 9994.574666666666, "profit": 593, "limit": 9020, "timest": 1701378812}, "\u2605 Moto Gloves | Turtle (Battle-Scarred)": {"sugprice": 7597.374444444444, "profit": 361, "limit": 6856, "timest": 1701343871}, "\u2605 Hand Wraps | Arboreal (Battle-Scarred)": {"sugprice": 5040.227659574468, "profit": 312, "limit": 4548, "timest": 1701378090}, "\u2605 Broken Fang Gloves | Yellow-banded (Battle-Scarred)": {"sugprice": 5187.705454545454, "profit": 268, "limit": 4681, "timest": 1701314086}, "StatTrak\u2122 USP-S | Printstream (Battle-Scarred)": {"sugprice": 4432.855799999999, "profit": 287, "limit": 4000, "timest": 1701377111}, "USP-S | Overgrowth (Field-Tested)": {"sugprice": 1630.2428, "profit": 104, "limit": 1471, "timest": 1701346570}, "StatTrak\u2122 USP-S | Stainless (Battle-Scarred)": {"sugprice": 1022.2159090909091, "profit": 103, "limit": 922, "timest": 1701377119}, "\u2605 Broken Fang Gloves | Needle Point (Battle-Scarred)": {"sugprice": 5013.284, "profit": 302, "limit": 4524, "timest": 1701377799}, "StatTrak\u2122 P250 | Muertos (Field-Tested)": {"sugprice": 1042.0389655172414, "profit": 118, "limit": 940, "timest": 1701349687}, "StatTrak\u2122 USP-S | Monster Mashup (Field-Tested)": {"sugprice": 1825.5285714285712, "profit": 101, "limit": 1647, "timest": 1701372594}, "USP-S | Orion (Factory New)": {"sugprice": 3963.8100000000004, "profit": 189, "limit": 3577, "timest": 1701316309}, "\u2605 Bloodhound Gloves | Bronzed (Field-Tested)": {"sugprice": 6174.256086956522, "profit": 329, "limit": 5572, "timest": 1701377700}, "\u2605 Gut Knife | Scorched (Field-Tested)": {"sugprice": 7521.43705882353, "profit": 462, "limit": 6788, "timest": 1701378089}, "\u2605 Hydra Gloves | Emerald (Battle-Scarred)": {"sugprice": 4587.505199999999, "profit": 380, "limit": 4140, "timest": 1701378224}, "\u2605 Hydra Gloves | Emerald (Field-Tested)": {"sugprice": 4531.1255999999985, "profit": 287, "limit": 4089, "timest": 1701378255}, "\u2605 Moto Gloves | Blood Pressure (Battle-Scarred)": {"sugprice": 8401.199999999999, "profit": 434, "limit": 7582, "timest": 1701378391}, "\u2605 Navaja Knife | Boreal Forest (Field-Tested)": {"sugprice": 7006.396734693876, "profit": 556, "limit": 6323, "timest": 1701378508}, "\u2605 Navaja Knife | Rust Coat (Battle-Scarred)": {"sugprice": 6823.833076923076, "profit": 417, "limit": 6158, "timest": 1701378586}, "\u2605 Navaja Knife | Ultraviolet (Field-Tested)": {"sugprice": 7056.268148148147, "profit": 370, "limit": 6368, "timest": 1701378658}, "\u2605 Shadow Daggers | Ultraviolet (Field-Tested)": {"sugprice": 7940.424999999998, "profit": 430, "limit": 7166, "timest": 1701348688}, "\u2605 Paracord Knife | Scorched (Field-Tested)": {"sugprice": 7521.906875, "profit": 528, "limit": 6788, "timest": 1701378693}, "\u2605 Huntsman Knife | Rust Coat (Battle-Scarred)": {"sugprice": 8687.609999999999, "profit": 421, "limit": 7840, "timest": 1701373280}, "StatTrak\u2122 PP-Bizon | Judgement of Anubis (Field-Tested)": {"sugprice": 974.5509090909092, "profit": 129, "limit": 879, "timest": 1701348847}, "USP-S | Printstream (Field-Tested)": {"sugprice": 2865.4922448979596, "profit": 191, "limit": 2586, "timest": 1701377509}, "\u2605 Shadow Daggers | Night (Field-Tested)": {"sugprice": 7354.016250000001, "profit": 511, "limit": 6636, "timest": 1701378750},