{"USP-S | Kill Confirmed (Well-Worn)": {"sugprice": 2907.4182926829267, "profit": 282, "limit": 2623, "timest": 1700655989}, "\u2605 Navaja Knife | Scorched (Field-Tested)": {"sugprice": 6695.62, "profit": 712, "limit": 6042, "timest": 1700656383}, "\u2605 Driver Gloves | Racing Green (Battle-Scarred)": {"sugprice": 3767.2913953488373, "profit": 338, "limit": 3399, "timest": 1700656284}, "StatTrak\u2122 M4A4 | The Emperor (Battle-Scarred)": {"sugprice": 2272.9039285714284, "profit": 125, "limit": 2051, "timest": 1700655503}, "StatTrak\u2122 USP-S | The Traitor (Well-Worn)": {"sugprice": 1881, "profit": 116, "limit": 1697, "timest": 1700655853}, "USP-S | Whiteout (Minimal Wear)": {"sugprice": 2400.285, "profit": 206, "limit": 2166, "timest": 1700656125}, "\u2605 Broken Fang Gloves | Needle Point (Field-Tested)": {"sugprice": 5564.100909090908, "profit": 506, "limit": 5021, "timest": 1700656163}, "\u2605 Driver Gloves | Racing Green (Well-Worn)": {"sugprice": 3824.924090909091, "profit": 416, "limit": 3451, "timest": 1700656288}, "\u2605 Hand Wraps | Constrictor (Battle-Scarred)": {"sugprice": 4608.719166666667, "profit": 372, "limit": 4159, "timest": 1700656312}, "\u2605 Hydra Gloves | Rattler (Field-Tested)": {"sugprice": 3860, "profit": 212, "limit": 3483, "timest": 1700656356}, "\u2605 Moto Gloves | Finish Line (Battle-Scarred)": {"sugprice": 6854.579523809524, "profit": 409, "limit": 6186, "timest": 1700656361}, "\u2605 Navaja Knife | Forest DDPAT (Field-Tested)": {"sugprice": 6845.385416666667, "profit": 494, "limit": 6177, "timest": 1700656376}, "\u2605 Navaja Knife | Safari Mesh (Field-Tested)": {"sugprice": 6869, "profit": 415, "limit": 6199, "timest": 1700656381}, "\u2605 Shadow Daggers | Bright Water (Field-Tested)": {"sugprice": 7757.777272727273, "profit": 725, "limit": 7001, "timest": 1700656391}, "\u2605 Shadow Daggers | Rust Coat (Battle-Scarred)": {"sugprice": 6570.7586956521745, "profit": 342, "limit": 5930, "timest": 1700656405}, "\u2605 Broken Fang Gloves | Yellow-banded (Field-Tested)": {"sugprice": 6280.8815, "profit": 612, "limit": 5668, "timest": 1700656270}, "Vypa Sista of the Revolution | Guerrilla Warfare": {"sugprice": 1590.032222222222, "profit": 109, "limit": 1435, "timest": 1700649544}, "StatTrak\u2122 M4A4 | \u9f8d\u738b (Dragon King) (Battle-Scarred)": {"sugprice": 1413.0729411764705, "profit": 100, "limit": 1275, "timest": 1700655518}, "\u2605 Hydra Gloves | Mangrove (Battle-Scarred)": {"sugprice": 3943.131951219513, "profit": 345, "limit": 3558, "timest": 1700656352}, "\u2605 Hydra Gloves | Mangrove (Well-Worn)": {"sugprice": 4247.0332, "profit": 405, "limit": 3832, "timest": 1700656353}, "\u2605 Shadow Daggers | Scorched (Field-Tested)": {"sugprice": 7028, "profit": 676, "limit": 6342, "timest": 1700656407}, "StatTrak\u2122 M4A4 | Desolate Space (Battle-Scarred)": {"sugprice": 1186, "profit": 122, "limit": 1070, "timest": 1700655463}, "StatTrak\u2122 P90 | Asiimov (Battle-Scarred)": {"sugprice": 1504.7592307692307, "profit": 221, "limit": 1358, "timest": 1700655686}, "\u2605 Hand Wraps | Desert Shamagh (Field-Tested)": {"sugprice": 4926.273055555555, "profit": 544, "limit": 4445, "timest": 1700656320}, "\u2605 Gut Knife | Forest DDPAT (Field-Tested)": {"sugprice": 7128, "profit": 633, "limit": 6433, "timest": 1700656300}, "\u2605 Moto Gloves | Transport (Battle-Scarred)": {"sugprice": 5165.478181818182, "profit": 598, "limit": 4661, "timest": 1700656371}, "USP-S | The Traitor (Minimal Wear)": {"sugprice": 1340.3791666666668, "profit": 141, "limit": 1209, "timest": 1700656099}, "USP-S | Printstream (Well-Worn)": {"sugprice": 2523.4136842105254, "profit": 245, "limit": 2277, "timest": 1700656062}, "\u2605 Driver Gloves | Racing Green (Field-Tested)": {"sugprice": 3741.83525, "profit": 361, "limit": 3377, "timest": 1700656286}, "\u2605 Hand Wraps | Duct Tape (Field-Tested)": {"sugprice": 5148, "profit": 429, "limit": 4646, "timest": 1700656341}, "\u2605 Broken Fang Gloves | Unhinged (Battle-Scarred)": {"sugprice": 5069.779268292683, "profit": 514, "limit": 4575, "timest": 1700656168}, "\u2605 Hand Wraps | Arboreal (Field-Tested)": {"sugprice": 5766.900454545455, "profit": 749, "limit": 5204, "timest": 1700656308}, "USP-S | Kill Confirmed (Battle-Scarred)": {"sugprice": 2863.5263043478253, "profit": 171, "limit": 2584, "timest": 1700649421}, "USP-S | Serum (Field-Tested)": {"sugprice": 3365, "profit": 215, "limit": 3036, "timest": 1700652897}, "\u2605 Hand Wraps | Giraffe (Battle-Scarred)": {"sugprice": 5664.777272727272, "profit": 372, "limit": 5112, "timest": 1700656343}, "USP-S | Neo-Noir (Well-Worn)": {"sugprice": 1311, "profit": 122, "limit": 1183, "timest": 1700656022}, "\u2605 Survival Knife | Safari Mesh (Field-Tested)": {"sugprice": 7426.056153846154, "profit": 573, "limit": 6702, "timest": 1700656423}, "\u2605 Hydra Gloves | Case Hardened (Field-Tested)": {"sugprice": 7763.058333333334, "profit": 574, "limit": 7006, "timest": 1700618676}, "\u2605 Gut Knife | Rust Coat (Battle-Scarred)": {"sugprice": 7748.015789473685, "profit": 517, "limit": 6992, "timest": 1700656301}, "\u2605 Moto Gloves | Smoke Out (Battle-Scarred)": {"sugprice": 6699.8169565217395, "profit": 724, "limit": 6046, "timest": 1700656362}, "\u2605 Hydra Gloves | Rattler (Battle-Scarred)": {"sugprice": 4073.3379069767443, "profit": 469, "limit": 3676, "timest": 1700656355}, "StatTrak\u2122 SSG 08 | Dragonfire (Field-Tested)": {"sugprice": 3170.5741025641023, "profit": 331, "limit": 2861, "timest": 1700655733}, "\u2605 Specialist Gloves | Forest DDPAT (Battle-Scarred)": {"sugprice": 7644.790000000001, "profit": 564, "limit": 6899, "timest": 1700656415}, "StatTrak\u2122 M4A4 | Desert-Strike (Field-Tested)": {"sugprice": 1395, "profit": 180, "limit": 1258, "timest": 1700655461}, "\u2605 Broken Fang Gloves | Jade (Battle-Scarred)": {"sugprice": 6830, "profit": 583, "limit": 6164, "timest": 1700656156}, "StatTrak\u2122 M4A4 | Temukau (Battle-Scarred)": {"sugprice": 2441.7580000000003, "profit": 154, "limit": 2203, "timest": 1700655493}, "\u2605 Hydra Gloves | Rattler (Well-Worn)": {"sugprice": 4808.915384615384, "profit": 352, "limit": 4340, "timest": 1700656358}, "StatTrak\u2122 USP-S | Neo-Noir (Field-Tested)": {"sugprice": 2982.6817391304353, "profit": 276, "limit": 2691, "timest": 1700655833}, "\u2605 Bloodhound Gloves | Guerrilla (Field-Tested)": {"sugprice": 5983.681666666668, "profit": 673, "limit": 5400, "timest": 1700656150}, "\u2605 Broken Fang Gloves | Unhinged (Well-Worn)": {"sugprice": 5121.427777777778, "profit": 655, "limit": 4622, "timest": 1700656174}, "\u2605 Gut Knife | Boreal Forest (Field-Tested)": {"sugprice": 7069.912999999999, "profit": 532, "limit": 6380, "timest": 1700656293}, "\u2605 Gut Knife | Bright Water (Field-Tested)": {"sugprice": 8238.447647058823, "profit": 822, "limit": 7435, "timest": 1700656295}, "\u2605 Gut Knife | Safari Mesh (Field-Tested)": {"sugprice": 7286.261499999999, "profit": 889, "limit": 6575, "timest": 1700656303}, "\u2605 Hand Wraps | Constrictor (Field-Tested)": {"sugprice": 4879.86, "profit": 427, "limit": 4404, "timest": 1700656314}, "\u2605 Hand Wraps | Desert Shamagh (Well-Worn)": {"sugprice": 5038.780500000001, "profit": 1047, "limit": 4547, "timest": 1700656330}, "\u2605 Navaja Knife | Night Stripe (Field-Tested)": {"sugprice": 6647.8872, "profit": 619, "limit": 5999, "timest": 1700656380}, "\u2605 Navaja Knife | Tiger Tooth (Factory New)": {"sugprice": 10917.686111111114, "profit": 841, "limit": 9853, "timest": 1700656386}, "\u2605 Navaja Knife | Urban Masked (Field-Tested)": {"sugprice": 6778.48238095238, "profit": 817, "limit": 6117, "timest": 1700656388}, "\u2605 Shadow Daggers | Tiger Tooth (Factory New)": {"sugprice": 12860, "profit": 1017, "limit": 11606, "timest": 1700656408}, "\u2605 Survival Knife | Boreal Forest (Field-Tested)": {"sugprice": 7421.22, "profit": 536, "limit": 6697, "timest": 1700656420},