{"USP-S | Kill Confirmed (Well-Worn)": {"sugprice": 3230.4865, "profit": 217, "limit": 2915, "timest": 1701880761}, "\u2605 Hydra Gloves | Rattler (Field-Tested)": {"sugprice": 4253.223260869565, "profit": 356, "limit": 3838, "timest": 1701881416}, "\u2605 Moto Gloves | Transport (Battle-Scarred)": {"sugprice": 5406.398055555556, "profit": 277, "limit": 4879, "timest": 1701871930}, "\u2605 Broken Fang Gloves | Unhinged (Battle-Scarred)": {"sugprice": 5218.923199999999, "profit": 332, "limit": 4710, "timest": 1701881170}, "USP-S | Neo-Noir (Well-Worn)": {"sugprice": 1408, "profit": 100, "limit": 1270, "timest": 1701796797}, "StatTrak\u2122 SSG 08 | Dragonfire (Field-Tested)": {"sugprice": 3125.388409090909, "profit": 183, "limit": 2820, "timest": 1701880496}, "\u2605 Bloodhound Gloves | Guerrilla (Field-Tested)": {"sugprice": 6124.1675000000005, "profit": 299, "limit": 5527, "timest": 1701881038}, "\u2605 Hand Wraps | Desert Shamagh (Well-Worn)": {"sugprice": 5272.483888888889, "profit": 255, "limit": 4758, "timest": 1701844899}, "StatTrak\u2122 USP-S | The Traitor (Battle-Scarred)": {"sugprice": 2115.0792500000002, "profit": 102, "limit": 1908, "timest": 1701880594}, "\u2605 Moto Gloves | Turtle (Battle-Scarred)": {"sugprice": 8084.397199999999, "profit": 648, "limit": 7296, "timest": 1701881483}, "\u2605 Bloodhound Gloves | Bronzed (Field-Tested)": {"sugprice": 6259.051578947369, "profit": 574, "limit": 5648, "timest": 1701881004}, "\u2605 Moto Gloves | Blood Pressure (Battle-Scarred)": {"sugprice": 8118, "profit": 541, "limit": 7326, "timest": 1701864320}, "\u2605 Hand Wraps | Duct Tape (Battle-Scarred)": {"sugprice": 5233.762857142858, "profit": 257, "limit": 4723, "timest": 1701830871}, "\u2605 Gut Knife | Safari Mesh (Field-Tested)": {"sugprice": 7139, "profit": 341, "limit": 6442, "timest": 1701865099}, "\u2605 Gut Knife | Freehand (Field-Tested)": {"sugprice": 9019.72, "profit": 874, "limit": 8140, "timest": 1701837412}, "USP-S | Neo-Noir (Factory New)": {"sugprice": 3212.6200000000003, "profit": 181, "limit": 2899, "timest": 1701880794}, "\u2605 Driver Gloves | Convoy (Field-Tested)": {"sugprice": 6442.35, "profit": 415, "limit": 5814, "timest": 1701881210}, "\u2605 Hand Wraps | Constrictor (Well-Worn)": {"sugprice": 4837.531764705882, "profit": 252, "limit": 4365, "timest": 1701881325}, "\u2605 Shadow Daggers | Damascus Steel (Field-Tested)": {"sugprice": 8016.825833333332, "profit": 385, "limit": 7235, "timest": 1701855814}, "\u2605 Specialist Gloves | Fade (Battle-Scarred)": {"sugprice": 15047, "profit": 803, "limit": 13579, "timest": 1701881670}, "\u2605 Broken Fang Gloves | Needle Point (Field-Tested)": {"sugprice": 5075.7642857142855, "profit": 242, "limit": 4580, "timest": 1701795657}, "USP-S | Orion (Field-Tested)": {"sugprice": 4028.5868292682926, "profit": 195, "limit": 3635, "timest": 1701854791}, "\u2605 Hand Wraps | Desert Shamagh (Field-Tested)": {"sugprice": 4884, "profit": 239, "limit": 4407, "timest": 1701812689}, "Tec-9 | Nuclear Threat (Battle-Scarred)": {"sugprice": 3036.513333333334, "profit": 164, "limit": 2740, "timest": 1701880675}, "USP-S | Purple DDPAT (Minimal Wear)": {"sugprice": 1015.9466666666667, "profit": 104, "limit": 916, "timest": 1701856725}, "StatTrak\u2122 M4A4 | Buzz Kill (Field-Tested)": {"sugprice": 1976.5182352941174, "profit": 101, "limit": 1783, "timest": 1701869708}, "StatTrak\u2122 M4A4 | Desert-Strike (Field-Tested)": {"sugprice": 1429.007555555555, "profit": 104, "limit": 1289, "timest": 1701817585}, "StatTrak\u2122 M4A4 | In Living Color (Battle-Scarred)": {"sugprice": 1201.1684375, "profit": 109, "limit": 1084, "timest": 1701808107}, "StatTrak\u2122 M4A4 | Neo-Noir (Well-Worn)": {"sugprice": 1012.1938461538462, "profit": 119, "limit": 913, "timest": 1701880281}, "StatTrak\u2122 M4A4 | \u9f8d\u738b (Dragon King) (Field-Tested)": {"sugprice": 1554.5090476190476, "profit": 124, "limit": 1402, "timest": 1701880324}, "\u2605 Bloodhound Gloves | Bronzed (Battle-Scarred)": {"sugprice": 6402.818181818182, "profit": 510, "limit": 5778, "timest": 1701880999}, "\u2605 Navaja Knife | Marble Fade (Factory New)": {"sugprice": 15849.175, "profit": 887, "limit": 14303, "timest": 1701881495}, "\u2605 Shadow Daggers | Scorched (Field-Tested)": {"sugprice": 7012.0254545454545, "profit": 347, "limit": 6328, "timest": 1701881639}, "StatTrak\u2122 M4A4 | The Battlestar (Field-Tested)": {"sugprice": 1485, "profit": 132, "limit": 1340, "timest": 1701880309}, "StatTrak\u2122 M4A4 | The Emperor (Battle-Scarred)": {"sugprice": 2653.363142857143, "profit": 195, "limit": 2394, "timest": 1701880311}, "\u2605 Bowie Knife | Rust Coat (Battle-Scarred)": {"sugprice": 8337.529999999999, "profit": 423, "limit": 7524, "timest": 1701810956}, "\u2605 Driver Gloves | Racing Green (Field-Tested)": {"sugprice": 4060.0157446808507, "profit": 287, "limit": 3664, "timest": 1701878059}, "StatTrak\u2122 M4A4 | Temukau (Battle-Scarred)": {"sugprice": 2462.3974, "profit": 162, "limit": 2222, "timest": 1701880307}, "\u2605 Hand Wraps | Constrictor (Battle-Scarred)": {"sugprice": 4954.716458333334, "profit": 280, "limit": 4471, "timest": 1701881316}, "\u2605 Shadow Daggers | Black Laminate (Well-Worn)": {"sugprice": 7629.309999999999, "profit": 472, "limit": 6885, "timest": 1701881570}, "USP-S | Monster Mashup (Minimal Wear)": {"sugprice": 1988.09125, "profit": 104, "limit": 1794, "timest": 1701876364}, "\u2605 Shadow Daggers | Freehand (Field-Tested)": {"sugprice": 9423.286896551723, "profit": 938, "limit": 8504, "timest": 1701881601}, "\u2605 Huntsman Knife | Bright Water (Field-Tested)": {"sugprice": 10314.03166666667, "profit": 689, "limit": 9308, "timest": 1701854925}, "\u2605 Bloodhound Gloves | Guerrilla (Battle-Scarred)": {"sugprice": 6177, "profit": 338, "limit": 5574, "timest": 1701881027}, "\u2605 Driver Gloves | Convoy (Battle-Scarred)": {"sugprice": 6286, "profit": 307, "limit": 5673, "timest": 1701881202}, "\u2605 Gut Knife | Boreal Forest (Field-Tested)": {"sugprice": 7326, "profit": 358, "limit": 6611, "timest": 1701881267}, "\u2605 Navaja Knife | Urban Masked (Field-Tested)": {"sugprice": 6930.84705882353, "profit": 343, "limit": 6255, "timest": 1701881534}, "\u2605 Navaja Knife | Boreal Forest (Field-Tested)": {"sugprice": 7017.265714285714, "profit": 380, "limit": 6333, "timest": 1701834624}, "\u2605 Shadow Daggers | Boreal Forest (Field-Tested)": {"sugprice": 7122.7078571428565, "profit": 361, "limit": 6428, "timest": 1701865274}, "\u2605 Gut Knife | Bright Water (Field-Tested)": {"sugprice": 8415, "profit": 519, "limit": 7594, "timest": 1701881272}, "\u2605 Hydra Gloves | Rattler (Well-Worn)": {"sugprice": 4482.305, "profit": 322, "limit": 4045, "timest": 1701881419}, "StatTrak\u2122 M4A4 | In Living Color (Field-Tested)": {"sugprice": 1290.2279999999998, "profit": 124, "limit": 1164, "timest": 1701817661}, "\u2605 Driver Gloves | Queen Jaguar (Field-Tested)": {"sugprice": 6372.124285714286, "profit": 323, "limit": 5750, "timest": 1701881235}, "\u2605 Huntsman Knife | Ultraviolet (Field-Tested)": {"sugprice": 9991.458999999999, "profit": 480, "limit": 9017, "timest": 1701815362}, "\u2605 Survival Knife | Scorched (Field-Tested)": {"sugprice": 7918.678750000001, "profit": 521, "limit": 7146, "timest": 1701869621}, "\u2605 Bloodhound Gloves | Snakebite (Field-Tested)": {"sugprice": 6321.61076923077, "profit": 429, "limit": 5705, "timest": 1701860459}, "StatTrak\u2122 USP-S | Neo-Noir (Battle-Scarred)": {"sugprice": 3105.2629166666666, "profit": 148, "limit": 2802, "timest": 1701878997}, "\u2605 Specialist Gloves | Forest DDPAT (Battle-Scarred)": {"sugprice": 8711.534615384615, "profit": 659, "limit": 7862, "timest": 1701881680}, "\u2605 Moto Gloves | Smoke Out (Battle-Scarred)": {"sugprice": 7901.342777777779, "profit": 420, "limit": 7130, "timest": 1701881473}, "\u2605 Hand Wraps | Giraffe (Battle-Scarred)": {"sugprice": 6333.19258064516, "profit": 321, "limit": 5715, "timest": 1701881359},