{"USP-S | Kill Confirmed (Well-Worn)": {"sugprice": 2934.555111111112, "profit": 237, "limit": 2648, "timest": 1700558030}, "\u2605 Navaja Knife | Scorched (Field-Tested)": {"sugprice": 6751.420967741934, "profit": 693, "limit": 6093, "timest": 1700558607}, "\u2605 Driver Gloves | Racing Green (Battle-Scarred)": {"sugprice": 3757, "profit": 298, "limit": 3390, "timest": 1700558483}, "StatTrak\u2122 M4A4 | The Emperor (Battle-Scarred)": {"sugprice": 2290.343783783783, "profit": 109, "limit": 2067, "timest": 1700522275}, "StatTrak\u2122 USP-S | The Traitor (Well-Worn)": {"sugprice": 2082.338571428572, "profit": 204, "limit": 1879, "timest": 1700557910}, "USP-S | Whiteout (Minimal Wear)": {"sugprice": 2616, "profit": 306, "limit": 2360, "timest": 1700550316}, "\u2605 Broken Fang Gloves | Needle Point (Field-Tested)": {"sugprice": 5723.753076923078, "profit": 555, "limit": 5165, "timest": 1700558429}, "\u2605 Driver Gloves | Racing Green (Well-Worn)": {"sugprice": 3993.0815789473686, "profit": 454, "limit": 3603, "timest": 1700558486}, "\u2605 Hand Wraps | Constrictor (Battle-Scarred)": {"sugprice": 4242, "profit": 220, "limit": 3828, "timest": 1700558520}, "\u2605 Hydra Gloves | Rattler (Field-Tested)": {"sugprice": 4061.3238636363635, "profit": 331, "limit": 3665, "timest": 1700558555}, "\u2605 Moto Gloves | Finish Line (Battle-Scarred)": {"sugprice": 6762.25619047619, "profit": 653, "limit": 6102, "timest": 1700558565}, "\u2605 Navaja Knife | Forest DDPAT (Field-Tested)": {"sugprice": 6753.21, "profit": 417, "limit": 6094, "timest": 1700558587}, "\u2605 Navaja Knife | Safari Mesh (Field-Tested)": {"sugprice": 7060.048181818183, "profit": 543, "limit": 6371, "timest": 1700558605}, "\u2605 Shadow Daggers | Bright Water (Field-Tested)": {"sugprice": 7293.0368181818185, "profit": 462, "limit": 6581, "timest": 1700558620}, "\u2605 Shadow Daggers | Rust Coat (Battle-Scarred)": {"sugprice": 6580.693043478261, "profit": 451, "limit": 5939, "timest": 1700556107}, "\u2605 Broken Fang Gloves | Yellow-banded (Field-Tested)": {"sugprice": 6189.082857142858, "profit": 504, "limit": 5585, "timest": 1700558464}, "Vypa Sista of the Revolution | Guerrilla Warfare": {"sugprice": 1643.8828571428571, "profit": 246, "limit": 1483, "timest": 1700558323}, "StatTrak\u2122 M4A4 | \u9f8d\u738b (Dragon King) (Battle-Scarred)": {"sugprice": 1433.607272727273, "profit": 104, "limit": 1293, "timest": 1700523165}, "\u2605 Hydra Gloves | Mangrove (Battle-Scarred)": {"sugprice": 3776, "profit": 196, "limit": 3407, "timest": 1700558548}, "\u2605 Hydra Gloves | Mangrove (Well-Worn)": {"sugprice": 4068, "profit": 244, "limit": 3671, "timest": 1700558551}, "\u2605 Shadow Daggers | Scorched (Field-Tested)": {"sugprice": 6952, "profit": 991, "limit": 6274, "timest": 1700558637}, "StatTrak\u2122 M4A4 | Desolate Space (Battle-Scarred)": {"sugprice": 1212.3940816326533, "profit": 129, "limit": 1094, "timest": 1700557406}, "StatTrak\u2122 P90 | Asiimov (Battle-Scarred)": {"sugprice": 1459.8257142857142, "profit": 106, "limit": 1317, "timest": 1700557707}, "\u2605 Hand Wraps | Desert Shamagh (Field-Tested)": {"sugprice": 4973.563023255814, "profit": 999, "limit": 4488, "timest": 1700558527}, "\u2605 Gut Knife | Forest DDPAT (Field-Tested)": {"sugprice": 7163.454000000001, "profit": 953, "limit": 6465, "timest": 1700558499}, "\u2605 Moto Gloves | Transport (Battle-Scarred)": {"sugprice": 5329.592499999999, "profit": 683, "limit": 4809, "timest": 1700558576}, "USP-S | The Traitor (Minimal Wear)": {"sugprice": 1250, "profit": 115, "limit": 1128, "timest": 1700558280}, "USP-S | Printstream (Well-Worn)": {"sugprice": 2551.6516666666666, "profit": 248, "limit": 2302, "timest": 1700558220}, "\u2605 Driver Gloves | Racing Green (Field-Tested)": {"sugprice": 3830.503414634146, "profit": 358, "limit": 3457, "timest": 1700558484}, "\u2605 Hand Wraps | Duct Tape (Field-Tested)": {"sugprice": 5208, "profit": 847, "limit": 4700, "timest": 1700558537}, "USP-S | Monster Mashup (Well-Worn)": {"sugprice": 1269.8316666666667, "profit": 121, "limit": 1146, "timest": 1700499761}, "\u2605 Broken Fang Gloves | Unhinged (Battle-Scarred)": {"sugprice": 5167.425333333331, "profit": 408, "limit": 4663, "timest": 1700558448}, "\u2605 Hand Wraps | Arboreal (Field-Tested)": {"sugprice": 5810.019032258065, "profit": 968, "limit": 5243, "timest": 1700558516}, "USP-S | Kill Confirmed (Battle-Scarred)": {"sugprice": 2918.320800000001, "profit": 272, "limit": 2633, "timest": 1700555687}, "USP-S | Serum (Field-Tested)": {"sugprice": 3466.905294117647, "profit": 365, "limit": 3128, "timest": 1700558248}, "\u2605 Hand Wraps | Giraffe (Battle-Scarred)": {"sugprice": 5670.423529411764, "profit": 523, "limit": 5117, "timest": 1700558538}, "USP-S | Neo-Noir (Well-Worn)": {"sugprice": 1439, "profit": 142, "limit": 1298, "timest": 1700558123}, "\u2605 Survival Knife | Safari Mesh (Field-Tested)": {"sugprice": 7635.015, "profit": 882, "limit": 6890, "timest": 1700558673}, "\u2605 Hydra Gloves | Case Hardened (Field-Tested)": {"sugprice": 7851.920000000001, "profit": 2195, "limit": 7086, "timest": 1700558545}, "\u2605 Gut Knife | Rust Coat (Battle-Scarred)": {"sugprice": 7920, "profit": 1123, "limit": 7147, "timest": 1700558501}, "\u2605 Moto Gloves | Smoke Out (Battle-Scarred)": {"sugprice": 6795.225909090907, "profit": 695, "limit": 6132, "timest": 1700558573}, "\u2605 Hydra Gloves | Rattler (Battle-Scarred)": {"sugprice": 4046, "profit": 307, "limit": 3651, "timest": 1700558553}, "StatTrak\u2122 SSG 08 | Dragonfire (Field-Tested)": {"sugprice": 3339.256774193549, "profit": 271, "limit": 3013, "timest": 1700557761}, "\u2605 Specialist Gloves | Forest DDPAT (Battle-Scarred)": {"sugprice": 7608.479411764707, "profit": 585, "limit": 6866, "timest": 1700558660}, "StatTrak\u2122 M4A4 | Desert-Strike (Field-Tested)": {"sugprice": 1449.5503448275863, "profit": 269, "limit": 1308, "timest": 1700557397}, "\u2605 Broken Fang Gloves | Jade (Battle-Scarred)": {"sugprice": 7078, "profit": 718, "limit": 6387, "timest": 1700558386}, "StatTrak\u2122 M4A4 | Temukau (Battle-Scarred)": {"sugprice": 2433.1789189189185, "profit": 125, "limit": 2195, "timest": 1700529493}, "\u2605 Hydra Gloves | Rattler (Well-Worn)": {"sugprice": 4851.973333333333, "profit": 433, "limit": 4378, "timest": 1700558559}, "StatTrak\u2122 USP-S | Neo-Noir (Field-Tested)": {"sugprice": 2973.576842105263, "profit": 286, "limit": 2683, "timest": 1700557881}, "\u2605 Bloodhound Gloves | Guerrilla (Field-Tested)": {"sugprice": 5963.844444444444, "profit": 345, "limit": 5382, "timest": 1700558363}, "\u2605 Broken Fang Gloves | Unhinged (Well-Worn)": {"sugprice": 4709.2480000000005, "profit": 239, "limit": 4250, "timest": 1700554490}, "\u2605 Gut Knife | Boreal Forest (Field-Tested)": {"sugprice": 7139.507272727273, "profit": 481, "limit": 6443, "timest": 1700558491}, "\u2605 Gut Knife | Bright Water (Field-Tested)": {"sugprice": 8223.7712, "profit": 1023, "limit": 7421, "timest": 1700558495}, "\u2605 Gut Knife | Safari Mesh (Field-Tested)": {"sugprice": 7130.433684210528, "profit": 922, "limit": 6435, "timest": 1700558503}, "\u2605 Hand Wraps | Constrictor (Field-Tested)": {"sugprice": 4445, "profit": 422, "limit": 4011, "timest": 1700558521}, "\u2605 Hand Wraps | Desert Shamagh (Well-Worn)": {"sugprice": 4964.514736842106, "profit": 475, "limit": 4480, "timest": 1700558530}, "\u2605 Navaja Knife | Night Stripe (Field-Tested)": {"sugprice": 6760.850799999999, "profit": 692, "limit": 6101, "timest": 1700558595}, "\u2605 Navaja Knife | Tiger Tooth (Factory New)": {"sugprice": 10996.686923076923, "profit": 529, "limit": 9924, "timest": 1700558613}, "\u2605 Navaja Knife | Urban Masked (Field-Tested)": {"sugprice": 6780.344500000001, "profit": 691, "limit": 6119, "timest": 1700558615}, "\u2605 Shadow Daggers | Tiger Tooth (Factory New)": {"sugprice": 13418, "profit": 1338, "limit": 12109, "timest": 1700558639},