{"StatTrak\u2122 M4A4 | The Battlestar (Field-Tested)": {"sugprice": 1372.6359090909093, "profit": 100, "limit": 1238, "timest": 1702644596}, "StatTrak\u2122 M4A4 | The Emperor (Battle-Scarred)": {"sugprice": 2667.4945454545455, "profit": 231, "limit": 2407, "timest": 1702717919}, "StatTrak\u2122 M4A4 | \u9f8d\u738b (Dragon King) (Field-Tested)": {"sugprice": 1522.855909090909, "profit": 114, "limit": 1374, "timest": 1702716761}, "StatTrak\u2122 MAC-10 | Toybox (Battle-Scarred)": {"sugprice": 598.5866666666666, "profit": 106, "limit": 540, "timest": 1702665132}, "StatTrak\u2122 MP7 | Bloodsport (Factory New)": {"sugprice": 1342.9135, "profit": 107, "limit": 1211, "timest": 1702667233}, "StatTrak\u2122 MP9 | Hypnotic (Factory New)": {"sugprice": 3482.8547619047627, "profit": 189, "limit": 3143, "timest": 1702715802}, "StatTrak\u2122 P90 | Asiimov (Battle-Scarred)": {"sugprice": 1414.8803030303034, "profit": 110, "limit": 1276, "timest": 1702718014}, "StatTrak\u2122 PP-Bizon | Judgement of Anubis (Field-Tested)": {"sugprice": 991.4561111111112, "profit": 101, "limit": 894, "timest": 1702677419}, "StatTrak\u2122 SSG 08 | Bloodshot (Field-Tested)": {"sugprice": 1980.0714285714282, "profit": 121, "limit": 1787, "timest": 1702673533}, "StatTrak\u2122 Tec-9 | Decimator (Battle-Scarred)": {"sugprice": 2010.5258333333334, "profit": 261, "limit": 1814, "timest": 1702717430}, "StatTrak\u2122 USP-S | Monster Mashup (Field-Tested)": {"sugprice": 1881, "profit": 142, "limit": 1697, "timest": 1702639750}, "StatTrak\u2122 USP-S | Neo-Noir (Battle-Scarred)": {"sugprice": 3098.2983870967746, "profit": 208, "limit": 2796, "timest": 1702718049}, "StatTrak\u2122 USP-S | Neo-Noir (Field-Tested)": {"sugprice": 3132.987931034483, "profit": 234, "limit": 2827, "timest": 1702718052}, "StatTrak\u2122 USP-S | The Traitor (Battle-Scarred)": {"sugprice": 2026.69641025641, "profit": 109, "limit": 1829, "timest": 1702665216}, "Tec-9 | Nuclear Threat (Battle-Scarred)": {"sugprice": 3511.550909090909, "profit": 503, "limit": 3169, "timest": 1702718063}, "USP-S | Kill Confirmed (Battle-Scarred)": {"sugprice": 3007, "profit": 148, "limit": 2713, "timest": 1702718091}, "USP-S | Kill Confirmed (Well-Worn)": {"sugprice": 3195.1955999999986, "profit": 260, "limit": 2883, "timest": 1702718095}, "USP-S | Neo-Noir (Factory New)": {"sugprice": 3196.5596774193546, "profit": 238, "limit": 2884, "timest": 1702718107}, "USP-S | Overgrowth (Field-Tested)": {"sugprice": 1782.4269999999995, "profit": 100, "limit": 1608, "timest": 1702663080}, "USP-S | The Traitor (Minimal Wear)": {"sugprice": 1439.0459999999998, "profit": 123, "limit": 1298, "timest": 1702718150}, "\u2605 Bloodhound Gloves | Bronzed (Battle-Scarred)": {"sugprice": 6319.979411764706, "profit": 319, "limit": 5703, "timest": 1702715961}, "\u2605 Bloodhound Gloves | Guerrilla (Battle-Scarred)": {"sugprice": 6188.441785714285, "profit": 344, "limit": 5585, "timest": 1702718180}, "\u2605 Bloodhound Gloves | Snakebite (Field-Tested)": {"sugprice": 5898.864166666669, "profit": 308, "limit": 5323, "timest": 1702649410}, "\u2605 Broken Fang Gloves | Needle Point (Battle-Scarred)": {"sugprice": 4981.203260869565, "profit": 237, "limit": 4495, "timest": 1702712359}, "\u2605 Broken Fang Gloves | Needle Point (Well-Worn)": {"sugprice": 5078.1630000000005, "profit": 247, "limit": 4583, "timest": 1702670880}, "\u2605 Broken Fang Gloves | Yellow-banded (Battle-Scarred)": {"sugprice": 6004.76304347826, "profit": 333, "limit": 5419, "timest": 1702718200}, "\u2605 Broken Fang Gloves | Yellow-banded (Field-Tested)": {"sugprice": 6209.88, "profit": 317, "limit": 5604, "timest": 1702668020}, "\u2605 Driver Gloves | Convoy (Field-Tested)": {"sugprice": 6329.702413793104, "profit": 373, "limit": 5712, "timest": 1702718206}, "\u2605 Driver Gloves | Diamondback (Battle-Scarred)": {"sugprice": 7230.761, "profit": 413, "limit": 6525, "timest": 1702718208}, "\u2605 Driver Gloves | Queen Jaguar (Battle-Scarred)": {"sugprice": 5684.100199999999, "profit": 449, "limit": 5129, "timest": 1702718212}, "\u2605 Driver Gloves | Queen Jaguar (Field-Tested)": {"sugprice": 5790.035999999999, "profit": 315, "limit": 5225, "timest": 1702637029}, "\u2605 Falchion Knife | Rust Coat (Battle-Scarred)": {"sugprice": 8662, "profit": 686, "limit": 7817, "timest": 1702716515}, "\u2605 Falchion Knife | Ultraviolet (Battle-Scarred)": {"sugprice": 10071.257142857145, "profit": 792, "limit": 9089, "timest": 1702718226}, "\u2605 Gut Knife | Bright Water (Field-Tested)": {"sugprice": 8687.9565, "profit": 444, "limit": 7840, "timest": 1702718230}, "\u2605 Hand Wraps | Arboreal (Field-Tested)": {"sugprice": 5943.6446153846155, "profit": 374, "limit": 5364, "timest": 1702718239}, "\u2605 Hand Wraps | Badlands (Battle-Scarred)": {"sugprice": 7227, "profit": 350, "limit": 6522, "timest": 1702716016}, "\u2605 Hand Wraps | CAUTION! (Battle-Scarred)": {"sugprice": 13518.045555555555, "profit": 1010, "limit": 12200, "timest": 1702645322}, "\u2605 Hand Wraps | Constrictor (Battle-Scarred)": {"sugprice": 4863.442040816326, "profit": 286, "limit": 4389, "timest": 1702667469}, "\u2605 Hand Wraps | Desert Shamagh (Battle-Scarred)": {"sugprice": 5048.0167999999985, "profit": 263, "limit": 4555, "timest": 1702718248}, "\u2605 Hand Wraps | Giraffe (Battle-Scarred)": {"sugprice": 5585.906326530611, "profit": 377, "limit": 5041, "timest": 1702667485}, "\u2605 Huntsman Knife | Rust Coat (Battle-Scarred)": {"sugprice": 8617.654375, "profit": 433, "limit": 7777, "timest": 1702648131}, "\u2605 Huntsman Knife | Ultraviolet (Field-Tested)": {"sugprice": 10014.489545454544, "profit": 502, "limit": 9038, "timest": 1702718261}, "\u2605 Hydra Gloves | Case Hardened (Battle-Scarred)": {"sugprice": 7364.903636363635, "profit": 546, "limit": 6646, "timest": 1702718263}, "\u2605 Hydra Gloves | Mangrove (Battle-Scarred)": {"sugprice": 3982.888095238095, "profit": 221, "limit": 3594, "timest": 1702636606}, "\u2605 Hydra Gloves | Mangrove (Field-Tested)": {"sugprice": 4071.0293749999996, "profit": 195, "limit": 3674, "timest": 1702669321}, "\u2605 Hydra Gloves | Rattler (Battle-Scarred)": {"sugprice": 4081.631304347826, "profit": 249, "limit": 3683, "timest": 1702673882}, "\u2605 Moto Gloves | 3rd Commando Company (Battle-Scarred)": {"sugprice": 5100.2802, "profit": 260, "limit": 4603, "timest": 1702718290}, "\u2605 Moto Gloves | Boom! (Battle-Scarred)": {"sugprice": 7024.876538461536, "profit": 636, "limit": 6339, "timest": 1702718295}, "\u2605 Moto Gloves | Finish Line (Battle-Scarred)": {"sugprice": 7417.90111111111, "profit": 456, "limit": 6694, "timest": 1702718298}, "\u2605 Moto Gloves | POW! (Battle-Scarred)": {"sugprice": 8251.604166666666, "profit": 420, "limit": 7447, "timest": 1702718301}, "\u2605 Moto Gloves | Smoke Out (Battle-Scarred)": {"sugprice": 7310.46258064516, "profit": 392, "limit": 6597, "timest": 1702718302}, "\u2605 Moto Gloves | Transport (Field-Tested)": {"sugprice": 5715.185454545454, "profit": 379, "limit": 5157, "timest": 1702673909}, "\u2605 Navaja Knife | Forest DDPAT (Field-Tested)": {"sugprice": 6902.109, "profit": 329, "limit": 6229, "timest": 1702674995}, "\u2605 Navaja Knife | Marble Fade (Factory New)": {"sugprice": 14881.813684210527, "profit": 927, "limit": 13430, "timest": 1702673915}, "\u2605 Navaja Knife | Night Stripe (Field-Tested)": {"sugprice": 7007.072999999999, "profit": 490, "limit": 6323, "timest": 1702718314}, "\u2605 Navaja Knife | Rust Coat (Battle-Scarred)": {"sugprice": 6929.7815625, "profit": 384, "limit": 6254, "timest": 1702716089}, "\u2605 Navaja Knife | Safari Mesh (Battle-Scarred)": {"sugprice": 6810.277272727273, "profit": 467, "limit": 6146, "timest": 1702718319}, "\u2605 Navaja Knife | Scorched (Field-Tested)": {"sugprice": 6951.737000000003, "profit": 503, "limit": 6273, "timest": 1702716094}, "\u2605 Navaja Knife | Stained (Battle-Scarred)": {"sugprice": 7054.01375, "profit": 341, "limit": 6366, "timest": 1702714427},