{"StatTrak\u2122 M4A4 | The Emperor (Battle-Scarred)": {"sugprice": 2676.3180555555555, "profit": 200, "limit": 2415, "timest": 1702932066}, "StatTrak\u2122 M4A4 | \u9f8d\u738b (Dragon King) (Field-Tested)": {"sugprice": 1503, "profit": 127, "limit": 1356, "timest": 1702932079}, "StatTrak\u2122 MAC-10 | Toybox (Battle-Scarred)": {"sugprice": 604.39, "profit": 134, "limit": 545, "timest": 1702932084}, "StatTrak\u2122 MP7 | Bloodsport (Factory New)": {"sugprice": 1364, "profit": 113, "limit": 1231, "timest": 1702932086}, "StatTrak\u2122 MP9 | Hypnotic (Factory New)": {"sugprice": 3449.1700000000005, "profit": 284, "limit": 3112, "timest": 1702932100}, "StatTrak\u2122 P90 | Asiimov (Battle-Scarred)": {"sugprice": 1716.1326470588235, "profit": 337, "limit": 1548, "timest": 1702932122}, "StatTrak\u2122 PP-Bizon | Judgement of Anubis (Field-Tested)": {"sugprice": 1012.8895833333335, "profit": 148, "limit": 914, "timest": 1702932126}, "StatTrak\u2122 SSG 08 | Bloodshot (Field-Tested)": {"sugprice": 1994.8414705882353, "profit": 182, "limit": 1800, "timest": 1702932132}, "StatTrak\u2122 Tec-9 | Decimator (Battle-Scarred)": {"sugprice": 1872.06125, "profit": 100, "limit": 1689, "timest": 1702854402}, "StatTrak\u2122 USP-S | Neo-Noir (Battle-Scarred)": {"sugprice": 3049.844827586207, "profit": 183, "limit": 2752, "timest": 1702931508}, "StatTrak\u2122 USP-S | Neo-Noir (Field-Tested)": {"sugprice": 3122.3042857142855, "profit": 159, "limit": 2817, "timest": 1702932161}, "StatTrak\u2122 USP-S | The Traitor (Battle-Scarred)": {"sugprice": 2127.014, "profit": 157, "limit": 1919, "timest": 1702932167}, "Tec-9 | Nuclear Threat (Battle-Scarred)": {"sugprice": 3389.4925000000003, "profit": 342, "limit": 3059, "timest": 1702932173}, "USP-S | Kill Confirmed (Battle-Scarred)": {"sugprice": 3065.9002222222225, "profit": 162, "limit": 2766, "timest": 1702905588}, "USP-S | Kill Confirmed (Well-Worn)": {"sugprice": 3166.2580000000003, "profit": 179, "limit": 2857, "timest": 1702932202}, "USP-S | Neo-Noir (Factory New)": {"sugprice": 3154, "profit": 181, "limit": 2846, "timest": 1702932206}, "USP-S | The Traitor (Minimal Wear)": {"sugprice": 1406.0554545454547, "profit": 114, "limit": 1268, "timest": 1702925879}, "\u2605 Bloodhound Gloves | Guerrilla (Battle-Scarred)": {"sugprice": 6085.811666666665, "profit": 292, "limit": 5492, "timest": 1702932245}, "\u2605 Broken Fang Gloves | Needle Point (Well-Worn)": {"sugprice": 5012.84111111111, "profit": 259, "limit": 4524, "timest": 1702932283}, "\u2605 Broken Fang Gloves | Yellow-banded (Battle-Scarred)": {"sugprice": 6103.3170731707305, "profit": 325, "limit": 5508, "timest": 1702893826}, "\u2605 Driver Gloves | Convoy (Field-Tested)": {"sugprice": 6189.016315789474, "profit": 297, "limit": 5585, "timest": 1702930519}, "\u2605 Driver Gloves | Diamondback (Battle-Scarred)": {"sugprice": 6740.260769230768, "profit": 504, "limit": 6083, "timest": 1702930521}, "\u2605 Driver Gloves | Queen Jaguar (Battle-Scarred)": {"sugprice": 5361.286800000002, "profit": 386, "limit": 4838, "timest": 1702928015}, "\u2605 Falchion Knife | Rust Coat (Battle-Scarred)": {"sugprice": 8525.358235294118, "profit": 554, "limit": 7694, "timest": 1702892122}, "\u2605 Falchion Knife | Ultraviolet (Battle-Scarred)": {"sugprice": 9814.468571428572, "profit": 493, "limit": 8857, "timest": 1702875344}, "\u2605 Gut Knife | Bright Water (Field-Tested)": {"sugprice": 8547, "profit": 659, "limit": 7713, "timest": 1702924357}, "\u2605 Hand Wraps | Arboreal (Field-Tested)": {"sugprice": 6136.860000000001, "profit": 525, "limit": 5538, "timest": 1702932369}, "\u2605 Hand Wraps | Badlands (Battle-Scarred)": {"sugprice": 7318.634285714287, "profit": 531, "limit": 6605, "timest": 1702932371}, "\u2605 Hand Wraps | Desert Shamagh (Battle-Scarred)": {"sugprice": 5059.134615384614, "profit": 241, "limit": 4565, "timest": 1702929552}, "\u2605 Hydra Gloves | Case Hardened (Battle-Scarred)": {"sugprice": 7401.434999999999, "profit": 479, "limit": 6679, "timest": 1702881404}, "\u2605 Hydra Gloves | Mangrove (Field-Tested)": {"sugprice": 4113.126938775508, "profit": 236, "limit": 3712, "timest": 1702932411}, "\u2605 Hydra Gloves | Rattler (Battle-Scarred)": {"sugprice": 4139.430204081634, "profit": 197, "limit": 3735, "timest": 1702930601}, "\u2605 Moto Gloves | 3rd Commando Company (Battle-Scarred)": {"sugprice": 5034.333600000001, "profit": 256, "limit": 4543, "timest": 1702919291}, "\u2605 Moto Gloves | Boom! (Battle-Scarred)": {"sugprice": 6966.138666666668, "profit": 617, "limit": 6286, "timest": 1702898865}, "\u2605 Moto Gloves | Finish Line (Battle-Scarred)": {"sugprice": 7054.205, "profit": 353, "limit": 6366, "timest": 1702914380}, "\u2605 Moto Gloves | POW! (Battle-Scarred)": {"sugprice": 7895.636, "profit": 470, "limit": 7125, "timest": 1702900646}, "\u2605 Moto Gloves | Smoke Out (Battle-Scarred)": {"sugprice": 7160.503, "profit": 529, "limit": 6462, "timest": 1702932437}, "\u2605 Moto Gloves | Transport (Field-Tested)": {"sugprice": 5729.562105263158, "profit": 368, "limit": 5170, "timest": 1702932441}, "\u2605 Navaja Knife | Night Stripe (Field-Tested)": {"sugprice": 6940.204666666667, "profit": 454, "limit": 6263, "timest": 1702932449}, "\u2605 Navaja Knife | Rust Coat (Battle-Scarred)": {"sugprice": 6960.967037037038, "profit": 338, "limit": 6282, "timest": 1702907550}, "\u2605 Navaja Knife | Scorched (Field-Tested)": {"sugprice": 7072.530000000002, "profit": 481, "limit": 6382, "timest": 1702932457}, "\u2605 Navaja Knife | Ultraviolet (Field-Tested)": {"sugprice": 7269, "profit": 370, "limit": 6560, "timest": 1702932469}, "\u2605 Navaja Knife | Urban Masked (Field-Tested)": {"sugprice": 7036.1404, "profit": 343, "limit": 6350, "timest": 1702932471}, "\u2605 Paracord Knife | Forest DDPAT (Field-Tested)": {"sugprice": 8328.200384615386, "profit": 413, "limit": 7516, "timest": 1702924471}, "\u2605 Paracord Knife | Scorched (Field-Tested)": {"sugprice": 7593.689333333333, "profit": 436, "limit": 6853, "timest": 1702926160}, "\u2605 Shadow Daggers | Bright Water (Field-Tested)": {"sugprice": 7581.135151515151, "profit": 388, "limit": 6841, "timest": 1702861562}, "\u2605 Shadow Daggers | Freehand (Field-Tested)": {"sugprice": 8972.34064516129, "profit": 431, "limit": 8097, "timest": 1702916598}, "\u2605 Shadow Daggers | Ultraviolet (Battle-Scarred)": {"sugprice": 7294, "profit": 349, "limit": 6582, "timest": 1702931874}, "\u2605 Shadow Daggers | Ultraviolet (Field-Tested)": {"sugprice": 8905, "profit": 553, "limit": 8036, "timest": 1702919848}, "\u2605 Sport Gloves | Bronze Morph (Battle-Scarred)": {"sugprice": 10328.573684210525, "profit": 545, "limit": 9321, "timest": 1702905350}, "\u2605 Survival Knife | Boreal Forest (Field-Tested)": {"sugprice": 7756.137647058823, "profit": 503, "limit": 6999, "timest": 1702897697}, "\u2605 Survival Knife | Forest DDPAT (Field-Tested)": {"sugprice": 7671.954444444444, "profit": 367, "limit": 6923, "timest": 1702924511}, "StatTrak\u2122 M4A4 | X-Ray (Minimal Wear)": {"sugprice": 4564.935625, "profit": 334, "limit": 4119, "timest": 1702932074}, "\u2605 Driver Gloves | Racing Green (Battle-Scarred)": {"sugprice": 3813.017391304348, "profit": 241, "limit": 3441, "timest": 1702911462}, "\u2605 Gut Knife | Boreal Forest (Field-Tested)": {"sugprice": 7326.538125000001, "profit": 446, "limit": 6612, "timest": 1702932355}, "\u2605 Gut Knife | Forest DDPAT (Field-Tested)": {"sugprice": 7839.991923076924, "profit": 412, "limit": 7075, "timest": 1702932359}, "\u2605 Gut Knife | Freehand (Field-Tested)": {"sugprice": 8692.619999999999, "profit": 416, "limit": 7845, "timest": 1702846540}, "\u2605 Hydra Gloves | Rattler (Field-Tested)": {"sugprice": 4226.3045833333335, "profit": 273, "limit": 3814, "timest": 1702931795}, "\u2605 Paracord Knife | Safari Mesh (Field-Tested)": {"sugprice": 7523, "profit": 385, "limit": 6789, "timest": 1702929173}, "\u2605 Shadow Daggers | Safari Mesh (Field-Tested)": {"sugprice": 7161.135000000001, "profit": 401,