{"USP-S | Kill Confirmed (Well-Worn)": {"sugprice": 3128, "profit": 155, "limit": 2823, "timest": 1702317346}, "StatTrak\u2122 USP-S | The Traitor (Battle-Scarred)": {"sugprice": 2158.411470588235, "profit": 107, "limit": 1947, "timest": 1702235685}, "\u2605 Gut Knife | Safari Mesh (Field-Tested)": {"sugprice": 7255.179999999999, "profit": 452, "limit": 6547, "timest": 1702317715}, "\u2605 Gut Knife | Freehand (Field-Tested)": {"sugprice": 9183.454285714286, "profit": 829, "limit": 8288, "timest": 1702317688}, "\u2605 Driver Gloves | Convoy (Field-Tested)": {"sugprice": 6344.049333333333, "profit": 416, "limit": 5725, "timest": 1702317586}, "\u2605 Specialist Gloves | Fade (Battle-Scarred)": {"sugprice": 14998.213333333333, "profit": 785, "limit": 13535, "timest": 1702317870}, "Tec-9 | Nuclear Threat (Battle-Scarred)": {"sugprice": 3112.23625, "profit": 164, "limit": 2808, "timest": 1702281599}, "StatTrak\u2122 M4A4 | \u9f8d\u738b (Dragon King) (Field-Tested)": {"sugprice": 1484, "profit": 109, "limit": 1339, "timest": 1702317232}, "\u2605 Bloodhound Gloves | Bronzed (Battle-Scarred)": {"sugprice": 6221.237307692307, "profit": 336, "limit": 5614, "timest": 1702286918}, "\u2605 Shadow Daggers | Scorched (Field-Tested)": {"sugprice": 7167.612222222222, "profit": 451, "limit": 6468, "timest": 1702317860}, "StatTrak\u2122 M4A4 | The Emperor (Battle-Scarred)": {"sugprice": 2595.971666666667, "profit": 176, "limit": 2342, "timest": 1702317223}, "\u2605 Driver Gloves | Racing Green (Field-Tested)": {"sugprice": 4137.229591836734, "profit": 268, "limit": 3733, "timest": 1702317616}, "\u2605 Shadow Daggers | Freehand (Field-Tested)": {"sugprice": 9255.414615384616, "profit": 471, "limit": 8353, "timest": 1702317852}, "\u2605 Bloodhound Gloves | Guerrilla (Battle-Scarred)": {"sugprice": 6083.0811111111125, "profit": 516, "limit": 5489, "timest": 1702317398}, "\u2605 Driver Gloves | Convoy (Battle-Scarred)": {"sugprice": 6215.02892857143, "profit": 325, "limit": 5609, "timest": 1702317576}, "\u2605 Navaja Knife | Boreal Forest (Field-Tested)": {"sugprice": 7071.464800000001, "profit": 516, "limit": 6381, "timest": 1702317809}, "\u2605 Gut Knife | Bright Water (Field-Tested)": {"sugprice": 8542.83, "profit": 420, "limit": 7709, "timest": 1702316741}, "StatTrak\u2122 USP-S | Neo-Noir (Battle-Scarred)": {"sugprice": 3060.8351428571427, "profit": 174, "limit": 2762, "timest": 1702317307}, "\u2605 Moto Gloves | Smoke Out (Battle-Scarred)": {"sugprice": 7839.322500000001, "profit": 599, "limit": 7074, "timest": 1702317801}, "\u2605 Hand Wraps | Giraffe (Battle-Scarred)": {"sugprice": 5870, "profit": 343, "limit": 5297, "timest": 1702316780}, "\u2605 Shadow Daggers | Forest DDPAT (Field-Tested)": {"sugprice": 7153.8946153846155, "profit": 430, "limit": 6456, "timest": 1702317850}, "\u2605 Gut Knife | Forest DDPAT (Field-Tested)": {"sugprice": 7818, "profit": 372, "limit": 7055, "timest": 1702291230}, "USP-S | Printstream (Field-Tested)": {"sugprice": 2954.44675, "profit": 204, "limit": 2666, "timest": 1702309057}, "\u2605 Navaja Knife | Rust Coat (Battle-Scarred)": {"sugprice": 6891.1148571428575, "profit": 345, "limit": 6219, "timest": 1702289152}, "\u2605 Navaja Knife | Night Stripe (Field-Tested)": {"sugprice": 6848.594857142857, "profit": 380, "limit": 6180, "timest": 1702317817}, "\u2605 Shadow Daggers | Ultraviolet (Field-Tested)": {"sugprice": 9092.326956521742, "profit": 677, "limit": 8205, "timest": 1702317866}, "\u2605 Survival Knife | Forest DDPAT (Field-Tested)": {"sugprice": 7771.313999999999, "profit": 378, "limit": 7013, "timest": 1702313976}, "\u2605 Driver Gloves | Queen Jaguar (Battle-Scarred)": {"sugprice": 5826.065813953489, "profit": 327, "limit": 5258, "timest": 1702317594}, "\u2605 Driver Gloves | Racing Green (Battle-Scarred)": {"sugprice": 4109.4738, "profit": 204, "limit": 3708, "timest": 1702315168}, "\u2605 Survival Knife | Boreal Forest (Field-Tested)": {"sugprice": 7795.296250000001, "profit": 371, "limit": 7035, "timest": 1702307404}, "USP-S | Printstream (Well-Worn)": {"sugprice": 3043.891666666667, "profit": 191, "limit": 2747, "timest": 1702317370}, "StatTrak\u2122 USP-S | The Traitor (Well-Worn)": {"sugprice": 2187.2642857142855, "profit": 180, "limit": 1974, "timest": 1702317317}, "StatTrak\u2122 M4A4 | Royal Paladin (Field-Tested)": {"sugprice": 2259.907894736842, "profit": 113, "limit": 2039, "timest": 1702240041}, "\u2605 Hydra Gloves | Mangrove (Battle-Scarred)": {"sugprice": 4203.129333333334, "profit": 322, "limit": 3793, "timest": 1702317775}, "StatTrak\u2122 M4A4 | Buzz Kill (Battle-Scarred)": {"sugprice": 1996.4954999999998, "profit": 114, "limit": 1801, "timest": 1702317177}, "\u2605 Hand Wraps | CAUTION! (Battle-Scarred)": {"sugprice": 13714, "profit": 657, "limit": 12376, "timest": 1702314378}, "\u2605 Paracord Knife | Safari Mesh (Field-Tested)": {"sugprice": 8093.994285714284, "profit": 489, "limit": 7304, "timest": 1702317834}, "StatTrak\u2122 M4A4 | Royal Paladin (Battle-Scarred)": {"sugprice": 2409.144736842105, "profit": 197, "limit": 2174, "timest": 1702317209}, "StatTrak\u2122 USP-S | Monster Mashup (Battle-Scarred)": {"sugprice": 1919.277894736842, "profit": 178, "limit": 1732, "timest": 1702317303}, "\u2605 Hydra Gloves | Mangrove (Field-Tested)": {"sugprice": 4183.1402439024405, "profit": 311, "limit": 3775, "timest": 1702317777}, "USP-S | Orion (Field-Tested)": {"sugprice": 3997.4411999999998, "profit": 203, "limit": 3607, "timest": 1702317358}, "\u2605 Driver Gloves | Racing Green (Well-Worn)": {"sugprice": 4121.669230769232, "profit": 255, "limit": 3719, "timest": 1702317626}, "USP-S | Whiteout (Battle-Scarred)": {"sugprice": 1781.502608695652, "profit": 106, "limit": 1607, "timest": 1702317381}, "\u2605 Hand Wraps | Desert Shamagh (Field-Tested)": {"sugprice": 5079.906000000001, "profit": 244, "limit": 4584, "timest": 1702317752}, "\u2605 Moto Gloves | Polygon (Battle-Scarred)": {"sugprice": 10930.029375, "profit": 689, "limit": 9864, "timest": 1702317797}, "\u2605 Navaja Knife | Safari Mesh (Field-Tested)": {"sugprice": 7051.612790697673, "profit": 372, "limit": 6364, "timest": 1702317821}, "\u2605 Hand Wraps | Arboreal (Field-Tested)": {"sugprice": 5981.043846153845, "profit": 365, "limit": 5397, "timest": 1702317738}, "\u2605 Moto Gloves | Finish Line (Battle-Scarred)": {"sugprice": 7102.405666666669, "profit": 342, "limit": 6409, "timest": 1702291575}, "UMP-45 | Blaze (Factory New)": {"sugprice": 1681.936, "profit": 102, "limit": 1517, "timest": 1702292110}, "StatTrak\u2122 Tec-9 | Decimator (Battle-Scarred)": {"sugprice": 1798.0919999999999, "profit": 101, "limit": 1622, "timest": 1702317287}, "\u2605 Moto Gloves | Boom! (Battle-Scarred)": {"sugprice": 7127.232499999999, "profit": 564, "limit": 6432, "timest": 1702317793}, "\u2605 Huntsman Knife | Bright Water (Field-Tested)": {"sugprice": 10245, "profit": 622, "limit": 9246, "timest": 1702317762}, "\u2605 Shadow Daggers | Ultraviolet (Battle-Scarred)": {"sugprice": 7684, "profit": 391, "limit": 6934, "timest": 1702317864}, "StatTrak\u2122 M4A4 | Desolate Space (Field-Tested)": {"sugprice": 1469.805294117647, "profit": 104, "limit": 1326, "timest": 1702294337}, "\u2605 Bloodhound Gloves | Bronzed (Field-Tested)": {"sugprice": 6470.300000000001, "profit": 628, "limit": 5839, "timest": 1702317393}, "\u2605 Navaja Knife | Urban Masked (Field-Tested)": {"sugprice": 6893.283846153847, "profit": 446, "limit": 6221, "timest": 1702317831}, "\u2605 Hand Wraps | Constrictor (Field-Tested)": {"sugprice": 4988.002162162162, "profit": 258, "limit": 4501, "timest": 1702316107}, "\u2605 Broken Fang Gloves | Needle Point (Battle-Scarred)": {"sugprice": 5051.275306122449, "profit": 248, "limit": 4558, "timest": 1702307130}, "\u2605 Navaja Knife | Scorched (Field-Tested)": {"sugprice": 6837.388124999998, "profit": 364, "limit": 6170, "timest": 1702317823}, "StatTrak\u2122 M4A4 | Buzz Kill (Field-Tested)": {"sugprice": 1979.925, "profit": 101, "limit": 1786,