{"USP-S | Kill Confirmed (Well-Worn)": {"sugprice": 3247, "profit": 199, "limit": 2930, "timest": 1702227410}, "\u2605 Moto Gloves | Transport (Battle-Scarred)": {"sugprice": 5327.133958333335, "profit": 287, "limit": 4807, "timest": 1702197216}, "StatTrak\u2122 USP-S | The Traitor (Battle-Scarred)": {"sugprice": 2192.635263157895, "profit": 118, "limit": 1978, "timest": 1702227316}, "\u2605 Gut Knife | Safari Mesh (Field-Tested)": {"sugprice": 7335.227647058823, "profit": 474, "limit": 6620, "timest": 1702227597}, "\u2605 Gut Knife | Freehand (Field-Tested)": {"sugprice": 9004.537142857143, "profit": 546, "limit": 8126, "timest": 1702226643}, "\u2605 Driver Gloves | Convoy (Field-Tested)": {"sugprice": 6279.6121621621605, "profit": 365, "limit": 5667, "timest": 1702209982}, "\u2605 Specialist Gloves | Fade (Battle-Scarred)": {"sugprice": 14953, "profit": 933, "limit": 13495, "timest": 1702228111}, "Tec-9 | Nuclear Threat (Battle-Scarred)": {"sugprice": 3131.9066666666663, "profit": 183, "limit": 2826, "timest": 1702226522}, "StatTrak\u2122 M4A4 | \u9f8d\u738b (Dragon King) (Field-Tested)": {"sugprice": 1540.0631818181819, "profit": 139, "limit": 1389, "timest": 1702227124}, "\u2605 Bloodhound Gloves | Bronzed (Battle-Scarred)": {"sugprice": 6222.037586206897, "profit": 339, "limit": 5615, "timest": 1702227457}, "\u2605 Shadow Daggers | Scorched (Field-Tested)": {"sugprice": 7151.5704545454555, "profit": 391, "limit": 6454, "timest": 1702228101}, "StatTrak\u2122 M4A4 | The Emperor (Battle-Scarred)": {"sugprice": 2605.5635294117646, "profit": 192, "limit": 2351, "timest": 1702227105}, "\u2605 Driver Gloves | Racing Green (Field-Tested)": {"sugprice": 4036.1956756756745, "profit": 207, "limit": 3642, "timest": 1702208527}, "\u2605 Hand Wraps | Constrictor (Battle-Scarred)": {"sugprice": 4864.501249999999, "profit": 249, "limit": 4390, "timest": 1702208570}, "\u2605 Shadow Daggers | Freehand (Field-Tested)": {"sugprice": 9228.087826086958, "profit": 445, "limit": 8328, "timest": 1702216776}, "\u2605 Bloodhound Gloves | Guerrilla (Battle-Scarred)": {"sugprice": 6201.624347826087, "profit": 357, "limit": 5596, "timest": 1702227463}, "\u2605 Driver Gloves | Convoy (Battle-Scarred)": {"sugprice": 6246.8175862068965, "profit": 302, "limit": 5637, "timest": 1702206575}, "\u2605 Navaja Knife | Boreal Forest (Field-Tested)": {"sugprice": 6997.879333333332, "profit": 396, "limit": 6315, "timest": 1702228016}, "\u2605 Gut Knife | Bright Water (Field-Tested)": {"sugprice": 8380.904444444443, "profit": 404, "limit": 7563, "timest": 1702224064}, "StatTrak\u2122 USP-S | Neo-Noir (Battle-Scarred)": {"sugprice": 3077.727021276596, "profit": 197, "limit": 2777, "timest": 1702227294}, "\u2605 Moto Gloves | Smoke Out (Battle-Scarred)": {"sugprice": 7754.853636363637, "profit": 662, "limit": 6998, "timest": 1702227994}, "\u2605 Hand Wraps | Giraffe (Battle-Scarred)": {"sugprice": 5973.120689655173, "profit": 412, "limit": 5390, "timest": 1702221932}, "\u2605 Shadow Daggers | Forest DDPAT (Field-Tested)": {"sugprice": 7237.122666666665, "profit": 355, "limit": 6531, "timest": 1702199483}, "\u2605 Gut Knife | Forest DDPAT (Field-Tested)": {"sugprice": 8043, "profit": 418, "limit": 7258, "timest": 1702227586}, "USP-S | Printstream (Field-Tested)": {"sugprice": 3103.4662162162167, "profit": 213, "limit": 2800, "timest": 1702208243}, "\u2605 Navaja Knife | Rust Coat (Battle-Scarred)": {"sugprice": 6931.741282051283, "profit": 382, "limit": 6255, "timest": 1702228056}, "\u2605 Navaja Knife | Night Stripe (Field-Tested)": {"sugprice": 6826.126451612904, "profit": 387, "limit": 6160, "timest": 1702228054}, "\u2605 Shadow Daggers | Ultraviolet (Field-Tested)": {"sugprice": 9129.264999999998, "profit": 521, "limit": 8239, "timest": 1702223123}, "\u2605 Survival Knife | Forest DDPAT (Field-Tested)": {"sugprice": 8001.523750000001, "profit": 394, "limit": 7221, "timest": 1702228126}, "\u2605 Driver Gloves | Queen Jaguar (Battle-Scarred)": {"sugprice": 5819.270750000001, "profit": 308, "limit": 5251, "timest": 1702214448}, "\u2605 Driver Gloves | Racing Green (Battle-Scarred)": {"sugprice": 4105.350399999999, "profit": 205, "limit": 3705, "timest": 1702227497}, "\u2605 Survival Knife | Boreal Forest (Field-Tested)": {"sugprice": 7839.353571428571, "profit": 434, "limit": 7075, "timest": 1702201923}, "USP-S | Printstream (Well-Worn)": {"sugprice": 3108.618571428572, "profit": 242, "limit": 2805, "timest": 1702227436}, "StatTrak\u2122 USP-S | The Traitor (Well-Worn)": {"sugprice": 2189.997142857143, "profit": 105, "limit": 1976, "timest": 1702225200}, "\u2605 Gut Knife | Scorched (Field-Tested)": {"sugprice": 7261.633846153846, "profit": 345, "limit": 6553, "timest": 1702217385}, "StatTrak\u2122 M4A4 | Royal Paladin (Field-Tested)": {"sugprice": 2271.697916666667, "profit": 171, "limit": 2050, "timest": 1702227061}, "\u2605 Driver Gloves | Overtake (Battle-Scarred)": {"sugprice": 6834.2296153846155, "profit": 343, "limit": 6167, "timest": 1702163952}, "\u2605 Hydra Gloves | Mangrove (Battle-Scarred)": {"sugprice": 4283.342391304347, "profit": 310, "limit": 3865, "timest": 1702227785}, "StatTrak\u2122 M4A4 | Buzz Kill (Battle-Scarred)": {"sugprice": 2022.8679166666661, "profit": 139, "limit": 1825, "timest": 1702226876}, "\u2605 Hand Wraps | CAUTION! (Battle-Scarred)": {"sugprice": 14193.126842105265, "profit": 789, "limit": 12809, "timest": 1702199153}, "\u2605 Paracord Knife | Safari Mesh (Field-Tested)": {"sugprice": 8060.975909090909, "profit": 657, "limit": 7275, "timest": 1702228074}, "StatTrak\u2122 M4A4 | Royal Paladin (Battle-Scarred)": {"sugprice": 2454.2657142857142, "profit": 317, "limit": 2214, "timest": 1702227052}, "StatTrak\u2122 USP-S | Monster Mashup (Battle-Scarred)": {"sugprice": 1972.9483333333333, "profit": 222, "limit": 1780, "timest": 1702227289}, "\u2605 Hydra Gloves | Mangrove (Field-Tested)": {"sugprice": 4285.267272727273, "profit": 231, "limit": 3867, "timest": 1702155226}, "StatTrak\u2122 P90 | Asiimov (Battle-Scarred)": {"sugprice": 1351.2741176470588, "profit": 100, "limit": 1219, "timest": 1702227257}, "USP-S | Orion (Field-Tested)": {"sugprice": 3987.4178947368423, "profit": 198, "limit": 3598, "timest": 1702227424}, "\u2605 Hand Wraps | Desert Shamagh (Well-Worn)": {"sugprice": 5112.293181818182, "profit": 246, "limit": 4613, "timest": 1702216590}, "\u2605 Hydra Gloves | Rattler (Battle-Scarred)": {"sugprice": 4233.629534883722, "profit": 218, "limit": 3820, "timest": 1702201704}, "\u2605 Driver Gloves | Racing Green (Well-Worn)": {"sugprice": 4145.898484848484, "profit": 198, "limit": 3741, "timest": 1702227501}, "USP-S | Whiteout (Battle-Scarred)": {"sugprice": 1733.5251219512195, "profit": 107, "limit": 1564, "timest": 1702227447}, "\u2605 Hand Wraps | Desert Shamagh (Field-Tested)": {"sugprice": 5103.808666666666, "profit": 318, "limit": 4606, "timest": 1702227637}, "\u2605 Moto Gloves | Polygon (Battle-Scarred)": {"sugprice": 10968.502307692308, "profit": 751, "limit": 9899, "timest": 1702227951}, "\u2605 Navaja Knife | Safari Mesh (Field-Tested)": {"sugprice": 7060.365749999999, "profit": 467, "limit": 6371, "timest": 1702228058}, "\u2605 Hand Wraps | Arboreal (Field-Tested)": {"sugprice": 6004.708181818181, "profit": 383, "limit": 5419, "timest": 1702227610}, "\u2605 Paracord Knife | Scorched (Field-Tested)": {"sugprice": 7601.463636363637, "profit": 397, "limit": 6860, "timest": 1702196039}, "\u2605 Moto Gloves | Finish Line (Battle-Scarred)": {"sugprice": 7198.2774193548385, "profit": 350, "limit": 6496, "timest": 1702214533}, "UMP-45 | Blaze (Factory New)": {"sugprice": 1711.1380851063832, "profit": 112, "limit": 1544, "timest": 1702227400}, "StatTrak\u2122 Tec-9 | Decimator (Battle-Scarred)": {"sugprice": 1948.1574999999998, "profit": 252, "limit": 1758, "timest": 1702227272}, "\u2605 Moto Gloves | Boom! (Battle-Scarred)": {"sugprice": 7147.986666666667, "profit": 400, "limit": 6451, "timest": 1702227895},