{"USP-S | Kill Confirmed (Well-Worn)": {"sugprice": 2987.505526315789, "profit": 188, "limit": 2696, "timest": 1701536046}, "\u2605 Navaja Knife | Scorched (Field-Tested)": {"sugprice": 6705.388125, "profit": 328, "limit": 6051, "timest": 1701529330}, "\u2605 Driver Gloves | Racing Green (Battle-Scarred)": {"sugprice": 3700.0725531914895, "profit": 188, "limit": 3339, "timest": 1701519712}, "\u2605 Driver Gloves | Racing Green (Well-Worn)": {"sugprice": 3628.539142857143, "profit": 214, "limit": 3274, "timest": 1701453260}, "\u2605 Hydra Gloves | Rattler (Field-Tested)": {"sugprice": 3911.793913043478, "profit": 187, "limit": 3530, "timest": 1701506137}, "\u2605 Shadow Daggers | Bright Water (Field-Tested)": {"sugprice": 7444.952727272728, "profit": 421, "limit": 6719, "timest": 1701524479}, "\u2605 Hydra Gloves | Mangrove (Well-Worn)": {"sugprice": 3986.908965517242, "profit": 236, "limit": 3598, "timest": 1701504120}, "\u2605 Moto Gloves | Transport (Battle-Scarred)": {"sugprice": 5240.495, "profit": 276, "limit": 4729, "timest": 1701536714}, "\u2605 Broken Fang Gloves | Unhinged (Battle-Scarred)": {"sugprice": 5209.8048, "profit": 321, "limit": 4701, "timest": 1701536226}, "\u2605 Hand Wraps | Arboreal (Field-Tested)": {"sugprice": 5572.050952380952, "profit": 377, "limit": 5028, "timest": 1701536331}, "\u2605 Hand Wraps | Giraffe (Battle-Scarred)": {"sugprice": 5875.759999999999, "profit": 309, "limit": 5302, "timest": 1701456579}, "USP-S | Neo-Noir (Well-Worn)": {"sugprice": 1531, "profit": 148, "limit": 1381, "timest": 1701536087}, "\u2605 Moto Gloves | Smoke Out (Battle-Scarred)": {"sugprice": 6898.439166666667, "profit": 366, "limit": 6225, "timest": 1701513813}, "StatTrak\u2122 SSG 08 | Dragonfire (Field-Tested)": {"sugprice": 3074.2074193548387, "profit": 167, "limit": 2774, "timest": 1701535829}, "StatTrak\u2122 USP-S | Neo-Noir (Field-Tested)": {"sugprice": 3211.984545454545, "profit": 171, "limit": 2898, "timest": 1701535930}, "\u2605 Bloodhound Gloves | Guerrilla (Field-Tested)": {"sugprice": 6228.327428571429, "profit": 305, "limit": 5621, "timest": 1701536190}, "\u2605 Hand Wraps | Constrictor (Field-Tested)": {"sugprice": 5058.70043478261, "profit": 343, "limit": 4565, "timest": 1701536359}, "\u2605 Hand Wraps | Desert Shamagh (Well-Worn)": {"sugprice": 5000.417222222222, "profit": 429, "limit": 4512, "timest": 1701536405}, "StatTrak\u2122 USP-S | The Traitor (Battle-Scarred)": {"sugprice": 1857.8128888888887, "profit": 100, "limit": 1676, "timest": 1701526112}, "\u2605 Hand Wraps | Desert Shamagh (Battle-Scarred)": {"sugprice": 4941.444782608696, "profit": 254, "limit": 4459, "timest": 1701526545}, "USP-S | Orion (Minimal Wear)": {"sugprice": 3933.349268292683, "profit": 232, "limit": 3549, "timest": 1701536100}, "USP-S | Caiman (Field-Tested)": {"sugprice": 3121.8031818181817, "profit": 151, "limit": 2817, "timest": 1701519539}, "\u2605 Moto Gloves | Turtle (Battle-Scarred)": {"sugprice": 7920, "profit": 401, "limit": 7147, "timest": 1701532638}, "\u2605 Hand Wraps | Arboreal (Battle-Scarred)": {"sugprice": 5122.9882, "profit": 264, "limit": 4623, "timest": 1701532568}, "StatTrak\u2122 USP-S | Printstream (Battle-Scarred)": {"sugprice": 4393.965365853657, "profit": 244, "limit": 3965, "timest": 1701512010}, "\u2605 Broken Fang Gloves | Needle Point (Battle-Scarred)": {"sugprice": 5029.758399999999, "profit": 246, "limit": 4539, "timest": 1701510068}, "StatTrak\u2122 USP-S | Monster Mashup (Field-Tested)": {"sugprice": 1897.0672222222222, "profit": 138, "limit": 1712, "timest": 1701535924}, "\u2605 Bloodhound Gloves | Bronzed (Field-Tested)": {"sugprice": 6405.943181818183, "profit": 386, "limit": 5781, "timest": 1701536181}, "\u2605 Gut Knife | Scorched (Field-Tested)": {"sugprice": 7478.65, "profit": 488, "limit": 6749, "timest": 1701460065}, "\u2605 Hydra Gloves | Emerald (Battle-Scarred)": {"sugprice": 4720.958, "profit": 302, "limit": 4260, "timest": 1701536473}, "\u2605 Hydra Gloves | Emerald (Field-Tested)": {"sugprice": 4581.921818181819, "profit": 242, "limit": 4135, "timest": 1701511630}, "\u2605 Moto Gloves | Blood Pressure (Battle-Scarred)": {"sugprice": 8660.9595, "profit": 506, "limit": 7816, "timest": 1701536610}, "\u2605 Navaja Knife | Boreal Forest (Field-Tested)": {"sugprice": 6857.658409090908, "profit": 364, "limit": 6189, "timest": 1701536722}, "\u2605 Navaja Knife | Rust Coat (Battle-Scarred)": {"sugprice": 6754.797931034481, "profit": 336, "limit": 6096, "timest": 1701526724}, "\u2605 Paracord Knife | Scorched (Field-Tested)": {"sugprice": 7522.43272727273, "profit": 643, "limit": 6788, "timest": 1701535253}, "USP-S | Printstream (Field-Tested)": {"sugprice": 2943.2671428571434, "profit": 141, "limit": 2656, "timest": 1701513500}, "\u2605 Shadow Daggers | Night (Field-Tested)": {"sugprice": 7367.658571428571, "profit": 370, "limit": 6649, "timest": 1701503658}, "\u2605 Moto Gloves | Finish Line (Battle-Scarred)": {"sugprice": 6800.3012, "profit": 414, "limit": 6137, "timest": 1701536702}, "\u2605 Hand Wraps | Duct Tape (Battle-Scarred)": {"sugprice": 5152, "profit": 296, "limit": 4649, "timest": 1701536409}, "\u2605 Navaja Knife | Safari Mesh (Field-Tested)": {"sugprice": 6971.4276315789475, "profit": 332, "limit": 6291, "timest": 1701531730}, "\u2605 Moto Gloves | POW! (Battle-Scarred)": {"sugprice": 8504.061153846154, "profit": 453, "limit": 7674, "timest": 1701535147}, "\u2605 Navaja Knife | Boreal Forest (Battle-Scarred)": {"sugprice": 6790.027142857143, "profit": 380, "limit": 6127, "timest": 1701525508}, "StatTrak\u2122 P250 | Muertos (Battle-Scarred)": {"sugprice": 1038.6779999999999, "profit": 100, "limit": 937, "timest": 1701464007}, "\u2605 Gut Knife | Safari Mesh (Field-Tested)": {"sugprice": 7338.1125, "profit": 437, "limit": 6622, "timest": 1701536308}, "\u2605 Gut Knife | Freehand (Field-Tested)": {"sugprice": 8661.968181818183, "profit": 426, "limit": 7817, "timest": 1701531545}, "USP-S | Neo-Noir (Factory New)": {"sugprice": 3172.1907692307695, "profit": 305, "limit": 2862, "timest": 1701536074}, "\u2605 Driver Gloves | Convoy (Field-Tested)": {"sugprice": 6293.865555555554, "profit": 377, "limit": 5680, "timest": 1701536237}, "\u2605 Hand Wraps | Constrictor (Well-Worn)": {"sugprice": 5025.351923076923, "profit": 296, "limit": 4535, "timest": 1701536365}, "\u2605 Navaja Knife | Damascus Steel (Field-Tested)": {"sugprice": 7367.59625, "profit": 350, "limit": 6649, "timest": 1701506191}, "\u2605 Shadow Daggers | Damascus Steel (Field-Tested)": {"sugprice": 7936.441764705883, "profit": 508, "limit": 7162, "timest": 1701536840}, "\u2605 Hydra Gloves | Mangrove (Field-Tested)": {"sugprice": 4000.706199999999, "profit": 193, "limit": 3610, "timest": 1701536580}, "\u2605 Driver Gloves | Convoy (Battle-Scarred)": {"sugprice": 6210.766666666667, "profit": 298, "limit": 5605, "timest": 1701460744}, "\u2605 Navaja Knife | Stained (Battle-Scarred)": {"sugprice": 7272.524285714286, "profit": 360, "limit": 6563, "timest": 1701460216}, "\u2605 Hand Wraps | Constrictor (Battle-Scarred)": {"sugprice": 4823.525121951218, "profit": 230, "limit": 4353, "timest": 1701491391}, "StatTrak\u2122 USP-S | The Traitor (Well-Worn)": {"sugprice": 1924.712142857143, "profit": 109, "limit": 1737, "timest": 1701535942}, "\u2605 Specialist Gloves | Buckshot (Battle-Scarred)": {"sugprice": 5117.803225806452, "profit": 246, "limit": 4618, "timest": 1701470034}, "USP-S | Kill Confirmed (Field-Tested)": {"sugprice": 3225.569411764706, "profit": 192, "limit": 2911, "timest": 1701457838}, "StatTrak\u2122 P90 | Blind Spot (Field-Tested)": {"sugprice": 1204, "profit": 127, "limit": 1086, "timest": 1701524755}, "USP-S | The Traitor (Minimal Wear)": {"sugprice": 1403.6017021276596, "profit": 129, "limit": 1266, "timest": 1701536127}, "\u2605 Gut Knife | Rust Coat (Battle-Scarred)": {"sugprice": 7783.68, "profit": 396, "limit": 7024, "timest": 1701453314},