{"USP-S | Kill Confirmed (Well-Worn)": {"sugprice": 3028.178157894737, "profit": 147, "limit": 2732, "timest": 1701616279}, "\u2605 Navaja Knife | Scorched (Field-Tested)": {"sugprice": 6759.406875, "profit": 381, "limit": 6100, "timest": 1701621721}, "\u2605 Driver Gloves | Racing Green (Battle-Scarred)": {"sugprice": 3784.146666666666, "profit": 206, "limit": 3415, "timest": 1701628786}, "\u2605 Hydra Gloves | Rattler (Field-Tested)": {"sugprice": 4153.616595744682, "profit": 201, "limit": 3748, "timest": 1701636445}, "\u2605 Moto Gloves | Transport (Battle-Scarred)": {"sugprice": 5318.341276595745, "profit": 254, "limit": 4799, "timest": 1701621677}, "\u2605 Broken Fang Gloves | Unhinged (Battle-Scarred)": {"sugprice": 5259.225999999999, "profit": 256, "limit": 4746, "timest": 1701636360}, "\u2605 Hand Wraps | Arboreal (Field-Tested)": {"sugprice": 5585.135263157895, "profit": 305, "limit": 5040, "timest": 1701552343}, "USP-S | Neo-Noir (Well-Worn)": {"sugprice": 1562.4311764705883, "profit": 135, "limit": 1410, "timest": 1701636299}, "StatTrak\u2122 SSG 08 | Dragonfire (Field-Tested)": {"sugprice": 3102.0290476190476, "profit": 168, "limit": 2799, "timest": 1701628640}, "StatTrak\u2122 USP-S | Neo-Noir (Field-Tested)": {"sugprice": 3163.346666666667, "profit": 179, "limit": 2854, "timest": 1701636198}, "\u2605 Bloodhound Gloves | Guerrilla (Field-Tested)": {"sugprice": 6301.305217391305, "profit": 341, "limit": 5686, "timest": 1701636344}, "\u2605 Hand Wraps | Constrictor (Field-Tested)": {"sugprice": 5056.550606060606, "profit": 258, "limit": 4563, "timest": 1701636407}, "\u2605 Hand Wraps | Desert Shamagh (Well-Worn)": {"sugprice": 5029.197142857143, "profit": 386, "limit": 4538, "timest": 1701636415}, "StatTrak\u2122 USP-S | The Traitor (Battle-Scarred)": {"sugprice": 2035.8503999999996, "profit": 174, "limit": 1837, "timest": 1701636219}, "USP-S | Orion (Minimal Wear)": {"sugprice": 3942.546666666667, "profit": 191, "limit": 3558, "timest": 1701557151}, "\u2605 Moto Gloves | Turtle (Battle-Scarred)": {"sugprice": 7981.300555555556, "profit": 519, "limit": 7203, "timest": 1701633075}, "\u2605 Hand Wraps | Arboreal (Battle-Scarred)": {"sugprice": 5127.000599999999, "profit": 260, "limit": 4627, "timest": 1701551022}, "StatTrak\u2122 USP-S | Printstream (Battle-Scarred)": {"sugprice": 4452.149444444444, "profit": 214, "limit": 4018, "timest": 1701592252}, "StatTrak\u2122 USP-S | Monster Mashup (Field-Tested)": {"sugprice": 1926.3321739130438, "profit": 165, "limit": 1738, "timest": 1701636184}, "\u2605 Bloodhound Gloves | Bronzed (Field-Tested)": {"sugprice": 6344.812499999999, "profit": 315, "limit": 5726, "timest": 1701636339}, "\u2605 Hydra Gloves | Emerald (Battle-Scarred)": {"sugprice": 4735.831399999998, "profit": 248, "limit": 4274, "timest": 1701636434}, "\u2605 Moto Gloves | Blood Pressure (Battle-Scarred)": {"sugprice": 8823.9605, "profit": 531, "limit": 7963, "timest": 1701636453}, "\u2605 Paracord Knife | Scorched (Field-Tested)": {"sugprice": 7516.897142857143, "profit": 401, "limit": 6783, "timest": 1701588433}, "USP-S | Printstream (Field-Tested)": {"sugprice": 2992.24976744186, "profit": 143, "limit": 2700, "timest": 1701557159}, "\u2605 Moto Gloves | Finish Line (Battle-Scarred)": {"sugprice": 6894.689729729729, "profit": 374, "limit": 6222, "timest": 1701636456}, "\u2605 Hand Wraps | Duct Tape (Battle-Scarred)": {"sugprice": 5200.8264, "profit": 253, "limit": 4693, "timest": 1701624863}, "\u2605 Navaja Knife | Safari Mesh (Field-Tested)": {"sugprice": 6985.128999999998, "profit": 346, "limit": 6304, "timest": 1701605253}, "\u2605 Moto Gloves | POW! (Battle-Scarred)": {"sugprice": 8444.636400000001, "profit": 411, "limit": 7621, "timest": 1701616449}, "\u2605 Gut Knife | Safari Mesh (Field-Tested)": {"sugprice": 7328.896250000001, "profit": 408, "limit": 6614, "timest": 1701635244}, "\u2605 Gut Knife | Freehand (Field-Tested)": {"sugprice": 9053.663333333334, "profit": 532, "limit": 8170, "timest": 1701636389}, "USP-S | Neo-Noir (Factory New)": {"sugprice": 3083.71875, "profit": 153, "limit": 2783, "timest": 1701636295}, "\u2605 Driver Gloves | Convoy (Field-Tested)": {"sugprice": 6444.475333333334, "profit": 431, "limit": 5816, "timest": 1701636366}, "\u2605 Hand Wraps | Constrictor (Well-Worn)": {"sugprice": 5030.6164, "profit": 271, "limit": 4540, "timest": 1701636409}, "\u2605 Shadow Daggers | Damascus Steel (Field-Tested)": {"sugprice": 7968.961875, "profit": 500, "limit": 7191, "timest": 1701636495}, "\u2605 Hydra Gloves | Mangrove (Field-Tested)": {"sugprice": 4124.263600000001, "profit": 197, "limit": 3722, "timest": 1701635349}, "StatTrak\u2122 USP-S | The Traitor (Well-Worn)": {"sugprice": 1944.6674999999998, "profit": 102, "limit": 1755, "timest": 1701600628}, "\u2605 Specialist Gloves | Buckshot (Battle-Scarred)": {"sugprice": 5106, "profit": 279, "limit": 4608, "timest": 1701629422}, "USP-S | The Traitor (Minimal Wear)": {"sugprice": 1406.326216216216, "profit": 111, "limit": 1269, "timest": 1701636325}, "\u2605 Survival Knife | Boreal Forest (Field-Tested)": {"sugprice": 7891.562857142858, "profit": 387, "limit": 7122, "timest": 1701636516}, "\u2605 Specialist Gloves | Fade (Battle-Scarred)": {"sugprice": 14617.294615384611, "profit": 869, "limit": 13192, "timest": 1701636512}, "\u2605 Moto Gloves | Transport (Field-Tested)": {"sugprice": 5407.388, "profit": 265, "limit": 4880, "timest": 1701636463}, "\u2605 Shadow Daggers | Autotronic (Field-Tested)": {"sugprice": 9965.729375, "profit": 667, "limit": 8994, "timest": 1701636488}, "USP-S | Kill Confirmed (Battle-Scarred)": {"sugprice": 3104.602340425532, "profit": 194, "limit": 2801, "timest": 1701607893}, "\u2605 Broken Fang Gloves | Needle Point (Field-Tested)": {"sugprice": 5239.7312, "profit": 290, "limit": 4728, "timest": 1701636358}, "StatTrak\u2122 P90 | Asiimov (Battle-Scarred)": {"sugprice": 1381, "profit": 106, "limit": 1246, "timest": 1701619411}, "USP-S | Orion (Field-Tested)": {"sugprice": 3903.362439024391, "profit": 187, "limit": 3522, "timest": 1701601419}, "UMP-45 | Blaze (Factory New)": {"sugprice": 1636.1700000000003, "profit": 100, "limit": 1476, "timest": 1701618527}, "\u2605 Hand Wraps | Desert Shamagh (Field-Tested)": {"sugprice": 5135.080624999999, "profit": 255, "limit": 4634, "timest": 1701631452}, "\u2605 Hydra Gloves | Rattler (Battle-Scarred)": {"sugprice": 4065.8877083333323, "profit": 232, "limit": 3669, "timest": 1701626102}, "Tec-9 | Nuclear Threat (Battle-Scarred)": {"sugprice": 3089.3177777777773, "profit": 276, "limit": 2788, "timest": 1701636273}, "\u2605 Gut Knife | Doppler (Factory New)": {"sugprice": 15965.863214285715, "profit": 1176, "limit": 14409, "timest": 1701563803}, "USP-S | Purple DDPAT (Minimal Wear)": {"sugprice": 990.6564285714286, "profit": 103, "limit": 894, "timest": 1701636316}, "\u2605 Broken Fang Gloves | Yellow-banded (Field-Tested)": {"sugprice": 6185.867142857142, "profit": 388, "limit": 5582, "timest": 1701629932}, "\u2605 Falchion Knife | Rust Coat (Battle-Scarred)": {"sugprice": 8390.440625000001, "profit": 464, "limit": 7572, "timest": 1701636380}, "StatTrak\u2122 M4A4 | Buzz Kill (Battle-Scarred)": {"sugprice": 2029.3137499999996, "profit": 121, "limit": 1831, "timest": 1701635661}, "StatTrak\u2122 M4A4 | Buzz Kill (Field-Tested)": {"sugprice": 2073.429047619047, "profit": 128, "limit": 1871, "timest": 1701635664}, "StatTrak\u2122 M4A4 | Desert-Strike (Field-Tested)": {"sugprice": 1526.7505882352937, "profit": 140, "limit": 1377, "timest": 1701635679}, "StatTrak\u2122 M4A4 | Desolate Space (Well-Worn)": {"sugprice": 1203.8896774193547, "profit": 117, "limit": 1086, "timest": 1701622031}, "StatTrak\u2122 M4A4 | In Living Color (Battle-Scarred)": {"sugprice": 1172.381951219512, "profit": 138, "limit": 1058, "timest": 1701635703}, "StatTrak\u2122 M4A4 | Neo-Noir (Well-Worn)": {"sugprice": 984, "profit": 108, "limit": 888, "timest": 1701635721},