{"USP-S | Kill Confirmed (Well-Worn)": {"sugprice": 3287.028666666667, "profit": 324, "limit": 2966, "timest": 1700266582}, "USP-S | Overgrowth (Field-Tested)": {"sugprice": 1968.4722222222222, "profit": 150, "limit": 1776, "timest": 1700266602}, "\u2605 Moto Gloves | Turtle (Battle-Scarred)": {"sugprice": 7884.321875000001, "profit": 902, "limit": 7115, "timest": 1700266740}, "\u2605 Navaja Knife | Scorched (Field-Tested)": {"sugprice": 6740.83947368421, "profit": 385, "limit": 6083, "timest": 1700266752}, "\u2605 Driver Gloves | Racing Green (Battle-Scarred)": {"sugprice": 4080.8906818181817, "profit": 270, "limit": 3683, "timest": 1700266671}, "StatTrak\u2122 M4A4 | Royal Paladin (Battle-Scarred)": {"sugprice": 2290.566363636364, "profit": 203, "limit": 2067, "timest": 1700266200}, "StatTrak\u2122 M4A4 | The Emperor (Battle-Scarred)": {"sugprice": 2679.816428571429, "profit": 370, "limit": 2418, "timest": 1700266242}, "StatTrak\u2122 USP-S | The Traitor (Well-Worn)": {"sugprice": 2095.962857142856, "profit": 181, "limit": 1891, "timest": 1700266548}, "USP-S | Printstream (Minimal Wear)": {"sugprice": 4435, "profit": 408, "limit": 4002, "timest": 1700264080}, "USP-S | Whiteout (Minimal Wear)": {"sugprice": 2665.2900000000004, "profit": 148, "limit": 2405, "timest": 1700266632}, "\u2605 Broken Fang Gloves | Needle Point (Battle-Scarred)": {"sugprice": 5455.104210526316, "profit": 456, "limit": 4923, "timest": 1700266645}, "\u2605 Broken Fang Gloves | Needle Point (Field-Tested)": {"sugprice": 5674.6375, "profit": 527, "limit": 5121, "timest": 1700266648}, "\u2605 Driver Gloves | Racing Green (Well-Worn)": {"sugprice": 4211.086999999999, "profit": 237, "limit": 3800, "timest": 1700266674}, "\u2605 Hand Wraps | Constrictor (Battle-Scarred)": {"sugprice": 4630.579615384615, "profit": 370, "limit": 4179, "timest": 1700266698}, "\u2605 Hydra Gloves | Rattler (Field-Tested)": {"sugprice": 4269.338837209303, "profit": 392, "limit": 3853, "timest": 1700266729}, "\u2605 Moto Gloves | Finish Line (Battle-Scarred)": {"sugprice": 7131.495714285715, "profit": 414, "limit": 6436, "timest": 1700240443}, "\u2605 Navaja Knife | Forest DDPAT (Field-Tested)": {"sugprice": 6934.0892, "profit": 471, "limit": 6258, "timest": 1700266744}, "\u2605 Navaja Knife | Safari Mesh (Field-Tested)": {"sugprice": 7169.877804878049, "profit": 591, "limit": 6470, "timest": 1700266750}, "\u2605 Shadow Daggers | Bright Water (Field-Tested)": {"sugprice": 7829.015333333333, "profit": 623, "limit": 7065, "timest": 1700238451}, "\u2605 Shadow Daggers | Rust Coat (Battle-Scarred)": {"sugprice": 6906.765454545454, "profit": 463, "limit": 6233, "timest": 1700266765}, "\u2605 Broken Fang Gloves | Yellow-banded (Field-Tested)": {"sugprice": 6767.79, "profit": 559, "limit": 6107, "timest": 1700266659}, "\u2605 Hand Wraps | Arboreal (Battle-Scarred)": {"sugprice": 5120.524500000001, "profit": 250, "limit": 4621, "timest": 1700235035}, "Vypa Sista of the Revolution | Guerrilla Warfare": {"sugprice": 1589.6586666666667, "profit": 107, "limit": 1434, "timest": 1700266634}, "StatTrak\u2122 M4A4 | \u9f8d\u738b (Dragon King) (Battle-Scarred)": {"sugprice": 1516.4600000000003, "profit": 103, "limit": 1368, "timest": 1700266277}, "\u2605 Hydra Gloves | Mangrove (Battle-Scarred)": {"sugprice": 4235.563478260869, "profit": 303, "limit": 3822, "timest": 1700266723}, "USP-S | Monster Mashup (Minimal Wear)": {"sugprice": 1897.3125, "profit": 129, "limit": 1712, "timest": 1700266588}, "\u2605 Broken Fang Gloves | Yellow-banded (Battle-Scarred)": {"sugprice": 5955.439268292683, "profit": 417, "limit": 5374, "timest": 1700266657}, "\u2605 Hydra Gloves | Mangrove (Well-Worn)": {"sugprice": 4335.484166666666, "profit": 277, "limit": 3912, "timest": 1700253325}, "\u2605 Shadow Daggers | Scorched (Field-Tested)": {"sugprice": 7117.757, "profit": 511, "limit": 6423, "timest": 1700266767}, "StatTrak\u2122 M4A4 | Desolate Space (Battle-Scarred)": {"sugprice": 1249.333863636364, "profit": 124, "limit": 1127, "timest": 1700266169}, "StatTrak\u2122 P90 | Asiimov (Battle-Scarred)": {"sugprice": 1464.2350000000004, "profit": 169, "limit": 1321, "timest": 1700266399}, "\u2605 Hand Wraps | Desert Shamagh (Field-Tested)": {"sugprice": 4912.965945945945, "profit": 259, "limit": 4433, "timest": 1700266707}, "\u2605 Gut Knife | Forest DDPAT (Field-Tested)": {"sugprice": 7637.75, "profit": 449, "limit": 6893, "timest": 1700264242}, "\u2605 Moto Gloves | Transport (Battle-Scarred)": {"sugprice": 5399.859705882353, "profit": 446, "limit": 4873, "timest": 1700266738}, "USP-S | The Traitor (Minimal Wear)": {"sugprice": 1423.5068571428574, "profit": 133, "limit": 1284, "timest": 1700266626}, "USP-S | Printstream (Well-Worn)": {"sugprice": 2749.662916666666, "profit": 260, "limit": 2481, "timest": 1700266610}, "\u2605 Driver Gloves | Racing Green (Field-Tested)": {"sugprice": 4022.7530769230766, "profit": 194, "limit": 3630, "timest": 1700238043}, "\u2605 Hand Wraps | Duct Tape (Field-Tested)": {"sugprice": 5184.7505, "profit": 276, "limit": 4679, "timest": 1700266712}, "USP-S | Monster Mashup (Well-Worn)": {"sugprice": 1311.496666666667, "profit": 110, "limit": 1183, "timest": 1700266590}, "\u2605 Broken Fang Gloves | Unhinged (Battle-Scarred)": {"sugprice": 5132.79224489796, "profit": 425, "limit": 4632, "timest": 1700266652}, "\u2605 Hand Wraps | Arboreal (Field-Tested)": {"sugprice": 5613, "profit": 424, "limit": 5065, "timest": 1700266695}, "USP-S | Kill Confirmed (Battle-Scarred)": {"sugprice": 3047.3654000000006, "profit": 190, "limit": 2750, "timest": 1700264001}, "USP-S | Serum (Field-Tested)": {"sugprice": 3409.339166666667, "profit": 262, "limit": 3076, "timest": 1700266618}, "\u2605 Hand Wraps | Giraffe (Battle-Scarred)": {"sugprice": 5901.263749999999, "profit": 473, "limit": 5325, "timest": 1700266715}, "USP-S | Neo-Noir (Well-Worn)": {"sugprice": 1524.7827272727272, "profit": 124, "limit": 1376, "timest": 1700265361}, "\u2605 Survival Knife | Safari Mesh (Field-Tested)": {"sugprice": 7679.227500000001, "profit": 374, "limit": 6930, "timest": 1700251016}, "\u2605 Hydra Gloves | Case Hardened (Field-Tested)": {"sugprice": 8356.255714285715, "profit": 961, "limit": 7541, "timest": 1700266721}, "\u2605 Gut Knife | Rust Coat (Battle-Scarred)": {"sugprice": 7884.474482758621, "profit": 428, "limit": 7115, "timest": 1700266686}, "\u2605 Moto Gloves | Smoke Out (Battle-Scarred)": {"sugprice": 6915.481739130436, "profit": 598, "limit": 6241, "timest": 1700266736}, "\u2605 Hydra Gloves | Rattler (Battle-Scarred)": {"sugprice": 4479.297173913043, "profit": 372, "limit": 4042, "timest": 1700266727}, "StatTrak\u2122 M4A4 | Evil Daimyo (Minimal Wear)": {"sugprice": 762, "profit": 158, "limit": 687, "timest": 1700256895}, "StatTrak\u2122 SSG 08 | Dragonfire (Field-Tested)": {"sugprice": 3817.1265, "profit": 421, "limit": 3444, "timest": 1700266496}, "\u2605 Specialist Gloves | Forest DDPAT (Battle-Scarred)": {"sugprice": 8172.675263157896, "profit": 764, "limit": 7375, "timest": 1700266773}, "StatTrak\u2122 M4A4 | Desert-Strike (Field-Tested)": {"sugprice": 1250.1278260869567, "profit": 101, "limit": 1128, "timest": 1700266166}, "\u2605 Broken Fang Gloves | Jade (Battle-Scarred)": {"sugprice": 7386.265625, "profit": 475, "limit": 6666, "timest": 1700266644}, "StatTrak\u2122 M4A4 | Temukau (Battle-Scarred)": {"sugprice": 2543.7435897435894, "profit": 322, "limit": 2295, "timest": 1700266225}, "\u2605 Hydra Gloves | Rattler (Well-Worn)": {"sugprice": 4945.955, "profit": 283, "limit": 4463, "timest": 1700263215}, "\u2605 Broken Fang Gloves | Needle Point (Well-Worn)": {"sugprice": 5346, "profit": 287, "limit": 4824, "timest": 1700266650}, "StatTrak\u2122 USP-S | Neo-Noir (Field-Tested)": {"sugprice": 3122.348666666667, "profit": 353, "limit": 2817, "timest": 1700266539}, "USP-S | Whiteout (Battle-Scarred)": {"sugprice": 1725.1525000000001, "profit": 122, "limit": 1556, "timest": 1700266628},