{"StatTrak\u2122 SSG 08 | Dragonfire (Field-Tested)": {"sugprice": 2613.7767500000004, "profit": 125, "limit": 2358, "timest": 1707170232}, "StatTrak\u2122 USP-S | Monster Mashup (Battle-Scarred)": {"sugprice": 1706.6004347826085, "profit": 124, "limit": 1540, "timest": 1707244784}, "\u2605 Falchion Knife | Black Laminate (Well-Worn)": {"sugprice": 9268.17090909091, "profit": 620, "limit": 8364, "timest": 1707240256}, "\u2605 Shadow Daggers | Scorched (Field-Tested)": {"sugprice": 6289.064210526317, "profit": 321, "limit": 5675, "timest": 1707159301}, "StatTrak\u2122 USP-S | Caiman (Field-Tested)": {"sugprice": 5187.305555555556, "profit": 647, "limit": 4681, "timest": 1707244773}, "StatTrak\u2122 USP-S | Overgrowth (Field-Tested)": {"sugprice": 4197.905833333333, "profit": 316, "limit": 3788, "timest": 1707244793}, "\u2605 Navaja Knife | Doppler (Factory New)": {"sugprice": 16327.995384615384, "profit": 899, "limit": 14736, "timest": 1707196142}, "\u2605 Paracord Knife | Boreal Forest (Field-Tested)": {"sugprice": 7696, "profit": 418, "limit": 6945, "timest": 1707245172}, "USP-S | Kill Confirmed (Battle-Scarred)": {"sugprice": 2734.6056, "profit": 134, "limit": 2467, "timest": 1707206296}, "\u2605 Paracord Knife | Scorched (Field-Tested)": {"sugprice": 7234.692142857143, "profit": 447, "limit": 6529, "timest": 1707245178}, "\u2605 Stiletto Knife | Ultraviolet (Battle-Scarred)": {"sugprice": 15256.440999999997, "profit": 1065, "limit": 13768, "timest": 1707245266}, "\u2605 Navaja Knife | Stained (Battle-Scarred)": {"sugprice": 6689.6720000000005, "profit": 352, "limit": 6037, "timest": 1707224378}, "\u2605 Gut Knife | Freehand (Field-Tested)": {"sugprice": 8028.1161111111105, "profit": 390, "limit": 7245, "timest": 1707165665}, "\u2605 Shadow Daggers | Autotronic (Battle-Scarred)": {"sugprice": 8148.512, "profit": 405, "limit": 7354, "timest": 1707245184}, "USP-S | Printstream (Well-Worn)": {"sugprice": 2386.5709756097563, "profit": 140, "limit": 2153, "timest": 1707244893}, "\u2605 Bowie Knife | Tiger Tooth (Factory New)": {"sugprice": 20594.502, "profit": 994, "limit": 18586, "timest": 1707160339}, "\u2605 Hydra Gloves | Mangrove (Field-Tested)": {"sugprice": 3776.597021276595, "profit": 182, "limit": 3408, "timest": 1707199631}, "StatTrak\u2122 MP7 | Bloodsport (Factory New)": {"sugprice": 1224.4150000000002, "profit": 110, "limit": 1105, "timest": 1707244678}, "\u2605 Moto Gloves | 3rd Commando Company (Well-Worn)": {"sugprice": 5039.388333333333, "profit": 242, "limit": 4548, "timest": 1707198300}, "\u2605 Hand Wraps | Duct Tape (Well-Worn)": {"sugprice": 5036.880625, "profit": 243, "limit": 4545, "timest": 1707245051}, "StatTrak\u2122 USP-S | The Traitor (Battle-Scarred)": {"sugprice": 2277, "profit": 131, "limit": 2054, "timest": 1707244806}, "StatTrak\u2122 USP-S | The Traitor (Well-Worn)": {"sugprice": 2327.1382608695653, "profit": 129, "limit": 2100, "timest": 1707244809}, "USP-S | Neo-Noir (Factory New)": {"sugprice": 2926.7372727272723, "profit": 202, "limit": 2641, "timest": 1707229872}, "\u2605 Broken Fang Gloves | Needle Point (Well-Worn)": {"sugprice": 4420.796666666667, "profit": 210, "limit": 3989, "timest": 1707243641}, "\u2605 Specialist Gloves | Fade (Battle-Scarred)": {"sugprice": 14283.564545454545, "profit": 808, "limit": 12890, "timest": 1707195204}, "StatTrak\u2122 USP-S | Neo-Noir (Field-Tested)": {"sugprice": 2847, "profit": 156, "limit": 2569, "timest": 1707219725}, "\u2605 Hand Wraps | Arboreal (Field-Tested)": {"sugprice": 5623.102105263158, "profit": 376, "limit": 5074, "timest": 1707245036}, "\u2605 Driver Gloves | Queen Jaguar (Well-Worn)": {"sugprice": 5195.373333333333, "profit": 311, "limit": 4688, "timest": 1707234855}, "\u2605 Driver Gloves | Queen Jaguar (Field-Tested)": {"sugprice": 5504.825454545455, "profit": 275, "limit": 4968, "timest": 1707202250}, "\u2605 Moto Gloves | Smoke Out (Battle-Scarred)": {"sugprice": 7156.344499999999, "profit": 340, "limit": 6458, "timest": 1707238380}, "\u2605 Survival Knife | Case Hardened (Battle-Scarred)": {"sugprice": 14148.98, "profit": 810, "limit": 12769, "timest": 1707245272}, "\u2605 Hydra Gloves | Rattler (Battle-Scarred)": {"sugprice": 3840.2687234042546, "profit": 223, "limit": 3465, "timest": 1707245114}, "\u2605 Specialist Gloves | Field Agent (Battle-Scarred)": {"sugprice": 10227.53923076923, "profit": 543, "limit": 9230, "timest": 1707162757}, "\u2605 Shadow Daggers | Ultraviolet (Battle-Scarred)": {"sugprice": 7513.31238095238, "profit": 384, "limit": 6780, "timest": 1707245225}, "\u2605 Navaja Knife | Crimson Web (Battle-Scarred)": {"sugprice": 7703, "profit": 377, "limit": 6951, "timest": 1707213504}, "\u2605 Ursus Knife | Ultraviolet (Battle-Scarred)": {"sugprice": 10331.39736842105, "profit": 504, "limit": 9324, "timest": 1707216565}, "StatTrak\u2122 USP-S | Neo-Noir (Battle-Scarred)": {"sugprice": 2838.7593939393937, "profit": 142, "limit": 2561, "timest": 1707244786}, "USP-S | Monster Mashup (Minimal Wear)": {"sugprice": 1988.2213333333332, "profit": 116, "limit": 1794, "timest": 1707222047}, "\u2605 Falchion Knife | Ultraviolet (Field-Tested)": {"sugprice": 9631.556923076922, "profit": 480, "limit": 8692, "timest": 1707245004}, "\u2605 Broken Fang Gloves | Needle Point (Field-Tested)": {"sugprice": 4559.097058823529, "profit": 222, "limit": 4114, "timest": 1707167822}, "\u2605 Hydra Gloves | Rattler (Well-Worn)": {"sugprice": 4004.3368571428573, "profit": 196, "limit": 3613, "timest": 1707245125}, "\u2605 Driver Gloves | Overtake (Battle-Scarred)": {"sugprice": 5291.613125000001, "profit": 291, "limit": 4775, "timest": 1707164147}, "\u2605 Hand Wraps | Desert Shamagh (Field-Tested)": {"sugprice": 4467.638139534884, "profit": 214, "limit": 4032, "timest": 1707166486}, "\u2605 Driver Gloves | Rezan the Red (Battle-Scarred)": {"sugprice": 5891.853793103449, "profit": 293, "limit": 5317, "timest": 1707167860}, "\u2605 Shadow Daggers | Damascus Steel (Field-Tested)": {"sugprice": 7266.935454545454, "profit": 347, "limit": 6558, "timest": 1707176156}, "\u2605 Gut Knife | Tiger Tooth (Factory New)": {"sugprice": 13068.014666666664, "profit": 682, "limit": 11793, "timest": 1707245033}, "USP-S | Kill Confirmed (Well-Worn)": {"sugprice": 2832.7114, "profit": 145, "limit": 2556, "timest": 1707244845}, "\u2605 Huntsman Knife | Lore (Battle-Scarred)": {"sugprice": 13384.814545454545, "profit": 650, "limit": 12079, "timest": 1707205160}, "\u2605 Moto Gloves | 3rd Commando Company (Battle-Scarred)": {"sugprice": 4532.767857142857, "profit": 225, "limit": 4090, "timest": 1707245127}, "\u2605 Hand Wraps | Constrictor (Field-Tested)": {"sugprice": 4823.718000000001, "profit": 279, "limit": 4353, "timest": 1707198841}, "\u2605 Broken Fang Gloves | Jade (Battle-Scarred)": {"sugprice": 7142.139444444444, "profit": 346, "limit": 6445, "timest": 1707207117}, "\u2605 Gut Knife | Bright Water (Field-Tested)": {"sugprice": 7983.371000000001, "profit": 557, "limit": 7204, "timest": 1707202293}, "StatTrak\u2122 USP-S | Printstream (Battle-Scarred)": {"sugprice": 4244.767954545454, "profit": 204, "limit": 3830, "timest": 1707220797}, "\u2605 Broken Fang Gloves | Needle Point (Battle-Scarred)": {"sugprice": 4468.423599999999, "profit": 242, "limit": 4032, "timest": 1707244946}, "\u2605 Shadow Daggers | Black Laminate (Well-Worn)": {"sugprice": 6652.068235294118, "profit": 335, "limit": 6003, "timest": 1707212242}, "\u2605 Broken Fang Gloves | Unhinged (Battle-Scarred)": {"sugprice": 5030.29170212766, "profit": 301, "limit": 4539, "timest": 1707244956}, "\u2605 Hydra Gloves | Case Hardened (Battle-Scarred)": {"sugprice": 6929.1671428571435, "profit": 381, "limit": 6253, "timest": 1707225630}, "\u2605 Specialist Gloves | Forest DDPAT (Battle-Scarred)": {"sugprice": 8591.118, "profit": 746, "limit": 7753, "timest": 1707242597}, "\u2605 Paracord Knife | Forest DDPAT (Field-Tested)": {"sugprice": 7496.347777777778, "profit": 386, "limit": 6765, "timest": 1707230406},