{"StatTrak\u2122 USP-S | Neo-Noir (Field-Tested)": {"sugprice": 2956.4044999999996, "profit": 156, "limit": 2668, "timest": 1704801195}, "StatTrak\u2122 USP-S | The Traitor (Battle-Scarred)": {"sugprice": 1872, "profit": 145, "limit": 1689, "timest": 1704795019}, "\u2605 Driver Gloves | Convoy (Field-Tested)": {"sugprice": 6250.430606060606, "profit": 384, "limit": 5641, "timest": 1704801656}, "\u2605 Bloodhound Gloves | Bronzed (Field-Tested)": {"sugprice": 6321.014999999999, "profit": 372, "limit": 5704, "timest": 1704791490}, "USP-S | Printstream (Minimal Wear)": {"sugprice": 4392.51, "profit": 342, "limit": 3964, "timest": 1704738218}, "\u2605 Paracord Knife | Forest DDPAT (Field-Tested)": {"sugprice": 7485.41588235294, "profit": 377, "limit": 6755, "timest": 1704802117}, "USP-S | Printstream (Well-Worn)": {"sugprice": 2685.663243243243, "profit": 129, "limit": 2423, "timest": 1704801342}, "\u2605 Hand Wraps | Constrictor (Field-Tested)": {"sugprice": 5045.783076923077, "profit": 242, "limit": 4553, "timest": 1704789789}, "\u2605 Gut Knife | Boreal Forest (Field-Tested)": {"sugprice": 7227.516666666666, "profit": 565, "limit": 6522, "timest": 1704801820}, "\u2605 Hand Wraps | Arboreal (Field-Tested)": {"sugprice": 5845.606, "profit": 391, "limit": 5275, "timest": 1704800319}, "Vypa Sista of the Revolution | Guerrilla Warfare": {"sugprice": 1887.1129411764707, "profit": 234, "limit": 1703, "timest": 1704801399}, "\u2605 Gut Knife | Safari Mesh (Field-Tested)": {"sugprice": 7226.416666666667, "profit": 378, "limit": 6521, "timest": 1704800306}, "\u2605 Bloodhound Gloves | Guerrilla (Battle-Scarred)": {"sugprice": 6105.757647058823, "profit": 296, "limit": 5510, "timest": 1704791493}, "\u2605 Hand Wraps | Giraffe (Battle-Scarred)": {"sugprice": 5532, "profit": 307, "limit": 4992, "timest": 1704800359}, "\u2605 Hand Wraps | Duct Tape (Field-Tested)": {"sugprice": 5142.758333333332, "profit": 325, "limit": 4641, "timest": 1704796184}, "\u2605 Driver Gloves | Queen Jaguar (Field-Tested)": {"sugprice": 5892.0199999999995, "profit": 321, "limit": 5317, "timest": 1704801730}, "\u2605 Huntsman Knife | Ultraviolet (Field-Tested)": {"sugprice": 9934.456666666667, "profit": 488, "limit": 8965, "timest": 1704785030}, "\u2605 Moto Gloves | POW! (Battle-Scarred)": {"sugprice": 8403.082666666665, "profit": 582, "limit": 7583, "timest": 1704767384}, "\u2605 Gut Knife | Forest DDPAT (Field-Tested)": {"sugprice": 7725.465833333333, "profit": 505, "limit": 6972, "timest": 1704801827}, "\u2605 Survival Knife | Boreal Forest (Field-Tested)": {"sugprice": 7694.242222222221, "profit": 547, "limit": 6944, "timest": 1704797702}, "StatTrak\u2122 MP9 | Hypnotic (Factory New)": {"sugprice": 3358.07, "profit": 161, "limit": 3030, "timest": 1704800954}, "\u2605 Bloodhound Gloves | Guerrilla (Field-Tested)": {"sugprice": 6100.644999999999, "profit": 502, "limit": 5505, "timest": 1704801539}, "\u2605 Shadow Daggers | Bright Water (Field-Tested)": {"sugprice": 7536.063125000004, "profit": 358, "limit": 6801, "timest": 1704792501}, "\u2605 Hydra Gloves | Mangrove (Well-Worn)": {"sugprice": 4291, "profit": 234, "limit": 3872, "timest": 1704801992}, "\u2605 Hand Wraps | Arboreal (Battle-Scarred)": {"sugprice": 5178.058536585366, "profit": 405, "limit": 4673, "timest": 1704796131}, "\u2605 Hand Wraps | CAUTION! (Battle-Scarred)": {"sugprice": 13846.222666666668, "profit": 1050, "limit": 12496, "timest": 1704772647}, "\u2605 Shadow Daggers | Safari Mesh (Field-Tested)": {"sugprice": 6852.352499999999, "profit": 464, "limit": 6184, "timest": 1704802149}, "\u2605 Hand Wraps | Duct Tape (Battle-Scarred)": {"sugprice": 5093.171333333333, "profit": 282, "limit": 4596, "timest": 1704801933}, "\u2605 Specialist Gloves | Lt. Commander (Battle-Scarred)": {"sugprice": 9806.136666666665, "profit": 511, "limit": 8850, "timest": 1704800611}, "\u2605 Driver Gloves | Racing Green (Well-Worn)": {"sugprice": 4077.115357142857, "profit": 209, "limit": 3679, "timest": 1704760116}, "\u2605 Moto Gloves | Boom! (Battle-Scarred)": {"sugprice": 7004.067222222224, "profit": 514, "limit": 6321, "timest": 1704802006}, "StatTrak\u2122 MP7 | Bloodsport (Factory New)": {"sugprice": 1363.4763636363637, "profit": 183, "limit": 1230, "timest": 1704800909}, "\u2605 Hand Wraps | Badlands (Battle-Scarred)": {"sugprice": 7011.024285714286, "profit": 335, "limit": 6327, "timest": 1704749409}, "\u2605 Hydra Gloves | Rattler (Battle-Scarred)": {"sugprice": 4015.6743478260873, "profit": 272, "limit": 3624, "timest": 1704801994}, "\u2605 Driver Gloves | Overtake (Battle-Scarred)": {"sugprice": 6349.767567567567, "profit": 329, "limit": 5730, "timest": 1704800222}, "\u2605 Falchion Knife | Ultraviolet (Battle-Scarred)": {"sugprice": 9421, "profit": 499, "limit": 8502, "timest": 1704801785}, "\u2605 Shadow Daggers | Damascus Steel (Field-Tested)": {"sugprice": 7765.556923076922, "profit": 415, "limit": 7008, "timest": 1704802134}, "StatTrak\u2122 USP-S | The Traitor (Well-Worn)": {"sugprice": 1956.3808571428572, "profit": 124, "limit": 1765, "timest": 1704728834}, "\u2605 Navaja Knife | Night Stripe (Field-Tested)": {"sugprice": 6935.982857142858, "profit": 476, "limit": 6259, "timest": 1704802066}, "\u2605 Bloodhound Gloves | Snakebite (Field-Tested)": {"sugprice": 6058.987142857143, "profit": 353, "limit": 5468, "timest": 1704801561}, "\u2605 Paracord Knife | Scorched (Field-Tested)": {"sugprice": 7803.349333333334, "profit": 397, "limit": 7042, "timest": 1704802120}, "\u2605 Navaja Knife | Scorched (Field-Tested)": {"sugprice": 6925.992093023256, "profit": 365, "limit": 6250, "timest": 1704767527}, "\u2605 Driver Gloves | Convoy (Battle-Scarred)": {"sugprice": 6272.418333333334, "profit": 386, "limit": 5660, "timest": 1704801652}, "\u2605 Specialist Gloves | Buckshot (Battle-Scarred)": {"sugprice": 5209.585263157895, "profit": 323, "limit": 4701, "timest": 1704802162}, "StatTrak\u2122 Tec-9 | Decimator (Battle-Scarred)": {"sugprice": 1932, "profit": 104, "limit": 1743, "timest": 1704801109}, "\u2605 Moto Gloves | Smoke Out (Battle-Scarred)": {"sugprice": 7232.411666666667, "profit": 354, "limit": 6527, "timest": 1704772780}, "\u2605 Gut Knife | Freehand (Field-Tested)": {"sugprice": 8545.652, "profit": 428, "limit": 7712, "timest": 1704797381}, "USP-S | Whiteout (Minimal Wear)": {"sugprice": 2775.2735294117642, "profit": 138, "limit": 2504, "timest": 1704801394}, "\u2605 Broken Fang Gloves | Yellow-banded (Field-Tested)": {"sugprice": 6189.398928571429, "profit": 327, "limit": 5585, "timest": 1704741940}, "\u2605 Moto Gloves | Blood Pressure (Battle-Scarred)": {"sugprice": 7768.541481481481, "profit": 509, "limit": 7011, "timest": 1704802004}, "\u2605 Navaja Knife | Ultraviolet (Field-Tested)": {"sugprice": 7143.326875000001, "profit": 381, "limit": 6446, "timest": 1704800516}, "StatTrak\u2122 USP-S | Monster Mashup (Battle-Scarred)": {"sugprice": 1695, "profit": 139, "limit": 1529, "timest": 1704801178}, "\u2605 Bloodhound Gloves | Bronzed (Battle-Scarred)": {"sugprice": 6245.586399999999, "profit": 592, "limit": 5636, "timest": 1704801406}, "\u2605 Moto Gloves | Turtle (Battle-Scarred)": {"sugprice": 8115.252142857142, "profit": 464, "limit": 7324, "timest": 1704744079}, "\u2605 Specialist Gloves | Fade (Battle-Scarred)": {"sugprice": 14996.553684210527, "profit": 724, "limit": 13534, "timest": 1704737277}, "\u2605 Survival Knife | Safari Mesh (Field-Tested)": {"sugprice": 7313.89625, "profit": 447, "limit": 6600, "timest": 1704797705}, "StatTrak\u2122 USP-S | Blueprint (Battle-Scarred)": {"sugprice": 1151.2254545454546, "profit": 172, "limit": 1038, "timest": 1704801137}, "\u2605 Shadow Daggers | Freehand (Field-Tested)": {"sugprice": 8756, "profit": 508, "limit": 7902, "timest": 1704802138}, "\u2605 Navaja Knife | Urban Masked (Field-Tested)": {"sugprice": 6818, "profit": 346, "limit": 6153, "timest": 1704799705}, "\u2605 Driver Gloves | Rezan the Red (Battle-Scarred)": {"sugprice": 6498.825238095239, "profit": 361,