{"USP-S | Kill Confirmed (Well-Worn)": {"sugprice": 2960, "profit": 272, "limit": 2671, "timest": 1701103994}, "\u2605 Navaja Knife | Scorched (Field-Tested)": {"sugprice": 6744.2912, "profit": 494, "limit": 6086, "timest": 1701104640}, "\u2605 Driver Gloves | Racing Green (Battle-Scarred)": {"sugprice": 3660.9014583333333, "profit": 305, "limit": 3303, "timest": 1701104296}, "\u2605 Driver Gloves | Racing Green (Well-Worn)": {"sugprice": 3757.690416666667, "profit": 335, "limit": 3391, "timest": 1701104300}, "\u2605 Hydra Gloves | Rattler (Field-Tested)": {"sugprice": 3964.5984000000003, "profit": 284, "limit": 3578, "timest": 1701104486}, "\u2605 Navaja Knife | Forest DDPAT (Field-Tested)": {"sugprice": 6856.036799999999, "profit": 490, "limit": 6187, "timest": 1701104611}, "\u2605 Shadow Daggers | Bright Water (Field-Tested)": {"sugprice": 7534.579393939392, "profit": 457, "limit": 6799, "timest": 1701084728}, "\u2605 Shadow Daggers | Rust Coat (Battle-Scarred)": {"sugprice": 6871.881818181819, "profit": 500, "limit": 6201, "timest": 1701082968}, "\u2605 Broken Fang Gloves | Yellow-banded (Field-Tested)": {"sugprice": 6335.9124, "profit": 419, "limit": 5718, "timest": 1701104261}, "\u2605 Hydra Gloves | Mangrove (Battle-Scarred)": {"sugprice": 3954.9812244897976, "profit": 301, "limit": 3569, "timest": 1701104451}, "\u2605 Hydra Gloves | Mangrove (Well-Worn)": {"sugprice": 4015, "profit": 199, "limit": 3623, "timest": 1701104459}, "StatTrak\u2122 P90 | Asiimov (Battle-Scarred)": {"sugprice": 1486.4309090909092, "profit": 128, "limit": 1341, "timest": 1701090908}, "\u2605 Hand Wraps | Desert Shamagh (Field-Tested)": {"sugprice": 4854.211020408163, "profit": 345, "limit": 4380, "timest": 1701104400}, "\u2605 Moto Gloves | Transport (Battle-Scarred)": {"sugprice": 5216.993255813954, "profit": 399, "limit": 4708, "timest": 1701104535}, "USP-S | The Traitor (Minimal Wear)": {"sugprice": 1332.7232352941178, "profit": 117, "limit": 1202, "timest": 1701104161}, "USP-S | Printstream (Well-Worn)": {"sugprice": 2698.0774999999994, "profit": 182, "limit": 2435, "timest": 1701104107}, "\u2605 Hand Wraps | Duct Tape (Field-Tested)": {"sugprice": 5178.13, "profit": 344, "limit": 4673, "timest": 1701104416}, "\u2605 Broken Fang Gloves | Unhinged (Battle-Scarred)": {"sugprice": 5138.637234042553, "profit": 279, "limit": 4637, "timest": 1701104239}, "\u2605 Hand Wraps | Arboreal (Field-Tested)": {"sugprice": 5633.471052631579, "profit": 397, "limit": 5084, "timest": 1701104382}, "\u2605 Hand Wraps | Giraffe (Battle-Scarred)": {"sugprice": 5872.695333333334, "profit": 294, "limit": 5300, "timest": 1701104420}, "USP-S | Neo-Noir (Well-Worn)": {"sugprice": 1438.6728571428569, "profit": 106, "limit": 1298, "timest": 1701092618}, "\u2605 Moto Gloves | Smoke Out (Battle-Scarred)": {"sugprice": 6977.906153846155, "profit": 448, "limit": 6297, "timest": 1701104531}, "\u2605 Hydra Gloves | Rattler (Battle-Scarred)": {"sugprice": 3916.4769767441862, "profit": 266, "limit": 3534, "timest": 1701104466}, "StatTrak\u2122 SSG 08 | Dragonfire (Field-Tested)": {"sugprice": 3068, "profit": 184, "limit": 2768, "timest": 1701103845}, "\u2605 Broken Fang Gloves | Jade (Battle-Scarred)": {"sugprice": 6934.356842105265, "profit": 372, "limit": 6258, "timest": 1701080403}, "StatTrak\u2122 USP-S | Neo-Noir (Field-Tested)": {"sugprice": 3221.4621052631583, "profit": 266, "limit": 2907, "timest": 1701103875}, "\u2605 Bloodhound Gloves | Guerrilla (Field-Tested)": {"sugprice": 5903.464, "profit": 299, "limit": 5327, "timest": 1701104185}, "\u2605 Gut Knife | Bright Water (Field-Tested)": {"sugprice": 8142.580526315793, "profit": 490, "limit": 7348, "timest": 1701104345}, "\u2605 Hand Wraps | Constrictor (Field-Tested)": {"sugprice": 4824.320000000001, "profit": 351, "limit": 4353, "timest": 1701104388}, "\u2605 Hand Wraps | Desert Shamagh (Well-Worn)": {"sugprice": 4655.197333333333, "profit": 288, "limit": 4201, "timest": 1701103598}, "\u2605 Navaja Knife | Night Stripe (Field-Tested)": {"sugprice": 6908.471904761904, "profit": 558, "limit": 6234, "timest": 1701104615}, "\u2605 Navaja Knife | Urban Masked (Field-Tested)": {"sugprice": 6826.864545454547, "profit": 329, "limit": 6161, "timest": 1701099095}, "\u2605 Survival Knife | Scorched (Field-Tested)": {"sugprice": 7573.2284615384615, "profit": 509, "limit": 6834, "timest": 1701074945}, "\u2605 Moto Gloves | 3rd Commando Company (Field-Tested)": {"sugprice": 5445, "profit": 283, "limit": 4914, "timest": 1701104494}, "StatTrak\u2122 USP-S | Neo-Noir (Battle-Scarred)": {"sugprice": 3034.297714285715, "profit": 167, "limit": 2738, "timest": 1701103873}, "StatTrak\u2122 USP-S | The Traitor (Battle-Scarred)": {"sugprice": 1848.3365999999996, "profit": 148, "limit": 1668, "timest": 1701103881}, "USP-S | Neo-Noir (Minimal Wear)": {"sugprice": 1533.26, "profit": 126, "limit": 1383, "timest": 1701101799}, "USP-S | Kill Confirmed (Field-Tested)": {"sugprice": 3186.597741935484, "profit": 244, "limit": 2875, "timest": 1701103990}, "\u2605 Driver Gloves | Queen Jaguar (Battle-Scarred)": {"sugprice": 5336.7365625, "profit": 258, "limit": 4816, "timest": 1701104290}, "\u2605 Hand Wraps | Desert Shamagh (Battle-Scarred)": {"sugprice": 4849.046923076924, "profit": 343, "limit": 4376, "timest": 1701104394}, "\u2605 Shadow Daggers | Freehand (Field-Tested)": {"sugprice": 8371.88, "profit": 516, "limit": 7555, "timest": 1701104729}, "\u2605 Specialist Gloves | Buckshot (Battle-Scarred)": {"sugprice": 4775.675384615384, "profit": 261, "limit": 4310, "timest": 1701087898}, "USP-S | Orion (Minimal Wear)": {"sugprice": 3935.246888888888, "profit": 350, "limit": 3551, "timest": 1701104062}, "USP-S | Caiman (Field-Tested)": {"sugprice": 3221.8597999999997, "profit": 328, "limit": 2907, "timest": 1701103969}, "\u2605 Sport Gloves | Bronze Morph (Battle-Scarred)": {"sugprice": 10187.099444444444, "profit": 874, "limit": 9193, "timest": 1701101343}, "\u2605 Bloodhound Gloves | Guerrilla (Battle-Scarred)": {"sugprice": 6160.874814814816, "profit": 425, "limit": 5560, "timest": 1701104183}, "USP-S | Printstream (Minimal Wear)": {"sugprice": 4113.493214285714, "profit": 236, "limit": 3712, "timest": 1701072681}, "\u2605 Moto Gloves | Turtle (Battle-Scarred)": {"sugprice": 7785.0215384615385, "profit": 511, "limit": 7025, "timest": 1701104557}, "\u2605 Hand Wraps | Arboreal (Battle-Scarred)": {"sugprice": 5265.5153125, "profit": 337, "limit": 4752, "timest": 1701104378}, "\u2605 Broken Fang Gloves | Yellow-banded (Battle-Scarred)": {"sugprice": 5543, "profit": 331, "limit": 5002, "timest": 1701104258}, "StatTrak\u2122 USP-S | Printstream (Battle-Scarred)": {"sugprice": 4294, "profit": 346, "limit": 3875, "timest": 1701103877}, "USP-S | Overgrowth (Field-Tested)": {"sugprice": 1660, "profit": 133, "limit": 1498, "timest": 1701104066}, "StatTrak\u2122 USP-S | Stainless (Battle-Scarred)": {"sugprice": 1021.9355263157897, "profit": 104, "limit": 922, "timest": 1701103879}, "\u2605 Broken Fang Gloves | Needle Point (Battle-Scarred)": {"sugprice": 4987.273399999998, "profit": 237, "limit": 4501, "timest": 1701077370}, "\u2605 Navaja Knife | Damascus Steel (Field-Tested)": {"sugprice": 7228.405, "profit": 529, "limit": 6523, "timest": 1701072822}, "USP-S | Monster Mashup (Minimal Wear)": {"sugprice": 1757.423636363636, "profit": 107, "limit": 1586, "timest": 1701045114}, "StatTrak\u2122 P250 | Muertos (Field-Tested)": {"sugprice": 1028.0392105263159, "profit": 101, "limit": 927, "timest": 1701090847}, "StatTrak\u2122 P90 | Blind Spot (Field-Tested)": {"sugprice": 1262, "profit": 325, "limit": 1138, "timest": 1701103831}, "StatTrak\u2122 USP-S | Monster Mashup (Field-Tested)": {"sugprice": 1773.448125, "profit": 114, "limit": 1600, "timest": 1701103871}, "Tec-9 | Nuclear Threat (Battle-Scarred)": {"sugprice": 2977.2072727272734, "profit": 282, "limit": 2686, "timest": 1701103935}, "USP-S | Orion (Factory New)": {"sugprice": 4023.617857142857, "profit": 322, "limit": 3631,