{"StatTrak\u2122 USP-S | Neo-Noir (Battle-Scarred)": {"sugprice": 2958.2774193548394, "profit": 149, "limit": 2669, "timest": 1703568760}, "StatTrak\u2122 USP-S | Neo-Noir (Field-Tested)": {"sugprice": 3113.8616666666658, "profit": 241, "limit": 2810, "timest": 1703568762}, "StatTrak\u2122 USP-S | The Traitor (Battle-Scarred)": {"sugprice": 2107.093673469388, "profit": 106, "limit": 1901, "timest": 1703568768}, "Tec-9 | Nuclear Threat (Battle-Scarred)": {"sugprice": 3179.8725, "profit": 188, "limit": 2869, "timest": 1703568774}, "USP-S | Kill Confirmed (Well-Worn)": {"sugprice": 3099.820638297872, "profit": 149, "limit": 2797, "timest": 1703568805}, "USP-S | Neo-Noir (Factory New)": {"sugprice": 3124.3576470588237, "profit": 149, "limit": 2819, "timest": 1703563101}, "\u2605 Broken Fang Gloves | Yellow-banded (Battle-Scarred)": {"sugprice": 6207.280599999999, "profit": 388, "limit": 5602, "timest": 1703568868}, "\u2605 Driver Gloves | Convoy (Field-Tested)": {"sugprice": 6353.961428571429, "profit": 336, "limit": 5734, "timest": 1703568874}, "\u2605 Hand Wraps | Badlands (Battle-Scarred)": {"sugprice": 7463.149090909091, "profit": 635, "limit": 6735, "timest": 1703566806}, "\u2605 Hydra Gloves | Mangrove (Field-Tested)": {"sugprice": 4015.3213999999994, "profit": 191, "limit": 3623, "timest": 1703562758}, "\u2605 Moto Gloves | Smoke Out (Battle-Scarred)": {"sugprice": 6899.0596428571425, "profit": 395, "limit": 6226, "timest": 1703568978}, "\u2605 Moto Gloves | Transport (Field-Tested)": {"sugprice": 5584.582173913042, "profit": 398, "limit": 5040, "timest": 1703568982}, "\u2605 Navaja Knife | Scorched (Field-Tested)": {"sugprice": 6946.599687499998, "profit": 409, "limit": 6269, "timest": 1703568998}, "\u2605 Shadow Daggers | Freehand (Field-Tested)": {"sugprice": 9153.261363636364, "profit": 672, "limit": 8260, "timest": 1703569029}, "StatTrak\u2122 M4A4 | X-Ray (Minimal Wear)": {"sugprice": 4543.396, "profit": 225, "limit": 4100, "timest": 1703543088}, "\u2605 Hydra Gloves | Rattler (Field-Tested)": {"sugprice": 4076.1911999999998, "profit": 223, "limit": 3678, "timest": 1703568958}, "\u2605 Driver Gloves | Racing Green (Field-Tested)": {"sugprice": 3888.495000000001, "profit": 253, "limit": 3509, "timest": 1703568886}, "\u2605 Shadow Daggers | Boreal Forest (Field-Tested)": {"sugprice": 6998.442631578948, "profit": 466, "limit": 6316, "timest": 1703569021}, "\u2605 Bloodhound Gloves | Bronzed (Field-Tested)": {"sugprice": 6241.426875, "profit": 308, "limit": 5632, "timest": 1703543376}, "StatTrak\u2122 USP-S | Monster Mashup (Battle-Scarred)": {"sugprice": 1878.879375, "profit": 128, "limit": 1695, "timest": 1703568756}, "StatTrak\u2122 P250 | Muertos (Field-Tested)": {"sugprice": 1059.41, "profit": 123, "limit": 956, "timest": 1703519898}, "StatTrak\u2122 USP-S | The Traitor (Well-Worn)": {"sugprice": 2129.4479411764705, "profit": 150, "limit": 1921, "timest": 1703568770}, "\u2605 Hydra Gloves | Mangrove (Battle-Scarred)": {"sugprice": 3983.9044, "profit": 215, "limit": 3595, "timest": 1703568950}, "StatTrak\u2122 USP-S | Stainless (Battle-Scarred)": {"sugprice": 1121.6113636363634, "profit": 102, "limit": 1012, "timest": 1703511562}, "USP-S | Printstream (Field-Tested)": {"sugprice": 2684.375833333333, "profit": 129, "limit": 2422, "timest": 1703506685}, "\u2605 Hand Wraps | Arboreal (Battle-Scarred)": {"sugprice": 5193.282121212122, "profit": 258, "limit": 4686, "timest": 1703531825}, "\u2605 Shadow Daggers | Forest DDPAT (Field-Tested)": {"sugprice": 7139.185600000001, "profit": 430, "limit": 6443, "timest": 1703569027}, "\u2605 Hand Wraps | Duct Tape (Battle-Scarred)": {"sugprice": 5092.532972972971, "profit": 242, "limit": 4596, "timest": 1703553012}, "\u2605 Bloodhound Gloves | Snakebite (Battle-Scarred)": {"sugprice": 6112.032222222221, "profit": 296, "limit": 5516, "timest": 1703568850}, "USP-S | Printstream (Minimal Wear)": {"sugprice": 4389.346, "profit": 209, "limit": 3961, "timest": 1703535323}, "\u2605 Huntsman Knife | Ultraviolet (Field-Tested)": {"sugprice": 10046.21909090909, "profit": 825, "limit": 9066, "timest": 1703568940}, "\u2605 Navaja Knife | Ultraviolet (Battle-Scarred)": {"sugprice": 7058.132142857144, "profit": 554, "limit": 6369, "timest": 1703510642}, "\u2605 Hydra Gloves | Rattler (Well-Worn)": {"sugprice": 4618.047600000001, "profit": 242, "limit": 4167, "timest": 1703542768}, "\u2605 Falchion Knife | Ultraviolet (Battle-Scarred)": {"sugprice": 10018.393749999997, "profit": 785, "limit": 9041, "timest": 1703556844}, "\u2605 Navaja Knife | Safari Mesh (Field-Tested)": {"sugprice": 7044.674897959184, "profit": 373, "limit": 6357, "timest": 1703568996}, "StatTrak\u2122 Tec-9 | Decimator (Battle-Scarred)": {"sugprice": 1849.6945454545455, "profit": 104, "limit": 1669, "timest": 1703540008}, "\u2605 Moto Gloves | Finish Line (Battle-Scarred)": {"sugprice": 6954.328928571427, "profit": 451, "limit": 6276, "timest": 1703568972}, "\u2605 Shadow Daggers | Bright Water (Field-Tested)": {"sugprice": 7521.712564102565, "profit": 453, "limit": 6788, "timest": 1703569023}, "\u2605 Moto Gloves | Turtle (Battle-Scarred)": {"sugprice": 7760.283333333334, "profit": 540, "limit": 7003, "timest": 1703568984}, "\u2605 Navaja Knife | Stained (Well-Worn)": {"sugprice": 7011.23125, "profit": 497, "limit": 6327, "timest": 1703500961}, "\u2605 Bowie Knife | Rust Coat (Battle-Scarred)": {"sugprice": 7988.1425, "profit": 436, "limit": 7209, "timest": 1703566257}, "StatTrak\u2122 USP-S | Monster Mashup (Field-Tested)": {"sugprice": 1958.3689473684212, "profit": 147, "limit": 1767, "timest": 1703568758}, "\u2605 Paracord Knife | Forest DDPAT (Field-Tested)": {"sugprice": 8068.825833333333, "profit": 398, "limit": 7282, "timest": 1703569013}, "\u2605 Survival Knife | Boreal Forest (Field-Tested)": {"sugprice": 7433.0055555555555, "profit": 354, "limit": 6708, "timest": 1703564919}, "\u2605 Navaja Knife | Night Stripe (Field-Tested)": {"sugprice": 7023.272142857141, "profit": 422, "limit": 6338, "timest": 1703568990}, "\u2605 Shadow Daggers | Rust Coat (Battle-Scarred)": {"sugprice": 6803.150624999999, "profit": 678, "limit": 6139, "timest": 1703559135}, "\u2605 Hydra Gloves | Emerald (Well-Worn)": {"sugprice": 4639.158421052632, "profit": 234, "limit": 4186, "timest": 1703566862}, "\u2605 Moto Gloves | Boom! (Battle-Scarred)": {"sugprice": 7389.433636363636, "profit": 361, "limit": 6668, "timest": 1703519177}, "\u2605 Specialist Gloves | Fade (Battle-Scarred)": {"sugprice": 15114.716956521741, "profit": 769, "limit": 13641, "timest": 1703569043}, "USP-S | Para Green (Battle-Scarred)": {"sugprice": 702.73, "profit": 114, "limit": 634, "timest": 1703568820}, "\u2605 Shadow Daggers | Ultraviolet (Battle-Scarred)": {"sugprice": 7812.19619047619, "profit": 372, "limit": 7050, "timest": 1703482765}, "USP-S | Kill Confirmed (Battle-Scarred)": {"sugprice": 3088.8581999999997, "profit": 210, "limit": 2787, "timest": 1703568802}, "\u2605 Driver Gloves | Overtake (Battle-Scarred)": {"sugprice": 6486.2304651162785, "profit": 345, "limit": 5853, "timest": 1703491934}, "USP-S | Monster Mashup (Well-Worn)": {"sugprice": 1242.5422727272728, "profit": 103, "limit": 1121, "timest": 1703519992}, "StatTrak\u2122 P90 | Asiimov (Battle-Scarred)": {"sugprice": 1883.696896551724, "profit": 102, "limit": 1700, "timest": 1703539343}, "\u2605 Moto Gloves | Transport (Battle-Scarred)": {"sugprice": 5246.401399999999, "profit": 252, "limit": 4734, "timest": 1703534507}, "StatTrak\u2122 SSG 08 | Bloodshot (Field-Tested)": {"sugprice": 1739.9650000000008, "profit": 133, "limit": 1570, "timest": 1703568725}, "\u2605 Gut Knife | Bright Water (Field-Tested)": {"sugprice": 8215.99111111111, "profit": 405, "limit": 7414, "timest": 1703502490}, "StatTrak\u2122 SSG 08 | Dragonfire (Battle-Scarred)": {"sugprice": 3032.59, "profit": 161, "limit": 2736, "timest": 1703568727}, "\u2605 Moto Gloves | Eclipse (Battle-Scarred)": {"sugprice": 6651.077142857143, "profit": 316,