{"StatTrak\u2122 M4A4 | The Emperor (Battle-Scarred)": {"sugprice": 2479.3861904761907, "profit": 130, "limit": 2237, "timest": 1703415540}, "StatTrak\u2122 USP-S | Neo-Noir (Battle-Scarred)": {"sugprice": 2978.6880000000006, "profit": 187, "limit": 2688, "timest": 1703492302}, "StatTrak\u2122 USP-S | Neo-Noir (Field-Tested)": {"sugprice": 3110.76052631579, "profit": 212, "limit": 2807, "timest": 1703495536}, "StatTrak\u2122 USP-S | The Traitor (Battle-Scarred)": {"sugprice": 2080.0736734693883, "profit": 128, "limit": 1877, "timest": 1703495542}, "Tec-9 | Nuclear Threat (Battle-Scarred)": {"sugprice": 3260.757777777778, "profit": 162, "limit": 2942, "timest": 1703492957}, "USP-S | Kill Confirmed (Well-Worn)": {"sugprice": 3072.522340425532, "profit": 179, "limit": 2772, "timest": 1703494508}, "USP-S | Neo-Noir (Factory New)": {"sugprice": 3087.480454545454, "profit": 153, "limit": 2786, "timest": 1703495581}, "\u2605 Broken Fang Gloves | Yellow-banded (Battle-Scarred)": {"sugprice": 6224.259591836735, "profit": 350, "limit": 5617, "timest": 1703495640}, "\u2605 Driver Gloves | Convoy (Field-Tested)": {"sugprice": 6423.545769230768, "profit": 401, "limit": 5797, "timest": 1703495650}, "\u2605 Hand Wraps | Arboreal (Field-Tested)": {"sugprice": 5790.296315789474, "profit": 301, "limit": 5225, "timest": 1703440775}, "\u2605 Hand Wraps | Badlands (Battle-Scarred)": {"sugprice": 7382.6407692307685, "profit": 585, "limit": 6662, "timest": 1703495690}, "\u2605 Hydra Gloves | Mangrove (Field-Tested)": {"sugprice": 3957.88, "profit": 275, "limit": 3571, "timest": 1703495761}, "\u2605 Moto Gloves | Smoke Out (Battle-Scarred)": {"sugprice": 6934.341538461538, "profit": 363, "limit": 6258, "timest": 1703495814}, "\u2605 Moto Gloves | Transport (Field-Tested)": {"sugprice": 5539.618124999999, "profit": 320, "limit": 4999, "timest": 1703495817}, "\u2605 Navaja Knife | Scorched (Field-Tested)": {"sugprice": 6916.230689655174, "profit": 352, "limit": 6241, "timest": 1703495833}, "\u2605 Navaja Knife | Urban Masked (Field-Tested)": {"sugprice": 6854.799999999999, "profit": 342, "limit": 6186, "timest": 1703466419}, "\u2605 Shadow Daggers | Freehand (Field-Tested)": {"sugprice": 9099.411500000002, "profit": 543, "limit": 8212, "timest": 1703495877}, "StatTrak\u2122 M4A4 | X-Ray (Minimal Wear)": {"sugprice": 4570.470909090909, "profit": 270, "limit": 4124, "timest": 1703495447}, "\u2605 Hydra Gloves | Rattler (Field-Tested)": {"sugprice": 4094.3143999999993, "profit": 251, "limit": 3695, "timest": 1703495788}, "\u2605 Driver Gloves | Racing Green (Field-Tested)": {"sugprice": 3629.8726086956517, "profit": 182, "limit": 3275, "timest": 1703452807}, "\u2605 Hydra Gloves | Mangrove (Well-Worn)": {"sugprice": 4352.6875675675665, "profit": 207, "limit": 3928, "timest": 1703438165}, "\u2605 Shadow Daggers | Boreal Forest (Field-Tested)": {"sugprice": 7022.661052631579, "profit": 436, "limit": 6337, "timest": 1703495869}, "\u2605 Driver Gloves | Racing Green (Well-Worn)": {"sugprice": 3814.3660526315784, "profit": 344, "limit": 3442, "timest": 1703419667}, "\u2605 Bloodhound Gloves | Bronzed (Field-Tested)": {"sugprice": 6218.1325, "profit": 316, "limit": 5611, "timest": 1703431855}, "StatTrak\u2122 USP-S | Monster Mashup (Battle-Scarred)": {"sugprice": 1869.578666666667, "profit": 112, "limit": 1687, "timest": 1703495530}, "StatTrak\u2122 P250 | Muertos (Field-Tested)": {"sugprice": 1064.3455999999999, "profit": 101, "limit": 960, "timest": 1703467078}, "\u2605 Shadow Daggers | Damascus Steel (Field-Tested)": {"sugprice": 7901, "profit": 453, "limit": 7130, "timest": 1703428700}, "StatTrak\u2122 USP-S | The Traitor (Well-Worn)": {"sugprice": 2107.6758333333332, "profit": 116, "limit": 1902, "timest": 1703495544}, "\u2605 Hydra Gloves | Mangrove (Battle-Scarred)": {"sugprice": 3905.451599999999, "profit": 245, "limit": 3524, "timest": 1703495760}, "StatTrak\u2122 USP-S | Stainless (Battle-Scarred)": {"sugprice": 1118.1808333333333, "profit": 111, "limit": 1009, "timest": 1703495540}, "USP-S | Printstream (Field-Tested)": {"sugprice": 2692.832653061225, "profit": 129, "limit": 2430, "timest": 1703477936}, "\u2605 Hand Wraps | Arboreal (Battle-Scarred)": {"sugprice": 5313.557333333334, "profit": 281, "limit": 4795, "timest": 1703492448}, "\u2605 Shadow Daggers | Forest DDPAT (Field-Tested)": {"sugprice": 7103.864545454545, "profit": 396, "limit": 6411, "timest": 1703495875}, "\u2605 Hand Wraps | Duct Tape (Battle-Scarred)": {"sugprice": 5087.749512195123, "profit": 261, "limit": 4591, "timest": 1703495706}, "\u2605 Broken Fang Gloves | Yellow-banded (Field-Tested)": {"sugprice": 6283.021739130436, "profit": 562, "limit": 5670, "timest": 1703440685}, "\u2605 Bloodhound Gloves | Snakebite (Battle-Scarred)": {"sugprice": 6312.82, "profit": 505, "limit": 5697, "timest": 1703495622}, "USP-S | Printstream (Minimal Wear)": {"sugprice": 4391.499545454544, "profit": 235, "limit": 3963, "timest": 1703494528}, "\u2605 Huntsman Knife | Ultraviolet (Field-Tested)": {"sugprice": 9998.613, "profit": 522, "limit": 9023, "timest": 1703494644}, "\u2605 Navaja Knife | Ultraviolet (Battle-Scarred)": {"sugprice": 7081.522352941176, "profit": 442, "limit": 6391, "timest": 1703495296}, "USP-S | Neo-Noir (Well-Worn)": {"sugprice": 1331.8355999999997, "profit": 107, "limit": 1201, "timest": 1703461108}, "\u2605 Hydra Gloves | Rattler (Well-Worn)": {"sugprice": 4536.243437500001, "profit": 217, "limit": 4093, "timest": 1703495790}, "\u2605 Falchion Knife | Ultraviolet (Battle-Scarred)": {"sugprice": 9820.325416666668, "profit": 688, "limit": 8862, "timest": 1703495673}, "\u2605 Navaja Knife | Safari Mesh (Field-Tested)": {"sugprice": 6982.234199999997, "profit": 382, "limit": 6301, "timest": 1703495831}, "StatTrak\u2122 Tec-9 | Decimator (Battle-Scarred)": {"sugprice": 1993.0716666666665, "profit": 121, "limit": 1798, "timest": 1703495516}, "\u2605 Moto Gloves | Finish Line (Battle-Scarred)": {"sugprice": 6894.524137931034, "profit": 348, "limit": 6222, "timest": 1703482049}, "\u2605 Shadow Daggers | Bright Water (Field-Tested)": {"sugprice": 7424, "profit": 375, "limit": 6700, "timest": 1703495871}, "\u2605 Moto Gloves | Turtle (Battle-Scarred)": {"sugprice": 7633.945789473686, "profit": 497, "limit": 6889, "timest": 1703478098}, "\u2605 Navaja Knife | Stained (Well-Worn)": {"sugprice": 7011.66, "profit": 503, "limit": 6328, "timest": 1703495839}, "\u2605 Bowie Knife | Rust Coat (Battle-Scarred)": {"sugprice": 8053.13, "profit": 383, "limit": 7267, "timest": 1703490853}, "StatTrak\u2122 USP-S | Monster Mashup (Field-Tested)": {"sugprice": 1940.803125, "profit": 141, "limit": 1751, "timest": 1703495532}, "\u2605 Paracord Knife | Forest DDPAT (Field-Tested)": {"sugprice": 8069.51, "profit": 423, "limit": 7282, "timest": 1703495851}, "\u2605 Survival Knife | Boreal Forest (Field-Tested)": {"sugprice": 7508.907647058823, "profit": 449, "limit": 6776, "timest": 1703495896}, "\u2605 Navaja Knife | Night Stripe (Field-Tested)": {"sugprice": 6985.94625, "profit": 376, "limit": 6304, "timest": 1703495825}, "\u2605 Shadow Daggers | Rust Coat (Battle-Scarred)": {"sugprice": 6830.195799999999, "profit": 338, "limit": 6164, "timest": 1703454477}, "\u2605 Hydra Gloves | Emerald (Well-Worn)": {"sugprice": 4675.208, "profit": 230, "limit": 4219, "timest": 1703432816}, "\u2605 Shadow Daggers | Autotronic (Field-Tested)": {"sugprice": 8691.868, "profit": 413, "limit": 7844, "timest": 1703415899}, "\u2605 Moto Gloves | Boom! (Battle-Scarred)": {"sugprice": 7418.921818181818, "profit": 372, "limit": 6695, "timest": 1703426289}, "\u2605 Specialist Gloves | Fade (Battle-Scarred)": {"sugprice": 15022.993181818181, "profit": 864, "limit": 13558, "timest": 1703495890}, "USP-S | Para Green (Battle-Scarred)": {"sugprice": 667.5950000000001, "profit": 142, "limit": 602, "timest": 1703469304}, "\u2605 Shadow Daggers | Ultraviolet (Battle-Scarred)": {"sugprice": 7812.19619047619, "profit": 372, "limit": 7050,