{"USP-S | Kill Confirmed (Well-Worn)": {"sugprice": 3022.1137999999996, "profit": 258, "limit": 2727, "timest": 1701226866}, "\u2605 Navaja Knife | Scorched (Field-Tested)": {"sugprice": 6727.439655172413, "profit": 407, "limit": 6071, "timest": 1701227161}, "\u2605 Driver Gloves | Racing Green (Battle-Scarred)": {"sugprice": 3662.5914000000002, "profit": 247, "limit": 3305, "timest": 1701226990}, "\u2605 Driver Gloves | Racing Green (Well-Worn)": {"sugprice": 3663, "profit": 179, "limit": 3305, "timest": 1701226994}, "\u2605 Hydra Gloves | Rattler (Field-Tested)": {"sugprice": 3955.469399999999, "profit": 213, "limit": 3569, "timest": 1701227099}, "\u2605 Navaja Knife | Forest DDPAT (Field-Tested)": {"sugprice": 6796.459999999999, "profit": 388, "limit": 6133, "timest": 1701227145}, "\u2605 Shadow Daggers | Bright Water (Field-Tested)": {"sugprice": 7427.233414634145, "profit": 601, "limit": 6703, "timest": 1701227200}, "\u2605 Shadow Daggers | Rust Coat (Battle-Scarred)": {"sugprice": 6789.847037037036, "profit": 418, "limit": 6127, "timest": 1701227209}, "\u2605 Broken Fang Gloves | Yellow-banded (Field-Tested)": {"sugprice": 6395.485312500001, "profit": 441, "limit": 5771, "timest": 1701226964}, "\u2605 Hydra Gloves | Mangrove (Battle-Scarred)": {"sugprice": 3821, "profit": 218, "limit": 3448, "timest": 1701227088}, "\u2605 Hydra Gloves | Mangrove (Well-Worn)": {"sugprice": 3962.6514285714284, "profit": 227, "limit": 3576, "timest": 1701227094}, "\u2605 Hand Wraps | Desert Shamagh (Field-Tested)": {"sugprice": 4870.363902439025, "profit": 306, "limit": 4395, "timest": 1701227053}, "\u2605 Moto Gloves | Transport (Battle-Scarred)": {"sugprice": 5158.6907142857135, "profit": 268, "limit": 4655, "timest": 1701193187}, "USP-S | The Traitor (Minimal Wear)": {"sugprice": 1326.5896774193548, "profit": 105, "limit": 1197, "timest": 1701191077}, "USP-S | Printstream (Well-Worn)": {"sugprice": 2700.171, "profit": 214, "limit": 2436, "timest": 1701226903}, "\u2605 Hand Wraps | Duct Tape (Field-Tested)": {"sugprice": 5149.9800000000005, "profit": 289, "limit": 4647, "timest": 1701227065}, "\u2605 Broken Fang Gloves | Unhinged (Battle-Scarred)": {"sugprice": 5161.415106382979, "profit": 457, "limit": 4658, "timest": 1701226958}, "\u2605 Hand Wraps | Arboreal (Field-Tested)": {"sugprice": 5506.791428571429, "profit": 331, "limit": 4969, "timest": 1701227038}, "\u2605 Hand Wraps | Giraffe (Battle-Scarred)": {"sugprice": 5903, "profit": 313, "limit": 5327, "timest": 1701227068}, "USP-S | Neo-Noir (Well-Worn)": {"sugprice": 1460.7876470588235, "profit": 110, "limit": 1318, "timest": 1701222016}, "\u2605 Moto Gloves | Smoke Out (Battle-Scarred)": {"sugprice": 6991.434761904762, "profit": 515, "limit": 6309, "timest": 1701227119}, "\u2605 Hydra Gloves | Rattler (Battle-Scarred)": {"sugprice": 3978.811999999999, "profit": 306, "limit": 3590, "timest": 1701227096}, "StatTrak\u2122 SSG 08 | Dragonfire (Field-Tested)": {"sugprice": 3162.3470270270263, "profit": 294, "limit": 2854, "timest": 1701226735}, "StatTrak\u2122 USP-S | Neo-Noir (Field-Tested)": {"sugprice": 3202.432666666667, "profit": 280, "limit": 2890, "timest": 1701226802}, "\u2605 Bloodhound Gloves | Guerrilla (Field-Tested)": {"sugprice": 6073.042571428571, "profit": 349, "limit": 5480, "timest": 1701226943}, "\u2605 Gut Knife | Bright Water (Field-Tested)": {"sugprice": 8220.461666666668, "profit": 556, "limit": 7418, "timest": 1701227018}, "\u2605 Hand Wraps | Constrictor (Field-Tested)": {"sugprice": 4959.904242424242, "profit": 314, "limit": 4476, "timest": 1701227044}, "\u2605 Hand Wraps | Desert Shamagh (Well-Worn)": {"sugprice": 4798.657, "profit": 265, "limit": 4330, "timest": 1701227057}, "\u2605 Navaja Knife | Night Stripe (Field-Tested)": {"sugprice": 6594.177857142858, "profit": 342, "limit": 5951, "timest": 1701200029}, "\u2605 Survival Knife | Scorched (Field-Tested)": {"sugprice": 7654.297142857143, "profit": 368, "limit": 6908, "timest": 1701178215}, "\u2605 Moto Gloves | 3rd Commando Company (Field-Tested)": {"sugprice": 5578.442608695652, "profit": 330, "limit": 5034, "timest": 1701227103}, "StatTrak\u2122 USP-S | The Traitor (Battle-Scarred)": {"sugprice": 1869.9064583333336, "profit": 111, "limit": 1687, "timest": 1701226809}, "USP-S | Neo-Noir (Minimal Wear)": {"sugprice": 1514.9317142857142, "profit": 104, "limit": 1367, "timest": 1701179838}, "USP-S | Kill Confirmed (Field-Tested)": {"sugprice": 3211.013928571428, "profit": 161, "limit": 2897, "timest": 1701169907}, "\u2605 Driver Gloves | Queen Jaguar (Battle-Scarred)": {"sugprice": 5230.929200000001, "profit": 289, "limit": 4720, "timest": 1701226987}, "\u2605 Hand Wraps | Desert Shamagh (Battle-Scarred)": {"sugprice": 4880.544705882351, "profit": 312, "limit": 4404, "timest": 1701227050}, "\u2605 Specialist Gloves | Buckshot (Battle-Scarred)": {"sugprice": 4871.804090909091, "profit": 263, "limit": 4396, "timest": 1701151594}, "USP-S | Orion (Minimal Wear)": {"sugprice": 3835.502380952381, "profit": 197, "limit": 3461, "timest": 1701205141}, "USP-S | Caiman (Field-Tested)": {"sugprice": 3131.1595238095233, "profit": 224, "limit": 2825, "timest": 1701226855}, "\u2605 Sport Gloves | Bronze Morph (Battle-Scarred)": {"sugprice": 9760.856363636365, "profit": 470, "limit": 8809, "timest": 1701172879}, "\u2605 Bloodhound Gloves | Guerrilla (Battle-Scarred)": {"sugprice": 6034.554285714287, "profit": 288, "limit": 5446, "timest": 1701161034}, "\u2605 Moto Gloves | Turtle (Battle-Scarred)": {"sugprice": 7761.544545454546, "profit": 534, "limit": 7004, "timest": 1701227128}, "\u2605 Hand Wraps | Arboreal (Battle-Scarred)": {"sugprice": 5014.250909090909, "profit": 251, "limit": 4525, "timest": 1701227034}, "\u2605 Broken Fang Gloves | Yellow-banded (Battle-Scarred)": {"sugprice": 5593.042608695652, "profit": 394, "limit": 5047, "timest": 1701226962}, "StatTrak\u2122 USP-S | Printstream (Battle-Scarred)": {"sugprice": 4364.071333333334, "profit": 284, "limit": 3938, "timest": 1701226804}, "USP-S | Overgrowth (Field-Tested)": {"sugprice": 1668.4569565217391, "profit": 132, "limit": 1505, "timest": 1701226894}, "StatTrak\u2122 USP-S | Stainless (Battle-Scarred)": {"sugprice": 1019.1121428571429, "profit": 100, "limit": 919, "timest": 1701210401}, "\u2605 Broken Fang Gloves | Needle Point (Battle-Scarred)": {"sugprice": 5039.907999999999, "profit": 287, "limit": 4548, "timest": 1701226950}, "StatTrak\u2122 P250 | Muertos (Field-Tested)": {"sugprice": 1040.2406666666668, "profit": 114, "limit": 938, "timest": 1701226682}, "StatTrak\u2122 P90 | Blind Spot (Field-Tested)": {"sugprice": 1262, "profit": 320, "limit": 1138, "timest": 1701148678}, "StatTrak\u2122 USP-S | Monster Mashup (Field-Tested)": {"sugprice": 1740.7476470588235, "profit": 106, "limit": 1571, "timest": 1701173411}, "Tec-9 | Nuclear Threat (Battle-Scarred)": {"sugprice": 3048.721538461539, "profit": 331, "limit": 2751, "timest": 1701226832}, "USP-S | Orion (Factory New)": {"sugprice": 3992.693125, "profit": 253, "limit": 3603, "timest": 1701206513}, "\u2605 Bloodhound Gloves | Bronzed (Field-Tested)": {"sugprice": 6259.867368421053, "profit": 478, "limit": 5649, "timest": 1701226924}, "\u2605 Gut Knife | Scorched (Field-Tested)": {"sugprice": 7635.439047619049, "profit": 608, "limit": 6890, "timest": 1701227031}, "\u2605 Hydra Gloves | Emerald (Battle-Scarred)": {"sugprice": 4548.717199999999, "profit": 386, "limit": 4105, "timest": 1701227075}, "\u2605 Hydra Gloves | Emerald (Field-Tested)": {"sugprice": 4583.11857142857, "profit": 370, "limit": 4136, "timest": 1701227086}, "\u2605 Moto Gloves | Blood Pressure (Battle-Scarred)": {"sugprice": 8933.751, "profit": 569, "limit": 8062, "timest": 1701227106}, "\u2605 Moto Gloves | Polygon (Battle-Scarred)": {"sugprice": 9985.948333333334, "profit": 636, "limit": 9012, "timest": 1701199949}, "\u2605 Navaja Knife | Boreal Forest (Field-Tested)": {"sugprice": 7073, "profit": 538, "limit": 6383, "timest": 1701227132},