{"USP-S | Kill Confirmed (Well-Worn)": {"sugprice": 3126, "profit": 222, "limit": 2821, "timest": 1700140700}, "USP-S | Overgrowth (Field-Tested)": {"sugprice": 2013.378076923077, "profit": 184, "limit": 1817, "timest": 1700140724}, "\u2605 Moto Gloves | Turtle (Battle-Scarred)": {"sugprice": 8023.573500000001, "profit": 619, "limit": 7241, "timest": 1700140881}, "\u2605 Navaja Knife | Scorched (Field-Tested)": {"sugprice": 6944.64054054054, "profit": 677, "limit": 6267, "timest": 1700132712}, "\u2605 Driver Gloves | Racing Green (Battle-Scarred)": {"sugprice": 4044, "profit": 351, "limit": 3649, "timest": 1700140807}, "StatTrak\u2122 M4A4 | Royal Paladin (Battle-Scarred)": {"sugprice": 2258.3268749999997, "profit": 152, "limit": 2038, "timest": 1700140505}, "StatTrak\u2122 M4A4 | The Emperor (Battle-Scarred)": {"sugprice": 2709, "profit": 363, "limit": 2444, "timest": 1700140518}, "StatTrak\u2122 USP-S | The Traitor (Well-Worn)": {"sugprice": 2123, "profit": 204, "limit": 1916, "timest": 1700140663}, "USP-S | Printstream (Minimal Wear)": {"sugprice": 4257, "profit": 212, "limit": 3841, "timest": 1700140730}, "USP-S | Whiteout (Minimal Wear)": {"sugprice": 2649, "profit": 179, "limit": 2390, "timest": 1700140762}, "\u2605 Broken Fang Gloves | Needle Point (Battle-Scarred)": {"sugprice": 5459.771086956522, "profit": 582, "limit": 4927, "timest": 1700140778}, "\u2605 Broken Fang Gloves | Needle Point (Field-Tested)": {"sugprice": 5531.814444444445, "profit": 491, "limit": 4992, "timest": 1700140780}, "\u2605 Driver Gloves | Racing Green (Well-Worn)": {"sugprice": 4220.885500000001, "profit": 217, "limit": 3809, "timest": 1700140812}, "\u2605 Hand Wraps | Constrictor (Battle-Scarred)": {"sugprice": 4958.244324324324, "profit": 571, "limit": 4474, "timest": 1700140839}, "\u2605 Hydra Gloves | Rattler (Field-Tested)": {"sugprice": 4199, "profit": 412, "limit": 3789, "timest": 1700140869}, "\u2605 Moto Gloves | Finish Line (Battle-Scarred)": {"sugprice": 7259.357500000001, "profit": 460, "limit": 6551, "timest": 1700140874}, "\u2605 Navaja Knife | Forest DDPAT (Field-Tested)": {"sugprice": 6965.144400000001, "profit": 562, "limit": 6286, "timest": 1700140884}, "\u2605 Navaja Knife | Safari Mesh (Field-Tested)": {"sugprice": 7025, "profit": 516, "limit": 6340, "timest": 1700140890}, "\u2605 Shadow Daggers | Bright Water (Field-Tested)": {"sugprice": 7805.1925, "profit": 1113, "limit": 7044, "timest": 1700140902}, "\u2605 Shadow Daggers | Rust Coat (Battle-Scarred)": {"sugprice": 7025.731250000001, "profit": 585, "limit": 6340, "timest": 1700140908}, "\u2605 Broken Fang Gloves | Yellow-banded (Field-Tested)": {"sugprice": 6773.040526315791, "profit": 622, "limit": 6112, "timest": 1700140794}, "\u2605 Hand Wraps | Arboreal (Battle-Scarred)": {"sugprice": 5056, "profit": 641, "limit": 4563, "timest": 1700140834}, "Vypa Sista of the Revolution | Guerrilla Warfare": {"sugprice": 1622.1294444444443, "profit": 138, "limit": 1463, "timest": 1700140764}, "StatTrak\u2122 M4A4 | \u9f8d\u738b (Dragon King) (Battle-Scarred)": {"sugprice": 1509.3983783783783, "profit": 143, "limit": 1362, "timest": 1700140524}, "\u2605 Hydra Gloves | Mangrove (Battle-Scarred)": {"sugprice": 4136.031891891892, "profit": 373, "limit": 3732, "timest": 1700140862}, "USP-S | Monster Mashup (Minimal Wear)": {"sugprice": 1871.143076923077, "profit": 145, "limit": 1688, "timest": 1700140706}, "\u2605 Broken Fang Gloves | Yellow-banded (Battle-Scarred)": {"sugprice": 5891, "profit": 795, "limit": 5316, "timest": 1700140792}, "\u2605 Hydra Gloves | Mangrove (Well-Worn)": {"sugprice": 4325, "profit": 208, "limit": 3903, "timest": 1700136139}, "\u2605 Shadow Daggers | Scorched (Field-Tested)": {"sugprice": 7330.607000000001, "profit": 551, "limit": 6615, "timest": 1700140910}, "StatTrak\u2122 M4A4 | Desolate Space (Battle-Scarred)": {"sugprice": 1219.9792500000003, "profit": 100, "limit": 1101, "timest": 1700138666}, "StatTrak\u2122 P90 | Asiimov (Battle-Scarred)": {"sugprice": 1416, "profit": 130, "limit": 1277, "timest": 1700140590}, "\u2605 Hand Wraps | Desert Shamagh (Field-Tested)": {"sugprice": 4950.179534883722, "profit": 254, "limit": 4467, "timest": 1700140847}, "\u2605 Gut Knife | Forest DDPAT (Field-Tested)": {"sugprice": 7731.27909090909, "profit": 547, "limit": 6977, "timest": 1700140826}, "\u2605 Moto Gloves | Transport (Battle-Scarred)": {"sugprice": 5277.2125, "profit": 444, "limit": 4762, "timest": 1700140878}, "USP-S | The Traitor (Minimal Wear)": {"sugprice": 1452.7577499999998, "profit": 155, "limit": 1311, "timest": 1700140756}, "USP-S | Printstream (Well-Worn)": {"sugprice": 2753, "profit": 251, "limit": 2484, "timest": 1700140732}, "\u2605 Driver Gloves | Racing Green (Field-Tested)": {"sugprice": 4145.413333333334, "profit": 303, "limit": 3741, "timest": 1700140810}, "\u2605 Hand Wraps | Duct Tape (Field-Tested)": {"sugprice": 5222.260476190477, "profit": 343, "limit": 4713, "timest": 1700140853}, "USP-S | Monster Mashup (Well-Worn)": {"sugprice": 1344.5387500000002, "profit": 126, "limit": 1213, "timest": 1700140710}, "\u2605 Broken Fang Gloves | Unhinged (Battle-Scarred)": {"sugprice": 5104.326734693878, "profit": 351, "limit": 4606, "timest": 1700140784}, "\u2605 Hand Wraps | Arboreal (Field-Tested)": {"sugprice": 6137, "profit": 430, "limit": 5538, "timest": 1700140835}, "USP-S | Kill Confirmed (Battle-Scarred)": {"sugprice": 3088.672826086957, "profit": 205, "limit": 2787, "timest": 1700139323}, "StatTrak\u2122 M4A4 | Cyber Security (Battle-Scarred)": {"sugprice": 1576.0388235294117, "profit": 123, "limit": 1422, "timest": 1700130324}, "USP-S | Serum (Field-Tested)": {"sugprice": 3486.3695652173915, "profit": 352, "limit": 3146, "timest": 1700140740}, "\u2605 Hand Wraps | Giraffe (Battle-Scarred)": {"sugprice": 5933, "profit": 429, "limit": 5354, "timest": 1700140855}, "USP-S | Neo-Noir (Well-Worn)": {"sugprice": 1504, "profit": 116, "limit": 1357, "timest": 1700140718}, "\u2605 Survival Knife | Safari Mesh (Field-Tested)": {"sugprice": 7622, "profit": 575, "limit": 6878, "timest": 1700140925}, "\u2605 Hydra Gloves | Case Hardened (Field-Tested)": {"sugprice": 8117, "profit": 583, "limit": 7325, "timest": 1700140860}, "\u2605 Gut Knife | Rust Coat (Battle-Scarred)": {"sugprice": 7946.063658536586, "profit": 734, "limit": 7171, "timest": 1700140828}, "\u2605 Moto Gloves | Smoke Out (Battle-Scarred)": {"sugprice": 7115, "profit": 727, "limit": 6421, "timest": 1700140876}, "\u2605 Hydra Gloves | Rattler (Battle-Scarred)": {"sugprice": 4249, "profit": 296, "limit": 3834, "timest": 1700140866}, "StatTrak\u2122 M4A4 | Evil Daimyo (Minimal Wear)": {"sugprice": 807.4731249999999, "profit": 101, "limit": 728, "timest": 1700140497}, "StatTrak\u2122 SSG 08 | Dragonfire (Field-Tested)": {"sugprice": 3793.4478947368425, "profit": 444, "limit": 3423, "timest": 1700140621}, "\u2605 Specialist Gloves | Forest DDPAT (Battle-Scarred)": {"sugprice": 8258.6625, "profit": 815, "limit": 7453, "timest": 1700140918}, "StatTrak\u2122 M4A4 | Desert-Strike (Field-Tested)": {"sugprice": 1394.2666666666669, "profit": 268, "limit": 1258, "timest": 1700140488}, "\u2605 Broken Fang Gloves | Jade (Battle-Scarred)": {"sugprice": 7425, "profit": 554, "limit": 6701, "timest": 1700140776}, "StatTrak\u2122 M4A4 | Temukau (Battle-Scarred)": {"sugprice": 2544.481860465116, "profit": 236, "limit": 2296, "timest": 1700140511}, "\u2605 Hydra Gloves | Rattler (Well-Worn)": {"sugprice": 4722, "profit": 455, "limit": 4261, "timest": 1700140870}, "\u2605 Broken Fang Gloves | Needle Point (Well-Worn)": {"sugprice": 5577.7735999999995, "profit": 451, "limit": 5033, "timest": 1700140782}, "StatTrak\u2122 USP-S | Neo-Noir (Field-Tested)": {"sugprice": 3178, "profit": 236, "limit": 2868, "timest": 1700140656}, "USP-S | Whiteout (Battle-Scarred)": {"sugprice": 1761.045, "profit": 179, "limit": 1589, "timest": 1700140758}, "\u2605 Bloodhound Gloves | Guerrilla (Field-Tested)": {"sugprice": 6285.241538461539,