{"StatTrak\u2122 M4A1-S | Player Two (Battle-Scarred)": {"sugprice": 3241.6308333333327, "profit": 215, "limit": 2925, "timest": 1699976318}, "USP-S | Kill Confirmed (Well-Worn)": {"sugprice": 3325, "profit": 230, "limit": 3000, "timest": 1699976670}, "USP-S | Overgrowth (Field-Tested)": {"sugprice": 1969, "profit": 138, "limit": 1777, "timest": 1699976690}, "\u2605 Moto Gloves | Turtle (Battle-Scarred)": {"sugprice": 8311.50125, "profit": 572, "limit": 7501, "timest": 1699976865}, "\u2605 Navaja Knife | Scorched (Field-Tested)": {"sugprice": 7001.201111111111, "profit": 401, "limit": 6318, "timest": 1699976873}, "\u2605 Driver Gloves | Racing Green (Battle-Scarred)": {"sugprice": 4122.52847826087, "profit": 335, "limit": 3720, "timest": 1699976760}, "StatTrak\u2122 M4A4 | Royal Paladin (Battle-Scarred)": {"sugprice": 2311, "profit": 195, "limit": 2085, "timest": 1699976340}, "StatTrak\u2122 M4A4 | Temukau (Field-Tested)": {"sugprice": 3967.9739999999997, "profit": 225, "limit": 3581, "timest": 1699956888}, "StatTrak\u2122 M4A4 | The Emperor (Battle-Scarred)": {"sugprice": 2822.8037931034482, "profit": 208, "limit": 2547, "timest": 1699976351}, "StatTrak\u2122 USP-S | The Traitor (Well-Worn)": {"sugprice": 2128, "profit": 168, "limit": 1920, "timest": 1699976636}, "USP-S | Printstream (Minimal Wear)": {"sugprice": 4703, "profit": 405, "limit": 4244, "timest": 1699976697}, "USP-S | Whiteout (Minimal Wear)": {"sugprice": 2722, "profit": 194, "limit": 2456, "timest": 1699976720}, "\u2605 Broken Fang Gloves | Needle Point (Battle-Scarred)": {"sugprice": 5502.043191489361, "profit": 276, "limit": 4965, "timest": 1699976734}, "\u2605 Broken Fang Gloves | Needle Point (Field-Tested)": {"sugprice": 5641.898620689653, "profit": 433, "limit": 5091, "timest": 1699976736}, "\u2605 Driver Gloves | Racing Green (Well-Worn)": {"sugprice": 4120.964193548388, "profit": 225, "limit": 3719, "timest": 1699976764}, "\u2605 Hand Wraps | Constrictor (Battle-Scarred)": {"sugprice": 5023.577799999999, "profit": 371, "limit": 4533, "timest": 1699976827}, "\u2605 Hydra Gloves | Rattler (Field-Tested)": {"sugprice": 4384.6535416666675, "profit": 265, "limit": 3957, "timest": 1699973259}, "\u2605 Moto Gloves | Finish Line (Battle-Scarred)": {"sugprice": 7369.640952380952, "profit": 413, "limit": 6651, "timest": 1699976861}, "\u2605 Navaja Knife | Forest DDPAT (Field-Tested)": {"sugprice": 7022.884799999999, "profit": 371, "limit": 6338, "timest": 1699976868}, "\u2605 Navaja Knife | Safari Mesh (Field-Tested)": {"sugprice": 7390.654800000001, "profit": 531, "limit": 6670, "timest": 1699976872}, "\u2605 Shadow Daggers | Bright Water (Field-Tested)": {"sugprice": 8218.933720930232, "profit": 592, "limit": 7417, "timest": 1699976880}, "\u2605 Shadow Daggers | Rust Coat (Battle-Scarred)": {"sugprice": 7327.4839473684215, "profit": 361, "limit": 6613, "timest": 1699948789}, "\u2605 Broken Fang Gloves | Yellow-banded (Field-Tested)": {"sugprice": 6787.245, "profit": 637, "limit": 6125, "timest": 1699976749}, "\u2605 Hand Wraps | Arboreal (Battle-Scarred)": {"sugprice": 5306.555714285715, "profit": 363, "limit": 4789, "timest": 1699976808}, "Vypa Sista of the Revolution | Guerrilla Warfare": {"sugprice": 1719.0587096774193, "profit": 172, "limit": 1551, "timest": 1699976722}, "StatTrak\u2122 M4A4 | \u9f8d\u738b (Dragon King) (Battle-Scarred)": {"sugprice": 1544.1552777777779, "profit": 157, "limit": 1393, "timest": 1699976356}, "\u2605 Hydra Gloves | Mangrove (Battle-Scarred)": {"sugprice": 4234.8845, "profit": 352, "limit": 3821, "timest": 1699976850}, "USP-S | Monster Mashup (Minimal Wear)": {"sugprice": 2067, "profit": 147, "limit": 1865, "timest": 1699976676}, "\u2605 Broken Fang Gloves | Yellow-banded (Battle-Scarred)": {"sugprice": 6281.566599999999, "profit": 486, "limit": 5669, "timest": 1699976746}, "\u2605 Hydra Gloves | Mangrove (Well-Worn)": {"sugprice": 4355, "profit": 248, "limit": 3930, "timest": 1699976852}, "\u2605 Shadow Daggers | Scorched (Field-Tested)": {"sugprice": 7188.877, "profit": 379, "limit": 6487, "timest": 1699976886}, "StatTrak\u2122 M4A4 | Desolate Space (Battle-Scarred)": {"sugprice": 1238.8014285714282, "profit": 134, "limit": 1118, "timest": 1699976326}, "StatTrak\u2122 USP-S | Blueprint (Battle-Scarred)": {"sugprice": 1058, "profit": 110, "limit": 954, "timest": 1699968136}, "StatTrak\u2122 P90 | Asiimov (Battle-Scarred)": {"sugprice": 1381, "profit": 139, "limit": 1246, "timest": 1699976482}, "\u2605 Bloodhound Gloves | Guerrilla (Battle-Scarred)": {"sugprice": 5979.285, "profit": 288, "limit": 5396, "timest": 1699909182}, "\u2605 Hand Wraps | Desert Shamagh (Field-Tested)": {"sugprice": 5009.692045454546, "profit": 336, "limit": 4521, "timest": 1699976834}, "\u2605 Gut Knife | Forest DDPAT (Field-Tested)": {"sugprice": 7722.094, "profit": 429, "limit": 6969, "timest": 1699976775}, "\u2605 Moto Gloves | Transport (Battle-Scarred)": {"sugprice": 5247, "profit": 330, "limit": 4735, "timest": 1699976863}, "USP-S | The Traitor (Minimal Wear)": {"sugprice": 1475, "profit": 119, "limit": 1331, "timest": 1699976714}, "USP-S | Printstream (Well-Worn)": {"sugprice": 2762, "profit": 225, "limit": 2492, "timest": 1699974097}, "\u2605 Driver Gloves | Racing Green (Field-Tested)": {"sugprice": 4244.5716, "profit": 329, "limit": 3830, "timest": 1699976762}, "\u2605 Hand Wraps | Duct Tape (Field-Tested)": {"sugprice": 5344.994545454546, "profit": 396, "limit": 4823, "timest": 1699976840}, "USP-S | Monster Mashup (Well-Worn)": {"sugprice": 1361.1109677419354, "profit": 131, "limit": 1228, "timest": 1699976678}, "\u2605 Broken Fang Gloves | Unhinged (Battle-Scarred)": {"sugprice": 4982.837619047617, "profit": 324, "limit": 4497, "timest": 1699976740}, "\u2605 Hand Wraps | Arboreal (Field-Tested)": {"sugprice": 6464.251111111112, "profit": 600, "limit": 5833, "timest": 1699976811}, "StatTrak\u2122 M4A4 | Neo-Noir (Field-Tested)": {"sugprice": 1196.5583333333336, "profit": 104, "limit": 1079, "timest": 1699914566}, "USP-S | Kill Confirmed (Battle-Scarred)": {"sugprice": 3231, "profit": 204, "limit": 2915, "timest": 1699976664}, "StatTrak\u2122 M4A4 | Cyber Security (Battle-Scarred)": {"sugprice": 1633, "profit": 132, "limit": 1473, "timest": 1699976320}, "USP-S | Serum (Field-Tested)": {"sugprice": 3595.955294117647, "profit": 334, "limit": 3245, "timest": 1699976706}, "\u2605 Hand Wraps | Giraffe (Battle-Scarred)": {"sugprice": 6137, "profit": 342, "limit": 5538, "timest": 1699975739}, "USP-S | Neo-Noir (Well-Worn)": {"sugprice": 1633, "profit": 118, "limit": 1473, "timest": 1699976685}, "\u2605 Survival Knife | Safari Mesh (Field-Tested)": {"sugprice": 7920, "profit": 442, "limit": 7147, "timest": 1699976900}, "StatTrak\u2122 USP-S | Stainless (Battle-Scarred)": {"sugprice": 969.2270588235294, "profit": 102, "limit": 874, "timest": 1699949530}, "\u2605 Hydra Gloves | Case Hardened (Field-Tested)": {"sugprice": 8612.465384615383, "profit": 563, "limit": 7772, "timest": 1699976848}, "\u2605 Gut Knife | Rust Coat (Battle-Scarred)": {"sugprice": 8011, "profit": 388, "limit": 7229, "timest": 1699976189}, "\u2605 Moto Gloves | Smoke Out (Battle-Scarred)": {"sugprice": 7357, "profit": 555, "limit": 6639, "timest": 1699976862}, "USP-S | Serum (Minimal Wear)": {"sugprice": 3729.9600000000005, "profit": 178, "limit": 3366, "timest": 1699944032}, "\u2605 Hydra Gloves | Rattler (Battle-Scarred)": {"sugprice": 4439.841224489798, "profit": 244, "limit": 4006, "timest": 1699976854}, "StatTrak\u2122 M4A4 | Evil Daimyo (Minimal Wear)": {"sugprice": 830, "profit": 178, "limit": 749, "timest": 1699953013}, "StatTrak\u2122 SSG 08 | Dragonfire (Field-Tested)": {"sugprice": 3580.9509374999993, "profit": 294, "limit": 3231, "timest": 1699976587}, "USP-S | The Traitor (Field-Tested)": {"sugprice": 949.9602127659577, "profit": 110, "limit": 857, "timest": 1699952783}, "\u2605 Specialist Gloves | Forest DDPAT (Battle-Scarred)": {"sugprice": 8669.830526315787, "profit": 763, "limit": 7824,