{"StatTrak\u2122 USP-S | Neo-Noir (Field-Tested)": {"sugprice": 3279.1558823529417, "profit": 183, "limit": 2959, "timest": 1704361201}, "StatTrak\u2122 USP-S | The Traitor (Battle-Scarred)": {"sugprice": 2121, "profit": 156, "limit": 1914, "timest": 1704361216}, "USP-S | Kill Confirmed (Well-Worn)": {"sugprice": 3295, "profit": 157, "limit": 2973, "timest": 1704323402}, "\u2605 Driver Gloves | Convoy (Field-Tested)": {"sugprice": 6431.016756756757, "profit": 336, "limit": 5803, "timest": 1704340271}, "\u2605 Driver Gloves | Racing Green (Field-Tested)": {"sugprice": 4041.893333333333, "profit": 196, "limit": 3647, "timest": 1704309226}, "\u2605 Shadow Daggers | Boreal Forest (Field-Tested)": {"sugprice": 7088.027058823529, "profit": 470, "limit": 6396, "timest": 1704333729}, "\u2605 Bloodhound Gloves | Bronzed (Field-Tested)": {"sugprice": 6436.157999999999, "profit": 560, "limit": 5808, "timest": 1704361427}, "StatTrak\u2122 USP-S | Monster Mashup (Battle-Scarred)": {"sugprice": 1925.0810000000001, "profit": 117, "limit": 1737, "timest": 1704307481}, "USP-S | Printstream (Minimal Wear)": {"sugprice": 4661.267307692308, "profit": 229, "limit": 4206, "timest": 1704361345}, "\u2605 Paracord Knife | Forest DDPAT (Field-Tested)": {"sugprice": 8311.708999999999, "profit": 409, "limit": 7501, "timest": 1704361963}, "\u2605 Navaja Knife | Night Stripe (Field-Tested)": {"sugprice": 7025.162799999999, "profit": 372, "limit": 6340, "timest": 1704317328}, "\u2605 Specialist Gloves | Fade (Battle-Scarred)": {"sugprice": 15355.171333333335, "profit": 783, "limit": 13858, "timest": 1704329870}, "USP-S | Printstream (Well-Worn)": {"sugprice": 2747.1780000000003, "profit": 167, "limit": 2479, "timest": 1704361356}, "\u2605 Bloodhound Gloves | Bronzed (Battle-Scarred)": {"sugprice": 6257.101304347827, "profit": 311, "limit": 5647, "timest": 1704327639}, "\u2605 Hydra Gloves | Case Hardened (Battle-Scarred)": {"sugprice": 7388.829999999999, "profit": 389, "limit": 6668, "timest": 1704305833}, "\u2605 Driver Gloves | Queen Jaguar (Battle-Scarred)": {"sugprice": 6039.600799999999, "profit": 463, "limit": 5450, "timest": 1704361525}, "StatTrak\u2122 Tec-9 | Blue Titanium (Factory New)": {"sugprice": 856.407142857143, "profit": 114, "limit": 772, "timest": 1704325571}, "\u2605 Survival Knife | Safari Mesh (Field-Tested)": {"sugprice": 7698.15923076923, "profit": 368, "limit": 6947, "timest": 1704320651}, "\u2605 Hand Wraps | Constrictor (Field-Tested)": {"sugprice": 5298.44875, "profit": 386, "limit": 4781, "timest": 1704361589}, "\u2605 Broken Fang Gloves | Unhinged (Battle-Scarred)": {"sugprice": 5225.5545999999995, "profit": 286, "limit": 4716, "timest": 1704361470}, "StatTrak\u2122 M4A4 | \u9f8d\u738b (Dragon King) (Field-Tested)": {"sugprice": 1584.3538888888888, "profit": 120, "limit": 1429, "timest": 1704339718}, "StatTrak\u2122 USP-S | Printstream (Battle-Scarred)": {"sugprice": 4718.4125, "profit": 633, "limit": 4258, "timest": 1704304694}, "\u2605 Gut Knife | Bright Water (Field-Tested)": {"sugprice": 8595.568000000001, "profit": 508, "limit": 7757, "timest": 1704361550}, "\u2605 Navaja Knife | Safari Mesh (Battle-Scarred)": {"sugprice": 7166.652727272726, "profit": 540, "limit": 6467, "timest": 1704337826}, "\u2605 Navaja Knife | Stained (Field-Tested)": {"sugprice": 7646, "profit": 373, "limit": 6900, "timest": 1704328560}, "\u2605 Navaja Knife | Stained (Well-Worn)": {"sugprice": 7645.211111111111, "profit": 444, "limit": 6899, "timest": 1704361824}, "\u2605 Gut Knife | Boreal Forest (Field-Tested)": {"sugprice": 7505.200000000001, "profit": 485, "limit": 6773, "timest": 1704324076}, "USP-S | Royal Blue (Field-Tested)": {"sugprice": 1098.3238888888889, "profit": 144, "limit": 991, "timest": 1704361357}, "USP-S | Printstream (Field-Tested)": {"sugprice": 2828.54925, "profit": 140, "limit": 2552, "timest": 1704313274}, "StatTrak\u2122 SSG 08 | Turbo Peek (Battle-Scarred)": {"sugprice": 993.1054166666668, "profit": 111, "limit": 896, "timest": 1704361153}, "StatTrak\u2122 M4A4 | The Emperor (Battle-Scarred)": {"sugprice": 2574.9060000000004, "profit": 198, "limit": 2323, "timest": 1704342691}, "USP-S | Kill Confirmed (Battle-Scarred)": {"sugprice": 3205.4384000000005, "profit": 178, "limit": 2892, "timest": 1704361298}, "\u2605 Bowie Knife | Ultraviolet (Battle-Scarred)": {"sugprice": 9408.948571428573, "profit": 656, "limit": 8491, "timest": 1704361461}, "\u2605 Paracord Knife | Safari Mesh (Field-Tested)": {"sugprice": 7957, "profit": 506, "limit": 7181, "timest": 1704361965}, "\u2605 Hand Wraps | Arboreal (Field-Tested)": {"sugprice": 6060.27, "profit": 418, "limit": 5469, "timest": 1704361581}, "Vypa Sista of the Revolution | Guerrilla Warfare": {"sugprice": 1981.4755555555555, "profit": 166, "limit": 1788, "timest": 1704361405}, "\u2605 Broken Fang Gloves | Yellow-banded (Field-Tested)": {"sugprice": 6521, "profit": 332, "limit": 5885, "timest": 1704284584}, "\u2605 Huntsman Knife | Freehand (Field-Tested)": {"sugprice": 12046.740625, "profit": 622, "limit": 10872, "timest": 1704340471}, "\u2605 Shadow Daggers | Rust Coat (Battle-Scarred)": {"sugprice": 7035.665306122447, "profit": 381, "limit": 6349, "timest": 1704340720}, "\u2605 Gut Knife | Safari Mesh (Field-Tested)": {"sugprice": 7351, "profit": 359, "limit": 6634, "timest": 1704328432}, "StatTrak\u2122 P90 | Asiimov (Battle-Scarred)": {"sugprice": 1894.876428571428, "profit": 170, "limit": 1710, "timest": 1704361119}, "\u2605 Hydra Gloves | Emerald (Field-Tested)": {"sugprice": 5083.563829787235, "profit": 660, "limit": 4587, "timest": 1704361658}, "StatTrak\u2122 SSG 08 | Bloodshot (Field-Tested)": {"sugprice": 1608.929117647059, "profit": 128, "limit": 1452, "timest": 1704361140}, "\u2605 Bloodhound Gloves | Guerrilla (Battle-Scarred)": {"sugprice": 6338.528461538461, "profit": 381, "limit": 5720, "timest": 1704330259}, "USP-S | The Traitor (Minimal Wear)": {"sugprice": 1498.5682352941178, "profit": 126, "limit": 1352, "timest": 1704361394}, "StatTrak\u2122 SSG 08 | Turbo Peek (Field-Tested)": {"sugprice": 963.7147368421051, "profit": 116, "limit": 869, "timest": 1704361155}, "StatTrak\u2122 M4A4 | The Battlestar (Field-Tested)": {"sugprice": 1561, "profit": 249, "limit": 1408, "timest": 1704341996}, "USP-S | Whiteout (Battle-Scarred)": {"sugprice": 1818, "profit": 100, "limit": 1640, "timest": 1704276206}, "StatTrak\u2122 USP-S | Blueprint (Battle-Scarred)": {"sugprice": 1082.74, "profit": 188, "limit": 977, "timest": 1704361171}, "StatTrak\u2122 M4A4 | Tooth Fairy (Field-Tested)": {"sugprice": 526.8922222222222, "profit": 100, "limit": 475, "timest": 1704297649}, "StatTrak\u2122 M4A4 | Tooth Fairy (Battle-Scarred)": {"sugprice": 603.1824242424243, "profit": 131, "limit": 544, "timest": 1704339699}, "\u2605 Falchion Knife | Rust Coat (Battle-Scarred)": {"sugprice": 8580.790769230767, "profit": 527, "limit": 7744, "timest": 1704334960}, "\u2605 Hand Wraps | Giraffe (Battle-Scarred)": {"sugprice": 6029.666521739131, "profit": 413, "limit": 5441, "timest": 1704361623}, "\u2605 Bowie Knife | Rust Coat (Battle-Scarred)": {"sugprice": 8395.372631578946, "profit": 484, "limit": 7576, "timest": 1704361460}, "\u2605 Moto Gloves | Turtle (Battle-Scarred)": {"sugprice": 8097.081333333334, "profit": 808, "limit": 7307, "timest": 1704333694}, "\u2605 Hand Wraps | Duct Tape (Field-Tested)": {"sugprice": 5208.658064516128, "profit": 278, "limit": 4700, "timest": 1704324111}, "\u2605 Driver Gloves | Queen Jaguar (Field-Tested)": {"sugprice": 6133.038181818181, "profit": 308, "limit": 5535, "timest": 1704361527}, "\u2605 Huntsman Knife | Ultraviolet (Field-Tested)": {"sugprice": 10153.31, "profit": 626, "limit": 9163, "timest": 1704361639}, "StatTrak\u2122 M4A4 | \u9f8d\u738b (Dragon King) (Battle-Scarred)": {"sugprice": 1576, "profit": 102, "limit": 1422, "timest": 1704327988}, "\u2605 Navaja Knife | Stained (Battle-Scarred)": {"sugprice": 7385.736666666666, "profit": 635, "limit": 6665, "timest": 1704328558},