{"StatTrak\u2122 USP-S | Neo-Noir (Battle-Scarred)": {"sugprice": 2958.313870967743, "profit": 150, "limit": 2669, "timest": 1703558606}, "StatTrak\u2122 USP-S | Neo-Noir (Field-Tested)": {"sugprice": 3114.0574999999994, "profit": 243, "limit": 2810, "timest": 1703558610}, "StatTrak\u2122 USP-S | The Traitor (Battle-Scarred)": {"sugprice": 2107.2581632653055, "profit": 125, "limit": 1901, "timest": 1703558615}, "Tec-9 | Nuclear Threat (Battle-Scarred)": {"sugprice": 3179.8725, "profit": 191, "limit": 2869, "timest": 1703558623}, "USP-S | Kill Confirmed (Well-Worn)": {"sugprice": 3099.820638297872, "profit": 154, "limit": 2797, "timest": 1703558693}, "USP-S | Neo-Noir (Factory New)": {"sugprice": 3124.094705882353, "profit": 161, "limit": 2819, "timest": 1703558703}, "\u2605 Broken Fang Gloves | Yellow-banded (Battle-Scarred)": {"sugprice": 6207.280599999999, "profit": 390, "limit": 5602, "timest": 1703558792}, "\u2605 Driver Gloves | Convoy (Field-Tested)": {"sugprice": 6353.961428571429, "profit": 360, "limit": 5734, "timest": 1703558800}, "\u2605 Hand Wraps | Badlands (Battle-Scarred)": {"sugprice": 7511.837500000001, "profit": 682, "limit": 6779, "timest": 1703556324}, "\u2605 Hydra Gloves | Mangrove (Field-Tested)": {"sugprice": 4015.152599999999, "profit": 199, "limit": 3623, "timest": 1703559021}, "\u2605 Moto Gloves | Smoke Out (Battle-Scarred)": {"sugprice": 6915.598928571426, "profit": 335, "limit": 6241, "timest": 1703542095}, "\u2605 Moto Gloves | Transport (Field-Tested)": {"sugprice": 5585.66857142857, "profit": 397, "limit": 5041, "timest": 1703559065}, "\u2605 Navaja Knife | Scorched (Field-Tested)": {"sugprice": 6944.823124999998, "profit": 424, "limit": 6267, "timest": 1703559081}, "\u2605 Shadow Daggers | Freehand (Field-Tested)": {"sugprice": 9073.390952380953, "profit": 461, "limit": 8188, "timest": 1703531462}, "StatTrak\u2122 M4A4 | X-Ray (Minimal Wear)": {"sugprice": 4543.396, "profit": 225, "limit": 4100, "timest": 1703543088}, "\u2605 Hydra Gloves | Rattler (Field-Tested)": {"sugprice": 4074.4694, "profit": 223, "limit": 3677, "timest": 1703559036}, "\u2605 Driver Gloves | Racing Green (Field-Tested)": {"sugprice": 3888.6872, "profit": 262, "limit": 3509, "timest": 1703558826}, "\u2605 Shadow Daggers | Boreal Forest (Field-Tested)": {"sugprice": 7003.5199999999995, "profit": 481, "limit": 6320, "timest": 1703559125}, "\u2605 Bloodhound Gloves | Bronzed (Field-Tested)": {"sugprice": 6241.426875, "profit": 308, "limit": 5632, "timest": 1703543376}, "StatTrak\u2122 USP-S | Monster Mashup (Battle-Scarred)": {"sugprice": 1878.990625, "profit": 133, "limit": 1695, "timest": 1703558602}, "StatTrak\u2122 P250 | Muertos (Field-Tested)": {"sugprice": 1059.41, "profit": 123, "limit": 956, "timest": 1703519898}, "StatTrak\u2122 USP-S | The Traitor (Well-Worn)": {"sugprice": 2127.4251515151514, "profit": 150, "limit": 1920, "timest": 1703558619}, "\u2605 Hydra Gloves | Mangrove (Battle-Scarred)": {"sugprice": 3973.5352000000003, "profit": 205, "limit": 3586, "timest": 1703558961}, "StatTrak\u2122 USP-S | Stainless (Battle-Scarred)": {"sugprice": 1121.6113636363634, "profit": 102, "limit": 1012, "timest": 1703511562}, "USP-S | Printstream (Field-Tested)": {"sugprice": 2684.375833333333, "profit": 129, "limit": 2422, "timest": 1703506685}, "\u2605 Hand Wraps | Arboreal (Battle-Scarred)": {"sugprice": 5193.282121212122, "profit": 258, "limit": 4686, "timest": 1703531825}, "\u2605 Shadow Daggers | Forest DDPAT (Field-Tested)": {"sugprice": 7139.185600000001, "profit": 356, "limit": 6443, "timest": 1703559131}, "\u2605 Hand Wraps | Duct Tape (Battle-Scarred)": {"sugprice": 5092.532972972971, "profit": 242, "limit": 4596, "timest": 1703553012}, "\u2605 Bloodhound Gloves | Snakebite (Battle-Scarred)": {"sugprice": 6112.561111111111, "profit": 303, "limit": 5516, "timest": 1703558758}, "USP-S | Printstream (Minimal Wear)": {"sugprice": 4389.346, "profit": 209, "limit": 3961, "timest": 1703535323}, "\u2605 Huntsman Knife | Ultraviolet (Field-Tested)": {"sugprice": 10034.151904761904, "profit": 825, "limit": 9055, "timest": 1703558926}, "\u2605 Navaja Knife | Ultraviolet (Battle-Scarred)": {"sugprice": 7058.132142857144, "profit": 554, "limit": 6369, "timest": 1703510642}, "\u2605 Hydra Gloves | Rattler (Well-Worn)": {"sugprice": 4618.047600000001, "profit": 242, "limit": 4167, "timest": 1703542768}, "\u2605 Falchion Knife | Ultraviolet (Battle-Scarred)": {"sugprice": 10018.393749999997, "profit": 785, "limit": 9041, "timest": 1703556844}, "\u2605 Navaja Knife | Safari Mesh (Field-Tested)": {"sugprice": 7022.433799999999, "profit": 377, "limit": 6337, "timest": 1703559080}, "StatTrak\u2122 Tec-9 | Decimator (Battle-Scarred)": {"sugprice": 1849.6945454545455, "profit": 104, "limit": 1669, "timest": 1703540008}, "\u2605 Moto Gloves | Finish Line (Battle-Scarred)": {"sugprice": 6957.499310344826, "profit": 463, "limit": 6279, "timest": 1703559055}, "\u2605 Shadow Daggers | Bright Water (Field-Tested)": {"sugprice": 7521.712564102565, "profit": 500, "limit": 6788, "timest": 1703559127}, "\u2605 Moto Gloves | Turtle (Battle-Scarred)": {"sugprice": 7735.591875000001, "profit": 520, "limit": 6981, "timest": 1703559069}, "\u2605 Navaja Knife | Stained (Well-Worn)": {"sugprice": 7011.23125, "profit": 497, "limit": 6327, "timest": 1703500961}, "\u2605 Bowie Knife | Rust Coat (Battle-Scarred)": {"sugprice": 7918.31, "profit": 421, "limit": 7146, "timest": 1703523842}, "StatTrak\u2122 USP-S | Monster Mashup (Field-Tested)": {"sugprice": 1958.3689473684212, "profit": 149, "limit": 1767, "timest": 1703558604}, "\u2605 Paracord Knife | Forest DDPAT (Field-Tested)": {"sugprice": 8055.290000000001, "profit": 386, "limit": 7269, "timest": 1703559117}, "\u2605 Survival Knife | Boreal Forest (Field-Tested)": {"sugprice": 7432.657222222223, "profit": 355, "limit": 6707, "timest": 1703559164}, "\u2605 Navaja Knife | Night Stripe (Field-Tested)": {"sugprice": 7023.272142857141, "profit": 428, "limit": 6338, "timest": 1703559074}, "\u2605 Shadow Daggers | Rust Coat (Battle-Scarred)": {"sugprice": 6803.150624999999, "profit": 678, "limit": 6139, "timest": 1703559135}, "\u2605 Hydra Gloves | Emerald (Well-Worn)": {"sugprice": 4642.4068421052625, "profit": 246, "limit": 4189, "timest": 1703558957}, "\u2605 Moto Gloves | Boom! (Battle-Scarred)": {"sugprice": 7389.433636363636, "profit": 361, "limit": 6668, "timest": 1703519177}, "\u2605 Specialist Gloves | Fade (Battle-Scarred)": {"sugprice": 15095.11363636364, "profit": 915, "limit": 13623, "timest": 1703559154}, "USP-S | Para Green (Battle-Scarred)": {"sugprice": 702.73, "profit": 170, "limit": 634, "timest": 1703558717}, "\u2605 Shadow Daggers | Ultraviolet (Battle-Scarred)": {"sugprice": 7812.19619047619, "profit": 372, "limit": 7050, "timest": 1703482765}, "USP-S | Kill Confirmed (Battle-Scarred)": {"sugprice": 3085.0571999999984, "profit": 268, "limit": 2784, "timest": 1703558687}, "\u2605 Driver Gloves | Overtake (Battle-Scarred)": {"sugprice": 6486.2304651162785, "profit": 345, "limit": 5853, "timest": 1703491934}, "USP-S | Monster Mashup (Well-Worn)": {"sugprice": 1242.5422727272728, "profit": 103, "limit": 1121, "timest": 1703519992}, "StatTrak\u2122 P90 | Asiimov (Battle-Scarred)": {"sugprice": 1883.696896551724, "profit": 102, "limit": 1700, "timest": 1703539343}, "\u2605 Moto Gloves | Transport (Battle-Scarred)": {"sugprice": 5246.401399999999, "profit": 252, "limit": 4734, "timest": 1703534507}, "StatTrak\u2122 SSG 08 | Bloodshot (Field-Tested)": {"sugprice": 1740.0353571428575, "profit": 158, "limit": 1570, "timest": 1703558566}, "\u2605 Gut Knife | Bright Water (Field-Tested)": {"sugprice": 8215.99111111111, "profit": 405, "limit": 7414, "timest": 1703502490}, "StatTrak\u2122 SSG 08 | Dragonfire (Battle-Scarred)": {"sugprice": 3032.59, "profit": 165, "limit": 2736, "timest": 1703558575}, "\u2605 Moto Gloves | Eclipse (Battle-Scarred)": {"sugprice": 6651.077142857143, "profit": 316, "limit": 6002,