{"\u2605 Hand Wraps | CAUTION! (Battle-Scarred)": {"sugprice": 14926.615333333331, "profit": 792, "limit": 13471, "timest": 1708191213}, "\u2605 Shadow Daggers | Autotronic (Battle-Scarred)": {"sugprice": 9033.692142857142, "profit": 481, "limit": 8152, "timest": 1708177886}, "USP-S | Royal Blue (Field-Tested)": {"sugprice": 1349.1635, "profit": 123, "limit": 1217, "timest": 1708247062}, "\u2605 Driver Gloves | Racing Green (Field-Tested)": {"sugprice": 4224.686590909091, "profit": 201, "limit": 3812, "timest": 1708177047}, "\u2605 Driver Gloves | Black Tie (Battle-Scarred)": {"sugprice": 10660.6475, "profit": 518, "limit": 9621, "timest": 1708216711}, "\u2605 Gut Knife | Doppler (Factory New)": {"sugprice": 16852.782666666666, "profit": 1154, "limit": 15209, "timest": 1708247246}, "\u2605 Navaja Knife | Ultraviolet (Battle-Scarred)": {"sugprice": 7314.441176470588, "profit": 448, "limit": 6601, "timest": 1708247412}, "USP-S | Monster Mashup (Minimal Wear)": {"sugprice": 2272.937058823529, "profit": 115, "limit": 2051, "timest": 1708247025}, "\u2605 Gut Knife | Safari Mesh (Field-Tested)": {"sugprice": 7546.518235294117, "profit": 515, "limit": 6810, "timest": 1708205318}, "\u2605 Hand Wraps | Spruce DDPAT (Battle-Scarred)": {"sugprice": 7341.691428571428, "profit": 435, "limit": 6625, "timest": 1708171723}, "\u2605 Navaja Knife | Stained (Battle-Scarred)": {"sugprice": 7482.90923076923, "profit": 357, "limit": 6753, "timest": 1708204086}, "StatTrak\u2122 P2000 | Imperial Dragon (Field-Tested)": {"sugprice": 844.133714285714, "profit": 105, "limit": 761, "timest": 1708246883}, "USP-S | Serum (Minimal Wear)": {"sugprice": 3297.0099999999998, "profit": 214, "limit": 2975, "timest": 1708245422}, "\u2605 Huntsman Knife | Lore (Battle-Scarred)": {"sugprice": 14506.125454545456, "profit": 1055, "limit": 13091, "timest": 1708247328}, "\u2605 Hydra Gloves | Rattler (Well-Worn)": {"sugprice": 4607.497307692308, "profit": 225, "limit": 4158, "timest": 1708244115}, "\u2605 Falchion Knife | Ultraviolet (Battle-Scarred)": {"sugprice": 10514.549333333332, "profit": 805, "limit": 9489, "timest": 1708243979}, "\u2605 Hand Wraps | Giraffe (Well-Worn)": {"sugprice": 6002.731999999999, "profit": 448, "limit": 5417, "timest": 1708244787}, "\u2605 Driver Gloves | Diamondback (Battle-Scarred)": {"sugprice": 7200.715714285715, "profit": 508, "limit": 6498, "timest": 1708247157}, "StatTrak\u2122 SSG 08 | Turbo Peek (Field-Tested)": {"sugprice": 875.4894736842105, "profit": 107, "limit": 790, "timest": 1708178953}, "StatTrak\u2122 USP-S | Neo-Noir (Field-Tested)": {"sugprice": 3455, "profit": 231, "limit": 3118, "timest": 1708246968}, "\u2605 Specialist Gloves | Crimson Web (Battle-Scarred)": {"sugprice": 12365.879333333336, "profit": 605, "limit": 11160, "timest": 1708209503}, "USP-S | Orion (Field-Tested)": {"sugprice": 3786.2338775510216, "profit": 181, "limit": 3417, "timest": 1708163908}, "\u2605 Shadow Daggers | Ultraviolet (Battle-Scarred)": {"sugprice": 8225.544444444444, "profit": 450, "limit": 7423, "timest": 1708247473}, "\u2605 Specialist Gloves | Fade (Battle-Scarred)": {"sugprice": 15676.618928571432, "profit": 786, "limit": 14148, "timest": 1708205536}, "\u2605 Paracord Knife | Safari Mesh (Field-Tested)": {"sugprice": 8001.253636363635, "profit": 381, "limit": 7221, "timest": 1708235975}, "\u2605 Survival Knife | Stained (Battle-Scarred)": {"sugprice": 10063.025555555556, "profit": 510, "limit": 9081, "timest": 1708190176}, "\u2605 Moto Gloves | Smoke Out (Battle-Scarred)": {"sugprice": 8047.806470588235, "profit": 384, "limit": 7263, "timest": 1708215504}, "StatTrak\u2122 USP-S | Caiman (Field-Tested)": {"sugprice": 5164, "profit": 249, "limit": 4660, "timest": 1708246953}, "\u2605 Hand Wraps | Constrictor (Field-Tested)": {"sugprice": 5597.944166666667, "profit": 307, "limit": 5052, "timest": 1708244768}, "USP-S | Whiteout (Field-Tested)": {"sugprice": 2286.5551515151524, "profit": 169, "limit": 2063, "timest": 1708247088}, "\u2605 Specialist Gloves | Marble Fade (Battle-Scarred)": {"sugprice": 14301.98733333333, "profit": 986, "limit": 12907, "timest": 1708247497}, "\u2605 Moto Gloves | 3rd Commando Company (Well-Worn)": {"sugprice": 5681.246666666666, "profit": 396, "limit": 5127, "timest": 1708247384}, "\u2605 Navaja Knife | Crimson Web (Battle-Scarred)": {"sugprice": 8688.343749999998, "profit": 697, "limit": 7841, "timest": 1708247396}, "\u2605 Falchion Knife | Ultraviolet (Field-Tested)": {"sugprice": 10879.71, "profit": 588, "limit": 9818, "timest": 1708247221}, "\u2605 Shadow Daggers | Freehand (Field-Tested)": {"sugprice": 9207.570588235292, "profit": 445, "limit": 8309, "timest": 1708170620}, "\u2605 Falchion Knife | Lore (Battle-Scarred)": {"sugprice": 14586.360714285713, "profit": 1083, "limit": 13164, "timest": 1708247211}, "\u2605 Broken Fang Gloves | Jade (Battle-Scarred)": {"sugprice": 8044.034285714287, "profit": 418, "limit": 7259, "timest": 1708183178}, "\u2605 Broken Fang Gloves | Needle Point (Well-Worn)": {"sugprice": 5360.833846153847, "profit": 379, "limit": 4838, "timest": 1708196489}, "\u2605 Hand Wraps | Desert Shamagh (Battle-Scarred)": {"sugprice": 5319.802045454545, "profit": 313, "limit": 4801, "timest": 1708247288}, "USP-S | Kill Confirmed (Battle-Scarred)": {"sugprice": 3553.2316666666666, "profit": 220, "limit": 3206, "timest": 1708244507}, "USP-S | Purple DDPAT (Minimal Wear)": {"sugprice": 1273.978, "profit": 100, "limit": 1149, "timest": 1708238385}, "\u2605 Hydra Gloves | Mangrove (Field-Tested)": {"sugprice": 4396.7059183673455, "profit": 227, "limit": 3968, "timest": 1708182053}, "\u2605 Falchion Knife | Black Laminate (Well-Worn)": {"sugprice": 10804.306, "profit": 1096, "limit": 9750, "timest": 1708247207}, "\u2605 Survival Knife | Boreal Forest (Field-Tested)": {"sugprice": 7880.784545454546, "profit": 456, "limit": 7112, "timest": 1708162319}, "StatTrak\u2122 Tec-9 | Titanium Bit (Minimal Wear)": {"sugprice": 1070, "profit": 106, "limit": 965, "timest": 1708170130}, "StatTrak\u2122 MP9 | Hypnotic (Factory New)": {"sugprice": 3145.6259999999997, "profit": 189, "limit": 2838, "timest": 1708242902}, "\u2605 Sport Gloves | Bronze Morph (Battle-Scarred)": {"sugprice": 10251.4884, "profit": 527, "limit": 9251, "timest": 1708246705}, "\u2605 Gut Knife | Boreal Forest (Field-Tested)": {"sugprice": 7770.63875, "profit": 450, "limit": 7013, "timest": 1708247225}, "\u2605 Hydra Gloves | Case Hardened (Battle-Scarred)": {"sugprice": 8005.9346153846145, "profit": 455, "limit": 7225, "timest": 1708245664}, "\u2605 Specialist Gloves | Forest DDPAT (Battle-Scarred)": {"sugprice": 8114.696875000001, "profit": 447, "limit": 7323, "timest": 1708162309}, "StatTrak\u2122 USP-S | The Traitor (Battle-Scarred)": {"sugprice": 2363.4773333333333, "profit": 114, "limit": 2133, "timest": 1708203684}, "USP-S | Whiteout (Battle-Scarred)": {"sugprice": 2088, "profit": 165, "limit": 1884, "timest": 1708247086}, "\u2605 Navaja Knife | Doppler (Factory New)": {"sugprice": 16944.986666666668, "profit": 1249, "limit": 15292, "timest": 1708246534}, "\u2605 Paracord Knife | Forest DDPAT (Battle-Scarred)": {"sugprice": 8383.958181818183, "profit": 563, "limit": 7566, "timest": 1708247418}, "\u2605 Broken Fang Gloves | Yellow-banded (Battle-Scarred)": {"sugprice": 5790.401956521739, "profit": 279, "limit": 5225, "timest": 1708197155}, "\u2605 Gut Knife | Rust Coat (Battle-Scarred)": {"sugprice": 7933.206923076925, "profit": 452, "limit": 7159, "timest": 1708236504}, "\u2605 Paracord Knife | Boreal Forest (Field-Tested)": {"sugprice": 8278.201, "profit": 398, "limit": 7471, "timest": 1708175217}, "\u2605 Navaja Knife | Marble Fade (Factory New)": {"sugprice": 15493.7428, "profit": 739, "limit": 13983, "timest": 1708173852}, "StatTrak\u2122 MP7 | Bloodsport (Factory New)": {"sugprice": 1369.64, "profit": 131, "limit": 1236, "timest": 1708246869}, "StatTrak\u2122 SSG 08 | Dragonfire (Field-Tested)": {"sugprice": 3051.170526315789, "profit": 145,