{"USP-S | Kill Confirmed (Well-Worn)": {"sugprice": 3126, "profit": 222, "limit": 2821, "timest": 1700142541}, "USP-S | Overgrowth (Field-Tested)": {"sugprice": 2013.378076923077, "profit": 163, "limit": 1817, "timest": 1700142560}, "\u2605 Moto Gloves | Turtle (Battle-Scarred)": {"sugprice": 8036.7366666666685, "profit": 625, "limit": 7253, "timest": 1700142725}, "\u2605 Navaja Knife | Scorched (Field-Tested)": {"sugprice": 6947.130285714284, "profit": 666, "limit": 6269, "timest": 1700142737}, "\u2605 Driver Gloves | Racing Green (Battle-Scarred)": {"sugprice": 4130.594680851063, "profit": 430, "limit": 3727, "timest": 1700142628}, "StatTrak\u2122 M4A4 | Royal Paladin (Battle-Scarred)": {"sugprice": 2258.3268749999997, "profit": 150, "limit": 2038, "timest": 1700142373}, "StatTrak\u2122 M4A4 | The Emperor (Battle-Scarred)": {"sugprice": 2707, "profit": 351, "limit": 2443, "timest": 1700142390}, "StatTrak\u2122 USP-S | The Traitor (Well-Worn)": {"sugprice": 2118, "profit": 199, "limit": 1911, "timest": 1700142503}, "USP-S | Printstream (Minimal Wear)": {"sugprice": 4257, "profit": 212, "limit": 3841, "timest": 1700142566}, "USP-S | Whiteout (Minimal Wear)": {"sugprice": 2647, "profit": 177, "limit": 2388, "timest": 1700142589}, "\u2605 Broken Fang Gloves | Needle Point (Battle-Scarred)": {"sugprice": 5459.771086956522, "profit": 581, "limit": 4927, "timest": 1700142604}, "\u2605 Broken Fang Gloves | Needle Point (Field-Tested)": {"sugprice": 5531.814444444445, "profit": 484, "limit": 4992, "timest": 1700142606}, "\u2605 Driver Gloves | Racing Green (Well-Worn)": {"sugprice": 4220.885500000001, "profit": 416, "limit": 3809, "timest": 1700142632}, "\u2605 Hand Wraps | Constrictor (Battle-Scarred)": {"sugprice": 4958.244324324324, "profit": 570, "limit": 4474, "timest": 1700142169}, "\u2605 Hydra Gloves | Rattler (Field-Tested)": {"sugprice": 4198, "profit": 387, "limit": 3788, "timest": 1700142715}, "\u2605 Moto Gloves | Finish Line (Battle-Scarred)": {"sugprice": 7259.357500000001, "profit": 459, "limit": 6551, "timest": 1700142720}, "\u2605 Navaja Knife | Forest DDPAT (Field-Tested)": {"sugprice": 6965.144400000001, "profit": 562, "limit": 6286, "timest": 1700142729}, "\u2605 Navaja Knife | Safari Mesh (Field-Tested)": {"sugprice": 7009, "profit": 501, "limit": 6325, "timest": 1700142735}, "\u2605 Shadow Daggers | Bright Water (Field-Tested)": {"sugprice": 7806.407272727272, "profit": 775, "limit": 7045, "timest": 1700142749}, "\u2605 Shadow Daggers | Rust Coat (Battle-Scarred)": {"sugprice": 7023.335483870968, "profit": 582, "limit": 6338, "timest": 1700142754}, "\u2605 Broken Fang Gloves | Yellow-banded (Field-Tested)": {"sugprice": 6773.040526315791, "profit": 622, "limit": 6112, "timest": 1700142617}, "\u2605 Hand Wraps | Arboreal (Battle-Scarred)": {"sugprice": 5107.956153846155, "profit": 522, "limit": 4609, "timest": 1700142649}, "Vypa Sista of the Revolution | Guerrilla Warfare": {"sugprice": 1622.1294444444443, "profit": 137, "limit": 1463, "timest": 1700142590}, "StatTrak\u2122 M4A4 | \u9f8d\u738b (Dragon King) (Battle-Scarred)": {"sugprice": 1508.548611111111, "profit": 131, "limit": 1361, "timest": 1700142396}, "\u2605 Hydra Gloves | Mangrove (Battle-Scarred)": {"sugprice": 4137.0327777777775, "profit": 373, "limit": 3733, "timest": 1700142705}, "USP-S | Monster Mashup (Minimal Wear)": {"sugprice": 1873.8242857142857, "profit": 144, "limit": 1691, "timest": 1700142546}, "\u2605 Broken Fang Gloves | Yellow-banded (Battle-Scarred)": {"sugprice": 5890, "profit": 794, "limit": 5315, "timest": 1700142615}, "\u2605 Hydra Gloves | Mangrove (Well-Worn)": {"sugprice": 4325, "profit": 208, "limit": 3903, "timest": 1700136139}, "\u2605 Shadow Daggers | Scorched (Field-Tested)": {"sugprice": 7330.607000000001, "profit": 551, "limit": 6615, "timest": 1700142756}, "StatTrak\u2122 M4A4 | Desolate Space (Battle-Scarred)": {"sugprice": 1219.9792500000003, "profit": 100, "limit": 1101, "timest": 1700138666}, "StatTrak\u2122 P90 | Asiimov (Battle-Scarred)": {"sugprice": 1416, "profit": 130, "limit": 1277, "timest": 1700142441}, "\u2605 Hand Wraps | Desert Shamagh (Field-Tested)": {"sugprice": 4946.472142857144, "profit": 250, "limit": 4464, "timest": 1700142673}, "\u2605 Gut Knife | Forest DDPAT (Field-Tested)": {"sugprice": 7731.27909090909, "profit": 547, "limit": 6977, "timest": 1700142642}, "\u2605 Moto Gloves | Transport (Battle-Scarred)": {"sugprice": 5277.2125, "profit": 413, "limit": 4762, "timest": 1700142220}, "USP-S | The Traitor (Minimal Wear)": {"sugprice": 1453.3448780487802, "profit": 148, "limit": 1311, "timest": 1700142583}, "USP-S | Printstream (Well-Worn)": {"sugprice": 2752, "profit": 250, "limit": 2483, "timest": 1700142568}, "\u2605 Driver Gloves | Racing Green (Field-Tested)": {"sugprice": 4145.413333333334, "profit": 303, "limit": 3741, "timest": 1700142630}, "\u2605 Hand Wraps | Duct Tape (Field-Tested)": {"sugprice": 5222.260476190477, "profit": 343, "limit": 4713, "timest": 1700142681}, "USP-S | Monster Mashup (Well-Worn)": {"sugprice": 1342.5621739130436, "profit": 124, "limit": 1211, "timest": 1700142548}, "\u2605 Broken Fang Gloves | Unhinged (Battle-Scarred)": {"sugprice": 5100.393673469389, "profit": 345, "limit": 4603, "timest": 1700142610}, "\u2605 Hand Wraps | Arboreal (Field-Tested)": {"sugprice": 6039, "profit": 536, "limit": 5450, "timest": 1700142652}, "USP-S | Kill Confirmed (Battle-Scarred)": {"sugprice": 3013.684411764705, "profit": 241, "limit": 2719, "timest": 1700142533}, "StatTrak\u2122 M4A4 | Cyber Security (Battle-Scarred)": {"sugprice": 1576.0388235294117, "profit": 123, "limit": 1422, "timest": 1700130324}, "USP-S | Serum (Field-Tested)": {"sugprice": 3484.277727272727, "profit": 344, "limit": 3144, "timest": 1700142576}, "\u2605 Hand Wraps | Giraffe (Battle-Scarred)": {"sugprice": 5933, "profit": 429, "limit": 5354, "timest": 1700142684}, "USP-S | Neo-Noir (Well-Worn)": {"sugprice": 1515, "profit": 126, "limit": 1367, "timest": 1700142554}, "\u2605 Survival Knife | Safari Mesh (Field-Tested)": {"sugprice": 7622, "profit": 572, "limit": 6878, "timest": 1700142775}, "\u2605 Hydra Gloves | Case Hardened (Field-Tested)": {"sugprice": 8117, "profit": 583, "limit": 7325, "timest": 1700142699}, "\u2605 Gut Knife | Rust Coat (Battle-Scarred)": {"sugprice": 7938.986000000002, "profit": 728, "limit": 7164, "timest": 1700142643}, "\u2605 Moto Gloves | Smoke Out (Battle-Scarred)": {"sugprice": 7137.177272727274, "profit": 699, "limit": 6441, "timest": 1700142721}, "\u2605 Hydra Gloves | Rattler (Battle-Scarred)": {"sugprice": 4247, "profit": 294, "limit": 3832, "timest": 1700142712}, "StatTrak\u2122 M4A4 | Evil Daimyo (Minimal Wear)": {"sugprice": 807.4731249999999, "profit": 101, "limit": 728, "timest": 1700142365}, "StatTrak\u2122 SSG 08 | Dragonfire (Field-Tested)": {"sugprice": 3793.4478947368425, "profit": 445, "limit": 3423, "timest": 1700142457}, "\u2605 Specialist Gloves | Forest DDPAT (Battle-Scarred)": {"sugprice": 8258.6625, "profit": 812, "limit": 7453, "timest": 1700142765}, "StatTrak\u2122 M4A4 | Desert-Strike (Field-Tested)": {"sugprice": 1394.2666666666669, "profit": 268, "limit": 1258, "timest": 1700142359}, "\u2605 Broken Fang Gloves | Jade (Battle-Scarred)": {"sugprice": 7425, "profit": 554, "limit": 6701, "timest": 1700142602}, "StatTrak\u2122 M4A4 | Temukau (Battle-Scarred)": {"sugprice": 2530.595952380952, "profit": 215, "limit": 2283, "timest": 1700142382}, "\u2605 Hydra Gloves | Rattler (Well-Worn)": {"sugprice": 4722, "profit": 385, "limit": 4261, "timest": 1700142716}, "\u2605 Broken Fang Gloves | Needle Point (Well-Worn)": {"sugprice": 5577.7735999999995, "profit": 451, "limit": 5033, "timest": 1700142608}, "StatTrak\u2122 USP-S | Neo-Noir (Field-Tested)": {"sugprice": 3176, "profit": 235, "limit": 2866, "timest": 1700142493}, "USP-S | Whiteout (Battle-Scarred)": {"sugprice": 1793.795, "profit": 193, "limit": 1618, "timest": 1700142585},