{"USP-S | Kill Confirmed (Well-Worn)": {"sugprice": 3299.8287755102033, "profit": 338, "limit": 2978, "timest": 1700154354}, "USP-S | Overgrowth (Field-Tested)": {"sugprice": 2013.802692307692, "profit": 262, "limit": 1817, "timest": 1700154379}, "\u2605 Moto Gloves | Turtle (Battle-Scarred)": {"sugprice": 8032.812631578948, "profit": 554, "limit": 7249, "timest": 1700154549}, "\u2605 Navaja Knife | Scorched (Field-Tested)": {"sugprice": 6949.307000000001, "profit": 664, "limit": 6271, "timest": 1700154560}, "\u2605 Driver Gloves | Racing Green (Battle-Scarred)": {"sugprice": 4133.221276595745, "profit": 411, "limit": 3730, "timest": 1700154478}, "StatTrak\u2122 M4A4 | Royal Paladin (Battle-Scarred)": {"sugprice": 2172.1024999999995, "profit": 109, "limit": 1960, "timest": 1700154203}, "StatTrak\u2122 M4A4 | The Emperor (Battle-Scarred)": {"sugprice": 2672, "profit": 295, "limit": 2411, "timest": 1700154216}, "StatTrak\u2122 USP-S | The Traitor (Well-Worn)": {"sugprice": 2117, "profit": 195, "limit": 1910, "timest": 1700154321}, "USP-S | Printstream (Minimal Wear)": {"sugprice": 4447, "profit": 468, "limit": 4013, "timest": 1700154386}, "USP-S | Whiteout (Minimal Wear)": {"sugprice": 2636, "profit": 188, "limit": 2378, "timest": 1700154435}, "\u2605 Broken Fang Gloves | Needle Point (Battle-Scarred)": {"sugprice": 5460.38, "profit": 560, "limit": 4927, "timest": 1700154453}, "\u2605 Broken Fang Gloves | Needle Point (Field-Tested)": {"sugprice": 5551.650000000001, "profit": 493, "limit": 5010, "timest": 1700154455}, "\u2605 Driver Gloves | Racing Green (Well-Worn)": {"sugprice": 4260.619000000001, "profit": 450, "limit": 3845, "timest": 1700154482}, "\u2605 Hand Wraps | Constrictor (Battle-Scarred)": {"sugprice": 4891.449999999999, "profit": 505, "limit": 4414, "timest": 1700154508}, "\u2605 Hydra Gloves | Rattler (Field-Tested)": {"sugprice": 4225.875405405405, "profit": 410, "limit": 3813, "timest": 1700148039}, "\u2605 Moto Gloves | Finish Line (Battle-Scarred)": {"sugprice": 7262.085, "profit": 446, "limit": 6554, "timest": 1700154543}, "\u2605 Navaja Knife | Forest DDPAT (Field-Tested)": {"sugprice": 6957.783461538462, "profit": 557, "limit": 6279, "timest": 1700154553}, "\u2605 Navaja Knife | Safari Mesh (Field-Tested)": {"sugprice": 6930, "profit": 428, "limit": 6254, "timest": 1700154558}, "\u2605 Shadow Daggers | Bright Water (Field-Tested)": {"sugprice": 7816.473428571427, "profit": 613, "limit": 7054, "timest": 1700154572}, "\u2605 Shadow Daggers | Rust Coat (Battle-Scarred)": {"sugprice": 7011.97724137931, "profit": 627, "limit": 6328, "timest": 1700154578}, "\u2605 Broken Fang Gloves | Yellow-banded (Field-Tested)": {"sugprice": 6336, "profit": 318, "limit": 5718, "timest": 1700154467}, "\u2605 Hand Wraps | Arboreal (Battle-Scarred)": {"sugprice": 5130.443846153846, "profit": 539, "limit": 4630, "timest": 1700154502}, "Vypa Sista of the Revolution | Guerrilla Warfare": {"sugprice": 1629.19, "profit": 136, "limit": 1470, "timest": 1700154437}, "StatTrak\u2122 M4A4 | \u9f8d\u738b (Dragon King) (Battle-Scarred)": {"sugprice": 1500.6691428571423, "profit": 129, "limit": 1354, "timest": 1700154222}, "\u2605 Hydra Gloves | Mangrove (Battle-Scarred)": {"sugprice": 4135.685641025642, "profit": 372, "limit": 3732, "timest": 1700154531}, "USP-S | Monster Mashup (Minimal Wear)": {"sugprice": 1874.330714285714, "profit": 139, "limit": 1691, "timest": 1700154361}, "\u2605 Broken Fang Gloves | Yellow-banded (Battle-Scarred)": {"sugprice": 6074.4106382978725, "profit": 756, "limit": 5482, "timest": 1700154465}, "\u2605 Hydra Gloves | Mangrove (Well-Worn)": {"sugprice": 4158, "profit": 247, "limit": 3752, "timest": 1700154533}, "\u2605 Shadow Daggers | Scorched (Field-Tested)": {"sugprice": 7332.6410000000005, "profit": 552, "limit": 6617, "timest": 1700154579}, "StatTrak\u2122 M4A4 | Desolate Space (Battle-Scarred)": {"sugprice": 1221.4010810810812, "profit": 116, "limit": 1102, "timest": 1700154189}, "StatTrak\u2122 P90 | Asiimov (Battle-Scarred)": {"sugprice": 1417, "profit": 125, "limit": 1278, "timest": 1700154264}, "\u2605 Hand Wraps | Desert Shamagh (Field-Tested)": {"sugprice": 4911.241578947368, "profit": 445, "limit": 4432, "timest": 1700153361}, "\u2605 Gut Knife | Forest DDPAT (Field-Tested)": {"sugprice": 7746.719999999999, "profit": 778, "limit": 6991, "timest": 1700154494}, "\u2605 Moto Gloves | Transport (Battle-Scarred)": {"sugprice": 5257.805588235295, "profit": 383, "limit": 4745, "timest": 1700154547}, "USP-S | The Traitor (Minimal Wear)": {"sugprice": 1454.8288372093025, "profit": 131, "limit": 1312, "timest": 1700153279}, "USP-S | Printstream (Well-Worn)": {"sugprice": 2755, "profit": 294, "limit": 2486, "timest": 1700154395}, "\u2605 Driver Gloves | Racing Green (Field-Tested)": {"sugprice": 4038, "profit": 246, "limit": 3644, "timest": 1700152343}, "\u2605 Hand Wraps | Duct Tape (Field-Tested)": {"sugprice": 5214.7809090909095, "profit": 522, "limit": 4706, "timest": 1700154521}, "USP-S | Monster Mashup (Well-Worn)": {"sugprice": 1342.8839130434785, "profit": 123, "limit": 1211, "timest": 1700154363}, "\u2605 Broken Fang Gloves | Unhinged (Battle-Scarred)": {"sugprice": 5113.494693877551, "profit": 356, "limit": 4614, "timest": 1700154459}, "\u2605 Hand Wraps | Arboreal (Field-Tested)": {"sugprice": 5841, "profit": 348, "limit": 5271, "timest": 1700152368}, "USP-S | Kill Confirmed (Battle-Scarred)": {"sugprice": 3008.3361111111117, "profit": 212, "limit": 2715, "timest": 1700145869}, "StatTrak\u2122 M4A4 | Cyber Security (Battle-Scarred)": {"sugprice": 1576.0388235294117, "profit": 123, "limit": 1422, "timest": 1700130324}, "USP-S | Serum (Field-Tested)": {"sugprice": 3462.189166666667, "profit": 360, "limit": 3124, "timest": 1700154406}, "\u2605 Hand Wraps | Giraffe (Battle-Scarred)": {"sugprice": 5643, "profit": 299, "limit": 5092, "timest": 1700154523}, "USP-S | Neo-Noir (Well-Worn)": {"sugprice": 1513, "profit": 122, "limit": 1365, "timest": 1700154371}, "\u2605 Survival Knife | Safari Mesh (Field-Tested)": {"sugprice": 7620, "profit": 569, "limit": 6877, "timest": 1700154600}, "\u2605 Hydra Gloves | Case Hardened (Field-Tested)": {"sugprice": 8117, "profit": 582, "limit": 7325, "timest": 1700154530}, "\u2605 Gut Knife | Rust Coat (Battle-Scarred)": {"sugprice": 7931.924054054052, "profit": 720, "limit": 7158, "timest": 1700154496}, "\u2605 Moto Gloves | Smoke Out (Battle-Scarred)": {"sugprice": 6830, "profit": 537, "limit": 6164, "timest": 1700152912}, "\u2605 Hydra Gloves | Rattler (Battle-Scarred)": {"sugprice": 4492.518648648648, "profit": 527, "limit": 4054, "timest": 1700154535}, "StatTrak\u2122 M4A4 | Evil Daimyo (Minimal Wear)": {"sugprice": 807.6124999999998, "profit": 101, "limit": 728, "timest": 1700154195}, "StatTrak\u2122 SSG 08 | Dragonfire (Field-Tested)": {"sugprice": 3838.096842105263, "profit": 476, "limit": 3463, "timest": 1700154280}, "\u2605 Specialist Gloves | Forest DDPAT (Battle-Scarred)": {"sugprice": 8245.292352941175, "profit": 793, "limit": 7441, "timest": 1700154590}, "StatTrak\u2122 M4A4 | Desert-Strike (Field-Tested)": {"sugprice": 1406.0000000000002, "profit": 274, "limit": 1268, "timest": 1700154187}, "\u2605 Broken Fang Gloves | Jade (Battle-Scarred)": {"sugprice": 7472.068461538462, "profit": 774, "limit": 6743, "timest": 1700154451}, "StatTrak\u2122 M4A4 | Temukau (Battle-Scarred)": {"sugprice": 2545.892790697674, "profit": 205, "limit": 2297, "timest": 1700154208}, "\u2605 Hydra Gloves | Rattler (Well-Worn)": {"sugprice": 4722, "profit": 380, "limit": 4261, "timest": 1700154539}, "\u2605 Broken Fang Gloves | Needle Point (Well-Worn)": {"sugprice": 5563.281739130434, "profit": 436, "limit": 5020, "timest": 1700154457}, "StatTrak\u2122 USP-S | Neo-Noir (Field-Tested)": {"sugprice": 3160, "profit": 321, "limit": 2851, "timest": 1700154311}, "USP-S | Whiteout (Battle-Scarred)": {"sugprice": 1796.7448484848483, "profit": 150, "limit": 1621, "timest": 1700154421},