{"USP-S | Kill Confirmed (Well-Worn)": {"sugprice": 2972.7947916666667, "profit": 237, "limit": 2682, "timest": 1701055298}, "\u2605 Navaja Knife | Scorched (Field-Tested)": {"sugprice": 6814.330000000001, "profit": 373, "limit": 6149, "timest": 1701055758}, "\u2605 Driver Gloves | Racing Green (Battle-Scarred)": {"sugprice": 3744.701521739131, "profit": 285, "limit": 3379, "timest": 1701055502}, "StatTrak\u2122 USP-S | The Traitor (Well-Worn)": {"sugprice": 1865.1935714285717, "profit": 190, "limit": 1683, "timest": 1700993697}, "\u2605 Driver Gloves | Racing Green (Well-Worn)": {"sugprice": 3855.044615384616, "profit": 361, "limit": 3479, "timest": 1701055505}, "\u2605 Hydra Gloves | Rattler (Field-Tested)": {"sugprice": 3965.5076595744686, "profit": 331, "limit": 3578, "timest": 1700992059}, "\u2605 Navaja Knife | Forest DDPAT (Field-Tested)": {"sugprice": 6876.103636363637, "profit": 331, "limit": 6205, "timest": 1700997251}, "\u2605 Shadow Daggers | Bright Water (Field-Tested)": {"sugprice": 7546.741212121211, "profit": 486, "limit": 6810, "timest": 1701055836}, "\u2605 Shadow Daggers | Rust Coat (Battle-Scarred)": {"sugprice": 6879.666250000001, "profit": 335, "limit": 6208, "timest": 1701008966}, "\u2605 Broken Fang Gloves | Yellow-banded (Field-Tested)": {"sugprice": 6324.573333333334, "profit": 352, "limit": 5707, "timest": 1701055461}, "\u2605 Hydra Gloves | Mangrove (Battle-Scarred)": {"sugprice": 3986.2616326530615, "profit": 256, "limit": 3597, "timest": 1701055637}, "\u2605 Hydra Gloves | Mangrove (Well-Worn)": {"sugprice": 4033.333076923077, "profit": 201, "limit": 3640, "timest": 1701042517}, "StatTrak\u2122 P90 | Asiimov (Battle-Scarred)": {"sugprice": 1534, "profit": 121, "limit": 1384, "timest": 1701025901}, "\u2605 Hand Wraps | Desert Shamagh (Field-Tested)": {"sugprice": 4871.104897959183, "profit": 321, "limit": 4396, "timest": 1701055589}, "\u2605 Moto Gloves | Transport (Battle-Scarred)": {"sugprice": 5252.589534883721, "profit": 341, "limit": 4740, "timest": 1701055691}, "USP-S | The Traitor (Minimal Wear)": {"sugprice": 1327.7943243243244, "profit": 111, "limit": 1198, "timest": 1701045224}, "USP-S | Printstream (Well-Worn)": {"sugprice": 2687.479999999999, "profit": 140, "limit": 2425, "timest": 1701055365}, "\u2605 Hand Wraps | Duct Tape (Field-Tested)": {"sugprice": 5253.908823529412, "profit": 368, "limit": 4741, "timest": 1701055600}, "\u2605 Broken Fang Gloves | Unhinged (Battle-Scarred)": {"sugprice": 5009.9842499999995, "profit": 302, "limit": 4521, "timest": 1701038458}, "\u2605 Hand Wraps | Arboreal (Field-Tested)": {"sugprice": 5694.505789473685, "profit": 477, "limit": 5139, "timest": 1701055565}, "USP-S | Kill Confirmed (Battle-Scarred)": {"sugprice": 2918.309767441861, "profit": 189, "limit": 2633, "timest": 1700985872}, "\u2605 Hand Wraps | Giraffe (Battle-Scarred)": {"sugprice": 5983.925294117647, "profit": 300, "limit": 5400, "timest": 1701039552}, "USP-S | Neo-Noir (Well-Worn)": {"sugprice": 1444.1242857142859, "profit": 129, "limit": 1303, "timest": 1701055323}, "\u2605 Gut Knife | Rust Coat (Battle-Scarred)": {"sugprice": 7549.584736842105, "profit": 408, "limit": 6813, "timest": 1701016149}, "\u2605 Moto Gloves | Smoke Out (Battle-Scarred)": {"sugprice": 6803.849565217391, "profit": 333, "limit": 6140, "timest": 1701023877}, "\u2605 Hydra Gloves | Rattler (Battle-Scarred)": {"sugprice": 3976.6859574468076, "profit": 308, "limit": 3588, "timest": 1701055655}, "StatTrak\u2122 SSG 08 | Dragonfire (Field-Tested)": {"sugprice": 3219.6146000000003, "profit": 333, "limit": 2905, "timest": 1701055042}, "\u2605 Broken Fang Gloves | Jade (Battle-Scarred)": {"sugprice": 6972.468125, "profit": 423, "limit": 6292, "timest": 1700997874}, "\u2605 Hydra Gloves | Rattler (Well-Worn)": {"sugprice": 4404.6918749999995, "profit": 284, "limit": 3975, "timest": 1700993982}, "StatTrak\u2122 USP-S | Neo-Noir (Field-Tested)": {"sugprice": 3201.6285714285714, "profit": 256, "limit": 2889, "timest": 1701055143}, "\u2605 Bloodhound Gloves | Guerrilla (Field-Tested)": {"sugprice": 5909.7377777777765, "profit": 312, "limit": 5333, "timest": 1701055410}, "\u2605 Gut Knife | Bright Water (Field-Tested)": {"sugprice": 8214.159000000003, "profit": 582, "limit": 7413, "timest": 1701055517}, "\u2605 Hand Wraps | Constrictor (Field-Tested)": {"sugprice": 4769.488571428572, "profit": 263, "limit": 4304, "timest": 1701035271}, "\u2605 Hand Wraps | Desert Shamagh (Well-Worn)": {"sugprice": 4733.568666666667, "profit": 279, "limit": 4272, "timest": 1701055593}, "\u2605 Navaja Knife | Night Stripe (Field-Tested)": {"sugprice": 6925.6554545454555, "profit": 529, "limit": 6250, "timest": 1701055741}, "\u2605 Navaja Knife | Urban Masked (Field-Tested)": {"sugprice": 6894.645, "profit": 455, "limit": 6222, "timest": 1701055797}, "\u2605 Survival Knife | Scorched (Field-Tested)": {"sugprice": 7602.374285714285, "profit": 569, "limit": 6861, "timest": 1701055951}, "\u2605 Moto Gloves | 3rd Commando Company (Field-Tested)": {"sugprice": 5553.1745, "profit": 421, "limit": 5011, "timest": 1701055673}, "StatTrak\u2122 USP-S | Neo-Noir (Battle-Scarred)": {"sugprice": 3068.8908333333334, "profit": 188, "limit": 2769, "timest": 1701055136}, "StatTrak\u2122 USP-S | The Traitor (Battle-Scarred)": {"sugprice": 1858.309, "profit": 183, "limit": 1677, "timest": 1701055172}, "\u2605 Driver Gloves | Convoy (Battle-Scarred)": {"sugprice": 6076.433076923076, "profit": 291, "limit": 5483, "timest": 1700988787}, "USP-S | Neo-Noir (Minimal Wear)": {"sugprice": 1526.45, "profit": 107, "limit": 1377, "timest": 1701002939}, "USP-S | Kill Confirmed (Field-Tested)": {"sugprice": 3171.8627027027032, "profit": 226, "limit": 2862, "timest": 1701055295}, "\u2605 Driver Gloves | Queen Jaguar (Battle-Scarred)": {"sugprice": 5292.547857142858, "profit": 306, "limit": 4776, "timest": 1701055500}, "\u2605 Hand Wraps | Desert Shamagh (Battle-Scarred)": {"sugprice": 4752.073157894735, "profit": 262, "limit": 4288, "timest": 1701055578}, "\u2605 Shadow Daggers | Freehand (Field-Tested)": {"sugprice": 8709.935, "profit": 419, "limit": 7860, "timest": 1701002426}, "\u2605 Specialist Gloves | Buckshot (Battle-Scarred)": {"sugprice": 4861.141764705883, "profit": 236, "limit": 4387, "timest": 1701033310}, "USP-S | Orion (Minimal Wear)": {"sugprice": 3996.1106, "profit": 361, "limit": 3606, "timest": 1701055345}, "USP-S | Caiman (Field-Tested)": {"sugprice": 3232.138163265306, "profit": 267, "limit": 2917, "timest": 1701055287}, "\u2605 Sport Gloves | Bronze Morph (Battle-Scarred)": {"sugprice": 9930.814285714283, "profit": 476, "limit": 8962, "timest": 1701017777}, "\u2605 Bloodhound Gloves | Guerrilla (Battle-Scarred)": {"sugprice": 6168.211923076923, "profit": 501, "limit": 5566, "timest": 1701055408}, "USP-S | Printstream (Minimal Wear)": {"sugprice": 4115.11925925926, "profit": 209, "limit": 3713, "timest": 1701028728}, "\u2605 Moto Gloves | Turtle (Battle-Scarred)": {"sugprice": 7895.217777777777, "profit": 691, "limit": 7125, "timest": 1701053780}, "\u2605 Hand Wraps | Arboreal (Battle-Scarred)": {"sugprice": 5233.784242424242, "profit": 344, "limit": 4723, "timest": 1701055563}, "\u2605 Broken Fang Gloves | Yellow-banded (Battle-Scarred)": {"sugprice": 5696.840400000002, "profit": 385, "limit": 5141, "timest": 1701055459}, "StatTrak\u2122 USP-S | Printstream (Battle-Scarred)": {"sugprice": 4402.837906976744, "profit": 326, "limit": 3973, "timest": 1701055159}, "USP-S | Overgrowth (Field-Tested)": {"sugprice": 1666.3613636363639, "profit": 157, "limit": 1503, "timest": 1701055348}, "StatTrak\u2122 USP-S | Stainless (Battle-Scarred)": {"sugprice": 1027.1290625000001, "profit": 128, "limit": 926, "timest": 1701055170}, "\u2605 Broken Fang Gloves | Needle Point (Battle-Scarred)": {"sugprice": 4923, "profit": 271, "limit": 4443, "timest": 1701055432}, "\u2605 Navaja Knife | Damascus Steel (Field-Tested)": {"sugprice": 7285.681111111112, "profit": 589, "limit": 6575,