{"StatTrak\u2122 M4A1-S | Player Two (Battle-Scarred)": {"sugprice": 3222.3325, "profit": 237, "limit": 2908, "timest": 1699724825}, "USP-S | Kill Confirmed (Well-Worn)": {"sugprice": 3598.7487755102047, "profit": 346, "limit": 3247, "timest": 1699725150}, "USP-S | Overgrowth (Field-Tested)": {"sugprice": 1930.8264516129032, "profit": 142, "limit": 1742, "timest": 1699692564}, "\u2605 Hydra Gloves | Case Hardened (Battle-Scarred)": {"sugprice": 7096.477272727273, "profit": 511, "limit": 6404, "timest": 1699692788}, "\u2605 Moto Gloves | Turtle (Battle-Scarred)": {"sugprice": 9061.182399999998, "profit": 436, "limit": 8177, "timest": 1699725483}, "\u2605 Navaja Knife | Scorched (Field-Tested)": {"sugprice": 7286.246595744681, "profit": 532, "limit": 6575, "timest": 1699725518}, "USP-S | Kill Confirmed (Field-Tested)": {"sugprice": 3563.008387096774, "profit": 193, "limit": 3215, "timest": 1699689306}, "\u2605 Driver Gloves | Racing Green (Battle-Scarred)": {"sugprice": 4093.3854166666665, "profit": 325, "limit": 3694, "timest": 1699725249}, "StatTrak\u2122 M4A4 | Royal Paladin (Battle-Scarred)": {"sugprice": 2363.838888888889, "profit": 193, "limit": 2133, "timest": 1699724936}, "StatTrak\u2122 M4A4 | Temukau (Field-Tested)": {"sugprice": 4052, "profit": 283, "limit": 3656, "timest": 1699724944}, "StatTrak\u2122 M4A4 | The Emperor (Battle-Scarred)": {"sugprice": 2589.1091666666666, "profit": 154, "limit": 2336, "timest": 1699724948}, "StatTrak\u2122 USP-S | Printstream (Battle-Scarred)": {"sugprice": 5022.674411764707, "profit": 314, "limit": 4532, "timest": 1699725111}, "StatTrak\u2122 USP-S | The Traitor (Well-Worn)": {"sugprice": 2164.293448275862, "profit": 141, "limit": 1953, "timest": 1699725118}, "USP-S | Caiman (Field-Tested)": {"sugprice": 3377.104791666666, "profit": 183, "limit": 3047, "timest": 1699725140}, "USP-S | Printstream (Minimal Wear)": {"sugprice": 4842.508000000001, "profit": 299, "limit": 4370, "timest": 1699725176}, "USP-S | Whiteout (Minimal Wear)": {"sugprice": 2864.595555555555, "profit": 189, "limit": 2585, "timest": 1699725201}, "\u2605 Bowie Knife | Rust Coat (Battle-Scarred)": {"sugprice": 9472.745454545455, "profit": 470, "limit": 8549, "timest": 1699719380}, "\u2605 Broken Fang Gloves | Needle Point (Battle-Scarred)": {"sugprice": 5419.674418604651, "profit": 348, "limit": 4891, "timest": 1699723102}, "\u2605 Broken Fang Gloves | Needle Point (Field-Tested)": {"sugprice": 5612.866086956522, "profit": 326, "limit": 5065, "timest": 1699725217}, "\u2605 Driver Gloves | Racing Green (Well-Worn)": {"sugprice": 4045.0957692307693, "profit": 241, "limit": 3650, "timest": 1699711322}, "\u2605 Hand Wraps | Constrictor (Battle-Scarred)": {"sugprice": 5102.6445, "profit": 292, "limit": 4605, "timest": 1699725341}, "\u2605 Hydra Gloves | Rattler (Field-Tested)": {"sugprice": 4327.928, "profit": 211, "limit": 3905, "timest": 1699694885}, "\u2605 Moto Gloves | Finish Line (Battle-Scarred)": {"sugprice": 7249.13043478261, "profit": 403, "limit": 6542, "timest": 1699725473}, "\u2605 Navaja Knife | Forest DDPAT (Field-Tested)": {"sugprice": 7355.185161290323, "profit": 500, "limit": 6638, "timest": 1699725497}, "\u2605 Navaja Knife | Safari Mesh (Field-Tested)": {"sugprice": 7523.664857142856, "profit": 447, "limit": 6790, "timest": 1699725514}, "\u2605 Shadow Daggers | Bright Water (Field-Tested)": {"sugprice": 8247.992857142857, "profit": 440, "limit": 7443, "timest": 1699725545}, "\u2605 Shadow Daggers | Rust Coat (Battle-Scarred)": {"sugprice": 7434.858108108108, "profit": 463, "limit": 6709, "timest": 1699725572}, "\u2605 Broken Fang Gloves | Yellow-banded (Field-Tested)": {"sugprice": 6662, "profit": 818, "limit": 6012, "timest": 1699725231}, "\u2605 Hand Wraps | Arboreal (Battle-Scarred)": {"sugprice": 5421.767105263158, "profit": 332, "limit": 4893, "timest": 1699725315}, "Vypa Sista of the Revolution | Guerrilla Warfare": {"sugprice": 1754.4190000000003, "profit": 108, "limit": 1583, "timest": 1699717679}, "\u2605 Shadow Daggers | Freehand (Field-Tested)": {"sugprice": 8860.509999999998, "profit": 476, "limit": 7996, "timest": 1699709503}, "StatTrak\u2122 M4A4 | \u9f8d\u738b (Dragon King) (Battle-Scarred)": {"sugprice": 1547.7526666666663, "profit": 132, "limit": 1396, "timest": 1699724954}, "\u2605 Hydra Gloves | Mangrove (Battle-Scarred)": {"sugprice": 4173.361836734693, "profit": 224, "limit": 3766, "timest": 1699721589}, "USP-S | Monster Mashup (Minimal Wear)": {"sugprice": 2152.1331250000003, "profit": 127, "limit": 1942, "timest": 1699725156}, "USP-S | Neo-Noir (Factory New)": {"sugprice": 3154.5483333333336, "profit": 184, "limit": 2846, "timest": 1699705961}, "USP-S | Orion (Minimal Wear)": {"sugprice": 4430.42588235294, "profit": 311, "limit": 3998, "timest": 1699725168}, "\u2605 Broken Fang Gloves | Yellow-banded (Battle-Scarred)": {"sugprice": 6359.489400000002, "profit": 374, "limit": 5739, "timest": 1699725228}, "\u2605 Specialist Gloves | Buckshot (Battle-Scarred)": {"sugprice": 5276.481515151515, "profit": 399, "limit": 4762, "timest": 1699725600}, "\u2605 Hydra Gloves | Mangrove (Well-Worn)": {"sugprice": 4399.8788888888885, "profit": 289, "limit": 3970, "timest": 1699725416}, "\u2605 Shadow Daggers | Scorched (Field-Tested)": {"sugprice": 7518.5935714285715, "profit": 396, "limit": 6785, "timest": 1699725582}, "StatTrak\u2122 M4A4 | Desolate Space (Battle-Scarred)": {"sugprice": 1386.0904081632655, "profit": 176, "limit": 1250, "timest": 1699724886}, "StatTrak\u2122 USP-S | Blueprint (Battle-Scarred)": {"sugprice": 1212.2528, "profit": 130, "limit": 1094, "timest": 1699725093}, "StatTrak\u2122 P90 | Asiimov (Battle-Scarred)": {"sugprice": 1461, "profit": 155, "limit": 1318, "timest": 1699725059}, "\u2605 Bloodhound Gloves | Guerrilla (Battle-Scarred)": {"sugprice": 6302.336666666666, "profit": 369, "limit": 5687, "timest": 1699725207}, "\u2605 Hand Wraps | Desert Shamagh (Field-Tested)": {"sugprice": 5161.996399999998, "profit": 486, "limit": 4658, "timest": 1699725359}, "\u2605 Gut Knife | Forest DDPAT (Field-Tested)": {"sugprice": 8336.581666666667, "profit": 638, "limit": 7523, "timest": 1699725289}, "\u2605 Moto Gloves | Transport (Battle-Scarred)": {"sugprice": 5437.449183673469, "profit": 337, "limit": 4907, "timest": 1699725480}, "USP-S | The Traitor (Minimal Wear)": {"sugprice": 1567.2372093023253, "profit": 167, "limit": 1414, "timest": 1699725195}, "USP-S | Printstream (Well-Worn)": {"sugprice": 2987.5208695652177, "profit": 269, "limit": 2696, "timest": 1699725179}, "\u2605 Driver Gloves | Racing Green (Field-Tested)": {"sugprice": 4058, "profit": 247, "limit": 3662, "timest": 1699725253}, "StatTrak\u2122 P90 | Trigon (Field-Tested)": {"sugprice": 1438.6235714285717, "profit": 180, "limit": 1298, "timest": 1699725067}, "\u2605 Hand Wraps | Duct Tape (Field-Tested)": {"sugprice": 5394, "profit": 273, "limit": 4868, "timest": 1699725368}, "USP-S | Monster Mashup (Well-Worn)": {"sugprice": 1324.437222222222, "profit": 124, "limit": 1195, "timest": 1699725158}, "\u2605 Broken Fang Gloves | Unhinged (Battle-Scarred)": {"sugprice": 5271.0512499999995, "profit": 450, "limit": 4757, "timest": 1699725221}, "\u2605 Hand Wraps | Arboreal (Field-Tested)": {"sugprice": 6413.610000000001, "profit": 490, "limit": 5788, "timest": 1699725319}, "StatTrak\u2122 M4A4 | Neo-Noir (Field-Tested)": {"sugprice": 1261.912142857143, "profit": 151, "limit": 1138, "timest": 1699722078}, "StatTrak\u2122 M4A4 | The Battlestar (Field-Tested)": {"sugprice": 1316.677777777778, "profit": 108, "limit": 1188, "timest": 1699641821}, "USP-S | Kill Confirmed (Battle-Scarred)": {"sugprice": 3313.6904, "profit": 158, "limit": 2990, "timest": 1699710138}, "USP-S | Kill Confirmed (Minimal Wear)": {"sugprice": 6144.372307692306, "profit": 477, "limit": 5545, "timest": 1699725148}, "StatTrak\u2122 M4A4 | Cyber Security (Battle-Scarred)": {"sugprice": 1727.810625, "profit": 182, "limit": 1559, "timest": 1699724846},