{"USP-S | Kill Confirmed (Well-Worn)": {"sugprice": 2881.634897959184, "profit": 297, "limit": 2600, "timest": 1700778689}, "\u2605 Navaja Knife | Scorched (Field-Tested)": {"sugprice": 6735.3732142857125, "profit": 479, "limit": 6078, "timest": 1700779122}, "\u2605 Driver Gloves | Racing Green (Battle-Scarred)": {"sugprice": 3735.913958333333, "profit": 316, "limit": 3371, "timest": 1700778856}, "StatTrak\u2122 USP-S | The Traitor (Well-Worn)": {"sugprice": 1881.3458333333335, "profit": 116, "limit": 1697, "timest": 1700778618}, "\u2605 Broken Fang Gloves | Needle Point (Field-Tested)": {"sugprice": 5305.764545454545, "profit": 281, "limit": 4788, "timest": 1700764355}, "\u2605 Driver Gloves | Racing Green (Well-Worn)": {"sugprice": 3819.2027272727278, "profit": 416, "limit": 3446, "timest": 1700778863}, "\u2605 Hand Wraps | Constrictor (Battle-Scarred)": {"sugprice": 4871.540444444446, "profit": 416, "limit": 4396, "timest": 1700778903}, "\u2605 Hydra Gloves | Rattler (Field-Tested)": {"sugprice": 4007.8026666666665, "profit": 406, "limit": 3617, "timest": 1700779009}, "\u2605 Moto Gloves | Finish Line (Battle-Scarred)": {"sugprice": 6814.273888888889, "profit": 361, "limit": 6149, "timest": 1700698261}, "\u2605 Navaja Knife | Forest DDPAT (Field-Tested)": {"sugprice": 6868.595652173914, "profit": 398, "limit": 6198, "timest": 1700778342}, "\u2605 Navaja Knife | Safari Mesh (Field-Tested)": {"sugprice": 6845.268571428571, "profit": 370, "limit": 6177, "timest": 1700779112}, "\u2605 Shadow Daggers | Bright Water (Field-Tested)": {"sugprice": 7695.653125, "profit": 652, "limit": 6945, "timest": 1700779150}, "\u2605 Shadow Daggers | Rust Coat (Battle-Scarred)": {"sugprice": 6667.361250000001, "profit": 333, "limit": 6017, "timest": 1700755749}, "\u2605 Broken Fang Gloves | Yellow-banded (Field-Tested)": {"sugprice": 6372.608846153846, "profit": 592, "limit": 5751, "timest": 1700778835}, "\u2605 Hydra Gloves | Mangrove (Battle-Scarred)": {"sugprice": 3845.29551724138, "profit": 247, "limit": 3470, "timest": 1700778998}, "\u2605 Hydra Gloves | Mangrove (Well-Worn)": {"sugprice": 4331.22894736842, "profit": 467, "limit": 3908, "timest": 1700779004}, "StatTrak\u2122 P90 | Asiimov (Battle-Scarred)": {"sugprice": 1509.403333333333, "profit": 192, "limit": 1362, "timest": 1700778514}, "\u2605 Hand Wraps | Desert Shamagh (Field-Tested)": {"sugprice": 4797.625862068965, "profit": 339, "limit": 4329, "timest": 1700778916}, "\u2605 Moto Gloves | Transport (Battle-Scarred)": {"sugprice": 5091.53, "profit": 316, "limit": 4595, "timest": 1700779067}, "USP-S | The Traitor (Minimal Wear)": {"sugprice": 1323.7751999999998, "profit": 134, "limit": 1194, "timest": 1700778792}, "USP-S | Printstream (Well-Worn)": {"sugprice": 2444.553157894737, "profit": 210, "limit": 2206, "timest": 1700778767}, "\u2605 Hand Wraps | Duct Tape (Field-Tested)": {"sugprice": 5176.9079411764715, "profit": 548, "limit": 4672, "timest": 1700778926}, "\u2605 Broken Fang Gloves | Unhinged (Battle-Scarred)": {"sugprice": 5077.271944444444, "profit": 431, "limit": 4582, "timest": 1700778825}, "\u2605 Hand Wraps | Arboreal (Field-Tested)": {"sugprice": 5606.5925, "profit": 580, "limit": 5059, "timest": 1700778900}, "USP-S | Kill Confirmed (Battle-Scarred)": {"sugprice": 2849.223200000001, "profit": 223, "limit": 2571, "timest": 1700778683}, "USP-S | Serum (Field-Tested)": {"sugprice": 3306.429285714286, "profit": 239, "limit": 2984, "timest": 1700757613}, "\u2605 Hand Wraps | Giraffe (Battle-Scarred)": {"sugprice": 5727.023214285714, "profit": 301, "limit": 5168, "timest": 1700778936}, "USP-S | Neo-Noir (Well-Worn)": {"sugprice": 1365.4057894736843, "profit": 115, "limit": 1232, "timest": 1700778724}, "\u2605 Gut Knife | Rust Coat (Battle-Scarred)": {"sugprice": 7541.582631578948, "profit": 429, "limit": 6806, "timest": 1700778880}, "\u2605 Moto Gloves | Smoke Out (Battle-Scarred)": {"sugprice": 6709.388260869565, "profit": 573, "limit": 6055, "timest": 1700779064}, "\u2605 Hydra Gloves | Rattler (Battle-Scarred)": {"sugprice": 3983.033333333333, "profit": 332, "limit": 3594, "timest": 1700779007}, "StatTrak\u2122 SSG 08 | Dragonfire (Field-Tested)": {"sugprice": 3039.1155882352937, "profit": 191, "limit": 2742, "timest": 1700778530}, "\u2605 Broken Fang Gloves | Jade (Battle-Scarred)": {"sugprice": 7156.899565217392, "profit": 780, "limit": 6459, "timest": 1700778810}, "\u2605 Hydra Gloves | Rattler (Well-Worn)": {"sugprice": 4796.044117647058, "profit": 576, "limit": 4328, "timest": 1700779011}, "StatTrak\u2122 USP-S | Neo-Noir (Field-Tested)": {"sugprice": 3040.202727272727, "profit": 265, "limit": 2743, "timest": 1700778594}, "\u2605 Bloodhound Gloves | Guerrilla (Field-Tested)": {"sugprice": 6069.595416666666, "profit": 405, "limit": 5477, "timest": 1700778802}, "\u2605 Gut Knife | Boreal Forest (Field-Tested)": {"sugprice": 7119.772500000001, "profit": 663, "limit": 6425, "timest": 1700743976}, "\u2605 Gut Knife | Bright Water (Field-Tested)": {"sugprice": 7668.422857142857, "profit": 554, "limit": 6920, "timest": 1700778873}, "\u2605 Gut Knife | Safari Mesh (Field-Tested)": {"sugprice": 7236.823157894736, "profit": 818, "limit": 6531, "timest": 1700778882}, "\u2605 Hand Wraps | Constrictor (Field-Tested)": {"sugprice": 4961.4828, "profit": 347, "limit": 4477, "timest": 1700778907}, "\u2605 Hand Wraps | Desert Shamagh (Well-Worn)": {"sugprice": 4754.455454545454, "profit": 237, "limit": 4290, "timest": 1700775283}, "\u2605 Navaja Knife | Night Stripe (Field-Tested)": {"sugprice": 6712.871874999999, "profit": 477, "limit": 6058, "timest": 1700776699}, "\u2605 Navaja Knife | Tiger Tooth (Factory New)": {"sugprice": 10997.930588235295, "profit": 586, "limit": 9925, "timest": 1700779131}, "\u2605 Navaja Knife | Urban Masked (Field-Tested)": {"sugprice": 6691.91705882353, "profit": 343, "limit": 6039, "timest": 1700779136}, "\u2605 Survival Knife | Forest DDPAT (Field-Tested)": {"sugprice": 7927.359333333335, "profit": 676, "limit": 7154, "timest": 1700779212}, "\u2605 Survival Knife | Scorched (Field-Tested)": {"sugprice": 7485.33, "profit": 514, "limit": 6755, "timest": 1700779220}, "\u2605 Moto Gloves | 3rd Commando Company (Field-Tested)": {"sugprice": 5728.544482758621, "profit": 782, "limit": 5170, "timest": 1700779021}, "StatTrak\u2122 USP-S | Neo-Noir (Battle-Scarred)": {"sugprice": 3058.5268292682936, "profit": 341, "limit": 2760, "timest": 1700778573}, "UMP-45 | Blaze (Factory New)": {"sugprice": 1414, "profit": 100, "limit": 1276, "timest": 1700744514}, "StatTrak\u2122 USP-S | The Traitor (Battle-Scarred)": {"sugprice": 1773.5677500000002, "profit": 199, "limit": 1600, "timest": 1700778615}, "\u2605 Driver Gloves | Convoy (Battle-Scarred)": {"sugprice": 6300.596111111112, "profit": 617, "limit": 5686, "timest": 1700778844}, "USP-S | Neo-Noir (Minimal Wear)": {"sugprice": 1494.3149999999996, "profit": 147, "limit": 1348, "timest": 1700778721}, "USP-S | Kill Confirmed (Field-Tested)": {"sugprice": 3085.0988888888887, "profit": 150, "limit": 2784, "timest": 1700778686}, "\u2605 Driver Gloves | Queen Jaguar (Battle-Scarred)": {"sugprice": 5248.632826086956, "profit": 402, "limit": 4736, "timest": 1700778853}, "\u2605 Hand Wraps | Desert Shamagh (Battle-Scarred)": {"sugprice": 4942.787419354838, "profit": 449, "limit": 4460, "timest": 1700778912}, "\u2605 Shadow Daggers | Freehand (Field-Tested)": {"sugprice": 8717.61588235294, "profit": 526, "limit": 7867, "timest": 1700779162}, "USP-S | Monster Mashup (Battle-Scarred)": {"sugprice": 1172.7774468085106, "profit": 124, "limit": 1058, "timest": 1700778691}, "USP-S | Neo-Noir (Factory New)": {"sugprice": 2941.506153846154, "profit": 315, "limit": 2654, "timest": 1700778703}, "\u2605 Specialist Gloves | Buckshot (Battle-Scarred)": {"sugprice": 5107.823571428571, "profit": 508, "limit": 4609, "timest": 1700779174}, "USP-S | Orion (Minimal Wear)": {"sugprice": 4033.879183673469, "profit": 386, "limit": 3640, "timest": 1700778731},