{"USP-S | Kill Confirmed (Well-Worn)": {"sugprice": 3234.0031111111107, "profit": 161, "limit": 2918, "timest": 1702144911}, "\u2605 Hydra Gloves | Rattler (Field-Tested)": {"sugprice": 4317.5365909090915, "profit": 293, "limit": 3896, "timest": 1702065286}, "\u2605 Moto Gloves | Transport (Battle-Scarred)": {"sugprice": 5247, "profit": 266, "limit": 4735, "timest": 1702141022}, "\u2605 Broken Fang Gloves | Unhinged (Battle-Scarred)": {"sugprice": 4949, "profit": 290, "limit": 4466, "timest": 1702115358}, "StatTrak\u2122 USP-S | The Traitor (Battle-Scarred)": {"sugprice": 2231.7523913043483, "profit": 139, "limit": 2014, "timest": 1702144839}, "\u2605 Gut Knife | Safari Mesh (Field-Tested)": {"sugprice": 7255.342666666666, "profit": 400, "limit": 6547, "timest": 1702061865}, "\u2605 Gut Knife | Freehand (Field-Tested)": {"sugprice": 8904.165555555555, "profit": 458, "limit": 8036, "timest": 1702145173}, "USP-S | Neo-Noir (Factory New)": {"sugprice": 3113.137142857143, "profit": 173, "limit": 2809, "timest": 1702126259}, "\u2605 Driver Gloves | Convoy (Field-Tested)": {"sugprice": 6163.1100000000015, "profit": 293, "limit": 5562, "timest": 1702087041}, "\u2605 Specialist Gloves | Fade (Battle-Scarred)": {"sugprice": 15394.503749999998, "profit": 1008, "limit": 13893, "timest": 1702145320}, "Tec-9 | Nuclear Threat (Battle-Scarred)": {"sugprice": 3162.99375, "profit": 224, "limit": 2854, "timest": 1702144869}, "StatTrak\u2122 M4A4 | \u9f8d\u738b (Dragon King) (Field-Tested)": {"sugprice": 1540.3200000000002, "profit": 116, "limit": 1390, "timest": 1702125910}, "\u2605 Bloodhound Gloves | Bronzed (Battle-Scarred)": {"sugprice": 6224.444666666666, "profit": 297, "limit": 5617, "timest": 1702145024}, "\u2605 Shadow Daggers | Scorched (Field-Tested)": {"sugprice": 7191.325714285714, "profit": 497, "limit": 6490, "timest": 1702145308}, "StatTrak\u2122 M4A4 | The Battlestar (Field-Tested)": {"sugprice": 1517.1552941176471, "profit": 101, "limit": 1369, "timest": 1702097781}, "StatTrak\u2122 M4A4 | The Emperor (Battle-Scarred)": {"sugprice": 2612.255135135135, "profit": 171, "limit": 2357, "timest": 1702143180}, "\u2605 Driver Gloves | Racing Green (Field-Tested)": {"sugprice": 4202.257346938775, "profit": 269, "limit": 3792, "timest": 1702145159}, "\u2605 Hand Wraps | Constrictor (Battle-Scarred)": {"sugprice": 4975.4651020408155, "profit": 262, "limit": 4490, "timest": 1702120561}, "\u2605 Shadow Daggers | Freehand (Field-Tested)": {"sugprice": 9128, "profit": 469, "limit": 8238, "timest": 1702138657}, "\u2605 Bloodhound Gloves | Guerrilla (Battle-Scarred)": {"sugprice": 6206.216666666667, "profit": 423, "limit": 5601, "timest": 1702145037}, "\u2605 Driver Gloves | Convoy (Battle-Scarred)": {"sugprice": 6292.457407407408, "profit": 382, "limit": 5678, "timest": 1702145114}, "\u2605 Navaja Knife | Boreal Forest (Field-Tested)": {"sugprice": 6990.304897959182, "profit": 388, "limit": 6308, "timest": 1702145256}, "\u2605 Gut Knife | Bright Water (Field-Tested)": {"sugprice": 8410.533076923077, "profit": 414, "limit": 7590, "timest": 1702144314}, "\u2605 Hydra Gloves | Rattler (Well-Worn)": {"sugprice": 4474.149230769231, "profit": 318, "limit": 4037, "timest": 1702125279}, "\u2605 Driver Gloves | Queen Jaguar (Field-Tested)": {"sugprice": 6505.461, "profit": 329, "limit": 5871, "timest": 1702109412}, "StatTrak\u2122 USP-S | Neo-Noir (Battle-Scarred)": {"sugprice": 3044.7765116279074, "profit": 169, "limit": 2747, "timest": 1702140741}, "\u2605 Specialist Gloves | Forest DDPAT (Battle-Scarred)": {"sugprice": 8519.86, "profit": 576, "limit": 7689, "timest": 1702111848}, "\u2605 Moto Gloves | Smoke Out (Battle-Scarred)": {"sugprice": 7946.397083333331, "profit": 644, "limit": 7171, "timest": 1702145248}, "\u2605 Hand Wraps | Giraffe (Battle-Scarred)": {"sugprice": 6227.393333333332, "profit": 336, "limit": 5620, "timest": 1702111734}, "\u2605 Shadow Daggers | Forest DDPAT (Field-Tested)": {"sugprice": 7265.048823529411, "profit": 451, "limit": 6556, "timest": 1702145298}, "\u2605 Gut Knife | Forest DDPAT (Field-Tested)": {"sugprice": 7881.5975, "profit": 432, "limit": 7113, "timest": 1702145171}, "USP-S | Printstream (Field-Tested)": {"sugprice": 3063, "profit": 186, "limit": 2764, "timest": 1702138188}, "\u2605 Navaja Knife | Rust Coat (Battle-Scarred)": {"sugprice": 6922.886500000002, "profit": 374, "limit": 6247, "timest": 1702145267}, "\u2605 Navaja Knife | Night Stripe (Field-Tested)": {"sugprice": 6788.1624, "profit": 343, "limit": 6126, "timest": 1702145265}, "\u2605 Shadow Daggers | Ultraviolet (Field-Tested)": {"sugprice": 9073, "profit": 462, "limit": 8188, "timest": 1702145314}, "\u2605 Survival Knife | Forest DDPAT (Field-Tested)": {"sugprice": 8008.037368421053, "profit": 449, "limit": 7227, "timest": 1702145328}, "\u2605 Hydra Gloves | Emerald (Field-Tested)": {"sugprice": 4786.857755102041, "profit": 230, "limit": 4320, "timest": 1702114385}, "\u2605 Driver Gloves | Queen Jaguar (Battle-Scarred)": {"sugprice": 5869.294318181816, "profit": 339, "limit": 5297, "timest": 1702144299}, "\u2605 Driver Gloves | Racing Green (Battle-Scarred)": {"sugprice": 4114.197333333333, "profit": 204, "limit": 3713, "timest": 1702145157}, "\u2605 Survival Knife | Boreal Forest (Field-Tested)": {"sugprice": 7791.926153846154, "profit": 460, "limit": 7032, "timest": 1702122981}, "USP-S | Printstream (Well-Worn)": {"sugprice": 3065.23, "profit": 200, "limit": 2766, "timest": 1702144969}, "StatTrak\u2122 USP-S | The Traitor (Well-Worn)": {"sugprice": 2154.430666666666, "profit": 189, "limit": 1944, "timest": 1702144849}, "StatTrak\u2122 USP-S | Neo-Noir (Field-Tested)": {"sugprice": 3049.5405263157895, "profit": 186, "limit": 2752, "timest": 1702124840}, "\u2605 Gut Knife | Scorched (Field-Tested)": {"sugprice": 7367.730714285715, "profit": 445, "limit": 6649, "timest": 1702145180}, "StatTrak\u2122 M4A4 | Royal Paladin (Field-Tested)": {"sugprice": 2225, "profit": 163, "limit": 2008, "timest": 1702144615}, "\u2605 Sport Gloves | Bronze Morph (Battle-Scarred)": {"sugprice": 10709.415882352943, "profit": 808, "limit": 9665, "timest": 1702109915}, "\u2605 Driver Gloves | Overtake (Battle-Scarred)": {"sugprice": 6867.372666666666, "profit": 538, "limit": 6197, "timest": 1702145122}, "\u2605 Hydra Gloves | Mangrove (Battle-Scarred)": {"sugprice": 4309.89243902439, "profit": 264, "limit": 3889, "timest": 1702145220}, "StatTrak\u2122 M4A4 | Buzz Kill (Battle-Scarred)": {"sugprice": 2027.1860714285715, "profit": 104, "limit": 1829, "timest": 1702144528}, "\u2605 Shadow Daggers | Black Laminate (Field-Tested)": {"sugprice": 7629.491666666666, "profit": 495, "limit": 6885, "timest": 1702141064}, "\u2605 Hand Wraps | CAUTION! (Battle-Scarred)": {"sugprice": 14087.898666666666, "profit": 991, "limit": 12714, "timest": 1702128084}, "\u2605 Paracord Knife | Safari Mesh (Field-Tested)": {"sugprice": 8104.607826086957, "profit": 563, "limit": 7314, "timest": 1702145282}, "StatTrak\u2122 M4A4 | Royal Paladin (Battle-Scarred)": {"sugprice": 2452.3953333333334, "profit": 236, "limit": 2213, "timest": 1702144609}, "StatTrak\u2122 USP-S | Monster Mashup (Battle-Scarred)": {"sugprice": 1818.7, "profit": 100, "limit": 1641, "timest": 1702114992}, "\u2605 Hydra Gloves | Mangrove (Field-Tested)": {"sugprice": 4318.1537777777785, "profit": 223, "limit": 3897, "timest": 1702144369}, "StatTrak\u2122 P90 | Asiimov (Battle-Scarred)": {"sugprice": 1410, "profit": 100, "limit": 1272, "timest": 1702129827}, "\u2605 Broken Fang Gloves | Jade (Battle-Scarred)": {"sugprice": 7622.643749999999, "profit": 456, "limit": 6879, "timest": 1702061772}, "USP-S | Orion (Field-Tested)": {"sugprice": 4061.1873170731706, "profit": 310, "limit": 3665, "timest": 1702144944}, "\u2605 Hand Wraps | Desert Shamagh (Well-Worn)": {"sugprice": 5174.3305, "profit": 263, "limit": 4669, "timest": 1702145199}, "\u2605 Hydra Gloves | Rattler (Battle-Scarred)": {"sugprice": 4310.618936170212, "profit": 291, "limit": 3890,