{"StatTrak\u2122 M4A1-S | Player Two (Battle-Scarred)": {"sugprice": 3309.3969230769226, "profit": 177, "limit": 2986, "timest": 1697644038}, "StatTrak\u2122 M4A4 | Buzz Kill (Battle-Scarred)": {"sugprice": 2198.057142857143, "profit": 135, "limit": 1983, "timest": 1697644040}, "StatTrak\u2122 M4A4 | Desolate Space (Field-Tested)": {"sugprice": 1781, "profit": 137, "limit": 1607, "timest": 1697644054}, "StatTrak\u2122 M4A4 | Griffin (Battle-Scarred)": {"sugprice": 593.8, "profit": 152, "limit": 535, "timest": 1697644066}, "StatTrak\u2122 M4A4 | In Living Color (Field-Tested)": {"sugprice": 1485, "profit": 110, "limit": 1340, "timest": 1697644072}, "StatTrak\u2122 M4A4 | Tooth Fairy (Minimal Wear)": {"sugprice": 1137.5, "profit": 113, "limit": 1026, "timest": 1697644101}, "StatTrak\u2122 M4A4 | Tooth Fairy (Well-Worn)": {"sugprice": 915.1963636363638, "profit": 110, "limit": 825, "timest": 1697644103}, "StatTrak\u2122 M4A4 | X-Ray (Minimal Wear)": {"sugprice": 5187.746666666667, "profit": 437, "limit": 4681, "timest": 1697644105}, "StatTrak\u2122 M4A4 | \u9f8d\u738b (Dragon King) (Field-Tested)": {"sugprice": 1827.3139999999999, "profit": 115, "limit": 1649, "timest": 1697644109}, "StatTrak\u2122 MAC-10 | Neon Rider (Factory New)": {"sugprice": 3357.3722222222223, "profit": 219, "limit": 3030, "timest": 1697644117}, "StatTrak\u2122 MAC-10 | Stalker (Battle-Scarred)": {"sugprice": 2275.33, "profit": 137, "limit": 2053, "timest": 1697644123}, "StatTrak\u2122 MP7 | Bloodsport (Factory New)": {"sugprice": 1767.59, "profit": 220, "limit": 1595, "timest": 1697644129}, "StatTrak\u2122 MP9 | Hydra (Battle-Scarred)": {"sugprice": 784.5906666666667, "profit": 114, "limit": 708, "timest": 1697644141}, "StatTrak\u2122 Tec-9 | Decimator (Battle-Scarred)": {"sugprice": 1907.0, "profit": 108, "limit": 1721, "timest": 1697644224}, "StatTrak\u2122 USP-S | Blueprint (Field-Tested)": {"sugprice": 1346.630769230769, "profit": 119, "limit": 1215, "timest": 1697644248}, "StatTrak\u2122 USP-S | Monster Mashup (Battle-Scarred)": {"sugprice": 2022.785, "profit": 138, "limit": 1825, "timest": 1697644274}, "StatTrak\u2122 USP-S | Neo-Noir (Battle-Scarred)": {"sugprice": 3163.20125, "profit": 165, "limit": 2854, "timest": 1697644276}, "StatTrak\u2122 USP-S | The Traitor (Well-Worn)": {"sugprice": 3008.0480952380954, "profit": 167, "limit": 2714, "timest": 1697644284}, "USP-S | Neo-Noir (Factory New)": {"sugprice": 4090.5149999999994, "profit": 304, "limit": 3691, "timest": 1697644345}, "USP-S | Printstream (Well-Worn)": {"sugprice": 4475.6652173913035, "profit": 263, "limit": 4039, "timest": 1697644365}, "\u2605 Bloodhound Gloves | Bronzed (Battle-Scarred)": {"sugprice": 7595.988, "profit": 562, "limit": 6855, "timest": 1697644401}, "\u2605 Broken Fang Gloves | Jade (Battle-Scarred)": {"sugprice": 9492.385555555556, "profit": 583, "limit": 8566, "timest": 1697644407}, "\u2605 Driver Gloves | Overtake (Battle-Scarred)": {"sugprice": 8248.417619047621, "profit": 485, "limit": 7444, "timest": 1697644425}, "\u2605 Driver Gloves | Queen Jaguar (Well-Worn)": {"sugprice": 8007.094, "profit": 497, "limit": 7226, "timest": 1697644429}, "\u2605 Gut Knife | Rust Coat (Battle-Scarred)": {"sugprice": 9787.36125, "profit": 597, "limit": 8833, "timest": 1697644441}, "\u2605 Hand Wraps | Arboreal (Field-Tested)": {"sugprice": 7541.941333333334, "profit": 464, "limit": 6806, "timest": 1697644445}, "\u2605 Hand Wraps | Duct Tape (Field-Tested)": {"sugprice": 6374.817999999999, "profit": 388, "limit": 5753, "timest": 1697644453}, "\u2605 Hand Wraps | Giraffe (Battle-Scarred)": {"sugprice": 7612.404285714286, "profit": 573, "limit": 6870, "timest": 1697644455}, "\u2605 Hydra Gloves | Case Hardened (Battle-Scarred)": {"sugprice": 8363.518461538462, "profit": 833, "limit": 7548, "timest": 1697644461}, "\u2605 Hydra Gloves | Rattler (Well-Worn)": {"sugprice": 6264.773999999999, "profit": 301, "limit": 5653, "timest": 1697644481}, "\u2605 Moto Gloves | Transport (Well-Worn)": {"sugprice": 7905.347142857142, "profit": 649, "limit": 7134, "timest": 1697644497}, "\u2605 Navaja Knife | Boreal Forest (Field-Tested)": {"sugprice": 9124.602499999999, "profit": 436, "limit": 8234, "timest": 1697644501}, "\u2605 Navaja Knife | Ultraviolet (Field-Tested)": {"sugprice": 9799.070000000002, "profit": 670, "limit": 8843, "timest": 1697644513}, "\u2605 Shadow Daggers | Bright Water (Field-Tested)": {"sugprice": 9772.579130434782, "profit": 551, "limit": 8819, "timest": 1697644519}, "\u2605 Specialist Gloves | Fade (Battle-Scarred)": {"sugprice": 18332.28, "profit": 934, "limit": 16544, "timest": 1697644535}, "\u2605 Survival Knife | Safari Mesh (Field-Tested)": {"sugprice": 10222.107499999998, "profit": 560, "limit": 9225, "timest": 1697644545}}