{"\u2605 Hand Wraps | CAUTION! (Battle-Scarred)": {"sugprice": 14926.615333333331, "profit": 792, "limit": 13471, "timest": 1708191213}, "\u2605 Shadow Daggers | Autotronic (Battle-Scarred)": {"sugprice": 9033.692142857142, "profit": 481, "limit": 8152, "timest": 1708177886}, "USP-S | Royal Blue (Field-Tested)": {"sugprice": 1323.7731578947369, "profit": 106, "limit": 1194, "timest": 1708200408}, "StatTrak\u2122 SSG 08 | Big Iron (Battle-Scarred)": {"sugprice": 1486, "profit": 130, "limit": 1341, "timest": 1708155584}, "\u2605 Driver Gloves | Racing Green (Field-Tested)": {"sugprice": 4224.686590909091, "profit": 201, "limit": 3812, "timest": 1708177047}, "\u2605 Driver Gloves | Black Tie (Battle-Scarred)": {"sugprice": 10643.987777777777, "profit": 533, "limit": 9606, "timest": 1708200485}, "\u2605 Gut Knife | Doppler (Factory New)": {"sugprice": 16759.087272727273, "profit": 1084, "limit": 15125, "timest": 1708200552}, "\u2605 Navaja Knife | Ultraviolet (Battle-Scarred)": {"sugprice": 7335.851333333334, "profit": 366, "limit": 6620, "timest": 1708182132}, "USP-S | Monster Mashup (Minimal Wear)": {"sugprice": 2288.1631818181813, "profit": 218, "limit": 2065, "timest": 1708186376}, "\u2605 Gut Knife | Safari Mesh (Field-Tested)": {"sugprice": 7493.245, "profit": 603, "limit": 6762, "timest": 1708167708}, "\u2605 Hand Wraps | Spruce DDPAT (Battle-Scarred)": {"sugprice": 7341.691428571428, "profit": 435, "limit": 6625, "timest": 1708171723}, "\u2605 Navaja Knife | Stained (Battle-Scarred)": {"sugprice": 7482.90923076923, "profit": 362, "limit": 6753, "timest": 1708200671}, "StatTrak\u2122 P2000 | Imperial Dragon (Field-Tested)": {"sugprice": 829.7490909090906, "profit": 122, "limit": 748, "timest": 1708200223}, "USP-S | Serum (Minimal Wear)": {"sugprice": 3461.2474999999995, "profit": 458, "limit": 3123, "timest": 1708165401}, "\u2605 Huntsman Knife | Lore (Battle-Scarred)": {"sugprice": 14552, "profit": 775, "limit": 13133, "timest": 1708200599}, "\u2605 Hydra Gloves | Rattler (Well-Worn)": {"sugprice": 4582.862999999999, "profit": 238, "limit": 4136, "timest": 1708199312}, "\u2605 Falchion Knife | Ultraviolet (Battle-Scarred)": {"sugprice": 10459.248125, "profit": 636, "limit": 9439, "timest": 1708191925}, "\u2605 Hand Wraps | Giraffe (Well-Worn)": {"sugprice": 5965.892307692308, "profit": 391, "limit": 5384, "timest": 1708200589}, "\u2605 Driver Gloves | Diamondback (Battle-Scarred)": {"sugprice": 7227.032307692308, "profit": 610, "limit": 6522, "timest": 1708200497}, "StatTrak\u2122 SSG 08 | Turbo Peek (Field-Tested)": {"sugprice": 875.4894736842105, "profit": 107, "limit": 790, "timest": 1708178953}, "StatTrak\u2122 USP-S | Neo-Noir (Field-Tested)": {"sugprice": 3552.9760869565216, "profit": 226, "limit": 3206, "timest": 1708200324}, "\u2605 Specialist Gloves | Crimson Web (Battle-Scarred)": {"sugprice": 12391.743529411764, "profit": 632, "limit": 11183, "timest": 1708156752}, "USP-S | Orion (Field-Tested)": {"sugprice": 3786.2338775510216, "profit": 181, "limit": 3417, "timest": 1708163908}, "\u2605 Shadow Daggers | Ultraviolet (Battle-Scarred)": {"sugprice": 8279.73, "profit": 514, "limit": 7472, "timest": 1708200744}, "\u2605 Specialist Gloves | Fade (Battle-Scarred)": {"sugprice": 15746.198214285716, "profit": 857, "limit": 14210, "timest": 1708188804}, "\u2605 Paracord Knife | Safari Mesh (Field-Tested)": {"sugprice": 8027.330454545453, "profit": 523, "limit": 7244, "timest": 1708196755}, "\u2605 Survival Knife | Stained (Battle-Scarred)": {"sugprice": 10063.025555555556, "profit": 510, "limit": 9081, "timest": 1708190176}, "\u2605 Moto Gloves | Smoke Out (Battle-Scarred)": {"sugprice": 8043.019411764705, "profit": 407, "limit": 7258, "timest": 1708200638}, "StatTrak\u2122 USP-S | Caiman (Field-Tested)": {"sugprice": 5237.255, "profit": 318, "limit": 4726, "timest": 1708200306}, "\u2605 Hand Wraps | Constrictor (Field-Tested)": {"sugprice": 5581.993846153845, "profit": 291, "limit": 5037, "timest": 1708198587}, "USP-S | Whiteout (Field-Tested)": {"sugprice": 2308.063928571428, "profit": 111, "limit": 2083, "timest": 1708195089}, "Vypa Sista of the Revolution | Guerrilla Warfare": {"sugprice": 1919.5006250000004, "profit": 148, "limit": 1732, "timest": 1708149791}, "\u2605 Shadow Daggers | Boreal Forest (Field-Tested)": {"sugprice": 7082.056666666667, "profit": 351, "limit": 6391, "timest": 1708157480}, "\u2605 Stiletto Knife | Ultraviolet (Battle-Scarred)": {"sugprice": 17610.008, "profit": 1431, "limit": 15893, "timest": 1708158845}, "\u2605 Specialist Gloves | Marble Fade (Battle-Scarred)": {"sugprice": 14057.974166666667, "profit": 885, "limit": 12687, "timest": 1708184154}, "\u2605 Moto Gloves | 3rd Commando Company (Well-Worn)": {"sugprice": 5506.943333333334, "profit": 360, "limit": 4970, "timest": 1708200635}, "\u2605 Navaja Knife | Crimson Web (Battle-Scarred)": {"sugprice": 8671.105714285713, "profit": 734, "limit": 7825, "timest": 1708200641}, "\u2605 Falchion Knife | Ultraviolet (Field-Tested)": {"sugprice": 11056.364444444444, "profit": 762, "limit": 9978, "timest": 1708200540}, "\u2605 Moto Gloves | Blood Pressure (Battle-Scarred)": {"sugprice": 8196.972142857141, "profit": 584, "limit": 7397, "timest": 1708155992}, "\u2605 Shadow Daggers | Freehand (Field-Tested)": {"sugprice": 9207.570588235292, "profit": 445, "limit": 8309, "timest": 1708170620}, "\u2605 Falchion Knife | Lore (Battle-Scarred)": {"sugprice": 14157, "profit": 733, "limit": 12776, "timest": 1708200524}, "\u2605 Broken Fang Gloves | Jade (Battle-Scarred)": {"sugprice": 8044.034285714287, "profit": 418, "limit": 7259, "timest": 1708183178}, "USP-S | Orion (Factory New)": {"sugprice": 4351, "profit": 226, "limit": 3926, "timest": 1708160502}, "\u2605 Navaja Knife | Scorched (Field-Tested)": {"sugprice": 6849.26, "profit": 369, "limit": 6181, "timest": 1708158112}, "StatTrak\u2122 P250 | Asiimov (Field-Tested)": {"sugprice": 963.4599999999998, "profit": 100, "limit": 869, "timest": 1708152829}, "\u2605 Broken Fang Gloves | Needle Point (Well-Worn)": {"sugprice": 5360.833846153847, "profit": 379, "limit": 4838, "timest": 1708196489}, "\u2605 Hand Wraps | Desert Shamagh (Battle-Scarred)": {"sugprice": 5322.849512195123, "profit": 256, "limit": 4803, "timest": 1708200572}, "USP-S | Kill Confirmed (Battle-Scarred)": {"sugprice": 3516.9456, "profit": 210, "limit": 3174, "timest": 1708200352}, "USP-S | Purple DDPAT (Minimal Wear)": {"sugprice": 1261.1052941176472, "profit": 100, "limit": 1138, "timest": 1708194420}, "\u2605 Hydra Gloves | Mangrove (Field-Tested)": {"sugprice": 4396.7059183673455, "profit": 227, "limit": 3968, "timest": 1708182053}, "\u2605 Falchion Knife | Black Laminate (Well-Worn)": {"sugprice": 10572.805714285714, "profit": 540, "limit": 9541, "timest": 1708200519}, "\u2605 Survival Knife | Boreal Forest (Field-Tested)": {"sugprice": 7880.784545454546, "profit": 456, "limit": 7112, "timest": 1708162319}, "StatTrak\u2122 Tec-9 | Titanium Bit (Minimal Wear)": {"sugprice": 1070, "profit": 106, "limit": 965, "timest": 1708170130}, "USP-S | Kill Confirmed (Well-Worn)": {"sugprice": 3443.231860465117, "profit": 190, "limit": 3107, "timest": 1708155695}, "StatTrak\u2122 MP9 | Hypnotic (Factory New)": {"sugprice": 3092, "profit": 184, "limit": 2790, "timest": 1708200217}, "\u2605 Sport Gloves | Bronze Morph (Battle-Scarred)": {"sugprice": 10429.053043478261, "profit": 502, "limit": 9412, "timest": 1708190158}, "\u2605 Gut Knife | Boreal Forest (Field-Tested)": {"sugprice": 7729.481666666667, "profit": 411, "limit": 6975, "timest": 1708173713}, "\u2605 Gut Knife | Forest DDPAT (Field-Tested)": {"sugprice": 7652.448333333334, "profit": 389, "limit": 6906, "timest": 1708155220}, "\u2605 Hydra Gloves | Emerald (Battle-Scarred)": {"sugprice": 4927.096190476192, "profit": 250, "limit": 4446, "timest": 1708153965}, "\u2605 Hydra Gloves | Case Hardened (Battle-Scarred)": {"sugprice": 7788.387272727274, "profit": 394, "limit": 7029, "timest": 1708200602},