{"StatTrak\u2122 M4A1-S | Player Two (Battle-Scarred)": {"sugprice": 3309.0865384615386, "profit": 177, "limit": 2986, "timest": 1697645201}, "StatTrak\u2122 M4A4 | Buzz Kill (Battle-Scarred)": {"sugprice": 2198.057142857143, "profit": 165, "limit": 1983, "timest": 1697645203}, "StatTrak\u2122 M4A4 | Griffin (Battle-Scarred)": {"sugprice": 593.8, "profit": 152, "limit": 535, "timest": 1697645229}, "StatTrak\u2122 M4A4 | Tooth Fairy (Well-Worn)": {"sugprice": 915.1618181818183, "profit": 203, "limit": 825, "timest": 1697645266}, "StatTrak\u2122 M4A4 | X-Ray (Minimal Wear)": {"sugprice": 5387.5, "profit": 623, "limit": 4862, "timest": 1697645268}, "StatTrak\u2122 M4A4 | \u9f8d\u738b (Dragon King) (Field-Tested)": {"sugprice": 1827.2400000000002, "profit": 115, "limit": 1649, "timest": 1697645272}, "StatTrak\u2122 MAC-10 | Neon Rider (Factory New)": {"sugprice": 3357.3722222222223, "profit": 219, "limit": 3030, "timest": 1697645280}, "StatTrak\u2122 MP7 | Bloodsport (Factory New)": {"sugprice": 1767.2071428571428, "profit": 219, "limit": 1594, "timest": 1697645292}, "StatTrak\u2122 MP7 | Bloodsport (Well-Worn)": {"sugprice": 745.2025, "profit": 157, "limit": 672, "timest": 1697645297}, "StatTrak\u2122 MP9 | Hydra (Battle-Scarred)": {"sugprice": 784.5906666666667, "profit": 114, "limit": 708, "timest": 1697645303}, "StatTrak\u2122 P250 | Muertos (Battle-Scarred)": {"sugprice": 1241.3254545454547, "profit": 100, "limit": 1120, "timest": 1697645322}, "StatTrak\u2122 Tec-9 | Decimator (Battle-Scarred)": {"sugprice": 1907.0, "profit": 108, "limit": 1721, "timest": 1697645387}, "StatTrak\u2122 USP-S | Blueprint (Battle-Scarred)": {"sugprice": 1163.527619047619, "profit": 107, "limit": 1050, "timest": 1697645409}, "StatTrak\u2122 USP-S | Monster Mashup (Battle-Scarred)": {"sugprice": 2022.575, "profit": 138, "limit": 1825, "timest": 1697645437}, "StatTrak\u2122 USP-S | Neo-Noir (Battle-Scarred)": {"sugprice": 3167.87, "profit": 165, "limit": 2859, "timest": 1697645439}, "StatTrak\u2122 USP-S | The Traitor (Well-Worn)": {"sugprice": 3007.9304761904764, "profit": 157, "limit": 2714, "timest": 1697645447}, "USP-S | Kill Confirmed (Well-Worn)": {"sugprice": 4079.250588235294, "profit": 200, "limit": 3681, "timest": 1697645501}, "USP-S | Neo-Noir (Factory New)": {"sugprice": 4016, "profit": 232, "limit": 3624, "timest": 1697645509}, "USP-S | Printstream (Well-Worn)": {"sugprice": 4480.491666666666, "profit": 267, "limit": 4043, "timest": 1697645529}, "\u2605 Bloodhound Gloves | Bronzed (Battle-Scarred)": {"sugprice": 7595.988, "profit": 562, "limit": 6855, "timest": 1697645565}, "\u2605 Broken Fang Gloves | Jade (Battle-Scarred)": {"sugprice": 9492.385555555556, "profit": 681, "limit": 8566, "timest": 1697645571}, "\u2605 Driver Gloves | Overtake (Battle-Scarred)": {"sugprice": 8248.250000000002, "profit": 485, "limit": 7444, "timest": 1697645589}, "\u2605 Driver Gloves | Queen Jaguar (Well-Worn)": {"sugprice": 7959.1175, "profit": 452, "limit": 7183, "timest": 1697645593}, "\u2605 Gut Knife | Rust Coat (Battle-Scarred)": {"sugprice": 9756.998571428572, "profit": 568, "limit": 8805, "timest": 1697645605}, "\u2605 Hand Wraps | Arboreal (Field-Tested)": {"sugprice": 7541.441999999998, "profit": 464, "limit": 6806, "timest": 1697645609}, "\u2605 Hand Wraps | Duct Tape (Field-Tested)": {"sugprice": 6374.557, "profit": 387, "limit": 5753, "timest": 1697645617}, "\u2605 Hand Wraps | Giraffe (Battle-Scarred)": {"sugprice": 7612.404285714286, "profit": 562, "limit": 6870, "timest": 1697645619}, "\u2605 Hydra Gloves | Case Hardened (Battle-Scarred)": {"sugprice": 8363.386923076923, "profit": 833, "limit": 7547, "timest": 1697645625}, "\u2605 Hydra Gloves | Rattler (Well-Worn)": {"sugprice": 6295.0, "profit": 329, "limit": 5681, "timest": 1697645645}, "\u2605 Moto Gloves | Transport (Well-Worn)": {"sugprice": 7905.347142857142, "profit": 648, "limit": 7134, "timest": 1697645661}, "\u2605 Moto Gloves | Turtle (Battle-Scarred)": {"sugprice": 11001.486666666666, "profit": 530, "limit": 9928, "timest": 1697645663}, "\u2605 Navaja Knife | Boreal Forest (Field-Tested)": {"sugprice": 9124.0475, "profit": 435, "limit": 8234, "timest": 1697645665}, "\u2605 Navaja Knife | Ultraviolet (Field-Tested)": {"sugprice": 9798.788571428571, "profit": 670, "limit": 8843, "timest": 1697645677}, "\u2605 Shadow Daggers | Safari Mesh (Field-Tested)": {"sugprice": 9663.142777777779, "profit": 504, "limit": 8720, "timest": 1697645689}, "\u2605 Specialist Gloves | Fade (Battle-Scarred)": {"sugprice": 18328.60888888889, "profit": 927, "limit": 16541, "timest": 1697645704}, "\u2605 Sport Gloves | Bronze Morph (Battle-Scarred)": {"sugprice": 12074.729, "profit": 720, "limit": 10897, "timest": 1697645711}}