{"USP-S | Kill Confirmed (Well-Worn)": {"sugprice": 3225.652173913044, "profit": 169, "limit": 2911, "timest": 1702053584}, "\u2605 Hydra Gloves | Rattler (Field-Tested)": {"sugprice": 4319.952727272727, "profit": 304, "limit": 3898, "timest": 1702061044}, "\u2605 Moto Gloves | Transport (Battle-Scarred)": {"sugprice": 5356.7832558139535, "profit": 298, "limit": 4834, "timest": 1702030769}, "\u2605 Broken Fang Gloves | Unhinged (Battle-Scarred)": {"sugprice": 5088.110199999999, "profit": 273, "limit": 4592, "timest": 1702047492}, "StatTrak\u2122 SSG 08 | Dragonfire (Field-Tested)": {"sugprice": 3058.4065909090905, "profit": 214, "limit": 2760, "timest": 1702053372}, "StatTrak\u2122 USP-S | The Traitor (Battle-Scarred)": {"sugprice": 2257.0784, "profit": 168, "limit": 2037, "timest": 1702060509}, "\u2605 Moto Gloves | Blood Pressure (Battle-Scarred)": {"sugprice": 8096, "profit": 576, "limit": 7306, "timest": 1701978971}, "\u2605 Gut Knife | Safari Mesh (Field-Tested)": {"sugprice": 7255.479333333334, "profit": 404, "limit": 6548, "timest": 1702060886}, "\u2605 Gut Knife | Freehand (Field-Tested)": {"sugprice": 8908.25, "profit": 462, "limit": 8039, "timest": 1702059028}, "USP-S | Neo-Noir (Factory New)": {"sugprice": 3166.183333333333, "profit": 163, "limit": 2857, "timest": 1702052310}, "\u2605 Driver Gloves | Convoy (Field-Tested)": {"sugprice": 6250.4468421052625, "profit": 379, "limit": 5641, "timest": 1702060749}, "\u2605 Specialist Gloves | Fade (Battle-Scarred)": {"sugprice": 15275.458461538461, "profit": 895, "limit": 13786, "timest": 1702054367}, "Tec-9 | Nuclear Threat (Battle-Scarred)": {"sugprice": 3117.923333333333, "profit": 200, "limit": 2813, "timest": 1702060521}, "StatTrak\u2122 M4A4 | \u9f8d\u738b (Dragon King) (Field-Tested)": {"sugprice": 1563, "profit": 104, "limit": 1410, "timest": 1702049839}, "\u2605 Bloodhound Gloves | Bronzed (Battle-Scarred)": {"sugprice": 6213.850000000001, "profit": 311, "limit": 5607, "timest": 1702048340}, "\u2605 Navaja Knife | Marble Fade (Factory New)": {"sugprice": 15309.48636363636, "profit": 789, "limit": 13816, "timest": 1702033205}, "\u2605 Shadow Daggers | Scorched (Field-Tested)": {"sugprice": 7029, "profit": 354, "limit": 6343, "timest": 1702061404}, "StatTrak\u2122 M4A4 | The Battlestar (Field-Tested)": {"sugprice": 1520.1557894736843, "profit": 147, "limit": 1371, "timest": 1702060415}, "StatTrak\u2122 M4A4 | The Emperor (Battle-Scarred)": {"sugprice": 2569.8235000000004, "profit": 132, "limit": 2319, "timest": 1702060417}, "\u2605 Driver Gloves | Racing Green (Field-Tested)": {"sugprice": 4092.0110869565224, "profit": 237, "limit": 3693, "timest": 1702060810}, "StatTrak\u2122 M4A4 | Temukau (Battle-Scarred)": {"sugprice": 2427.319111111112, "profit": 122, "limit": 2190, "timest": 1702004078}, "\u2605 Hand Wraps | Constrictor (Battle-Scarred)": {"sugprice": 5013.281999999999, "profit": 260, "limit": 4524, "timest": 1701995766}, "\u2605 Shadow Daggers | Freehand (Field-Tested)": {"sugprice": 9312.864074074074, "profit": 470, "limit": 8404, "timest": 1702058221}, "\u2605 Bloodhound Gloves | Guerrilla (Battle-Scarred)": {"sugprice": 6222.289583333332, "profit": 409, "limit": 5615, "timest": 1702060665}, "\u2605 Driver Gloves | Convoy (Battle-Scarred)": {"sugprice": 6309.130357142856, "profit": 349, "limit": 5693, "timest": 1702060734}, "\u2605 Navaja Knife | Boreal Forest (Field-Tested)": {"sugprice": 6833.941521739129, "profit": 380, "limit": 6167, "timest": 1702057202}, "\u2605 Gut Knife | Bright Water (Field-Tested)": {"sugprice": 8359.049333333332, "profit": 438, "limit": 7544, "timest": 1702057811}, "\u2605 Hydra Gloves | Rattler (Well-Worn)": {"sugprice": 4495.789583333334, "profit": 270, "limit": 4057, "timest": 1702060083}, "StatTrak\u2122 M4A4 | In Living Color (Field-Tested)": {"sugprice": 1307.4123809523812, "profit": 111, "limit": 1179, "timest": 1702007089}, "\u2605 Driver Gloves | Queen Jaguar (Field-Tested)": {"sugprice": 6445.445384615384, "profit": 408, "limit": 5817, "timest": 1702051590}, "\u2605 Bloodhound Gloves | Snakebite (Field-Tested)": {"sugprice": 6021.023571428572, "profit": 318, "limit": 5433, "timest": 1702050226}, "StatTrak\u2122 USP-S | Neo-Noir (Battle-Scarred)": {"sugprice": 3057.740909090909, "profit": 178, "limit": 2759, "timest": 1702057596}, "\u2605 Specialist Gloves | Forest DDPAT (Battle-Scarred)": {"sugprice": 8612, "profit": 667, "limit": 7772, "timest": 1702036033}, "\u2605 Moto Gloves | Smoke Out (Battle-Scarred)": {"sugprice": 8022.594499999999, "profit": 602, "limit": 7240, "timest": 1702061131}, "\u2605 Hand Wraps | Giraffe (Battle-Scarred)": {"sugprice": 6295.033225806452, "profit": 578, "limit": 5681, "timest": 1702060978}, "\u2605 Shadow Daggers | Forest DDPAT (Field-Tested)": {"sugprice": 7281.700588235294, "profit": 364, "limit": 6571, "timest": 1702061356}, "\u2605 Gut Knife | Forest DDPAT (Field-Tested)": {"sugprice": 7664.379999999999, "profit": 365, "limit": 6917, "timest": 1702004553}, "USP-S | Printstream (Field-Tested)": {"sugprice": 3140.697142857143, "profit": 189, "limit": 2834, "timest": 1702060572}, "\u2605 Navaja Knife | Rust Coat (Battle-Scarred)": {"sugprice": 6964.589375, "profit": 348, "limit": 6285, "timest": 1702038053}, "StatTrak\u2122 PP-Bizon | Judgement of Anubis (Field-Tested)": {"sugprice": 1103, "profit": 151, "limit": 995, "timest": 1702029955}, "\u2605 Navaja Knife | Night Stripe (Field-Tested)": {"sugprice": 6756.849375, "profit": 417, "limit": 6098, "timest": 1702061193}, "\u2605 Paracord Knife | Forest DDPAT (Field-Tested)": {"sugprice": 8231.133214285714, "profit": 404, "limit": 7428, "timest": 1702003814}, "\u2605 Shadow Daggers | Ultraviolet (Field-Tested)": {"sugprice": 9057, "profit": 582, "limit": 8173, "timest": 1702046829}, "\u2605 Survival Knife | Forest DDPAT (Field-Tested)": {"sugprice": 8031.760769230769, "profit": 398, "limit": 7248, "timest": 1702053023}, "\u2605 Hydra Gloves | Emerald (Field-Tested)": {"sugprice": 4789.411428571429, "profit": 295, "limit": 4322, "timest": 1702061018}, "\u2605 Driver Gloves | Queen Jaguar (Battle-Scarred)": {"sugprice": 6073.667142857143, "profit": 500, "limit": 5481, "timest": 1702060782}, "\u2605 Driver Gloves | Racing Green (Battle-Scarred)": {"sugprice": 4118.337608695651, "profit": 207, "limit": 3716, "timest": 1702060808}, "\u2605 Survival Knife | Boreal Forest (Field-Tested)": {"sugprice": 7829.6500000000015, "profit": 508, "limit": 7066, "timest": 1702046838}, "StatTrak\u2122 M4A4 | X-Ray (Minimal Wear)": {"sugprice": 4705.146428571429, "profit": 225, "limit": 4246, "timest": 1702020067}, "\u2605 Gut Knife | Doppler (Factory New)": {"sugprice": 16276.683076923076, "profit": 967, "limit": 14689, "timest": 1702049474}, "USP-S | Printstream (Well-Worn)": {"sugprice": 3018.7381578947375, "profit": 179, "limit": 2724, "timest": 1702045657}, "StatTrak\u2122 USP-S | The Traitor (Well-Worn)": {"sugprice": 2190.4391666666666, "profit": 205, "limit": 1976, "timest": 1702060511}, "StatTrak\u2122 USP-S | Neo-Noir (Field-Tested)": {"sugprice": 3089.8866666666668, "profit": 168, "limit": 2788, "timest": 1702060503}, "\u2605 Gut Knife | Scorched (Field-Tested)": {"sugprice": 7568.39888888889, "profit": 438, "limit": 6830, "timest": 1702060890}, "StatTrak\u2122 M4A4 | Royal Paladin (Field-Tested)": {"sugprice": 2217, "profit": 156, "limit": 2000, "timest": 1702060407}, "\u2605 Sport Gloves | Bronze Morph (Battle-Scarred)": {"sugprice": 10592.069411764705, "profit": 712, "limit": 9559, "timest": 1702061488}, "USP-S | Orion (Minimal Wear)": {"sugprice": 4257.505333333334, "profit": 210, "limit": 3842, "timest": 1701992255}, "\u2605 Specialist Gloves | Buckshot (Field-Tested)": {"sugprice": 5475.491818181818, "profit": 314, "limit": 4941, "timest": 1701994639}, "\u2605 Driver Gloves | Overtake (Battle-Scarred)": {"sugprice": 6866.535714285715, "profit": 365, "limit": 6197, "timest": 1702060773},