{"USP-S | Whiteout (Battle-Scarred)": {"sugprice": 2198.5978571428573, "profit": 174, "limit": 1984, "timest": 1707983489}, "\u2605 Hydra Gloves | Case Hardened (Field-Tested)": {"sugprice": 9129.962, "profit": 612, "limit": 8239, "timest": 1707983661}, "StatTrak\u2122 P90 | Nostalgia (Battle-Scarred)": {"sugprice": 995.7538888888889, "profit": 126, "limit": 898, "timest": 1707983232}, "USP-S | Kill Confirmed (Battle-Scarred)": {"sugprice": 3480.481162790698, "profit": 225, "limit": 3141, "timest": 1707983361}, "\u2605 Hand Wraps | CAUTION! (Battle-Scarred)": {"sugprice": 14438.406428571427, "profit": 908, "limit": 13030, "timest": 1707983624}, "\u2605 Shadow Daggers | Autotronic (Battle-Scarred)": {"sugprice": 8849.45923076923, "profit": 633, "limit": 7986, "timest": 1707983724}, "USP-S | Kill Confirmed (Well-Worn)": {"sugprice": 3441.9041463414637, "profit": 170, "limit": 3106, "timest": 1707983367}, "USP-S | Royal Blue (Field-Tested)": {"sugprice": 1235.9546153846154, "profit": 142, "limit": 1115, "timest": 1707983475}, "\u2605 Bloodhound Gloves | Bronzed (Battle-Scarred)": {"sugprice": 6429.147037037038, "profit": 336, "limit": 5802, "timest": 1707983498}, "StatTrak\u2122 SSG 08 | Big Iron (Battle-Scarred)": {"sugprice": 1540.8627272727274, "profit": 128, "limit": 1390, "timest": 1707983285}, "\u2605 Ursus Knife | Ultraviolet (Battle-Scarred)": {"sugprice": 12105.703333333333, "profit": 1231, "limit": 10925, "timest": 1707983833}, "\u2605 Driver Gloves | Racing Green (Field-Tested)": {"sugprice": 4168.361836734694, "profit": 207, "limit": 3761, "timest": 1707983541}, "\u2605 Gut Knife | Boreal Forest (Field-Tested)": {"sugprice": 7169.914705882353, "profit": 361, "limit": 6470, "timest": 1707929172}, "\u2605 Shadow Daggers | Black Laminate (Field-Tested)": {"sugprice": 6895.225555555555, "profit": 365, "limit": 6222, "timest": 1707900951}, "\u2605 Driver Gloves | Black Tie (Battle-Scarred)": {"sugprice": 10590.209166666666, "profit": 661, "limit": 9557, "timest": 1707983521}, "\u2605 Gut Knife | Doppler (Factory New)": {"sugprice": 16218.977142857142, "profit": 835, "limit": 14637, "timest": 1707983605}, "\u2605 Paracord Knife | Forest DDPAT (Battle-Scarred)": {"sugprice": 8013.003571428571, "profit": 381, "limit": 7231, "timest": 1707954491}, "\u2605 Navaja Knife | Crimson Web (Battle-Scarred)": {"sugprice": 8274.436000000002, "profit": 405, "limit": 7467, "timest": 1707934079}, "\u2605 Navaja Knife | Ultraviolet (Battle-Scarred)": {"sugprice": 7299.8538461538465, "profit": 719, "limit": 6588, "timest": 1707956492}, "USP-S | Monster Mashup (Minimal Wear)": {"sugprice": 2263.343181818182, "profit": 115, "limit": 2042, "timest": 1707983371}, "\u2605 Gut Knife | Safari Mesh (Field-Tested)": {"sugprice": 7341.910000000001, "profit": 554, "limit": 6626, "timest": 1707956359}, "\u2605 Hand Wraps | Spruce DDPAT (Battle-Scarred)": {"sugprice": 7402.180909090909, "profit": 502, "limit": 6680, "timest": 1707980712}, "\u2605 Navaja Knife | Stained (Battle-Scarred)": {"sugprice": 7163.546875, "profit": 341, "limit": 6465, "timest": 1707971447}, "StatTrak\u2122 P2000 | Imperial Dragon (Field-Tested)": {"sugprice": 739.2797435897434, "profit": 111, "limit": 667, "timest": 1707983204}, "StatTrak\u2122 USP-S | The Traitor (Battle-Scarred)": {"sugprice": 2336.9405128205126, "profit": 139, "limit": 2109, "timest": 1707954788}, "\u2605 Navaja Knife | Doppler (Factory New)": {"sugprice": 18218.915882352943, "profit": 1131, "limit": 16442, "timest": 1707971434}, "USP-S | Serum (Minimal Wear)": {"sugprice": 3391.5856250000006, "profit": 244, "limit": 3060, "timest": 1707983480}, "USP-S | Purple DDPAT (Minimal Wear)": {"sugprice": 1229.1754545454544, "profit": 105, "limit": 1109, "timest": 1707983472}, "\u2605 Gut Knife | Scorched (Field-Tested)": {"sugprice": 7775.49, "profit": 414, "limit": 7017, "timest": 1707950278}, "\u2605 Navaja Knife | Ultraviolet (Field-Tested)": {"sugprice": 7342.794545454546, "profit": 384, "limit": 6626, "timest": 1707983708}, "\u2605 Specialist Gloves | Lt. Commander (Battle-Scarred)": {"sugprice": 9961.928461538462, "profit": 560, "limit": 8990, "timest": 1707920989}, "\u2605 Broken Fang Gloves | Unhinged (Field-Tested)": {"sugprice": 5834.756111111111, "profit": 281, "limit": 5265, "timest": 1707936746}, "\u2605 Huntsman Knife | Lore (Battle-Scarred)": {"sugprice": 14642.018181818183, "profit": 912, "limit": 13214, "timest": 1707983655}, "StatTrak\u2122 USP-S | Neo-Noir (Battle-Scarred)": {"sugprice": 3350.2, "profit": 160, "limit": 3023, "timest": 1707921853}, "USP-S | Whiteout (Minimal Wear)": {"sugprice": 3150.3378571428575, "profit": 212, "limit": 2843, "timest": 1707983492}, "USP-S | Purple DDPAT (Factory New)": {"sugprice": 1234.9816666666668, "profit": 101, "limit": 1114, "timest": 1707915714}, "\u2605 Hydra Gloves | Rattler (Well-Worn)": {"sugprice": 4562.110967741935, "profit": 274, "limit": 4117, "timest": 1707934059}, "StatTrak\u2122 USP-S | Monster Mashup (Battle-Scarred)": {"sugprice": 1803.8808695652178, "profit": 100, "limit": 1628, "timest": 1707931006}, "StatTrak\u2122 Sawed-Off | Devourer (Battle-Scarred)": {"sugprice": 623.6725, "profit": 112, "limit": 562, "timest": 1707976925}, "\u2605 Gut Knife | Freehand (Field-Tested)": {"sugprice": 8133.25846153846, "profit": 474, "limit": 7340, "timest": 1707906955}, "USP-S | Neo-Noir (Factory New)": {"sugprice": 3483.5636363636363, "profit": 245, "limit": 3143, "timest": 1707983376}, "\u2605 Hand Wraps | Arboreal (Field-Tested)": {"sugprice": 6768, "profit": 679, "limit": 6108, "timest": 1707983622}, "StatTrak\u2122 USP-S | Printstream (Battle-Scarred)": {"sugprice": 4534.5474418604645, "profit": 245, "limit": 4092, "timest": 1707957000}, "USP-S | Neo-Noir (Well-Worn)": {"sugprice": 1565.314285714286, "profit": 115, "limit": 1412, "timest": 1707983381}, "USP-S | Blueprint (Minimal Wear)": {"sugprice": 852.3518181818182, "profit": 119, "limit": 769, "timest": 1707917691}, "\u2605 Falchion Knife | Ultraviolet (Battle-Scarred)": {"sugprice": 9685.897, "profit": 479, "limit": 8741, "timest": 1707936139}, "\u2605 Hand Wraps | Constrictor (Field-Tested)": {"sugprice": 5338.691428571428, "profit": 279, "limit": 4818, "timest": 1707905047}, "StatTrak\u2122 MP9 | Hydra (Battle-Scarred)": {"sugprice": 574.7006896551724, "profit": 100, "limit": 518, "timest": 1707907863}, "\u2605 Bowie Knife | Tiger Tooth (Factory New)": {"sugprice": 21687.18857142857, "profit": 1281, "limit": 19572, "timest": 1707982035}, "\u2605 Broken Fang Gloves | Yellow-banded (Battle-Scarred)": {"sugprice": 5534.2036, "profit": 287, "limit": 4994, "timest": 1707904733}, "\u2605 Hand Wraps | Giraffe (Well-Worn)": {"sugprice": 5917, "profit": 480, "limit": 5340, "timest": 1707983645}, "\u2605 Driver Gloves | Diamondback (Battle-Scarred)": {"sugprice": 7148.4675, "profit": 680, "limit": 6451, "timest": 1707974933}, "\u2605 Navaja Knife | Rust Coat (Battle-Scarred)": {"sugprice": 6675.554888888887, "profit": 438, "limit": 6024, "timest": 1707983696}, "StatTrak\u2122 SSG 08 | Turbo Peek (Field-Tested)": {"sugprice": 863.531785714286, "profit": 102, "limit": 779, "timest": 1707980385}, "\u2605 Driver Gloves | Convoy (Battle-Scarred)": {"sugprice": 6206.147777777778, "profit": 356, "limit": 5601, "timest": 1707911347}, "StatTrak\u2122 USP-S | Neo-Noir (Field-Tested)": {"sugprice": 3445.1181818181813, "profit": 296, "limit": 3109, "timest": 1707983323}, "StatTrak\u2122 USP-S | Overgrowth (Field-Tested)": {"sugprice": 4219.875, "profit": 265, "limit": 3808, "timest": 1707983326}, "\u2605 Hand Wraps | Duct Tape (Field-Tested)": {"sugprice": 5546.124999999999, "profit": 348, "limit": 5005, "timest": 1707950326}, "StatTrak\u2122 USP-S | The Traitor (Well-Worn)": {"sugprice": 2350.2438235294117, "profit": 144, "limit": 2121, "timest": 1707954790}, "\u2605 Sport Gloves | Amphibious (Battle-Scarred)": {"sugprice": 40202.56999999999, "profit": 2135, "limit": 36282, "timest": 1707983807},