{"StatTrak\u2122 M4A4 | The Emperor (Battle-Scarred)": {"sugprice": 2656.5775, "profit": 180, "limit": 2397, "timest": 1702944829}, "StatTrak\u2122 M4A4 | \u9f8d\u738b (Dragon King) (Field-Tested)": {"sugprice": 1535.1028571428567, "profit": 100, "limit": 1385, "timest": 1702942935}, "StatTrak\u2122 MAC-10 | Toybox (Battle-Scarred)": {"sugprice": 604.588, "profit": 125, "limit": 545, "timest": 1702944866}, "StatTrak\u2122 MP7 | Bloodsport (Factory New)": {"sugprice": 1362, "profit": 110, "limit": 1229, "timest": 1702944868}, "StatTrak\u2122 MP9 | Hypnotic (Factory New)": {"sugprice": 3454.5941935483875, "profit": 293, "limit": 3117, "timest": 1702944888}, "StatTrak\u2122 P90 | Asiimov (Battle-Scarred)": {"sugprice": 1717.075588235294, "profit": 318, "limit": 1549, "timest": 1702944924}, "StatTrak\u2122 PP-Bizon | Judgement of Anubis (Field-Tested)": {"sugprice": 998.65125, "profit": 128, "limit": 901, "timest": 1702944928}, "StatTrak\u2122 SSG 08 | Bloodshot (Field-Tested)": {"sugprice": 1994.1129411764705, "profit": 193, "limit": 1799, "timest": 1702944935}, "StatTrak\u2122 USP-S | Neo-Noir (Battle-Scarred)": {"sugprice": 3050.423103448276, "profit": 195, "limit": 2753, "timest": 1702945010}, "StatTrak\u2122 USP-S | Neo-Noir (Field-Tested)": {"sugprice": 3124.451904761905, "profit": 185, "limit": 2819, "timest": 1702945026}, "StatTrak\u2122 USP-S | The Traitor (Battle-Scarred)": {"sugprice": 2127.0697999999993, "profit": 157, "limit": 1919, "timest": 1702945039}, "Tec-9 | Nuclear Threat (Battle-Scarred)": {"sugprice": 3321.963333333333, "profit": 275, "limit": 2998, "timest": 1702945048}, "USP-S | Kill Confirmed (Battle-Scarred)": {"sugprice": 3136.1546938775514, "profit": 169, "limit": 2830, "timest": 1702945077}, "USP-S | Kill Confirmed (Well-Worn)": {"sugprice": 3179.7982608695647, "profit": 167, "limit": 2869, "timest": 1702945081}, "USP-S | Neo-Noir (Factory New)": {"sugprice": 3155, "profit": 192, "limit": 2847, "timest": 1702945085}, "USP-S | The Traitor (Minimal Wear)": {"sugprice": 1390.57875, "profit": 117, "limit": 1254, "timest": 1702937251}, "\u2605 Bloodhound Gloves | Guerrilla (Battle-Scarred)": {"sugprice": 6051.362857142858, "profit": 361, "limit": 5461, "timest": 1702945124}, "\u2605 Broken Fang Gloves | Needle Point (Well-Worn)": {"sugprice": 5013.6272222222215, "profit": 241, "limit": 4524, "timest": 1702944278}, "\u2605 Broken Fang Gloves | Yellow-banded (Battle-Scarred)": {"sugprice": 6103.3170731707305, "profit": 325, "limit": 5508, "timest": 1702893826}, "\u2605 Driver Gloves | Convoy (Field-Tested)": {"sugprice": 6189.016315789474, "profit": 297, "limit": 5585, "timest": 1702930519}, "\u2605 Driver Gloves | Diamondback (Battle-Scarred)": {"sugprice": 6740.260769230768, "profit": 504, "limit": 6083, "timest": 1702930521}, "\u2605 Driver Gloves | Queen Jaguar (Battle-Scarred)": {"sugprice": 5359.4862, "profit": 382, "limit": 4836, "timest": 1702939028}, "\u2605 Falchion Knife | Rust Coat (Battle-Scarred)": {"sugprice": 8525.358235294118, "profit": 554, "limit": 7694, "timest": 1702892122}, "\u2605 Falchion Knife | Ultraviolet (Battle-Scarred)": {"sugprice": 9814.468571428572, "profit": 493, "limit": 8857, "timest": 1702875344}, "\u2605 Gut Knife | Bright Water (Field-Tested)": {"sugprice": 8731.06153846154, "profit": 781, "limit": 7879, "timest": 1702945178}, "\u2605 Hand Wraps | Arboreal (Field-Tested)": {"sugprice": 6153.853571428571, "profit": 534, "limit": 5553, "timest": 1702945190}, "\u2605 Hand Wraps | Badlands (Battle-Scarred)": {"sugprice": 7326, "profit": 375, "limit": 6611, "timest": 1702945192}, "\u2605 Hand Wraps | Desert Shamagh (Battle-Scarred)": {"sugprice": 5059.134615384614, "profit": 241, "limit": 4565, "timest": 1702929552}, "\u2605 Hydra Gloves | Case Hardened (Battle-Scarred)": {"sugprice": 7401.434999999999, "profit": 479, "limit": 6679, "timest": 1702881404}, "\u2605 Hydra Gloves | Mangrove (Field-Tested)": {"sugprice": 4106.474680851063, "profit": 197, "limit": 3706, "timest": 1702939100}, "\u2605 Hydra Gloves | Rattler (Battle-Scarred)": {"sugprice": 4139.430204081634, "profit": 197, "limit": 3735, "timest": 1702930601}, "\u2605 Moto Gloves | 3rd Commando Company (Battle-Scarred)": {"sugprice": 5100.4758, "profit": 285, "limit": 4603, "timest": 1702945242}, "\u2605 Moto Gloves | Boom! (Battle-Scarred)": {"sugprice": 6966.138666666668, "profit": 617, "limit": 6286, "timest": 1702898865}, "\u2605 Moto Gloves | Finish Line (Battle-Scarred)": {"sugprice": 7054.205, "profit": 353, "limit": 6366, "timest": 1702914380}, "\u2605 Moto Gloves | POW! (Battle-Scarred)": {"sugprice": 7895.636, "profit": 470, "limit": 7125, "timest": 1702900646}, "\u2605 Moto Gloves | Smoke Out (Battle-Scarred)": {"sugprice": 6982, "profit": 526, "limit": 6301, "timest": 1702945321}, "\u2605 Moto Gloves | Transport (Field-Tested)": {"sugprice": 5724.874444444445, "profit": 330, "limit": 5166, "timest": 1702945324}, "\u2605 Navaja Knife | Night Stripe (Field-Tested)": {"sugprice": 6944.152999999999, "profit": 423, "limit": 6267, "timest": 1702945331}, "\u2605 Navaja Knife | Rust Coat (Battle-Scarred)": {"sugprice": 6938.349999999999, "profit": 341, "limit": 6261, "timest": 1702945332}, "\u2605 Navaja Knife | Scorched (Field-Tested)": {"sugprice": 7038.801578947369, "profit": 449, "limit": 6352, "timest": 1702945337}, "\u2605 Navaja Knife | Ultraviolet (Field-Tested)": {"sugprice": 7404, "profit": 492, "limit": 6682, "timest": 1702945346}, "\u2605 Navaja Knife | Urban Masked (Field-Tested)": {"sugprice": 7040.097200000001, "profit": 347, "limit": 6353, "timest": 1702945347}, "\u2605 Paracord Knife | Forest DDPAT (Field-Tested)": {"sugprice": 8328.200384615386, "profit": 413, "limit": 7516, "timest": 1702924471}, "\u2605 Paracord Knife | Scorched (Field-Tested)": {"sugprice": 7590.571333333334, "profit": 434, "limit": 6850, "timest": 1702936415}, "\u2605 Shadow Daggers | Bright Water (Field-Tested)": {"sugprice": 7639.04612903226, "profit": 404, "limit": 6894, "timest": 1702945355}, "\u2605 Shadow Daggers | Freehand (Field-Tested)": {"sugprice": 8972.34064516129, "profit": 431, "limit": 8097, "timest": 1702916598}, "\u2605 Shadow Daggers | Ultraviolet (Battle-Scarred)": {"sugprice": 7227, "profit": 391, "limit": 6522, "timest": 1702945366}, "\u2605 Shadow Daggers | Ultraviolet (Field-Tested)": {"sugprice": 8905, "profit": 553, "limit": 8036, "timest": 1702919848}, "\u2605 Sport Gloves | Bronze Morph (Battle-Scarred)": {"sugprice": 10354.66789473684, "profit": 509, "limit": 9345, "timest": 1702945375}, "\u2605 Survival Knife | Boreal Forest (Field-Tested)": {"sugprice": 7756.137647058823, "profit": 503, "limit": 6999, "timest": 1702897697}, "\u2605 Survival Knife | Forest DDPAT (Field-Tested)": {"sugprice": 7671.954444444444, "profit": 367, "limit": 6923, "timest": 1702924511}, "StatTrak\u2122 M4A4 | X-Ray (Minimal Wear)": {"sugprice": 4576.718823529412, "profit": 272, "limit": 4130, "timest": 1702944845}, "\u2605 Driver Gloves | Racing Green (Battle-Scarred)": {"sugprice": 3813.017391304348, "profit": 241, "limit": 3441, "timest": 1702911462}, "\u2605 Gut Knife | Boreal Forest (Field-Tested)": {"sugprice": 7349.788235294118, "profit": 460, "limit": 6633, "timest": 1702945176}, "\u2605 Gut Knife | Forest DDPAT (Field-Tested)": {"sugprice": 7839.4408, "profit": 403, "limit": 7075, "timest": 1702945180}, "\u2605 Hydra Gloves | Rattler (Field-Tested)": {"sugprice": 4214.248541666666, "profit": 204, "limit": 3803, "timest": 1702945238}, "\u2605 Paracord Knife | Safari Mesh (Field-Tested)": {"sugprice": 7661.432499999999, "profit": 364, "limit": 6914, "timest": 1702942269}, "\u2605 Shadow Daggers | Safari Mesh (Field-Tested)": {"sugprice": 7167.504375, "profit": 354, "limit": 6468, "timest": 1702941219}, "\u2605 Specialist Gloves | Fade (Battle-Scarred)": {"sugprice": 15047.751764705881, "profit": 1202, "limit": 13580, "timest": 1702945370}, "\u2605 Driver Gloves | Racing Green (Field-Tested)": {"sugprice": 3878.711000000001,