{"StatTrak\u2122 M4A1-S | Player Two (Battle-Scarred)": {"sugprice": 3292.3954545454544, "profit": 157, "limit": 2971, "timest": 1700006075}, "USP-S | Kill Confirmed (Well-Worn)": {"sugprice": 3351.9554000000003, "profit": 215, "limit": 3025, "timest": 1700083107}, "USP-S | Overgrowth (Field-Tested)": {"sugprice": 2005.5984210526321, "profit": 129, "limit": 1810, "timest": 1700083128}, "\u2605 Moto Gloves | Turtle (Battle-Scarred)": {"sugprice": 8117.0394117647065, "profit": 615, "limit": 7325, "timest": 1700083316}, "\u2605 Navaja Knife | Scorched (Field-Tested)": {"sugprice": 6932.296944444444, "profit": 940, "limit": 6256, "timest": 1700083328}, "\u2605 Driver Gloves | Racing Green (Battle-Scarred)": {"sugprice": 4085.531333333333, "profit": 239, "limit": 3687, "timest": 1700083199}, "StatTrak\u2122 M4A4 | Royal Paladin (Battle-Scarred)": {"sugprice": 2238.1649999999995, "profit": 156, "limit": 2019, "timest": 1700082978}, "StatTrak\u2122 M4A4 | The Emperor (Battle-Scarred)": {"sugprice": 2845.7479166666667, "profit": 272, "limit": 2568, "timest": 1700082990}, "StatTrak\u2122 USP-S | The Traitor (Well-Worn)": {"sugprice": 2122, "profit": 166, "limit": 1915, "timest": 1700083077}, "USP-S | Printstream (Minimal Wear)": {"sugprice": 4466, "profit": 345, "limit": 4030, "timest": 1700063286}, "USP-S | Whiteout (Minimal Wear)": {"sugprice": 2725.7613043478254, "profit": 166, "limit": 2459, "timest": 1700081319}, "\u2605 Broken Fang Gloves | Needle Point (Battle-Scarred)": {"sugprice": 5496.06880952381, "profit": 394, "limit": 4960, "timest": 1700083172}, "\u2605 Broken Fang Gloves | Needle Point (Field-Tested)": {"sugprice": 5566.279705882352, "profit": 356, "limit": 5023, "timest": 1700075526}, "\u2605 Driver Gloves | Racing Green (Well-Worn)": {"sugprice": 4282.882068965518, "profit": 487, "limit": 3865, "timest": 1700083204}, "\u2605 Hand Wraps | Constrictor (Battle-Scarred)": {"sugprice": 5021.2413333333325, "profit": 440, "limit": 4531, "timest": 1700083274}, "\u2605 Hydra Gloves | Rattler (Field-Tested)": {"sugprice": 4432.370952380954, "profit": 425, "limit": 4000, "timest": 1700083304}, "\u2605 Moto Gloves | Finish Line (Battle-Scarred)": {"sugprice": 7182.905, "profit": 367, "limit": 6482, "timest": 1700083310}, "\u2605 Navaja Knife | Forest DDPAT (Field-Tested)": {"sugprice": 6955.013461538463, "profit": 455, "limit": 6276, "timest": 1700083320}, "\u2605 Navaja Knife | Safari Mesh (Field-Tested)": {"sugprice": 7216.037777777777, "profit": 520, "limit": 6512, "timest": 1700083326}, "\u2605 Shadow Daggers | Bright Water (Field-Tested)": {"sugprice": 8070.85825, "profit": 433, "limit": 7283, "timest": 1700083338}, "\u2605 Shadow Daggers | Rust Coat (Battle-Scarred)": {"sugprice": 7140.981515151516, "profit": 683, "limit": 6444, "timest": 1700083344}, "\u2605 Broken Fang Gloves | Yellow-banded (Field-Tested)": {"sugprice": 6484, "profit": 360, "limit": 5851, "timest": 1700083186}, "\u2605 Hand Wraps | Arboreal (Battle-Scarred)": {"sugprice": 5291.172439024391, "profit": 253, "limit": 4775, "timest": 1700071632}, "Vypa Sista of the Revolution | Guerrilla Warfare": {"sugprice": 1589.1353333333332, "profit": 100, "limit": 1434, "timest": 1700082718}, "StatTrak\u2122 M4A4 | \u9f8d\u738b (Dragon King) (Battle-Scarred)": {"sugprice": 1502.934, "profit": 110, "limit": 1356, "timest": 1700082996}, "\u2605 Hydra Gloves | Mangrove (Battle-Scarred)": {"sugprice": 4260.71825, "profit": 458, "limit": 3845, "timest": 1700083298}, "USP-S | Monster Mashup (Minimal Wear)": {"sugprice": 1911.2915384615385, "profit": 128, "limit": 1724, "timest": 1700083113}, "\u2605 Broken Fang Gloves | Yellow-banded (Battle-Scarred)": {"sugprice": 6148.694680851063, "profit": 358, "limit": 5549, "timest": 1700083184}, "\u2605 Hydra Gloves | Mangrove (Well-Worn)": {"sugprice": 4494.501249999999, "profit": 343, "limit": 4056, "timest": 1700083300}, "\u2605 Shadow Daggers | Scorched (Field-Tested)": {"sugprice": 7309.867272727272, "profit": 591, "limit": 6597, "timest": 1700083346}, "StatTrak\u2122 M4A4 | Desolate Space (Battle-Scarred)": {"sugprice": 1221.961632653061, "profit": 100, "limit": 1102, "timest": 1700077529}, "StatTrak\u2122 USP-S | Blueprint (Battle-Scarred)": {"sugprice": 1028.3764516129033, "profit": 100, "limit": 928, "timest": 1699999269}, "StatTrak\u2122 P90 | Asiimov (Battle-Scarred)": {"sugprice": 1436.5314000000005, "profit": 131, "limit": 1296, "timest": 1700083034}, "\u2605 Hand Wraps | Desert Shamagh (Field-Tested)": {"sugprice": 4984.985652173913, "profit": 340, "limit": 4498, "timest": 1700083282}, "\u2605 Gut Knife | Forest DDPAT (Field-Tested)": {"sugprice": 7728.908999999998, "profit": 749, "limit": 6975, "timest": 1700083260}, "\u2605 Moto Gloves | Transport (Battle-Scarred)": {"sugprice": 5315.06488372093, "profit": 262, "limit": 4796, "timest": 1700078287}, "USP-S | The Traitor (Minimal Wear)": {"sugprice": 1459.9177777777777, "profit": 129, "limit": 1317, "timest": 1700079969}, "USP-S | Printstream (Well-Worn)": {"sugprice": 2894.0461538461536, "profit": 265, "limit": 2611, "timest": 1700083136}, "\u2605 Driver Gloves | Racing Green (Field-Tested)": {"sugprice": 4153.522799999999, "profit": 231, "limit": 3748, "timest": 1700083200}, "\u2605 Hand Wraps | Duct Tape (Field-Tested)": {"sugprice": 5234.679545454546, "profit": 412, "limit": 4724, "timest": 1700083288}, "USP-S | Monster Mashup (Well-Worn)": {"sugprice": 1334, "profit": 129, "limit": 1203, "timest": 1700083115}, "\u2605 Broken Fang Gloves | Unhinged (Battle-Scarred)": {"sugprice": 5121.129400000002, "profit": 409, "limit": 4621, "timest": 1700083178}, "\u2605 Hand Wraps | Arboreal (Field-Tested)": {"sugprice": 6235, "profit": 481, "limit": 5627, "timest": 1700083270}, "USP-S | Kill Confirmed (Battle-Scarred)": {"sugprice": 3182.2809302325586, "profit": 157, "limit": 2872, "timest": 1700066856}, "StatTrak\u2122 M4A4 | Cyber Security (Battle-Scarred)": {"sugprice": 1590.7425, "profit": 101, "limit": 1435, "timest": 1700065805}, "USP-S | Serum (Field-Tested)": {"sugprice": 3409, "profit": 270, "limit": 3076, "timest": 1700083144}, "\u2605 Hand Wraps | Giraffe (Battle-Scarred)": {"sugprice": 6179.658421052632, "profit": 416, "limit": 5577, "timest": 1700083290}, "USP-S | Neo-Noir (Well-Worn)": {"sugprice": 1603, "profit": 122, "limit": 1446, "timest": 1700083122}, "\u2605 Survival Knife | Safari Mesh (Field-Tested)": {"sugprice": 7781, "profit": 560, "limit": 7022, "timest": 1700083366}, "\u2605 Hydra Gloves | Case Hardened (Field-Tested)": {"sugprice": 8500, "profit": 788, "limit": 7671, "timest": 1700083296}, "\u2605 Gut Knife | Rust Coat (Battle-Scarred)": {"sugprice": 7949.61210526316, "profit": 642, "limit": 7174, "timest": 1700083262}, "\u2605 Moto Gloves | Smoke Out (Battle-Scarred)": {"sugprice": 7216, "profit": 641, "limit": 6512, "timest": 1700083312}, "\u2605 Hydra Gloves | Rattler (Battle-Scarred)": {"sugprice": 4490.216808510637, "profit": 414, "limit": 4052, "timest": 1700083302}, "StatTrak\u2122 M4A4 | Evil Daimyo (Minimal Wear)": {"sugprice": 808.0356249999999, "profit": 100, "limit": 729, "timest": 1700082970}, "StatTrak\u2122 SSG 08 | Dragonfire (Field-Tested)": {"sugprice": 3674.5374074074084, "profit": 344, "limit": 3316, "timest": 1700083046}, "\u2605 Specialist Gloves | Forest DDPAT (Battle-Scarred)": {"sugprice": 8305, "profit": 594, "limit": 7495, "timest": 1700083356}, "StatTrak\u2122 M4A4 | Desert-Strike (Field-Tested)": {"sugprice": 1317.8815384615386, "profit": 222, "limit": 1189, "timest": 1700082962}, "\u2605 Broken Fang Gloves | Jade (Battle-Scarred)": {"sugprice": 7641, "profit": 543, "limit": 6896, "timest": 1700083170}, "\u2605 Broken Fang Gloves | Unhinged (Field-Tested)": {"sugprice": 5238.063749999999, "profit": 259, "limit": 4727, "timest": 1700017712}, "StatTrak\u2122 M4A4 | Temukau (Battle-Scarred)": {"sugprice": 2537.334222222222, "profit": 130, "limit": 2289, "timest": 1700082984},