{"USP-S | Kill Confirmed (Well-Worn)": {"sugprice": 3245, "profit": 185, "limit": 2928, "timest": 1702281660}, "StatTrak\u2122 USP-S | The Traitor (Battle-Scarred)": {"sugprice": 2158.411470588235, "profit": 107, "limit": 1947, "timest": 1702235685}, "\u2605 Gut Knife | Safari Mesh (Field-Tested)": {"sugprice": 7284.0025000000005, "profit": 440, "limit": 6573, "timest": 1702284883}, "\u2605 Gut Knife | Freehand (Field-Tested)": {"sugprice": 9206.26375, "profit": 857, "limit": 8308, "timest": 1702284879}, "\u2605 Driver Gloves | Convoy (Field-Tested)": {"sugprice": 6314.510909090909, "profit": 367, "limit": 5698, "timest": 1702284855}, "\u2605 Specialist Gloves | Fade (Battle-Scarred)": {"sugprice": 14908.316000000003, "profit": 721, "limit": 13454, "timest": 1702259202}, "Tec-9 | Nuclear Threat (Battle-Scarred)": {"sugprice": 3112.23625, "profit": 164, "limit": 2808, "timest": 1702281599}, "StatTrak\u2122 M4A4 | \u9f8d\u738b (Dragon King) (Field-Tested)": {"sugprice": 1535.1662962962964, "profit": 108, "limit": 1385, "timest": 1702284318}, "\u2605 Bloodhound Gloves | Bronzed (Battle-Scarred)": {"sugprice": 6211.056250000001, "profit": 328, "limit": 5605, "timest": 1702283007}, "\u2605 Shadow Daggers | Scorched (Field-Tested)": {"sugprice": 7165.997368421054, "profit": 557, "limit": 6467, "timest": 1702285008}, "StatTrak\u2122 M4A4 | The Emperor (Battle-Scarred)": {"sugprice": 2574, "profit": 159, "limit": 2323, "timest": 1702284308}, "\u2605 Driver Gloves | Racing Green (Field-Tested)": {"sugprice": 4036.1956756756745, "profit": 207, "limit": 3642, "timest": 1702208527}, "\u2605 Hand Wraps | Constrictor (Battle-Scarred)": {"sugprice": 4864.501249999999, "profit": 249, "limit": 4390, "timest": 1702208570}, "\u2605 Shadow Daggers | Freehand (Field-Tested)": {"sugprice": 9258.688076923076, "profit": 474, "limit": 8355, "timest": 1702285002}, "\u2605 Bloodhound Gloves | Guerrilla (Battle-Scarred)": {"sugprice": 6163.031111111111, "profit": 333, "limit": 5562, "timest": 1702284828}, "\u2605 Driver Gloves | Convoy (Battle-Scarred)": {"sugprice": 6156, "profit": 293, "limit": 5555, "timest": 1702284853}, "\u2605 Navaja Knife | Boreal Forest (Field-Tested)": {"sugprice": 7028, "profit": 376, "limit": 6342, "timest": 1702284959}, "\u2605 Gut Knife | Bright Water (Field-Tested)": {"sugprice": 8532.675833333335, "profit": 453, "limit": 7700, "timest": 1702284873}, "StatTrak\u2122 USP-S | Neo-Noir (Battle-Scarred)": {"sugprice": 3073.2813333333334, "profit": 162, "limit": 2773, "timest": 1702284435}, "\u2605 Moto Gloves | Smoke Out (Battle-Scarred)": {"sugprice": 7866.22655172414, "profit": 542, "limit": 7099, "timest": 1702284951}, "\u2605 Hand Wraps | Giraffe (Battle-Scarred)": {"sugprice": 5957.802352941178, "profit": 440, "limit": 5376, "timest": 1702249329}, "\u2605 Shadow Daggers | Forest DDPAT (Field-Tested)": {"sugprice": 7159.845625, "profit": 362, "limit": 6461, "timest": 1702249542}, "\u2605 Gut Knife | Forest DDPAT (Field-Tested)": {"sugprice": 8109.586249999999, "profit": 693, "limit": 7318, "timest": 1702284877}, "USP-S | Printstream (Field-Tested)": {"sugprice": 3035.431538461539, "profit": 170, "limit": 2739, "timest": 1702281818}, "\u2605 Navaja Knife | Rust Coat (Battle-Scarred)": {"sugprice": 6908.537837837838, "profit": 362, "limit": 6234, "timest": 1702283230}, "\u2605 Navaja Knife | Night Stripe (Field-Tested)": {"sugprice": 6806.4890000000005, "profit": 371, "limit": 6142, "timest": 1702283229}, "\u2605 Shadow Daggers | Ultraviolet (Field-Tested)": {"sugprice": 9165.139523809523, "profit": 446, "limit": 8271, "timest": 1702270246}, "\u2605 Survival Knife | Forest DDPAT (Field-Tested)": {"sugprice": 7977.393750000001, "profit": 662, "limit": 7199, "timest": 1702285021}, "\u2605 Driver Gloves | Queen Jaguar (Battle-Scarred)": {"sugprice": 5787.32947368421, "profit": 287, "limit": 5223, "timest": 1702256403}, "\u2605 Driver Gloves | Racing Green (Battle-Scarred)": {"sugprice": 4147.319799999998, "profit": 262, "limit": 3742, "timest": 1702284863}, "\u2605 Survival Knife | Boreal Forest (Field-Tested)": {"sugprice": 7829.3313333333335, "profit": 577, "limit": 7065, "timest": 1702285020}, "USP-S | Printstream (Well-Worn)": {"sugprice": 3068, "profit": 188, "limit": 2768, "timest": 1702279976}, "StatTrak\u2122 USP-S | The Traitor (Well-Worn)": {"sugprice": 2162.2266666666665, "profit": 248, "limit": 1951, "timest": 1702284461}, "\u2605 Gut Knife | Scorched (Field-Tested)": {"sugprice": 7261.633846153846, "profit": 345, "limit": 6553, "timest": 1702217385}, "StatTrak\u2122 M4A4 | Royal Paladin (Field-Tested)": {"sugprice": 2259.907894736842, "profit": 113, "limit": 2039, "timest": 1702240041}, "\u2605 Hydra Gloves | Mangrove (Battle-Scarred)": {"sugprice": 4274.391956521738, "profit": 288, "limit": 3857, "timest": 1702252235}, "StatTrak\u2122 M4A4 | Buzz Kill (Battle-Scarred)": {"sugprice": 2005.5703703703703, "profit": 132, "limit": 1810, "timest": 1702284263}, "\u2605 Hand Wraps | CAUTION! (Battle-Scarred)": {"sugprice": 13952.235, "profit": 753, "limit": 12591, "timest": 1702284891}, "\u2605 Paracord Knife | Safari Mesh (Field-Tested)": {"sugprice": 7910, "profit": 512, "limit": 7138, "timest": 1702284985}, "StatTrak\u2122 M4A4 | Royal Paladin (Battle-Scarred)": {"sugprice": 2449.788235294118, "profit": 209, "limit": 2210, "timest": 1702284296}, "StatTrak\u2122 USP-S | Monster Mashup (Battle-Scarred)": {"sugprice": 1829.6916666666668, "profit": 216, "limit": 1651, "timest": 1702284422}, "\u2605 Hydra Gloves | Mangrove (Field-Tested)": {"sugprice": 4162.79512195122, "profit": 200, "limit": 3756, "timest": 1702234851}, "StatTrak\u2122 P90 | Asiimov (Battle-Scarred)": {"sugprice": 1351.2741176470588, "profit": 100, "limit": 1219, "timest": 1702228269}, "USP-S | Orion (Field-Tested)": {"sugprice": 4008.932888888889, "profit": 195, "limit": 3618, "timest": 1702284681}, "\u2605 Hand Wraps | Desert Shamagh (Well-Worn)": {"sugprice": 5112.293181818182, "profit": 246, "limit": 4613, "timest": 1702216590}, "\u2605 Hydra Gloves | Rattler (Battle-Scarred)": {"sugprice": 4233.629534883722, "profit": 218, "limit": 3820, "timest": 1702201704}, "\u2605 Driver Gloves | Racing Green (Well-Worn)": {"sugprice": 4124.402380952381, "profit": 198, "limit": 3722, "timest": 1702284867}, "USP-S | Whiteout (Battle-Scarred)": {"sugprice": 1761.4626666666668, "profit": 101, "limit": 1589, "timest": 1702248365}, "\u2605 Hand Wraps | Desert Shamagh (Field-Tested)": {"sugprice": 5103.633555555555, "profit": 404, "limit": 4606, "timest": 1702252155}, "\u2605 Moto Gloves | Polygon (Battle-Scarred)": {"sugprice": 10915.074, "profit": 555, "limit": 9850, "timest": 1702284947}, "\u2605 Navaja Knife | Safari Mesh (Field-Tested)": {"sugprice": 7046.050975609755, "profit": 413, "limit": 6359, "timest": 1702283232}, "\u2605 Hand Wraps | Arboreal (Field-Tested)": {"sugprice": 6004.708181818181, "profit": 383, "limit": 5419, "timest": 1702227610}, "\u2605 Moto Gloves | Finish Line (Battle-Scarred)": {"sugprice": 7119.365161290324, "profit": 371, "limit": 6425, "timest": 1702284945}, "UMP-45 | Blaze (Factory New)": {"sugprice": 1712.6861224489794, "profit": 106, "limit": 1545, "timest": 1702281625}, "StatTrak\u2122 Tec-9 | Decimator (Battle-Scarred)": {"sugprice": 1948.1574999999998, "profit": 244, "limit": 1758, "timest": 1702284371}, "\u2605 Moto Gloves | Boom! (Battle-Scarred)": {"sugprice": 7107.826000000001, "profit": 492, "limit": 6414, "timest": 1702284943}, "\u2605 Huntsman Knife | Bright Water (Field-Tested)": {"sugprice": 10552.02, "profit": 634, "limit": 9523, "timest": 1702284914}, "\u2605 Hand Wraps | Arboreal (Battle-Scarred)": {"sugprice": 5343.726666666665, "profit": 255, "limit": 4822, "timest": 1702202677}, "\u2605 Shadow Daggers | Ultraviolet (Battle-Scarred)": {"sugprice": 7812.048095238094, "profit": 373, "limit": 7050, "timest": 1702270875}, "StatTrak\u2122 M4A4 | Desolate Space (Field-Tested)": {"sugprice": 1473.3861111111114, "profit": 109, "limit": 1329,