{"USP-S | Kill Confirmed (Well-Worn)": {"sugprice": 2996.386470588236, "profit": 279, "limit": 2704, "timest": 1700456032}, "USP-S | Overgrowth (Field-Tested)": {"sugprice": 1817.187222222222, "profit": 101, "limit": 1640, "timest": 1700382708}, "\u2605 Navaja Knife | Scorched (Field-Tested)": {"sugprice": 6592.1704, "profit": 379, "limit": 5949, "timest": 1700456392}, "\u2605 Driver Gloves | Racing Green (Battle-Scarred)": {"sugprice": 4066.2831914893623, "profit": 303, "limit": 3669, "timest": 1700456253}, "StatTrak\u2122 M4A4 | The Emperor (Battle-Scarred)": {"sugprice": 2295.1961538461537, "profit": 154, "limit": 2071, "timest": 1700455886}, "StatTrak\u2122 USP-S | The Traitor (Well-Worn)": {"sugprice": 2117.6515789473688, "profit": 251, "limit": 1911, "timest": 1700455997}, "USP-S | Whiteout (Minimal Wear)": {"sugprice": 2747.561818181818, "profit": 239, "limit": 2479, "timest": 1700456115}, "\u2605 Broken Fang Gloves | Needle Point (Battle-Scarred)": {"sugprice": 5206.854074074074, "profit": 326, "limit": 4699, "timest": 1700401727}, "\u2605 Broken Fang Gloves | Needle Point (Field-Tested)": {"sugprice": 5826.306666666666, "profit": 511, "limit": 5258, "timest": 1700456189}, "\u2605 Driver Gloves | Racing Green (Well-Worn)": {"sugprice": 4110.265, "profit": 434, "limit": 3709, "timest": 1700456266}, "\u2605 Hand Wraps | Constrictor (Battle-Scarred)": {"sugprice": 4841.600512820512, "profit": 403, "limit": 4369, "timest": 1700456333}, "\u2605 Hydra Gloves | Rattler (Field-Tested)": {"sugprice": 4134.3045, "profit": 364, "limit": 3731, "timest": 1700456366}, "\u2605 Moto Gloves | Finish Line (Battle-Scarred)": {"sugprice": 6862.535882352941, "profit": 473, "limit": 6193, "timest": 1700456372}, "\u2605 Navaja Knife | Forest DDPAT (Field-Tested)": {"sugprice": 6907.283448275861, "profit": 438, "limit": 6233, "timest": 1700453403}, "\u2605 Navaja Knife | Safari Mesh (Field-Tested)": {"sugprice": 7146.6630000000005, "profit": 416, "limit": 6449, "timest": 1700456390}, "\u2605 Shadow Daggers | Bright Water (Field-Tested)": {"sugprice": 7240.399545454545, "profit": 475, "limit": 6534, "timest": 1700416483}, "\u2605 Shadow Daggers | Rust Coat (Battle-Scarred)": {"sugprice": 6652.199444444444, "profit": 482, "limit": 6003, "timest": 1700456408}, "\u2605 Broken Fang Gloves | Yellow-banded (Field-Tested)": {"sugprice": 6319.615000000001, "profit": 475, "limit": 5703, "timest": 1700456231}, "Vypa Sista of the Revolution | Guerrilla Warfare": {"sugprice": 1594.0190909090911, "profit": 131, "limit": 1438, "timest": 1700442593}, "StatTrak\u2122 M4A4 | \u9f8d\u738b (Dragon King) (Battle-Scarred)": {"sugprice": 1459.767619047619, "profit": 149, "limit": 1317, "timest": 1700455892}, "\u2605 Hydra Gloves | Mangrove (Battle-Scarred)": {"sugprice": 4049.2491666666665, "profit": 316, "limit": 3654, "timest": 1700454263}, "USP-S | Monster Mashup (Minimal Wear)": {"sugprice": 1834.9660000000003, "profit": 110, "limit": 1656, "timest": 1700426253}, "\u2605 Hydra Gloves | Mangrove (Well-Worn)": {"sugprice": 4318.632352941177, "profit": 300, "limit": 3897, "timest": 1700456362}, "\u2605 Shadow Daggers | Scorched (Field-Tested)": {"sugprice": 7117.2283333333335, "profit": 500, "limit": 6423, "timest": 1700456410}, "StatTrak\u2122 M4A4 | Desolate Space (Battle-Scarred)": {"sugprice": 1247.5240000000001, "profit": 126, "limit": 1125, "timest": 1700455860}, "StatTrak\u2122 P90 | Asiimov (Battle-Scarred)": {"sugprice": 1456.9076666666665, "profit": 120, "limit": 1314, "timest": 1700455938}, "\u2605 Hand Wraps | Desert Shamagh (Field-Tested)": {"sugprice": 4995.392564102564, "profit": 453, "limit": 4508, "timest": 1700456343}, "\u2605 Gut Knife | Forest DDPAT (Field-Tested)": {"sugprice": 7499.380000000001, "profit": 634, "limit": 6768, "timest": 1700456321}, "\u2605 Moto Gloves | Transport (Battle-Scarred)": {"sugprice": 5412.538461538459, "profit": 306, "limit": 4884, "timest": 1700456378}, "USP-S | The Traitor (Minimal Wear)": {"sugprice": 1407.1495238095242, "profit": 132, "limit": 1269, "timest": 1700456105}, "USP-S | Printstream (Well-Worn)": {"sugprice": 2475, "profit": 148, "limit": 2233, "timest": 1700456065}, "\u2605 Driver Gloves | Racing Green (Field-Tested)": {"sugprice": 4100.75469387755, "profit": 253, "limit": 3700, "timest": 1700456257}, "\u2605 Hand Wraps | Duct Tape (Field-Tested)": {"sugprice": 5430.66, "profit": 554, "limit": 4901, "timest": 1700456348}, "USP-S | Monster Mashup (Well-Worn)": {"sugprice": 1298.6356250000001, "profit": 100, "limit": 1172, "timest": 1700454954}, "\u2605 Broken Fang Gloves | Unhinged (Battle-Scarred)": {"sugprice": 5059.143777777776, "profit": 545, "limit": 4565, "timest": 1700456211}, "\u2605 Hand Wraps | Arboreal (Field-Tested)": {"sugprice": 5802.542058823531, "profit": 542, "limit": 5236, "timest": 1700456330}, "USP-S | Kill Confirmed (Battle-Scarred)": {"sugprice": 2869.4197727272726, "profit": 137, "limit": 2589, "timest": 1700450135}, "USP-S | Serum (Field-Tested)": {"sugprice": 3403.317222222222, "profit": 256, "limit": 3071, "timest": 1700456080}, "\u2605 Hand Wraps | Giraffe (Battle-Scarred)": {"sugprice": 5682, "profit": 546, "limit": 5128, "timest": 1700456350}, "USP-S | Neo-Noir (Well-Worn)": {"sugprice": 1508.2094444444444, "profit": 159, "limit": 1361, "timest": 1700456051}, "\u2605 Survival Knife | Safari Mesh (Field-Tested)": {"sugprice": 7786.982666666666, "profit": 542, "limit": 7027, "timest": 1700456428}, "\u2605 Hydra Gloves | Case Hardened (Field-Tested)": {"sugprice": 8072.656666666667, "profit": 517, "limit": 7285, "timest": 1700456358}, "\u2605 Gut Knife | Rust Coat (Battle-Scarred)": {"sugprice": 8019.0315, "profit": 663, "limit": 7237, "timest": 1700456323}, "\u2605 Moto Gloves | Smoke Out (Battle-Scarred)": {"sugprice": 6945.334999999999, "profit": 797, "limit": 6268, "timest": 1700456376}, "\u2605 Hydra Gloves | Rattler (Battle-Scarred)": {"sugprice": 4163.290571428571, "profit": 474, "limit": 3757, "timest": 1700456364}, "StatTrak\u2122 SSG 08 | Dragonfire (Field-Tested)": {"sugprice": 3413.731052631579, "profit": 364, "limit": 3080, "timest": 1700455953}, "\u2605 Specialist Gloves | Forest DDPAT (Battle-Scarred)": {"sugprice": 7927.509444444445, "profit": 685, "limit": 7154, "timest": 1700456419}, "StatTrak\u2122 M4A4 | Desert-Strike (Field-Tested)": {"sugprice": 1324.730769230769, "profit": 157, "limit": 1195, "timest": 1700455858}, "\u2605 Broken Fang Gloves | Jade (Battle-Scarred)": {"sugprice": 7290.763684210527, "profit": 820, "limit": 6579, "timest": 1700456183}, "StatTrak\u2122 M4A4 | Temukau (Battle-Scarred)": {"sugprice": 2462.0778571428573, "profit": 143, "limit": 2222, "timest": 1700455880}, "\u2605 Hydra Gloves | Rattler (Well-Worn)": {"sugprice": 5026.854615384616, "profit": 375, "limit": 4536, "timest": 1700456368}, "StatTrak\u2122 USP-S | Neo-Noir (Field-Tested)": {"sugprice": 3053.2964285714284, "profit": 337, "limit": 2755, "timest": 1700455989}, "USP-S | Whiteout (Battle-Scarred)": {"sugprice": 1675.5235999999998, "profit": 130, "limit": 1512, "timest": 1700385834}, "\u2605 Bloodhound Gloves | Guerrilla (Field-Tested)": {"sugprice": 6029.3268421052635, "profit": 477, "limit": 5441, "timest": 1700456165}, "\u2605 Broken Fang Gloves | Unhinged (Well-Worn)": {"sugprice": 4940.129999999999, "profit": 372, "limit": 4458, "timest": 1700456218}, "\u2605 Gut Knife | Boreal Forest (Field-Tested)": {"sugprice": 7188.58, "profit": 429, "limit": 6487, "timest": 1700451085}, "\u2605 Gut Knife | Bright Water (Field-Tested)": {"sugprice": 8286.224117647058, "profit": 811, "limit": 7478, "timest": 1700456316}, "\u2605 Gut Knife | Safari Mesh (Field-Tested)": {"sugprice": 6981.953529411764, "profit": 334, "limit": 6301, "timest": 1700394071}, "\u2605 Hand Wraps | Arboreal (Well-Worn)": {"sugprice": 5771.95, "profit": 472, "limit": 5209, "timest": 1700422258}, "\u2605 Hand Wraps | Constrictor (Field-Tested)": {"sugprice": 5122.3929032258075, "profit": 674, "limit": 4622, "timest": 1700456335},