{"USP-S | Kill Confirmed (Well-Worn)": {"sugprice": 3185.1907999999994, "profit": 155, "limit": 2874, "timest": 1702361622}, "\u2605 Gut Knife | Safari Mesh (Field-Tested)": {"sugprice": 7137.866666666667, "profit": 443, "limit": 6441, "timest": 1702385127}, "\u2605 Gut Knife | Freehand (Field-Tested)": {"sugprice": 9099.716666666665, "profit": 434, "limit": 8212, "timest": 1702381544}, "\u2605 Driver Gloves | Convoy (Field-Tested)": {"sugprice": 6409.920370370371, "profit": 442, "limit": 5784, "timest": 1702385099}, "\u2605 Specialist Gloves | Fade (Battle-Scarred)": {"sugprice": 15389.306111111115, "profit": 743, "limit": 13888, "timest": 1702348851}, "StatTrak\u2122 M4A4 | \u9f8d\u738b (Dragon King) (Field-Tested)": {"sugprice": 1536.1845833333334, "profit": 102, "limit": 1386, "timest": 1702384908}, "\u2605 Bloodhound Gloves | Bronzed (Battle-Scarred)": {"sugprice": 6263.345454545455, "profit": 341, "limit": 5652, "timest": 1702385067}, "\u2605 Shadow Daggers | Scorched (Field-Tested)": {"sugprice": 7259.566, "profit": 548, "limit": 6551, "timest": 1702385688}, "StatTrak\u2122 M4A4 | The Emperor (Battle-Scarred)": {"sugprice": 2593.126744186047, "profit": 149, "limit": 2340, "timest": 1702384898}, "\u2605 Driver Gloves | Racing Green (Field-Tested)": {"sugprice": 4025.300612244899, "profit": 291, "limit": 3632, "timest": 1702385109}, "\u2605 Shadow Daggers | Freehand (Field-Tested)": {"sugprice": 9161.462307692305, "profit": 446, "limit": 8268, "timest": 1702383589}, "\u2605 Bloodhound Gloves | Guerrilla (Battle-Scarred)": {"sugprice": 6076.4905, "profit": 361, "limit": 5484, "timest": 1702385073}, "\u2605 Driver Gloves | Convoy (Battle-Scarred)": {"sugprice": 6218.254642857141, "profit": 307, "limit": 5611, "timest": 1702385097}, "\u2605 Navaja Knife | Boreal Forest (Field-Tested)": {"sugprice": 7051.9295555555545, "profit": 677, "limit": 6364, "timest": 1702385411}, "\u2605 Gut Knife | Bright Water (Field-Tested)": {"sugprice": 8761.166666666664, "profit": 474, "limit": 7906, "timest": 1702381538}, "StatTrak\u2122 USP-S | Neo-Noir (Battle-Scarred)": {"sugprice": 3052.5621875, "profit": 194, "limit": 2754, "timest": 1702384982}, "\u2605 Moto Gloves | Smoke Out (Battle-Scarred)": {"sugprice": 7849.489285714285, "profit": 576, "limit": 7084, "timest": 1702376735}, "\u2605 Hand Wraps | Giraffe (Battle-Scarred)": {"sugprice": 5742, "profit": 353, "limit": 5182, "timest": 1702385182}, "\u2605 Shadow Daggers | Forest DDPAT (Field-Tested)": {"sugprice": 7142.347777777778, "profit": 402, "limit": 6445, "timest": 1702385615}, "\u2605 Gut Knife | Forest DDPAT (Field-Tested)": {"sugprice": 8018, "profit": 528, "limit": 7236, "timest": 1702385121}, "USP-S | Printstream (Field-Tested)": {"sugprice": 2957.8840425531916, "profit": 168, "limit": 2669, "timest": 1702379193}, "\u2605 Navaja Knife | Rust Coat (Battle-Scarred)": {"sugprice": 6917.61142857143, "profit": 332, "limit": 6243, "timest": 1702384603}, "\u2605 Navaja Knife | Night Stripe (Field-Tested)": {"sugprice": 6879.368529411763, "profit": 413, "limit": 6208, "timest": 1702385452}, "\u2605 Shadow Daggers | Ultraviolet (Field-Tested)": {"sugprice": 8969.74722222222, "profit": 518, "limit": 8095, "timest": 1702385695}, "\u2605 Survival Knife | Forest DDPAT (Field-Tested)": {"sugprice": 7557.492857142856, "profit": 362, "limit": 6820, "timest": 1702378490}, "\u2605 Driver Gloves | Queen Jaguar (Battle-Scarred)": {"sugprice": 5874.7762, "profit": 350, "limit": 5301, "timest": 1702374294}, "\u2605 Driver Gloves | Racing Green (Battle-Scarred)": {"sugprice": 4059, "profit": 228, "limit": 3663, "timest": 1702365165}, "\u2605 Survival Knife | Boreal Forest (Field-Tested)": {"sugprice": 7800.496428571429, "profit": 379, "limit": 7039, "timest": 1702375536}, "USP-S | Printstream (Well-Worn)": {"sugprice": 2991.9136363636367, "profit": 177, "limit": 2700, "timest": 1702385045}, "StatTrak\u2122 USP-S | The Traitor (Well-Worn)": {"sugprice": 2237.7115151515154, "profit": 175, "limit": 2019, "timest": 1702384992}, "\u2605 Hydra Gloves | Mangrove (Battle-Scarred)": {"sugprice": 4119.025853658536, "profit": 278, "limit": 3717, "timest": 1702384558}, "StatTrak\u2122 M4A4 | Buzz Kill (Battle-Scarred)": {"sugprice": 1992.7070588235292, "profit": 110, "limit": 1798, "timest": 1702323942}, "\u2605 Hand Wraps | CAUTION! (Battle-Scarred)": {"sugprice": 13911.5075, "profit": 731, "limit": 12555, "timest": 1702385137}, "\u2605 Paracord Knife | Safari Mesh (Field-Tested)": {"sugprice": 7913.824444444446, "profit": 486, "limit": 7142, "timest": 1702385547}, "StatTrak\u2122 M4A4 | Royal Paladin (Battle-Scarred)": {"sugprice": 2382.139375, "profit": 118, "limit": 2149, "timest": 1702384886}, "StatTrak\u2122 USP-S | Monster Mashup (Battle-Scarred)": {"sugprice": 1911.5600000000002, "profit": 110, "limit": 1725, "timest": 1702360203}, "\u2605 Hydra Gloves | Mangrove (Field-Tested)": {"sugprice": 4215.681951219512, "profit": 220, "limit": 3804, "timest": 1702356645}, "USP-S | Orion (Field-Tested)": {"sugprice": 3906.5659459459466, "profit": 188, "limit": 3525, "timest": 1702379933}, "\u2605 Driver Gloves | Racing Green (Well-Worn)": {"sugprice": 4134.677750000001, "profit": 239, "limit": 3731, "timest": 1702375198}, "USP-S | Whiteout (Battle-Scarred)": {"sugprice": 1785.1223404255322, "profit": 199, "limit": 1611, "timest": 1702385057}, "\u2605 Hand Wraps | Desert Shamagh (Field-Tested)": {"sugprice": 5046.782391304348, "profit": 240, "limit": 4554, "timest": 1702381568}, "\u2605 Moto Gloves | Polygon (Battle-Scarred)": {"sugprice": 10963.149999999998, "profit": 755, "limit": 9894, "timest": 1702385369}, "\u2605 Navaja Knife | Safari Mesh (Field-Tested)": {"sugprice": 6929, "profit": 352, "limit": 6253, "timest": 1702381636}, "\u2605 Hand Wraps | Arboreal (Field-Tested)": {"sugprice": 5983.35, "profit": 290, "limit": 5399, "timest": 1702320894}, "\u2605 Moto Gloves | Finish Line (Battle-Scarred)": {"sugprice": 7112.474166666666, "profit": 352, "limit": 6419, "timest": 1702381611}, "UMP-45 | Blaze (Factory New)": {"sugprice": 1627.3971052631578, "profit": 106, "limit": 1468, "timest": 1702381154}, "StatTrak\u2122 Tec-9 | Decimator (Battle-Scarred)": {"sugprice": 2114.1666666666665, "profit": 400, "limit": 1908, "timest": 1702384962}, "\u2605 Moto Gloves | Boom! (Battle-Scarred)": {"sugprice": 7012.278181818182, "profit": 537, "limit": 6328, "timest": 1702385349}, "\u2605 Huntsman Knife | Bright Water (Field-Tested)": {"sugprice": 10186, "profit": 570, "limit": 9192, "timest": 1702385202}, "\u2605 Shadow Daggers | Ultraviolet (Battle-Scarred)": {"sugprice": 7790.909090909091, "profit": 745, "limit": 7031, "timest": 1702381680}, "StatTrak\u2122 M4A4 | Desolate Space (Field-Tested)": {"sugprice": 1385, "profit": 109, "limit": 1249, "timest": 1702340472}, "\u2605 Bloodhound Gloves | Bronzed (Field-Tested)": {"sugprice": 6252.420555555556, "profit": 383, "limit": 5642, "timest": 1702385069}, "\u2605 Navaja Knife | Urban Masked (Field-Tested)": {"sugprice": 7033.852, "profit": 568, "limit": 6348, "timest": 1702385508}, "\u2605 Hand Wraps | Constrictor (Field-Tested)": {"sugprice": 4988.002162162162, "profit": 258, "limit": 4501, "timest": 1702316107}, "\u2605 Broken Fang Gloves | Needle Point (Battle-Scarred)": {"sugprice": 5048.915599999998, "profit": 246, "limit": 4556, "timest": 1702385087}, "\u2605 Navaja Knife | Scorched (Field-Tested)": {"sugprice": 6851.937631578948, "profit": 415, "limit": 6183, "timest": 1702381638}, "StatTrak\u2122 M4A4 | Buzz Kill (Field-Tested)": {"sugprice": 1941.760625, "profit": 123, "limit": 1752, "timest": 1702334238}, "\u2605 Bloodhound Gloves | Guerrilla (Field-Tested)": {"sugprice": 6064.785, "profit": 512, "limit": 5473, "timest": 1702381439}, "\u2605 Huntsman Knife | Ultraviolet (Field-Tested)": {"sugprice": 10078.15, "profit": 601, "limit": 9095, "timest": 1702381583}, "\u2605 Shadow Daggers | Black Laminate (Well-Worn)": {"sugprice": 7355.674444444445, "profit": 423, "limit": 6638,