{"USP-S | Kill Confirmed (Well-Worn)": {"sugprice": 2912.7415789473685, "profit": 295, "limit": 2628, "timest": 1700494094}, "\u2605 Navaja Knife | Scorched (Field-Tested)": {"sugprice": 6674.272068965518, "profit": 570, "limit": 6023, "timest": 1700494267}, "\u2605 Driver Gloves | Racing Green (Battle-Scarred)": {"sugprice": 3879, "profit": 327, "limit": 3500, "timest": 1700494184}, "StatTrak\u2122 M4A4 | The Emperor (Battle-Scarred)": {"sugprice": 2261.3313333333335, "profit": 200, "limit": 2040, "timest": 1700493571}, "StatTrak\u2122 USP-S | The Traitor (Well-Worn)": {"sugprice": 2079, "profit": 206, "limit": 1876, "timest": 1700494001}, "USP-S | Whiteout (Minimal Wear)": {"sugprice": 2574, "profit": 248, "limit": 2323, "timest": 1700494144}, "\u2605 Broken Fang Gloves | Needle Point (Field-Tested)": {"sugprice": 5748.392222222222, "profit": 509, "limit": 5187, "timest": 1700494160}, "\u2605 Driver Gloves | Racing Green (Well-Worn)": {"sugprice": 3997.7883333333325, "profit": 338, "limit": 3608, "timest": 1700494188}, "\u2605 Hand Wraps | Constrictor (Battle-Scarred)": {"sugprice": 4682.471944444444, "profit": 485, "limit": 4225, "timest": 1700494212}, "\u2605 Hydra Gloves | Rattler (Field-Tested)": {"sugprice": 4079.4393877551024, "profit": 275, "limit": 3681, "timest": 1700494243}, "\u2605 Moto Gloves | Finish Line (Battle-Scarred)": {"sugprice": 6753.134545454545, "profit": 411, "limit": 6094, "timest": 1700494249}, "\u2605 Navaja Knife | Forest DDPAT (Field-Tested)": {"sugprice": 6829.101379310344, "profit": 431, "limit": 6163, "timest": 1700494259}, "\u2605 Navaja Knife | Safari Mesh (Field-Tested)": {"sugprice": 7159.746666666666, "profit": 642, "limit": 6461, "timest": 1700494265}, "\u2605 Shadow Daggers | Bright Water (Field-Tested)": {"sugprice": 7167.1445, "profit": 646, "limit": 6468, "timest": 1700472272}, "\u2605 Shadow Daggers | Rust Coat (Battle-Scarred)": {"sugprice": 6617.151304347825, "profit": 425, "limit": 5971, "timest": 1700494279}, "\u2605 Broken Fang Gloves | Yellow-banded (Field-Tested)": {"sugprice": 6216.713846153847, "profit": 535, "limit": 5610, "timest": 1700494172}, "Vypa Sista of the Revolution | Guerrilla Warfare": {"sugprice": 1553.6454545454544, "profit": 182, "limit": 1402, "timest": 1700494146}, "StatTrak\u2122 M4A4 | \u9f8d\u738b (Dragon King) (Battle-Scarred)": {"sugprice": 1415.545238095238, "profit": 101, "limit": 1277, "timest": 1700493588}, "\u2605 Hydra Gloves | Mangrove (Battle-Scarred)": {"sugprice": 3861, "profit": 285, "limit": 3484, "timest": 1700494237}, "USP-S | Monster Mashup (Minimal Wear)": {"sugprice": 1834.9660000000003, "profit": 110, "limit": 1656, "timest": 1700426253}, "\u2605 Hydra Gloves | Mangrove (Well-Worn)": {"sugprice": 4237.041428571428, "profit": 395, "limit": 3823, "timest": 1700494239}, "\u2605 Shadow Daggers | Scorched (Field-Tested)": {"sugprice": 7073, "profit": 457, "limit": 6383, "timest": 1700494280}, "StatTrak\u2122 M4A4 | Desolate Space (Battle-Scarred)": {"sugprice": 1213.6017073170733, "profit": 152, "limit": 1095, "timest": 1700486880}, "StatTrak\u2122 P90 | Asiimov (Battle-Scarred)": {"sugprice": 1443.6320689655172, "profit": 103, "limit": 1302, "timest": 1700476631}, "\u2605 Hand Wraps | Desert Shamagh (Field-Tested)": {"sugprice": 4965.786153846154, "profit": 512, "limit": 4481, "timest": 1700494220}, "\u2605 Gut Knife | Forest DDPAT (Field-Tested)": {"sugprice": 7196.947142857142, "profit": 667, "limit": 6495, "timest": 1700494198}, "\u2605 Moto Gloves | Transport (Battle-Scarred)": {"sugprice": 5328.932727272728, "profit": 461, "limit": 4809, "timest": 1700490011}, "USP-S | The Traitor (Minimal Wear)": {"sugprice": 1394, "profit": 170, "limit": 1258, "timest": 1700494138}, "USP-S | Printstream (Well-Worn)": {"sugprice": 2607.6160869565215, "profit": 303, "limit": 2353, "timest": 1700494122}, "\u2605 Driver Gloves | Racing Green (Field-Tested)": {"sugprice": 3879, "profit": 235, "limit": 3500, "timest": 1700494186}, "\u2605 Hand Wraps | Duct Tape (Field-Tested)": {"sugprice": 5263, "profit": 578, "limit": 4749, "timest": 1700494226}, "USP-S | Monster Mashup (Well-Worn)": {"sugprice": 1294.8644444444444, "profit": 148, "limit": 1168, "timest": 1700494102}, "\u2605 Broken Fang Gloves | Unhinged (Battle-Scarred)": {"sugprice": 5148.812, "profit": 493, "limit": 4646, "timest": 1700494164}, "\u2605 Hand Wraps | Arboreal (Field-Tested)": {"sugprice": 5798.267647058825, "profit": 589, "limit": 5232, "timest": 1700494208}, "USP-S | Kill Confirmed (Battle-Scarred)": {"sugprice": 2749.2904347826093, "profit": 156, "limit": 2481, "timest": 1700485882}, "USP-S | Serum (Field-Tested)": {"sugprice": 3460.6182352941178, "profit": 364, "limit": 3123, "timest": 1700494130}, "\u2605 Hand Wraps | Giraffe (Battle-Scarred)": {"sugprice": 5528, "profit": 591, "limit": 4989, "timest": 1700494228}, "USP-S | Neo-Noir (Well-Worn)": {"sugprice": 1470, "profit": 142, "limit": 1326, "timest": 1700494108}, "\u2605 Survival Knife | Safari Mesh (Field-Tested)": {"sugprice": 7639, "profit": 595, "limit": 6894, "timest": 1700494294}, "\u2605 Hydra Gloves | Case Hardened (Field-Tested)": {"sugprice": 7878.782857142857, "profit": 673, "limit": 7110, "timest": 1700494235}, "\u2605 Gut Knife | Rust Coat (Battle-Scarred)": {"sugprice": 8084.365263157895, "profit": 949, "limit": 7296, "timest": 1700494200}, "\u2605 Moto Gloves | Smoke Out (Battle-Scarred)": {"sugprice": 6633, "profit": 539, "limit": 5986, "timest": 1700494251}, "\u2605 Hydra Gloves | Rattler (Battle-Scarred)": {"sugprice": 4083.7346153846147, "profit": 429, "limit": 3685, "timest": 1700494241}, "StatTrak\u2122 SSG 08 | Dragonfire (Field-Tested)": {"sugprice": 3331, "profit": 275, "limit": 3006, "timest": 1700493825}, "\u2605 Specialist Gloves | Forest DDPAT (Battle-Scarred)": {"sugprice": 7600.399411764707, "profit": 758, "limit": 6859, "timest": 1700494287}, "StatTrak\u2122 M4A4 | Desert-Strike (Field-Tested)": {"sugprice": 1453.6290909090912, "profit": 275, "limit": 1311, "timest": 1700493476}, "\u2605 Broken Fang Gloves | Jade (Battle-Scarred)": {"sugprice": 7128, "profit": 731, "limit": 6433, "timest": 1700494156}, "StatTrak\u2122 M4A4 | Temukau (Battle-Scarred)": {"sugprice": 2433.2828124999996, "profit": 259, "limit": 2196, "timest": 1700493551}, "\u2605 Hydra Gloves | Rattler (Well-Worn)": {"sugprice": 4829.381, "profit": 315, "limit": 4358, "timest": 1700494245}, "StatTrak\u2122 USP-S | Neo-Noir (Field-Tested)": {"sugprice": 2870, "profit": 195, "limit": 2590, "timest": 1700491926}, "\u2605 Bloodhound Gloves | Guerrilla (Field-Tested)": {"sugprice": 6037.15, "profit": 615, "limit": 5448, "timest": 1700494152}, "\u2605 Broken Fang Gloves | Unhinged (Well-Worn)": {"sugprice": 4819.5775, "profit": 272, "limit": 4349, "timest": 1700492208}, "\u2605 Gut Knife | Boreal Forest (Field-Tested)": {"sugprice": 6961.620000000001, "profit": 482, "limit": 6282, "timest": 1700494192}, "\u2605 Gut Knife | Bright Water (Field-Tested)": {"sugprice": 8240.46111111111, "profit": 957, "limit": 7437, "timest": 1700494194}, "\u2605 Gut Knife | Safari Mesh (Field-Tested)": {"sugprice": 7005.2269230769225, "profit": 424, "limit": 6322, "timest": 1700494202}, "\u2605 Hand Wraps | Arboreal (Well-Worn)": {"sugprice": 5771.95, "profit": 472, "limit": 5209, "timest": 1700422258}, "\u2605 Hand Wraps | Constrictor (Field-Tested)": {"sugprice": 4950, "profit": 389, "limit": 4467, "timest": 1700486673}, "\u2605 Hand Wraps | Desert Shamagh (Well-Worn)": {"sugprice": 4788.60923076923, "profit": 321, "limit": 4321, "timest": 1700476088}, "\u2605 Navaja Knife | Night Stripe (Field-Tested)": {"sugprice": 6385, "profit": 355, "limit": 5762, "timest": 1700494263}, "\u2605 Navaja Knife | Tiger Tooth (Factory New)": {"sugprice": 11374.463636363636, "profit": 897, "limit": 10265, "timest": 1700494270}, "\u2605 Navaja Knife | Urban Masked (Field-Tested)": {"sugprice": 6881.391363636363, "profit": 826, "limit": 6210, "timest": 1700494272},