{"USP-S | Kill Confirmed (Well-Worn)": {"sugprice": 2879.595625, "profit": 239, "limit": 2598, "timest": 1700800920}, "\u2605 Navaja Knife | Scorched (Field-Tested)": {"sugprice": 6715.6015384615375, "profit": 434, "limit": 6060, "timest": 1700801376}, "\u2605 Driver Gloves | Racing Green (Battle-Scarred)": {"sugprice": 3730.3542553191487, "profit": 340, "limit": 3366, "timest": 1700801169}, "StatTrak\u2122 USP-S | The Traitor (Well-Worn)": {"sugprice": 1867.6136363636363, "profit": 100, "limit": 1685, "timest": 1700790464}, "\u2605 Broken Fang Gloves | Needle Point (Field-Tested)": {"sugprice": 5305.764545454545, "profit": 281, "limit": 4788, "timest": 1700764355}, "\u2605 Driver Gloves | Racing Green (Well-Worn)": {"sugprice": 3820.099090909091, "profit": 356, "limit": 3447, "timest": 1700801171}, "\u2605 Hand Wraps | Constrictor (Battle-Scarred)": {"sugprice": 4859.1090476190475, "profit": 390, "limit": 4385, "timest": 1700801239}, "\u2605 Hydra Gloves | Rattler (Field-Tested)": {"sugprice": 4018.5940816326533, "profit": 406, "limit": 3626, "timest": 1700801300}, "\u2605 Navaja Knife | Forest DDPAT (Field-Tested)": {"sugprice": 6878.9000000000015, "profit": 407, "limit": 6208, "timest": 1700787185}, "\u2605 Navaja Knife | Safari Mesh (Field-Tested)": {"sugprice": 6837.547272727273, "profit": 348, "limit": 6170, "timest": 1700801373}, "\u2605 Shadow Daggers | Bright Water (Field-Tested)": {"sugprice": 7703.561818181816, "profit": 602, "limit": 6952, "timest": 1700801490}, "\u2605 Shadow Daggers | Rust Coat (Battle-Scarred)": {"sugprice": 6735.00111111111, "profit": 398, "limit": 6078, "timest": 1700791297}, "\u2605 Broken Fang Gloves | Yellow-banded (Field-Tested)": {"sugprice": 6385.431785714284, "profit": 498, "limit": 5762, "timest": 1700801110}, "\u2605 Hydra Gloves | Mangrove (Battle-Scarred)": {"sugprice": 3834.3200000000006, "profit": 226, "limit": 3460, "timest": 1700801291}, "\u2605 Hydra Gloves | Mangrove (Well-Worn)": {"sugprice": 4328.898888888888, "profit": 448, "limit": 3906, "timest": 1700801295}, "StatTrak\u2122 P90 | Asiimov (Battle-Scarred)": {"sugprice": 1509.9702777777775, "profit": 185, "limit": 1362, "timest": 1700800760}, "\u2605 Hand Wraps | Desert Shamagh (Field-Tested)": {"sugprice": 4829.2072727272725, "profit": 365, "limit": 4358, "timest": 1700801249}, "\u2605 Moto Gloves | Transport (Battle-Scarred)": {"sugprice": 5147.791874999999, "profit": 264, "limit": 4645, "timest": 1700801331}, "USP-S | The Traitor (Minimal Wear)": {"sugprice": 1323.8323076923077, "profit": 120, "limit": 1194, "timest": 1700801031}, "USP-S | Printstream (Well-Worn)": {"sugprice": 2445.0331578947366, "profit": 183, "limit": 2206, "timest": 1700801010}, "\u2605 Hand Wraps | Duct Tape (Field-Tested)": {"sugprice": 5179.041470588235, "profit": 428, "limit": 4674, "timest": 1700801257}, "\u2605 Broken Fang Gloves | Unhinged (Battle-Scarred)": {"sugprice": 5065.478857142856, "profit": 256, "limit": 4571, "timest": 1700801065}, "\u2605 Hand Wraps | Arboreal (Field-Tested)": {"sugprice": 5655.5025, "profit": 619, "limit": 5104, "timest": 1700801236}, "USP-S | Kill Confirmed (Battle-Scarred)": {"sugprice": 2867.2563999999998, "profit": 238, "limit": 2587, "timest": 1700800915}, "USP-S | Serum (Field-Tested)": {"sugprice": 3306.429285714286, "profit": 239, "limit": 2984, "timest": 1700757613}, "\u2605 Hand Wraps | Giraffe (Battle-Scarred)": {"sugprice": 5727.023214285714, "profit": 273, "limit": 5168, "timest": 1700785043}, "USP-S | Neo-Noir (Well-Worn)": {"sugprice": 1369.0405000000003, "profit": 111, "limit": 1235, "timest": 1700800968}, "\u2605 Gut Knife | Rust Coat (Battle-Scarred)": {"sugprice": 7567.120499999999, "profit": 419, "limit": 6829, "timest": 1700801221}, "\u2605 Moto Gloves | Smoke Out (Battle-Scarred)": {"sugprice": 6717.300833333332, "profit": 681, "limit": 6062, "timest": 1700801329}, "\u2605 Hydra Gloves | Rattler (Battle-Scarred)": {"sugprice": 3983.8105128205125, "profit": 328, "limit": 3595, "timest": 1700801299}, "StatTrak\u2122 SSG 08 | Dragonfire (Field-Tested)": {"sugprice": 3029.7777142857144, "profit": 165, "limit": 2734, "timest": 1700800784}, "\u2605 Broken Fang Gloves | Jade (Battle-Scarred)": {"sugprice": 7159.822083333333, "profit": 744, "limit": 6461, "timest": 1700788355}, "\u2605 Hydra Gloves | Rattler (Well-Worn)": {"sugprice": 4822.22, "profit": 582, "limit": 4352, "timest": 1700801302}, "StatTrak\u2122 USP-S | Neo-Noir (Field-Tested)": {"sugprice": 3040.563181818182, "profit": 256, "limit": 2744, "timest": 1700800835}, "\u2605 Bloodhound Gloves | Guerrilla (Field-Tested)": {"sugprice": 6071.095833333333, "profit": 387, "limit": 5479, "timest": 1700801040}, "\u2605 Gut Knife | Boreal Forest (Field-Tested)": {"sugprice": 7063.97, "profit": 528, "limit": 6375, "timest": 1700798141}, "\u2605 Gut Knife | Bright Water (Field-Tested)": {"sugprice": 7806.396666666666, "profit": 676, "limit": 7045, "timest": 1700801213}, "\u2605 Gut Knife | Safari Mesh (Field-Tested)": {"sugprice": 7234.031875000001, "profit": 796, "limit": 6528, "timest": 1700801223}, "\u2605 Hand Wraps | Constrictor (Field-Tested)": {"sugprice": 4931.066086956522, "profit": 454, "limit": 4450, "timest": 1700801241}, "\u2605 Hand Wraps | Desert Shamagh (Well-Worn)": {"sugprice": 4610.975, "profit": 576, "limit": 4161, "timest": 1700801252}, "\u2605 Navaja Knife | Night Stripe (Field-Tested)": {"sugprice": 6723.571249999999, "profit": 585, "limit": 6068, "timest": 1700801369}, "\u2605 Navaja Knife | Tiger Tooth (Factory New)": {"sugprice": 11296.982857142855, "profit": 732, "limit": 10195, "timest": 1700801466}, "\u2605 Navaja Knife | Urban Masked (Field-Tested)": {"sugprice": 6691.91705882353, "profit": 342, "limit": 6039, "timest": 1700780142}, "\u2605 Survival Knife | Forest DDPAT (Field-Tested)": {"sugprice": 7936.759230769231, "profit": 1084, "limit": 7162, "timest": 1700801527}, "\u2605 Survival Knife | Scorched (Field-Tested)": {"sugprice": 7630.472727272727, "profit": 911, "limit": 6886, "timest": 1700801530}, "\u2605 Moto Gloves | 3rd Commando Company (Field-Tested)": {"sugprice": 5734.460333333333, "profit": 783, "limit": 5175, "timest": 1700801307}, "StatTrak\u2122 USP-S | Neo-Noir (Battle-Scarred)": {"sugprice": 3063.2823255813964, "profit": 330, "limit": 2764, "timest": 1700800832}, "UMP-45 | Blaze (Factory New)": {"sugprice": 1414, "profit": 100, "limit": 1276, "timest": 1700744514}, "StatTrak\u2122 USP-S | The Traitor (Battle-Scarred)": {"sugprice": 1811.4314285714286, "profit": 183, "limit": 1634, "timest": 1700800843}, "\u2605 Driver Gloves | Convoy (Battle-Scarred)": {"sugprice": 6252.73, "profit": 372, "limit": 5643, "timest": 1700801124}, "USP-S | Neo-Noir (Minimal Wear)": {"sugprice": 1497.5782051282054, "profit": 152, "limit": 1351, "timest": 1700800966}, "USP-S | Kill Confirmed (Field-Tested)": {"sugprice": 3091.399642857142, "profit": 186, "limit": 2789, "timest": 1700794945}, "\u2605 Driver Gloves | Queen Jaguar (Battle-Scarred)": {"sugprice": 5249.9240909090895, "profit": 304, "limit": 4738, "timest": 1700801140}, "\u2605 Hand Wraps | Desert Shamagh (Battle-Scarred)": {"sugprice": 4955.16794117647, "profit": 446, "limit": 4472, "timest": 1700801246}, "\u2605 Shadow Daggers | Freehand (Field-Tested)": {"sugprice": 8719.108235294118, "profit": 505, "limit": 7868, "timest": 1700801495}, "USP-S | Monster Mashup (Battle-Scarred)": {"sugprice": 1173.7569565217389, "profit": 104, "limit": 1059, "timest": 1700800951}, "USP-S | Neo-Noir (Factory New)": {"sugprice": 2942.0099999999998, "profit": 357, "limit": 2655, "timest": 1700800964}, "\u2605 Specialist Gloves | Buckshot (Battle-Scarred)": {"sugprice": 5108.5075, "profit": 495, "limit": 4610, "timest": 1700801515}, "USP-S | Orion (Minimal Wear)": {"sugprice": 4035.149361702128, "profit": 379, "limit": 3641, "timest": 1700800992}, "USP-S | Caiman (Field-Tested)": {"sugprice": 3146.029361702128, "profit": 296, "limit": 2839, "timest": 1700800898},