{"USP-S | Kill Confirmed (Well-Worn)": {"sugprice": 3019, "profit": 153, "limit": 2724, "timest": 1701685016}, "\u2605 Navaja Knife | Scorched (Field-Tested)": {"sugprice": 6759.406875, "profit": 381, "limit": 6100, "timest": 1701621721}, "\u2605 Driver Gloves | Racing Green (Battle-Scarred)": {"sugprice": 3784.146666666666, "profit": 206, "limit": 3415, "timest": 1701628786}, "\u2605 Hydra Gloves | Rattler (Field-Tested)": {"sugprice": 4157.269574468086, "profit": 202, "limit": 3751, "timest": 1701638663}, "\u2605 Moto Gloves | Transport (Battle-Scarred)": {"sugprice": 5438.8024, "profit": 263, "limit": 4908, "timest": 1701685190}, "\u2605 Broken Fang Gloves | Unhinged (Battle-Scarred)": {"sugprice": 5254.720799999999, "profit": 251, "limit": 4742, "timest": 1701679464}, "USP-S | Neo-Noir (Well-Worn)": {"sugprice": 1569.322105263158, "profit": 120, "limit": 1416, "timest": 1701685025}, "StatTrak\u2122 SSG 08 | Dragonfire (Field-Tested)": {"sugprice": 3153.64448275862, "profit": 180, "limit": 2846, "timest": 1701684876}, "StatTrak\u2122 USP-S | Neo-Noir (Field-Tested)": {"sugprice": 3161.3599999999997, "profit": 170, "limit": 2853, "timest": 1701664932}, "\u2605 Bloodhound Gloves | Guerrilla (Field-Tested)": {"sugprice": 6341.008260869566, "profit": 330, "limit": 5722, "timest": 1701685068}, "\u2605 Hand Wraps | Constrictor (Field-Tested)": {"sugprice": 5045.003225806452, "profit": 242, "limit": 4553, "timest": 1701673361}, "\u2605 Hand Wraps | Desert Shamagh (Well-Worn)": {"sugprice": 5043.533125, "profit": 284, "limit": 4551, "timest": 1701685143}, "StatTrak\u2122 USP-S | The Traitor (Battle-Scarred)": {"sugprice": 2043.7979166666667, "profit": 109, "limit": 1844, "timest": 1701684985}, "\u2605 Moto Gloves | Turtle (Battle-Scarred)": {"sugprice": 7908.277333333333, "profit": 402, "limit": 7137, "timest": 1701685194}, "StatTrak\u2122 USP-S | Monster Mashup (Field-Tested)": {"sugprice": 1937.7554545454548, "profit": 162, "limit": 1748, "timest": 1701684975}, "\u2605 Bloodhound Gloves | Bronzed (Field-Tested)": {"sugprice": 6426.682857142857, "profit": 342, "limit": 5800, "timest": 1701685063}, "\u2605 Hydra Gloves | Emerald (Battle-Scarred)": {"sugprice": 4771.6352, "profit": 259, "limit": 4306, "timest": 1701685158}, "\u2605 Moto Gloves | Blood Pressure (Battle-Scarred)": {"sugprice": 8786.026363636363, "profit": 547, "limit": 7929, "timest": 1701685178}, "\u2605 Paracord Knife | Scorched (Field-Tested)": {"sugprice": 7526.684666666667, "profit": 370, "limit": 6792, "timest": 1701672561}, "\u2605 Moto Gloves | Finish Line (Battle-Scarred)": {"sugprice": 6879.533636363636, "profit": 353, "limit": 6208, "timest": 1701661802}, "\u2605 Hand Wraps | Duct Tape (Battle-Scarred)": {"sugprice": 5235.5027272727275, "profit": 323, "limit": 4725, "timest": 1701679582}, "\u2605 Navaja Knife | Safari Mesh (Field-Tested)": {"sugprice": 6985.128999999998, "profit": 346, "limit": 6304, "timest": 1701605253}, "\u2605 Moto Gloves | POW! (Battle-Scarred)": {"sugprice": 8444.636400000001, "profit": 411, "limit": 7621, "timest": 1701616449}, "\u2605 Gut Knife | Safari Mesh (Field-Tested)": {"sugprice": 7381.548, "profit": 451, "limit": 6661, "timest": 1701685121}, "\u2605 Gut Knife | Freehand (Field-Tested)": {"sugprice": 8900.206, "profit": 765, "limit": 8032, "timest": 1701685117}, "USP-S | Neo-Noir (Factory New)": {"sugprice": 3167.0811111111107, "profit": 152, "limit": 2858, "timest": 1701685021}, "\u2605 Driver Gloves | Convoy (Field-Tested)": {"sugprice": 6360, "profit": 341, "limit": 5739, "timest": 1701685092}, "\u2605 Hand Wraps | Constrictor (Well-Worn)": {"sugprice": 4944, "profit": 410, "limit": 4461, "timest": 1701685137}, "\u2605 Shadow Daggers | Damascus Steel (Field-Tested)": {"sugprice": 8052.394375, "profit": 564, "limit": 7267, "timest": 1701685237}, "\u2605 Hydra Gloves | Mangrove (Field-Tested)": {"sugprice": 4124.263600000001, "profit": 197, "limit": 3722, "timest": 1701635349}, "StatTrak\u2122 USP-S | The Traitor (Well-Worn)": {"sugprice": 1944.6674999999998, "profit": 102, "limit": 1755, "timest": 1701600628}, "\u2605 Specialist Gloves | Buckshot (Battle-Scarred)": {"sugprice": 5106, "profit": 279, "limit": 4608, "timest": 1701629422}, "USP-S | The Traitor (Minimal Wear)": {"sugprice": 1378.8367857142853, "profit": 100, "limit": 1244, "timest": 1701685049}, "\u2605 Survival Knife | Boreal Forest (Field-Tested)": {"sugprice": 7891.455714285715, "profit": 387, "limit": 7122, "timest": 1701637619}, "\u2605 Specialist Gloves | Fade (Battle-Scarred)": {"sugprice": 14318, "profit": 966, "limit": 12921, "timest": 1701676347}, "\u2605 Moto Gloves | Transport (Field-Tested)": {"sugprice": 5407.388, "profit": 265, "limit": 4880, "timest": 1701636463}, "\u2605 Shadow Daggers | Autotronic (Field-Tested)": {"sugprice": 9795.129230769231, "profit": 504, "limit": 8840, "timest": 1701677937}, "USP-S | Kill Confirmed (Battle-Scarred)": {"sugprice": 3098, "profit": 148, "limit": 2795, "timest": 1701680165}, "\u2605 Broken Fang Gloves | Needle Point (Field-Tested)": {"sugprice": 5233.123478260871, "profit": 251, "limit": 4722, "timest": 1701685082}, "StatTrak\u2122 P90 | Asiimov (Battle-Scarred)": {"sugprice": 1381, "profit": 106, "limit": 1246, "timest": 1701619411}, "USP-S | Orion (Field-Tested)": {"sugprice": 3903.362439024391, "profit": 187, "limit": 3522, "timest": 1701601419}, "UMP-45 | Blaze (Factory New)": {"sugprice": 1636.1700000000003, "profit": 100, "limit": 1476, "timest": 1701618527}, "\u2605 Hand Wraps | Desert Shamagh (Field-Tested)": {"sugprice": 5115.022222222222, "profit": 288, "limit": 4616, "timest": 1701685141}, "\u2605 Hydra Gloves | Rattler (Battle-Scarred)": {"sugprice": 4073.5309302325572, "profit": 197, "limit": 3676, "timest": 1701685168}, "Tec-9 | Nuclear Threat (Battle-Scarred)": {"sugprice": 3069.794, "profit": 242, "limit": 2770, "timest": 1701684997}, "USP-S | Purple DDPAT (Minimal Wear)": {"sugprice": 1018.575714285714, "profit": 117, "limit": 919, "timest": 1701685041}, "\u2605 Broken Fang Gloves | Yellow-banded (Field-Tested)": {"sugprice": 6185.867142857142, "profit": 388, "limit": 5582, "timest": 1701629932}, "\u2605 Falchion Knife | Rust Coat (Battle-Scarred)": {"sugprice": 8360.784444444445, "profit": 442, "limit": 7545, "timest": 1701685107}, "StatTrak\u2122 M4A4 | Buzz Kill (Battle-Scarred)": {"sugprice": 2020.007857142857, "profit": 131, "limit": 1823, "timest": 1701680696}, "StatTrak\u2122 M4A4 | Buzz Kill (Field-Tested)": {"sugprice": 2105.1066666666666, "profit": 155, "limit": 1899, "timest": 1701684706}, "StatTrak\u2122 M4A4 | Desert-Strike (Field-Tested)": {"sugprice": 1533.019729729729, "profit": 158, "limit": 1383, "timest": 1701680723}, "StatTrak\u2122 M4A4 | Desolate Space (Well-Worn)": {"sugprice": 1203.8896774193547, "profit": 117, "limit": 1086, "timest": 1701622031}, "StatTrak\u2122 M4A4 | In Living Color (Battle-Scarred)": {"sugprice": 1173.8417500000007, "profit": 105, "limit": 1059, "timest": 1701684744}, "StatTrak\u2122 M4A4 | Neo-Noir (Well-Worn)": {"sugprice": 1000.193846153846, "profit": 125, "limit": 902, "timest": 1701684759}, "StatTrak\u2122 M4A4 | \u9f8d\u738b (Dragon King) (Field-Tested)": {"sugprice": 1579.382222222222, "profit": 168, "limit": 1425, "timest": 1701676556}, "StatTrak\u2122 USP-S | Monster Mashup (Battle-Scarred)": {"sugprice": 1893.7194444444447, "profit": 162, "limit": 1709, "timest": 1701684973}, "\u2605 Bloodhound Gloves | Bronzed (Battle-Scarred)": {"sugprice": 6295.824705882352, "profit": 314, "limit": 5681, "timest": 1701685061}, "\u2605 Hand Wraps | CAUTION! (Battle-Scarred)": {"sugprice": 13432.02076923077, "profit": 777, "limit": 12122, "timest": 1701682793}, "\u2605 Navaja Knife | Doppler (Factory New)": {"sugprice": 17038.116923076923, "profit": 1564, "limit": 15376, "timest": 1701635410}, "StatTrak\u2122 M4A4 | Cyber Security (Well-Worn)": {"sugprice": 1573.4777777777779, "profit": 102, "limit": 1420, "timest": 1701678095},