{"StatTrak\u2122 USP-S | Neo-Noir (Field-Tested)": {"sugprice": 3282.464285714285, "profit": 226, "limit": 2962, "timest": 1704301341}, "StatTrak\u2122 USP-S | The Traitor (Battle-Scarred)": {"sugprice": 2170.629523809524, "profit": 104, "limit": 1958, "timest": 1704279813}, "USP-S | Kill Confirmed (Well-Worn)": {"sugprice": 3320.4093478260875, "profit": 185, "limit": 2996, "timest": 1704301382}, "\u2605 Driver Gloves | Convoy (Field-Tested)": {"sugprice": 6442.234285714287, "profit": 485, "limit": 5814, "timest": 1704294058}, "\u2605 Driver Gloves | Racing Green (Field-Tested)": {"sugprice": 4035.2448275862066, "profit": 232, "limit": 3641, "timest": 1704301538}, "\u2605 Shadow Daggers | Boreal Forest (Field-Tested)": {"sugprice": 7209.470476190475, "profit": 409, "limit": 6506, "timest": 1704301667}, "\u2605 Bloodhound Gloves | Bronzed (Field-Tested)": {"sugprice": 6449.673181818181, "profit": 345, "limit": 5820, "timest": 1704301496}, "StatTrak\u2122 USP-S | Monster Mashup (Battle-Scarred)": {"sugprice": 1914, "profit": 109, "limit": 1727, "timest": 1704301335}, "USP-S | Printstream (Minimal Wear)": {"sugprice": 4600.399090909092, "profit": 284, "limit": 4151, "timest": 1704291421}, "StatTrak\u2122 USP-S | Monster Mashup (Field-Tested)": {"sugprice": 2027.482727272727, "profit": 144, "limit": 1829, "timest": 1704269369}, "\u2605 Paracord Knife | Forest DDPAT (Field-Tested)": {"sugprice": 8275.61705882353, "profit": 458, "limit": 7468, "timest": 1704301661}, "\u2605 Navaja Knife | Night Stripe (Field-Tested)": {"sugprice": 7062.102916666667, "profit": 376, "limit": 6373, "timest": 1704301098}, "\u2605 Specialist Gloves | Fade (Battle-Scarred)": {"sugprice": 15543, "profit": 849, "limit": 14027, "timest": 1704301684}, "USP-S | Printstream (Well-Worn)": {"sugprice": 2804.1918181818187, "profit": 156, "limit": 2530, "timest": 1704301478}, "\u2605 Bloodhound Gloves | Bronzed (Battle-Scarred)": {"sugprice": 6319.477727272726, "profit": 319, "limit": 5703, "timest": 1704268428}, "\u2605 Hydra Gloves | Case Hardened (Battle-Scarred)": {"sugprice": 7440.938333333333, "profit": 438, "limit": 6715, "timest": 1704298481}, "\u2605 Driver Gloves | Queen Jaguar (Battle-Scarred)": {"sugprice": 5940.6884, "profit": 459, "limit": 5361, "timest": 1704299474}, "StatTrak\u2122 Tec-9 | Blue Titanium (Factory New)": {"sugprice": 849.6530769230769, "profit": 111, "limit": 766, "timest": 1704301319}, "\u2605 Survival Knife | Safari Mesh (Field-Tested)": {"sugprice": 7697.851428571428, "profit": 404, "limit": 6947, "timest": 1704301693}, "\u2605 Hand Wraps | Constrictor (Field-Tested)": {"sugprice": 5317.719411764707, "profit": 424, "limit": 4799, "timest": 1704301570}, "\u2605 Broken Fang Gloves | Unhinged (Battle-Scarred)": {"sugprice": 5247.340199999999, "profit": 303, "limit": 4735, "timest": 1704301518}, "StatTrak\u2122 M4A4 | \u9f8d\u738b (Dragon King) (Field-Tested)": {"sugprice": 1577, "profit": 111, "limit": 1423, "timest": 1704301257}, "StatTrak\u2122 USP-S | Printstream (Battle-Scarred)": {"sugprice": 4729.272857142858, "profit": 658, "limit": 4268, "timest": 1704301343}, "\u2605 Gut Knife | Bright Water (Field-Tested)": {"sugprice": 8551.705000000002, "profit": 497, "limit": 7717, "timest": 1704301550}, "\u2605 Navaja Knife | Safari Mesh (Battle-Scarred)": {"sugprice": 7167.48625, "profit": 537, "limit": 6468, "timest": 1704301645}, "\u2605 Navaja Knife | Stained (Field-Tested)": {"sugprice": 7726.861764705882, "profit": 577, "limit": 6973, "timest": 1704300156}, "\u2605 Navaja Knife | Stained (Well-Worn)": {"sugprice": 7609.6225, "profit": 419, "limit": 6867, "timest": 1704301653}, "\u2605 Gut Knife | Boreal Forest (Field-Tested)": {"sugprice": 7498.374166666667, "profit": 416, "limit": 6767, "timest": 1704298436}, "USP-S | Royal Blue (Field-Tested)": {"sugprice": 1120.2677777777778, "profit": 100, "limit": 1011, "timest": 1704299422}, "USP-S | Printstream (Field-Tested)": {"sugprice": 2819.7553658536585, "profit": 160, "limit": 2544, "timest": 1704290707}, "StatTrak\u2122 SSG 08 | Turbo Peek (Battle-Scarred)": {"sugprice": 999.5428888888887, "profit": 115, "limit": 902, "timest": 1704249424}, "StatTrak\u2122 M4A4 | The Emperor (Battle-Scarred)": {"sugprice": 2587.2881081081086, "profit": 180, "limit": 2335, "timest": 1704301245}, "USP-S | Kill Confirmed (Battle-Scarred)": {"sugprice": 3083.6932432432436, "profit": 148, "limit": 2783, "timest": 1704277944}, "\u2605 Bowie Knife | Ultraviolet (Battle-Scarred)": {"sugprice": 9351.049500000003, "profit": 842, "limit": 8439, "timest": 1704301510}, "\u2605 Paracord Knife | Safari Mesh (Field-Tested)": {"sugprice": 7920, "profit": 483, "limit": 7147, "timest": 1704301663}, "\u2605 Hand Wraps | Arboreal (Field-Tested)": {"sugprice": 6028.9864705882355, "profit": 362, "limit": 5441, "timest": 1704301562}, "Vypa Sista of the Revolution | Guerrilla Warfare": {"sugprice": 1963.865, "profit": 152, "limit": 1772, "timest": 1704301490}, "\u2605 Broken Fang Gloves | Yellow-banded (Field-Tested)": {"sugprice": 6521, "profit": 332, "limit": 5885, "timest": 1704284584}, "\u2605 Huntsman Knife | Freehand (Field-Tested)": {"sugprice": 11998.43, "profit": 909, "limit": 10828, "timest": 1704301586}, "\u2605 Shadow Daggers | Rust Coat (Battle-Scarred)": {"sugprice": 7074.2556, "profit": 430, "limit": 6384, "timest": 1704301675}, "\u2605 Gut Knife | Safari Mesh (Field-Tested)": {"sugprice": 7510.335625000001, "profit": 402, "limit": 6778, "timest": 1704301558}, "StatTrak\u2122 P90 | Asiimov (Battle-Scarred)": {"sugprice": 1905, "profit": 103, "limit": 1719, "timest": 1704301301}, "\u2605 Hydra Gloves | Emerald (Field-Tested)": {"sugprice": 5078, "profit": 245, "limit": 4582, "timest": 1704301598}, "StatTrak\u2122 SSG 08 | Bloodshot (Field-Tested)": {"sugprice": 1612.9744736842106, "profit": 141, "limit": 1455, "timest": 1704301311}, "\u2605 Bloodhound Gloves | Guerrilla (Battle-Scarred)": {"sugprice": 6390.488749999998, "profit": 408, "limit": 5767, "timest": 1704301498}, "USP-S | The Traitor (Minimal Wear)": {"sugprice": 1524.6897560975608, "profit": 114, "limit": 1376, "timest": 1704301482}, "StatTrak\u2122 SSG 08 | Turbo Peek (Field-Tested)": {"sugprice": 984.3729411764706, "profit": 136, "limit": 888, "timest": 1704301317}, "Tec-9 | Nuclear Threat (Battle-Scarred)": {"sugprice": 3268.2533333333326, "profit": 211, "limit": 2949, "timest": 1704258063}, "StatTrak\u2122 M4A4 | The Battlestar (Field-Tested)": {"sugprice": 1581, "profit": 150, "limit": 1426, "timest": 1704301243}, "USP-S | Whiteout (Battle-Scarred)": {"sugprice": 1818, "profit": 100, "limit": 1640, "timest": 1704276206}, "StatTrak\u2122 USP-S | Blueprint (Battle-Scarred)": {"sugprice": 1071.74962962963, "profit": 218, "limit": 967, "timest": 1704301325}, "StatTrak\u2122 M4A4 | Tooth Fairy (Field-Tested)": {"sugprice": 526.8922222222222, "profit": 100, "limit": 475, "timest": 1704297649}, "StatTrak\u2122 M4A4 | Tooth Fairy (Battle-Scarred)": {"sugprice": 600.5687499999998, "profit": 129, "limit": 542, "timest": 1704301247}, "\u2605 Falchion Knife | Rust Coat (Battle-Scarred)": {"sugprice": 8681.216666666667, "profit": 497, "limit": 7834, "timest": 1704301544}, "\u2605 Hand Wraps | Giraffe (Battle-Scarred)": {"sugprice": 5988.366904761904, "profit": 378, "limit": 5404, "timest": 1704301584}, "\u2605 Bowie Knife | Rust Coat (Battle-Scarred)": {"sugprice": 8411.46388888889, "profit": 604, "limit": 7591, "timest": 1704301508}, "\u2605 Gut Knife | Freehand (Field-Tested)": {"sugprice": 8882.614545454546, "profit": 438, "limit": 8016, "timest": 1704268003}, "\u2605 Shadow Daggers | Damascus Steel (Field-Tested)": {"sugprice": 8070, "profit": 390, "limit": 7283, "timest": 1704253654}, "\u2605 Moto Gloves | Turtle (Battle-Scarred)": {"sugprice": 8178.746666666669, "profit": 596, "limit": 7381, "timest": 1704301636}, "\u2605 Hand Wraps | Duct Tape (Field-Tested)": {"sugprice": 5265.13625, "profit": 332, "limit": 4751, "timest": 1704274804},