{"StatTrak\u2122 M4A4 | The Emperor (Battle-Scarred)": {"sugprice": 2715.9251282051287, "profit": 241, "limit": 2451, "timest": 1702907168}, "StatTrak\u2122 M4A4 | \u9f8d\u738b (Dragon King) (Field-Tested)": {"sugprice": 1553.2125000000005, "profit": 101, "limit": 1401, "timest": 1702907179}, "StatTrak\u2122 MAC-10 | Toybox (Battle-Scarred)": {"sugprice": 581.2816666666666, "profit": 113, "limit": 524, "timest": 1702907184}, "StatTrak\u2122 MP7 | Bloodsport (Factory New)": {"sugprice": 1376.8616666666667, "profit": 127, "limit": 1242, "timest": 1702907186}, "StatTrak\u2122 MP9 | Hypnotic (Factory New)": {"sugprice": 3448.555862068966, "profit": 286, "limit": 3112, "timest": 1702907200}, "StatTrak\u2122 P90 | Asiimov (Battle-Scarred)": {"sugprice": 1665.8460526315787, "profit": 298, "limit": 1503, "timest": 1702907220}, "StatTrak\u2122 PP-Bizon | Judgement of Anubis (Field-Tested)": {"sugprice": 1011.528888888889, "profit": 105, "limit": 912, "timest": 1702900390}, "StatTrak\u2122 SSG 08 | Bloodshot (Field-Tested)": {"sugprice": 1995.9924242424252, "profit": 191, "limit": 1801, "timest": 1702907231}, "StatTrak\u2122 Tec-9 | Decimator (Battle-Scarred)": {"sugprice": 1872.06125, "profit": 100, "limit": 1689, "timest": 1702854402}, "StatTrak\u2122 USP-S | Neo-Noir (Battle-Scarred)": {"sugprice": 3105.4891428571427, "profit": 165, "limit": 2802, "timest": 1702907261}, "StatTrak\u2122 USP-S | Neo-Noir (Field-Tested)": {"sugprice": 3134.7484000000004, "profit": 171, "limit": 2829, "timest": 1702907264}, "StatTrak\u2122 USP-S | The Traitor (Battle-Scarred)": {"sugprice": 2137.2476000000006, "profit": 154, "limit": 1928, "timest": 1702906660}, "Tec-9 | Nuclear Threat (Battle-Scarred)": {"sugprice": 3398.6688888888884, "profit": 356, "limit": 3067, "timest": 1702907275}, "USP-S | Kill Confirmed (Battle-Scarred)": {"sugprice": 3065.9002222222225, "profit": 162, "limit": 2766, "timest": 1702905588}, "USP-S | Kill Confirmed (Well-Worn)": {"sugprice": 3184.0489583333347, "profit": 228, "limit": 2873, "timest": 1702907304}, "USP-S | Neo-Noir (Factory New)": {"sugprice": 3176, "profit": 161, "limit": 2866, "timest": 1702907307}, "USP-S | The Traitor (Minimal Wear)": {"sugprice": 1386.8484210526317, "profit": 149, "limit": 1251, "timest": 1702844622}, "\u2605 Bloodhound Gloves | Guerrilla (Battle-Scarred)": {"sugprice": 6096.057599999999, "profit": 302, "limit": 5501, "timest": 1702907403}, "\u2605 Broken Fang Gloves | Needle Point (Well-Worn)": {"sugprice": 4997.5441666666675, "profit": 247, "limit": 4510, "timest": 1702881151}, "\u2605 Broken Fang Gloves | Yellow-banded (Battle-Scarred)": {"sugprice": 6103.3170731707305, "profit": 325, "limit": 5508, "timest": 1702893826}, "\u2605 Driver Gloves | Convoy (Field-Tested)": {"sugprice": 6198.048750000001, "profit": 342, "limit": 5593, "timest": 1702855840}, "\u2605 Driver Gloves | Diamondback (Battle-Scarred)": {"sugprice": 6667, "profit": 346, "limit": 6016, "timest": 1702907433}, "\u2605 Driver Gloves | Queen Jaguar (Battle-Scarred)": {"sugprice": 5324.663191489361, "profit": 321, "limit": 4805, "timest": 1702907437}, "\u2605 Falchion Knife | Rust Coat (Battle-Scarred)": {"sugprice": 8525.358235294118, "profit": 554, "limit": 7694, "timest": 1702892122}, "\u2605 Falchion Knife | Ultraviolet (Battle-Scarred)": {"sugprice": 9814.468571428572, "profit": 493, "limit": 8857, "timest": 1702875344}, "\u2605 Gut Knife | Bright Water (Field-Tested)": {"sugprice": 8613, "profit": 670, "limit": 7773, "timest": 1702904111}, "\u2605 Hand Wraps | Arboreal (Field-Tested)": {"sugprice": 6075.113870967742, "profit": 339, "limit": 5482, "timest": 1702907466}, "\u2605 Hand Wraps | Badlands (Battle-Scarred)": {"sugprice": 7330.093076923078, "profit": 467, "limit": 6615, "timest": 1702907468}, "\u2605 Hand Wraps | Desert Shamagh (Battle-Scarred)": {"sugprice": 5039.701951219514, "profit": 276, "limit": 4548, "timest": 1702899387}, "\u2605 Huntsman Knife | Ultraviolet (Field-Tested)": {"sugprice": 9885.700588235293, "profit": 566, "limit": 8921, "timest": 1702824764}, "\u2605 Hydra Gloves | Case Hardened (Battle-Scarred)": {"sugprice": 7401.434999999999, "profit": 479, "limit": 6679, "timest": 1702881404}, "\u2605 Hydra Gloves | Mangrove (Field-Tested)": {"sugprice": 4127.771836734693, "profit": 285, "limit": 3725, "timest": 1702907506}, "\u2605 Hydra Gloves | Rattler (Battle-Scarred)": {"sugprice": 4150.214772727274, "profit": 240, "limit": 3745, "timest": 1702907512}, "\u2605 Moto Gloves | 3rd Commando Company (Battle-Scarred)": {"sugprice": 5045.340200000001, "profit": 240, "limit": 4553, "timest": 1702904724}, "\u2605 Moto Gloves | Boom! (Battle-Scarred)": {"sugprice": 6966.138666666668, "profit": 617, "limit": 6286, "timest": 1702898865}, "\u2605 Moto Gloves | Finish Line (Battle-Scarred)": {"sugprice": 7073.541, "profit": 378, "limit": 6383, "timest": 1702907528}, "\u2605 Moto Gloves | POW! (Battle-Scarred)": {"sugprice": 7895.636, "profit": 470, "limit": 7125, "timest": 1702900646}, "\u2605 Moto Gloves | Smoke Out (Battle-Scarred)": {"sugprice": 7211.68794117647, "profit": 544, "limit": 6508, "timest": 1702907535}, "\u2605 Moto Gloves | Transport (Field-Tested)": {"sugprice": 5731.534117647058, "profit": 300, "limit": 5172, "timest": 1702903140}, "\u2605 Navaja Knife | Night Stripe (Field-Tested)": {"sugprice": 6926.031481481483, "profit": 429, "limit": 6250, "timest": 1702907548}, "\u2605 Navaja Knife | Rust Coat (Battle-Scarred)": {"sugprice": 6960.967037037038, "profit": 338, "limit": 6282, "timest": 1702907550}, "\u2605 Navaja Knife | Scorched (Field-Tested)": {"sugprice": 7060.542727272726, "profit": 357, "limit": 6372, "timest": 1702907564}, "\u2605 Navaja Knife | Ultraviolet (Field-Tested)": {"sugprice": 7419, "profit": 378, "limit": 6695, "timest": 1702907577}, "\u2605 Navaja Knife | Urban Masked (Field-Tested)": {"sugprice": 7024.396399999999, "profit": 372, "limit": 6339, "timest": 1702903177}, "\u2605 Paracord Knife | Forest DDPAT (Field-Tested)": {"sugprice": 8360.166521739131, "profit": 454, "limit": 7545, "timest": 1702907580}, "\u2605 Paracord Knife | Scorched (Field-Tested)": {"sugprice": 7636.245333333333, "profit": 475, "limit": 6891, "timest": 1702907584}, "\u2605 Shadow Daggers | Bright Water (Field-Tested)": {"sugprice": 7581.135151515151, "profit": 388, "limit": 6841, "timest": 1702861562}, "\u2605 Shadow Daggers | Freehand (Field-Tested)": {"sugprice": 8937.824285714289, "profit": 516, "limit": 8066, "timest": 1702907596}, "\u2605 Shadow Daggers | Rust Coat (Battle-Scarred)": {"sugprice": 6836.620681818182, "profit": 358, "limit": 6170, "timest": 1702832273}, "\u2605 Shadow Daggers | Ultraviolet (Battle-Scarred)": {"sugprice": 7586.122142857143, "profit": 566, "limit": 6846, "timest": 1702903765}, "\u2605 Shadow Daggers | Ultraviolet (Field-Tested)": {"sugprice": 8908, "profit": 701, "limit": 8039, "timest": 1702907607}, "\u2605 Sport Gloves | Bronze Morph (Battle-Scarred)": {"sugprice": 10328.573684210525, "profit": 545, "limit": 9321, "timest": 1702905350}, "\u2605 Survival Knife | Boreal Forest (Field-Tested)": {"sugprice": 7756.137647058823, "profit": 503, "limit": 6999, "timest": 1702897697}, "\u2605 Survival Knife | Forest DDPAT (Field-Tested)": {"sugprice": 7672.396666666667, "profit": 386, "limit": 6924, "timest": 1702896477}, "StatTrak\u2122 M4A4 | X-Ray (Minimal Wear)": {"sugprice": 4529.985, "profit": 245, "limit": 4088, "timest": 1702907175}, "\u2605 Bowie Knife | Ultraviolet (Battle-Scarred)": {"sugprice": 9063.792, "profit": 459, "limit": 8180, "timest": 1702827735}, "\u2605 Driver Gloves | Racing Green (Battle-Scarred)": {"sugprice": 3762, "profit": 205, "limit": 3395, "timest": 1702907441}, "\u2605 Gut Knife | Boreal Forest (Field-Tested)": {"sugprice": 7281.691428571428, "profit": 372, "limit": 6571, "timest": 1702907451}, "\u2605 Gut Knife | Forest DDPAT (Field-Tested)": {"sugprice": 7899.920714285714, "profit": 589, "limit": 7129, "timest": 1702907455},