{"StatTrak\u2122 M4A1-S | Player Two (Battle-Scarred)": {"sugprice": 3201.647666666667, "profit": 208, "limit": 2889, "timest": 1699731670}, "USP-S | Kill Confirmed (Well-Worn)": {"sugprice": 3597.6883673469397, "profit": 351, "limit": 3246, "timest": 1699732372}, "USP-S | Overgrowth (Field-Tested)": {"sugprice": 1919.9343333333331, "profit": 113, "limit": 1732, "timest": 1699730752}, "\u2605 Hydra Gloves | Case Hardened (Battle-Scarred)": {"sugprice": 7096.477272727273, "profit": 511, "limit": 6404, "timest": 1699692788}, "\u2605 Moto Gloves | Turtle (Battle-Scarred)": {"sugprice": 9058.9012, "profit": 1046, "limit": 8175, "timest": 1699728604}, "\u2605 Navaja Knife | Scorched (Field-Tested)": {"sugprice": 7282.595434782607, "profit": 657, "limit": 6572, "timest": 1699732549}, "USP-S | Kill Confirmed (Field-Tested)": {"sugprice": 3563.008387096774, "profit": 193, "limit": 3215, "timest": 1699689306}, "\u2605 Driver Gloves | Racing Green (Battle-Scarred)": {"sugprice": 4093.6843750000007, "profit": 271, "limit": 3694, "timest": 1699732466}, "StatTrak\u2122 M4A4 | Royal Paladin (Battle-Scarred)": {"sugprice": 2358.010588235294, "profit": 170, "limit": 2128, "timest": 1699731759}, "StatTrak\u2122 M4A4 | Temukau (Field-Tested)": {"sugprice": 4052, "profit": 281, "limit": 3656, "timest": 1699731780}, "StatTrak\u2122 M4A4 | The Emperor (Battle-Scarred)": {"sugprice": 2614.7153846153847, "profit": 235, "limit": 2359, "timest": 1699731798}, "StatTrak\u2122 USP-S | Printstream (Battle-Scarred)": {"sugprice": 5018.369393939394, "profit": 309, "limit": 4529, "timest": 1699732208}, "StatTrak\u2122 USP-S | The Traitor (Well-Worn)": {"sugprice": 2164.235517241379, "profit": 124, "limit": 1953, "timest": 1699732235}, "USP-S | Caiman (Field-Tested)": {"sugprice": 3376.5402127659577, "profit": 182, "limit": 3047, "timest": 1699732332}, "USP-S | Printstream (Minimal Wear)": {"sugprice": 4913.589444444445, "profit": 348, "limit": 4434, "timest": 1699728127}, "USP-S | Whiteout (Minimal Wear)": {"sugprice": 2895.1582758620693, "profit": 187, "limit": 2612, "timest": 1699732424}, "\u2605 Bowie Knife | Rust Coat (Battle-Scarred)": {"sugprice": 9472.745454545455, "profit": 470, "limit": 8549, "timest": 1699719380}, "\u2605 Broken Fang Gloves | Needle Point (Battle-Scarred)": {"sugprice": 5419.674418604651, "profit": 348, "limit": 4891, "timest": 1699723102}, "\u2605 Broken Fang Gloves | Needle Point (Field-Tested)": {"sugprice": 5630.743999999999, "profit": 329, "limit": 5081, "timest": 1699732442}, "\u2605 Driver Gloves | Racing Green (Well-Worn)": {"sugprice": 4022.751111111111, "profit": 271, "limit": 3630, "timest": 1699732470}, "\u2605 Hand Wraps | Constrictor (Battle-Scarred)": {"sugprice": 5100.212307692308, "profit": 346, "limit": 4602, "timest": 1699732494}, "\u2605 Hydra Gloves | Rattler (Field-Tested)": {"sugprice": 4333.140600000001, "profit": 346, "limit": 3910, "timest": 1699732525}, "\u2605 Moto Gloves | Finish Line (Battle-Scarred)": {"sugprice": 7241.692272727273, "profit": 396, "limit": 6535, "timest": 1699732531}, "\u2605 Navaja Knife | Forest DDPAT (Field-Tested)": {"sugprice": 7355.071612903226, "profit": 514, "limit": 6637, "timest": 1699732541}, "\u2605 Navaja Knife | Safari Mesh (Field-Tested)": {"sugprice": 7521.449705882353, "profit": 576, "limit": 6788, "timest": 1699732547}, "\u2605 Shadow Daggers | Bright Water (Field-Tested)": {"sugprice": 8303.706000000002, "profit": 588, "limit": 7494, "timest": 1699732561}, "\u2605 Shadow Daggers | Rust Coat (Battle-Scarred)": {"sugprice": 7429.097428571428, "profit": 491, "limit": 6704, "timest": 1699732568}, "\u2605 Broken Fang Gloves | Yellow-banded (Field-Tested)": {"sugprice": 6534, "profit": 656, "limit": 5896, "timest": 1699732454}, "\u2605 Hand Wraps | Arboreal (Battle-Scarred)": {"sugprice": 5426.635897435896, "profit": 318, "limit": 4897, "timest": 1699732487}, "Vypa Sista of the Revolution | Guerrilla Warfare": {"sugprice": 1754.4190000000003, "profit": 108, "limit": 1583, "timest": 1699717679}, "\u2605 Shadow Daggers | Freehand (Field-Tested)": {"sugprice": 8860.509999999998, "profit": 476, "limit": 7996, "timest": 1699709503}, "StatTrak\u2122 M4A4 | \u9f8d\u738b (Dragon King) (Battle-Scarred)": {"sugprice": 1549.0793617021272, "profit": 130, "limit": 1398, "timest": 1699731814}, "\u2605 Hydra Gloves | Mangrove (Battle-Scarred)": {"sugprice": 4174.646326530612, "profit": 214, "limit": 3767, "timest": 1699732519}, "USP-S | Monster Mashup (Minimal Wear)": {"sugprice": 2150.01875, "profit": 124, "limit": 1940, "timest": 1699732379}, "USP-S | Neo-Noir (Factory New)": {"sugprice": 3154.5483333333336, "profit": 184, "limit": 2846, "timest": 1699705961}, "USP-S | Orion (Minimal Wear)": {"sugprice": 4438.889999999999, "profit": 275, "limit": 4006, "timest": 1699732392}, "\u2605 Broken Fang Gloves | Yellow-banded (Battle-Scarred)": {"sugprice": 6359.303000000001, "profit": 355, "limit": 5739, "timest": 1699732452}, "\u2605 Specialist Gloves | Buckshot (Battle-Scarred)": {"sugprice": 5284.412903225806, "profit": 405, "limit": 4769, "timest": 1699732574}, "\u2605 Hydra Gloves | Mangrove (Well-Worn)": {"sugprice": 4404.9315789473685, "profit": 292, "limit": 3975, "timest": 1699732521}, "\u2605 Shadow Daggers | Scorched (Field-Tested)": {"sugprice": 7518.4342857142865, "profit": 395, "limit": 6785, "timest": 1699732569}, "StatTrak\u2122 M4A4 | Desolate Space (Battle-Scarred)": {"sugprice": 1385.8902040816329, "profit": 163, "limit": 1250, "timest": 1699731728}, "StatTrak\u2122 USP-S | Blueprint (Battle-Scarred)": {"sugprice": 1211.4173999999998, "profit": 149, "limit": 1093, "timest": 1699732121}, "StatTrak\u2122 P90 | Asiimov (Battle-Scarred)": {"sugprice": 1478.0070967741933, "profit": 106, "limit": 1333, "timest": 1699732012}, "\u2605 Bloodhound Gloves | Guerrilla (Battle-Scarred)": {"sugprice": 6302.097222222223, "profit": 367, "limit": 5687, "timest": 1699732430}, "\u2605 Hand Wraps | Desert Shamagh (Field-Tested)": {"sugprice": 5165.298199999997, "profit": 486, "limit": 4661, "timest": 1699732503}, "\u2605 Gut Knife | Forest DDPAT (Field-Tested)": {"sugprice": 8321.434545454547, "profit": 622, "limit": 7510, "timest": 1699732479}, "\u2605 Moto Gloves | Transport (Battle-Scarred)": {"sugprice": 5456.804489795918, "profit": 327, "limit": 4924, "timest": 1699732535}, "USP-S | The Traitor (Minimal Wear)": {"sugprice": 1570.3695348837207, "profit": 140, "limit": 1417, "timest": 1699732417}, "USP-S | Printstream (Well-Worn)": {"sugprice": 2986.8736363636363, "profit": 177, "limit": 2695, "timest": 1699732402}, "\u2605 Driver Gloves | Racing Green (Field-Tested)": {"sugprice": 4137.794400000001, "profit": 274, "limit": 3734, "timest": 1699732468}, "StatTrak\u2122 P90 | Trigon (Field-Tested)": {"sugprice": 1442.4253333333331, "profit": 182, "limit": 1301, "timest": 1699732041}, "\u2605 Hand Wraps | Duct Tape (Field-Tested)": {"sugprice": 5394, "profit": 273, "limit": 4868, "timest": 1699726459}, "USP-S | Monster Mashup (Well-Worn)": {"sugprice": 1324.6889473684212, "profit": 117, "limit": 1195, "timest": 1699732381}, "\u2605 Broken Fang Gloves | Unhinged (Battle-Scarred)": {"sugprice": 5288.046326530612, "profit": 391, "limit": 4772, "timest": 1699732446}, "\u2605 Hand Wraps | Arboreal (Field-Tested)": {"sugprice": 6240.555625, "profit": 324, "limit": 5632, "timest": 1699732489}, "StatTrak\u2122 M4A4 | Neo-Noir (Field-Tested)": {"sugprice": 1262.3992857142857, "profit": 135, "limit": 1139, "timest": 1699731755}, "USP-S | Kill Confirmed (Battle-Scarred)": {"sugprice": 3332.355200000001, "profit": 164, "limit": 3007, "timest": 1699732348}, "USP-S | Kill Confirmed (Minimal Wear)": {"sugprice": 6151.392142857143, "profit": 483, "limit": 5551, "timest": 1699732363}, "StatTrak\u2122 M4A4 | Cyber Security (Battle-Scarred)": {"sugprice": 1724.1480000000001, "profit": 181, "limit": 1556, "timest": 1699731673}, "USP-S | Purple DDPAT (Minimal Wear)": {"sugprice": 1042.3683333333333, "profit": 109, "limit": 940,