{"StatTrak\u2122 M4A1-S | Player Two (Battle-Scarred)": {"sugprice": 3181.8444444444444, "profit": 169, "limit": 2871, "timest": 1699838939}, "USP-S | Kill Confirmed (Well-Worn)": {"sugprice": 3553.320399999999, "profit": 325, "limit": 3206, "timest": 1699839500}, "USP-S | Overgrowth (Field-Tested)": {"sugprice": 2012.4658139534886, "profit": 177, "limit": 1816, "timest": 1699839603}, "\u2605 Moto Gloves | Turtle (Battle-Scarred)": {"sugprice": 9145.52875, "profit": 601, "limit": 8253, "timest": 1699839791}, "\u2605 Navaja Knife | Scorched (Field-Tested)": {"sugprice": 7257.930277777779, "profit": 660, "limit": 6550, "timest": 1699839809}, "\u2605 Driver Gloves | Racing Green (Battle-Scarred)": {"sugprice": 4099.494166666666, "profit": 200, "limit": 3699, "timest": 1699825278}, "StatTrak\u2122 M4A4 | Royal Paladin (Battle-Scarred)": {"sugprice": 2384.3858333333333, "profit": 223, "limit": 2151, "timest": 1699839031}, "StatTrak\u2122 M4A4 | Temukau (Field-Tested)": {"sugprice": 4126.322142857142, "profit": 363, "limit": 3724, "timest": 1699839055}, "StatTrak\u2122 M4A4 | The Emperor (Battle-Scarred)": {"sugprice": 2848.8729999999996, "profit": 363, "limit": 2571, "timest": 1699839064}, "StatTrak\u2122 USP-S | Printstream (Battle-Scarred)": {"sugprice": 5022.1375, "profit": 256, "limit": 4532, "timest": 1699814617}, "StatTrak\u2122 USP-S | The Traitor (Well-Worn)": {"sugprice": 2201.048636363637, "profit": 207, "limit": 1986, "timest": 1699839381}, "USP-S | Caiman (Field-Tested)": {"sugprice": 3358.8815909090904, "profit": 160, "limit": 3031, "timest": 1699756941}, "USP-S | Printstream (Minimal Wear)": {"sugprice": 4905.036470588235, "profit": 239, "limit": 4426, "timest": 1699839608}, "USP-S | Whiteout (Minimal Wear)": {"sugprice": 2859.238571428571, "profit": 214, "limit": 2580, "timest": 1699839634}, "\u2605 Bowie Knife | Rust Coat (Battle-Scarred)": {"sugprice": 9511.13875, "profit": 671, "limit": 8583, "timest": 1699839646}, "\u2605 Broken Fang Gloves | Needle Point (Battle-Scarred)": {"sugprice": 5565.3222448979595, "profit": 337, "limit": 5022, "timest": 1699839650}, "\u2605 Broken Fang Gloves | Needle Point (Field-Tested)": {"sugprice": 5685.901071428573, "profit": 459, "limit": 5131, "timest": 1699839652}, "\u2605 Driver Gloves | Racing Green (Well-Worn)": {"sugprice": 4069.9826829268295, "profit": 211, "limit": 3673, "timest": 1699821740}, "\u2605 Hand Wraps | Constrictor (Battle-Scarred)": {"sugprice": 5051.942666666666, "profit": 499, "limit": 4559, "timest": 1699812230}, "\u2605 Hydra Gloves | Rattler (Field-Tested)": {"sugprice": 4396.468367346938, "profit": 276, "limit": 3967, "timest": 1699839775}, "\u2605 Moto Gloves | Finish Line (Battle-Scarred)": {"sugprice": 7235.2575000000015, "profit": 421, "limit": 6529, "timest": 1699839786}, "\u2605 Navaja Knife | Forest DDPAT (Field-Tested)": {"sugprice": 7350.974571428571, "profit": 583, "limit": 6634, "timest": 1699839795}, "\u2605 Navaja Knife | Safari Mesh (Field-Tested)": {"sugprice": 7601.3836363636365, "profit": 521, "limit": 6860, "timest": 1699839807}, "\u2605 Shadow Daggers | Bright Water (Field-Tested)": {"sugprice": 8319.589999999998, "profit": 593, "limit": 7508, "timest": 1699839821}, "\u2605 Shadow Daggers | Rust Coat (Battle-Scarred)": {"sugprice": 7385.08641025641, "profit": 415, "limit": 6665, "timest": 1699839830}, "\u2605 Broken Fang Gloves | Yellow-banded (Field-Tested)": {"sugprice": 6654.179523809524, "profit": 360, "limit": 6005, "timest": 1699804021}, "\u2605 Hand Wraps | Arboreal (Battle-Scarred)": {"sugprice": 5390.394473684211, "profit": 416, "limit": 4864, "timest": 1699839726}, "Vypa Sista of the Revolution | Guerrilla Warfare": {"sugprice": 1764.3882758620691, "profit": 116, "limit": 1592, "timest": 1699839635}, "StatTrak\u2122 M4A4 | \u9f8d\u738b (Dragon King) (Battle-Scarred)": {"sugprice": 1543.3660869565213, "profit": 126, "limit": 1392, "timest": 1699839081}, "\u2605 Hydra Gloves | Mangrove (Battle-Scarred)": {"sugprice": 4208.883399999999, "profit": 413, "limit": 3798, "timest": 1699839768}, "USP-S | Monster Mashup (Minimal Wear)": {"sugprice": 2136.154, "profit": 106, "limit": 1927, "timest": 1699839522}, "USP-S | Orion (Minimal Wear)": {"sugprice": 4532.54947368421, "profit": 287, "limit": 4090, "timest": 1699839600}, "\u2605 Broken Fang Gloves | Yellow-banded (Battle-Scarred)": {"sugprice": 6400.117999999999, "profit": 561, "limit": 5776, "timest": 1699839669}, "\u2605 Specialist Gloves | Buckshot (Battle-Scarred)": {"sugprice": 5226.529642857144, "profit": 319, "limit": 4716, "timest": 1699800532}, "\u2605 Hydra Gloves | Mangrove (Well-Worn)": {"sugprice": 4528.9080952380955, "profit": 353, "limit": 4087, "timest": 1699839770}, "\u2605 Shadow Daggers | Scorched (Field-Tested)": {"sugprice": 7395.005833333334, "profit": 352, "limit": 6673, "timest": 1699810988}, "StatTrak\u2122 M4A4 | Desolate Space (Battle-Scarred)": {"sugprice": 1315.5160606060608, "profit": 107, "limit": 1187, "timest": 1699836360}, "StatTrak\u2122 USP-S | Blueprint (Battle-Scarred)": {"sugprice": 1221.1328, "profit": 148, "limit": 1102, "timest": 1699839291}, "StatTrak\u2122 P90 | Asiimov (Battle-Scarred)": {"sugprice": 1450.8887499999998, "profit": 120, "limit": 1309, "timest": 1699839195}, "\u2605 Bloodhound Gloves | Guerrilla (Battle-Scarred)": {"sugprice": 6341.808888888889, "profit": 354, "limit": 5723, "timest": 1699839638}, "\u2605 Hand Wraps | Desert Shamagh (Field-Tested)": {"sugprice": 4973.178421052631, "profit": 268, "limit": 4488, "timest": 1699814977}, "\u2605 Gut Knife | Forest DDPAT (Field-Tested)": {"sugprice": 8300.095000000001, "profit": 572, "limit": 7490, "timest": 1699800436}, "\u2605 Moto Gloves | Transport (Battle-Scarred)": {"sugprice": 5511.4834, "profit": 335, "limit": 4974, "timest": 1699839790}, "USP-S | The Traitor (Minimal Wear)": {"sugprice": 1574.82756097561, "profit": 151, "limit": 1421, "timest": 1699839625}, "USP-S | Printstream (Well-Worn)": {"sugprice": 2916.4138888888892, "profit": 226, "limit": 2632, "timest": 1699839610}, "\u2605 Driver Gloves | Racing Green (Field-Tested)": {"sugprice": 4205.4021999999995, "profit": 302, "limit": 3795, "timest": 1699839692}, "StatTrak\u2122 P90 | Trigon (Field-Tested)": {"sugprice": 1365.60625, "profit": 102, "limit": 1232, "timest": 1699839212}, "\u2605 Hand Wraps | Duct Tape (Field-Tested)": {"sugprice": 5337, "profit": 359, "limit": 4816, "timest": 1699821865}, "USP-S | Monster Mashup (Well-Worn)": {"sugprice": 1334.2703571428574, "profit": 104, "limit": 1204, "timest": 1699839575}, "\u2605 Broken Fang Gloves | Unhinged (Battle-Scarred)": {"sugprice": 5205.103199999999, "profit": 438, "limit": 4697, "timest": 1699839662}, "\u2605 Hand Wraps | Arboreal (Field-Tested)": {"sugprice": 6454.665714285715, "profit": 561, "limit": 5825, "timest": 1699839731}, "StatTrak\u2122 M4A4 | Neo-Noir (Field-Tested)": {"sugprice": 1242.779375, "profit": 100, "limit": 1121, "timest": 1699839025}, "USP-S | Kill Confirmed (Battle-Scarred)": {"sugprice": 3361.8956, "profit": 196, "limit": 3034, "timest": 1699839468}, "USP-S | Kill Confirmed (Minimal Wear)": {"sugprice": 6119.126, "profit": 679, "limit": 5522, "timest": 1699839483}, "StatTrak\u2122 M4A4 | Cyber Security (Battle-Scarred)": {"sugprice": 1704, "profit": 158, "limit": 1537, "timest": 1699838944}, "USP-S | Serum (Field-Tested)": {"sugprice": 3598.5018181818177, "profit": 178, "limit": 3247, "timest": 1699839616}, "\u2605 Hand Wraps | Giraffe (Battle-Scarred)": {"sugprice": 6515.273809523809, "profit": 544, "limit": 5880, "timest": 1699839758}, "USP-S | Neo-Noir (Well-Worn)": {"sugprice": 1879.3892592592592, "profit": 139, "limit": 1696, "timest": 1699839595}, "\u2605 Survival Knife | Safari Mesh (Field-Tested)": {"sugprice": 7956.722, "profit": 403, "limit": 7180, "timest": 1699839875}, "StatTrak\u2122 USP-S | Stainless (Battle-Scarred)": {"sugprice": 977.3631578947367, "profit": 109, "limit": 882, "timest": 1699839360},