{"StatTrak\u2122 M4A4 | The Emperor (Battle-Scarred)": {"sugprice": 2511.9139999999998, "profit": 140, "limit": 2267, "timest": 1703332066}, "StatTrak\u2122 MP7 | Bloodsport (Factory New)": {"sugprice": 1291.22125, "profit": 100, "limit": 1165, "timest": 1703311888}, "StatTrak\u2122 MP9 | Hypnotic (Factory New)": {"sugprice": 3225.76, "profit": 178, "limit": 2911, "timest": 1703318677}, "StatTrak\u2122 USP-S | Neo-Noir (Battle-Scarred)": {"sugprice": 2997.1800000000007, "profit": 170, "limit": 2704, "timest": 1703336977}, "StatTrak\u2122 USP-S | Neo-Noir (Field-Tested)": {"sugprice": 3039.063913043478, "profit": 204, "limit": 2742, "timest": 1703336979}, "StatTrak\u2122 USP-S | The Traitor (Battle-Scarred)": {"sugprice": 2066.1169999999997, "profit": 112, "limit": 1864, "timest": 1703336985}, "Tec-9 | Nuclear Threat (Battle-Scarred)": {"sugprice": 3481.152727272727, "profit": 400, "limit": 3141, "timest": 1703336991}, "USP-S | Kill Confirmed (Well-Worn)": {"sugprice": 3039, "profit": 148, "limit": 2742, "timest": 1703336049}, "USP-S | Neo-Noir (Factory New)": {"sugprice": 2956.8654545454547, "profit": 141, "limit": 2668, "timest": 1703264217}, "\u2605 Bloodhound Gloves | Guerrilla (Battle-Scarred)": {"sugprice": 6009.982222222222, "profit": 410, "limit": 5424, "timest": 1703254978}, "\u2605 Broken Fang Gloves | Yellow-banded (Battle-Scarred)": {"sugprice": 5937.789047619046, "profit": 332, "limit": 5358, "timest": 1703337084}, "\u2605 Driver Gloves | Convoy (Field-Tested)": {"sugprice": 6322.360454545455, "profit": 351, "limit": 5705, "timest": 1703337090}, "\u2605 Driver Gloves | Diamondback (Battle-Scarred)": {"sugprice": 6783.54, "profit": 443, "limit": 6122, "timest": 1703337092}, "\u2605 Driver Gloves | Queen Jaguar (Battle-Scarred)": {"sugprice": 5105.583243243242, "profit": 316, "limit": 4607, "timest": 1703337096}, "\u2605 Hand Wraps | Arboreal (Field-Tested)": {"sugprice": 5928.963, "profit": 331, "limit": 5350, "timest": 1703337126}, "\u2605 Hand Wraps | Badlands (Battle-Scarred)": {"sugprice": 7286, "profit": 428, "limit": 6575, "timest": 1703337128}, "\u2605 Hydra Gloves | Mangrove (Field-Tested)": {"sugprice": 3900.2768749999996, "profit": 207, "limit": 3519, "timest": 1703337167}, "\u2605 Hydra Gloves | Rattler (Battle-Scarred)": {"sugprice": 3989.7259999999997, "profit": 213, "limit": 3600, "timest": 1703322107}, "\u2605 Moto Gloves | 3rd Commando Company (Battle-Scarred)": {"sugprice": 5064.478695652173, "profit": 241, "limit": 4570, "timest": 1703322620}, "\u2605 Moto Gloves | Smoke Out (Battle-Scarred)": {"sugprice": 6923, "profit": 380, "limit": 6248, "timest": 1703337203}, "\u2605 Moto Gloves | Transport (Field-Tested)": {"sugprice": 5345, "profit": 262, "limit": 4823, "timest": 1703320516}, "\u2605 Navaja Knife | Scorched (Field-Tested)": {"sugprice": 6831, "profit": 328, "limit": 6164, "timest": 1703337258}, "\u2605 Navaja Knife | Urban Masked (Field-Tested)": {"sugprice": 6928.972631578949, "profit": 545, "limit": 6253, "timest": 1703337273}, "\u2605 Shadow Daggers | Freehand (Field-Tested)": {"sugprice": 9080.494210526316, "profit": 546, "limit": 8195, "timest": 1703337289}, "\u2605 Shadow Daggers | Ultraviolet (Field-Tested)": {"sugprice": 8561.31909090909, "profit": 540, "limit": 7726, "timest": 1703310198}, "\u2605 Sport Gloves | Bronze Morph (Battle-Scarred)": {"sugprice": 9862.155200000001, "profit": 472, "limit": 8900, "timest": 1703337312}, "StatTrak\u2122 M4A4 | X-Ray (Minimal Wear)": {"sugprice": 4772.218333333333, "profit": 295, "limit": 4306, "timest": 1703336890}, "\u2605 Gut Knife | Boreal Forest (Field-Tested)": {"sugprice": 7028.675263157894, "profit": 426, "limit": 6343, "timest": 1703337112}, "\u2605 Gut Knife | Forest DDPAT (Field-Tested)": {"sugprice": 7610, "profit": 362, "limit": 6868, "timest": 1703267143}, "\u2605 Hydra Gloves | Rattler (Field-Tested)": {"sugprice": 4000.480400000001, "profit": 230, "limit": 3610, "timest": 1703337174}, "\u2605 Driver Gloves | Racing Green (Field-Tested)": {"sugprice": 3647, "profit": 247, "limit": 3291, "timest": 1703337102}, "\u2605 Hand Wraps | Constrictor (Field-Tested)": {"sugprice": 4952.357368421053, "profit": 290, "limit": 4469, "timest": 1703337134}, "\u2605 Hydra Gloves | Mangrove (Well-Worn)": {"sugprice": 4370.570384615385, "profit": 229, "limit": 3944, "timest": 1703318385}, "\u2605 Shadow Daggers | Boreal Forest (Field-Tested)": {"sugprice": 6938.60238095238, "profit": 385, "limit": 6262, "timest": 1703337281}, "\u2605 Bowie Knife | Bright Water (Field-Tested)": {"sugprice": 9670.352, "profit": 471, "limit": 8727, "timest": 1703255485}, "\u2605 Shadow Daggers | Scorched (Field-Tested)": {"sugprice": 7037, "profit": 383, "limit": 6350, "timest": 1703337297}, "\u2605 Driver Gloves | Racing Green (Well-Worn)": {"sugprice": 3834.4814285714288, "profit": 308, "limit": 3460, "timest": 1703337104}, "\u2605 Bloodhound Gloves | Bronzed (Field-Tested)": {"sugprice": 6565, "profit": 402, "limit": 5924, "timest": 1703337060}, "\u2605 Broken Fang Gloves | Unhinged (Battle-Scarred)": {"sugprice": 4897.569795918369, "profit": 359, "limit": 4420, "timest": 1703267780}, "StatTrak\u2122 USP-S | Monster Mashup (Battle-Scarred)": {"sugprice": 1855.2464285714286, "profit": 137, "limit": 1674, "timest": 1703336973}, "StatTrak\u2122 P250 | Muertos (Field-Tested)": {"sugprice": 1069.6893023255814, "profit": 122, "limit": 965, "timest": 1703336930}, "\u2605 Shadow Daggers | Damascus Steel (Field-Tested)": {"sugprice": 8298.485, "profit": 495, "limit": 7489, "timest": 1703337285}, "\u2605 Hydra Gloves | Emerald (Battle-Scarred)": {"sugprice": 4539.45534883721, "profit": 260, "limit": 4096, "timest": 1703336189}, "StatTrak\u2122 USP-S | The Traitor (Well-Worn)": {"sugprice": 2072.1592857142855, "profit": 101, "limit": 1870, "timest": 1703336987}, "UMP-45 | Blaze (Factory New)": {"sugprice": 1574.4397959183675, "profit": 102, "limit": 1420, "timest": 1703331149}, "\u2605 Hydra Gloves | Mangrove (Battle-Scarred)": {"sugprice": 3862.23914893617, "profit": 311, "limit": 3485, "timest": 1703337165}, "StatTrak\u2122 USP-S | Stainless (Battle-Scarred)": {"sugprice": 1156.4205555555554, "profit": 162, "limit": 1043, "timest": 1703306917}, "USP-S | Whiteout (Minimal Wear)": {"sugprice": 2758.9547368421054, "profit": 152, "limit": 2489, "timest": 1703264798}, "\u2605 Specialist Gloves | Lt. Commander (Battle-Scarred)": {"sugprice": 9733.273703703702, "profit": 502, "limit": 8784, "timest": 1703330411}, "\u2605 Hand Wraps | CAUTION! (Battle-Scarred)": {"sugprice": 14080.587894736842, "profit": 746, "limit": 12707, "timest": 1703336645}, "StatTrak\u2122 Tec-9 | Blue Titanium (Factory New)": {"sugprice": 805.5528571428573, "profit": 104, "limit": 727, "timest": 1703336957}, "\u2605 Hydra Gloves | Emerald (Field-Tested)": {"sugprice": 4553, "profit": 223, "limit": 4109, "timest": 1703337161}, "USP-S | Printstream (Field-Tested)": {"sugprice": 2668, "profit": 153, "limit": 2407, "timest": 1703337038}, "\u2605 Hand Wraps | Arboreal (Battle-Scarred)": {"sugprice": 5316.950444444445, "profit": 323, "limit": 4798, "timest": 1703337124}, "\u2605 Shadow Daggers | Forest DDPAT (Field-Tested)": {"sugprice": 6930, "profit": 430, "limit": 6254, "timest": 1703337287}, "\u2605 Hand Wraps | Duct Tape (Battle-Scarred)": {"sugprice": 5035.769687500001, "profit": 240, "limit": 4544, "timest": 1703331295}, "\u2605 Hand Wraps | Constrictor (Battle-Scarred)": {"sugprice": 4553, "profit": 246, "limit": 4109, "timest": 1703337132}, "\u2605 Navaja Knife | Safari Mesh (Battle-Scarred)": {"sugprice": 6727.857000000001, "profit": 328, "limit": 6071, "timest": 1703322652}, "\u2605 Broken Fang Gloves | Yellow-banded (Field-Tested)": {"sugprice": 6476.854, "profit": 459, "limit": 5845, "timest": 1703337086}, "\u2605 Bloodhound Gloves | Snakebite (Battle-Scarred)": {"sugprice": 6282.1641666666665, "profit": 531, "limit": 5669, "timest": 1703337066}, "\u2605 Bowie Knife | Ultraviolet (Battle-Scarred)": {"sugprice": 8779,