{"StatTrak\u2122 M4A1-S | Player Two (Battle-Scarred)": {"sugprice": 3199.7017241379317, "profit": 206, "limit": 2887, "timest": 1699732675}, "USP-S | Kill Confirmed (Well-Worn)": {"sugprice": 3596.0034693877546, "profit": 285, "limit": 3245, "timest": 1699733491}, "USP-S | Overgrowth (Field-Tested)": {"sugprice": 1919.9343333333331, "profit": 113, "limit": 1732, "timest": 1699730752}, "\u2605 Hydra Gloves | Case Hardened (Battle-Scarred)": {"sugprice": 7096.477272727273, "profit": 511, "limit": 6404, "timest": 1699692788}, "\u2605 Moto Gloves | Turtle (Battle-Scarred)": {"sugprice": 9058.9012, "profit": 1046, "limit": 8175, "timest": 1699728604}, "\u2605 Navaja Knife | Scorched (Field-Tested)": {"sugprice": 7285.060851063829, "profit": 658, "limit": 6574, "timest": 1699733893}, "USP-S | Kill Confirmed (Field-Tested)": {"sugprice": 3563.008387096774, "profit": 193, "limit": 3215, "timest": 1699689306}, "\u2605 Driver Gloves | Racing Green (Battle-Scarred)": {"sugprice": 4099.733125000001, "profit": 277, "limit": 3700, "timest": 1699733634}, "StatTrak\u2122 M4A4 | Royal Paladin (Battle-Scarred)": {"sugprice": 2358.010588235294, "profit": 165, "limit": 2128, "timest": 1699732749}, "StatTrak\u2122 M4A4 | Temukau (Field-Tested)": {"sugprice": 4052, "profit": 281, "limit": 3656, "timest": 1699732790}, "StatTrak\u2122 M4A4 | The Emperor (Battle-Scarred)": {"sugprice": 2589.025, "profit": 206, "limit": 2336, "timest": 1699732795}, "StatTrak\u2122 USP-S | Printstream (Battle-Scarred)": {"sugprice": 5018.369393939394, "profit": 309, "limit": 4529, "timest": 1699733231}, "StatTrak\u2122 USP-S | The Traitor (Well-Worn)": {"sugprice": 2163.541724137931, "profit": 120, "limit": 1952, "timest": 1699733253}, "USP-S | Caiman (Field-Tested)": {"sugprice": 3376.1155319148943, "profit": 182, "limit": 3046, "timest": 1699733454}, "USP-S | Printstream (Minimal Wear)": {"sugprice": 4913.589444444445, "profit": 348, "limit": 4434, "timest": 1699728127}, "USP-S | Whiteout (Minimal Wear)": {"sugprice": 2889.121111111111, "profit": 182, "limit": 2607, "timest": 1699733577}, "\u2605 Bowie Knife | Rust Coat (Battle-Scarred)": {"sugprice": 9472.745454545455, "profit": 470, "limit": 8549, "timest": 1699719380}, "\u2605 Broken Fang Gloves | Needle Point (Battle-Scarred)": {"sugprice": 5463.790454545455, "profit": 266, "limit": 4931, "timest": 1699733595}, "\u2605 Broken Fang Gloves | Needle Point (Field-Tested)": {"sugprice": 5628.916799999999, "profit": 325, "limit": 5080, "timest": 1699733596}, "\u2605 Driver Gloves | Racing Green (Well-Worn)": {"sugprice": 4022.751111111111, "profit": 271, "limit": 3630, "timest": 1699732470}, "\u2605 Hand Wraps | Constrictor (Battle-Scarred)": {"sugprice": 5099.44435897436, "profit": 548, "limit": 4602, "timest": 1699733666}, "\u2605 Hydra Gloves | Rattler (Field-Tested)": {"sugprice": 4331.6252, "profit": 344, "limit": 3909, "timest": 1699733708}, "\u2605 Moto Gloves | Finish Line (Battle-Scarred)": {"sugprice": 7221.204761904763, "profit": 376, "limit": 6517, "timest": 1699733720}, "\u2605 Navaja Knife | Forest DDPAT (Field-Tested)": {"sugprice": 7353.712580645162, "profit": 513, "limit": 6636, "timest": 1699733776}, "\u2605 Navaja Knife | Safari Mesh (Field-Tested)": {"sugprice": 7516.303939393939, "profit": 571, "limit": 6783, "timest": 1699733889}, "\u2605 Shadow Daggers | Bright Water (Field-Tested)": {"sugprice": 8319.084400000002, "profit": 603, "limit": 7507, "timest": 1699733922}, "\u2605 Shadow Daggers | Rust Coat (Battle-Scarred)": {"sugprice": 7416.447058823528, "profit": 625, "limit": 6693, "timest": 1699733927}, "\u2605 Broken Fang Gloves | Yellow-banded (Field-Tested)": {"sugprice": 6534, "profit": 645, "limit": 5896, "timest": 1699733620}, "\u2605 Hand Wraps | Arboreal (Battle-Scarred)": {"sugprice": 5427.2742499999995, "profit": 318, "limit": 4898, "timest": 1699733661}, "Vypa Sista of the Revolution | Guerrilla Warfare": {"sugprice": 1754.4190000000003, "profit": 108, "limit": 1583, "timest": 1699717679}, "\u2605 Shadow Daggers | Freehand (Field-Tested)": {"sugprice": 8860.509999999998, "profit": 476, "limit": 7996, "timest": 1699709503}, "StatTrak\u2122 M4A4 | \u9f8d\u738b (Dragon King) (Battle-Scarred)": {"sugprice": 1549.6608333333327, "profit": 131, "limit": 1398, "timest": 1699732817}, "\u2605 Hydra Gloves | Mangrove (Battle-Scarred)": {"sugprice": 4173.749387755102, "profit": 213, "limit": 3766, "timest": 1699733696}, "USP-S | Monster Mashup (Minimal Wear)": {"sugprice": 2151.3617647058823, "profit": 126, "limit": 1941, "timest": 1699733502}, "USP-S | Neo-Noir (Factory New)": {"sugprice": 3154.5483333333336, "profit": 184, "limit": 2846, "timest": 1699705961}, "USP-S | Orion (Minimal Wear)": {"sugprice": 4436.206842105263, "profit": 267, "limit": 4003, "timest": 1699733527}, "\u2605 Broken Fang Gloves | Yellow-banded (Battle-Scarred)": {"sugprice": 6357.076199999999, "profit": 349, "limit": 5737, "timest": 1699733612}, "\u2605 Specialist Gloves | Buckshot (Battle-Scarred)": {"sugprice": 5282.02870967742, "profit": 402, "limit": 4767, "timest": 1699733933}, "\u2605 Hydra Gloves | Mangrove (Well-Worn)": {"sugprice": 4403.588421052632, "profit": 291, "limit": 3974, "timest": 1699733705}, "\u2605 Shadow Daggers | Scorched (Field-Tested)": {"sugprice": 7516.51857142857, "profit": 394, "limit": 6783, "timest": 1699733928}, "StatTrak\u2122 M4A4 | Desolate Space (Battle-Scarred)": {"sugprice": 1385.8902040816329, "profit": 163, "limit": 1250, "timest": 1699732704}, "StatTrak\u2122 USP-S | Blueprint (Battle-Scarred)": {"sugprice": 1220.5315999999998, "profit": 156, "limit": 1101, "timest": 1699733131}, "StatTrak\u2122 P90 | Asiimov (Battle-Scarred)": {"sugprice": 1478.0070967741933, "profit": 106, "limit": 1333, "timest": 1699732976}, "\u2605 Bloodhound Gloves | Guerrilla (Battle-Scarred)": {"sugprice": 6299.23611111111, "profit": 364, "limit": 5685, "timest": 1699733582}, "\u2605 Hand Wraps | Desert Shamagh (Field-Tested)": {"sugprice": 5163.965599999999, "profit": 485, "limit": 4660, "timest": 1699733672}, "\u2605 Gut Knife | Forest DDPAT (Field-Tested)": {"sugprice": 8317.970000000001, "profit": 618, "limit": 7506, "timest": 1699733654}, "\u2605 Moto Gloves | Transport (Battle-Scarred)": {"sugprice": 5455.004489795919, "profit": 321, "limit": 4923, "timest": 1699733731}, "USP-S | The Traitor (Minimal Wear)": {"sugprice": 1571.9415555555554, "profit": 127, "limit": 1418, "timest": 1699733571}, "USP-S | Printstream (Well-Worn)": {"sugprice": 2985.916818181818, "profit": 176, "limit": 2694, "timest": 1699733554}, "\u2605 Driver Gloves | Racing Green (Field-Tested)": {"sugprice": 4138.171, "profit": 274, "limit": 3734, "timest": 1699733642}, "StatTrak\u2122 P90 | Trigon (Field-Tested)": {"sugprice": 1442.4253333333331, "profit": 182, "limit": 1301, "timest": 1699733011}, "\u2605 Hand Wraps | Duct Tape (Field-Tested)": {"sugprice": 5425.778333333333, "profit": 303, "limit": 4896, "timest": 1699733682}, "USP-S | Monster Mashup (Well-Worn)": {"sugprice": 1324.711, "profit": 117, "limit": 1195, "timest": 1699733503}, "\u2605 Broken Fang Gloves | Unhinged (Battle-Scarred)": {"sugprice": 5286.535510204081, "profit": 388, "limit": 4771, "timest": 1699733607}, "\u2605 Hand Wraps | Arboreal (Field-Tested)": {"sugprice": 6389.171363636365, "profit": 465, "limit": 5766, "timest": 1699733663}, "StatTrak\u2122 M4A4 | Neo-Noir (Field-Tested)": {"sugprice": 1260.0276923076924, "profit": 129, "limit": 1137, "timest": 1699732745}, "USP-S | Kill Confirmed (Battle-Scarred)": {"sugprice": 3336.5608000000007, "profit": 168, "limit": 3011, "timest": 1699733474}, "USP-S | Kill Confirmed (Minimal Wear)": {"sugprice": 6146.339999999999, "profit": 478, "limit": 5547, "timest": 1699733482}, "StatTrak\u2122 M4A4 | Cyber Security (Battle-Scarred)": {"sugprice": 1724.915625, "profit": 181, "limit": 1556, "timest": 1699732684}, "USP-S | Purple DDPAT (Minimal Wear)": {"sugprice": 1042.3683333333333, "profit": 109, "limit": 940, "timest": 1699724302},