{"StatTrak\u2122 USP-S | Neo-Noir (Field-Tested)": {"sugprice": 3262.306666666666, "profit": 155, "limit": 2944, "timest": 1704195469}, "StatTrak\u2122 USP-S | The Traitor (Battle-Scarred)": {"sugprice": 2195.9075, "profit": 132, "limit": 1981, "timest": 1704202593}, "USP-S | Kill Confirmed (Well-Worn)": {"sugprice": 3251.7218604651166, "profit": 204, "limit": 2934, "timest": 1704202650}, "\u2605 Driver Gloves | Convoy (Field-Tested)": {"sugprice": 6361.826956521739, "profit": 321, "limit": 5741, "timest": 1704192434}, "\u2605 Driver Gloves | Racing Green (Field-Tested)": {"sugprice": 4180.3555, "profit": 206, "limit": 3772, "timest": 1704193071}, "\u2605 Shadow Daggers | Boreal Forest (Field-Tested)": {"sugprice": 7157.701304347826, "profit": 358, "limit": 6459, "timest": 1704202997}, "\u2605 Bloodhound Gloves | Bronzed (Field-Tested)": {"sugprice": 6498.735555555555, "profit": 340, "limit": 5865, "timest": 1704195011}, "StatTrak\u2122 USP-S | Monster Mashup (Battle-Scarred)": {"sugprice": 2037.6514285714286, "profit": 204, "limit": 1838, "timest": 1704202579}, "\u2605 Hydra Gloves | Mangrove (Battle-Scarred)": {"sugprice": 4378.279444444444, "profit": 243, "limit": 3951, "timest": 1704142204}, "\u2605 Shadow Daggers | Forest DDPAT (Field-Tested)": {"sugprice": 7251.820000000001, "profit": 432, "limit": 6544, "timest": 1704135231}, "USP-S | Printstream (Minimal Wear)": {"sugprice": 4659.113214285714, "profit": 243, "limit": 4204, "timest": 1704199949}, "StatTrak\u2122 USP-S | Monster Mashup (Field-Tested)": {"sugprice": 2024.0241176470586, "profit": 127, "limit": 1826, "timest": 1704202581}, "\u2605 Paracord Knife | Forest DDPAT (Field-Tested)": {"sugprice": 8248.060399999998, "profit": 401, "limit": 7443, "timest": 1704185488}, "\u2605 Navaja Knife | Night Stripe (Field-Tested)": {"sugprice": 7039.088800000001, "profit": 386, "limit": 6352, "timest": 1704185451}, "\u2605 Moto Gloves | Boom! (Battle-Scarred)": {"sugprice": 7526.56, "profit": 380, "limit": 6792, "timest": 1704180643}, "\u2605 Specialist Gloves | Fade (Battle-Scarred)": {"sugprice": 16002.268, "profit": 939, "limit": 14442, "timest": 1704203027}, "USP-S | Printstream (Well-Worn)": {"sugprice": 2820.8765517241372, "profit": 139, "limit": 2545, "timest": 1704202673}, "\u2605 Bloodhound Gloves | Bronzed (Battle-Scarred)": {"sugprice": 6358.392631578947, "profit": 410, "limit": 5738, "timest": 1704199999}, "\u2605 Hydra Gloves | Case Hardened (Battle-Scarred)": {"sugprice": 7331.216111111112, "profit": 349, "limit": 6616, "timest": 1704137837}, "\u2605 Driver Gloves | Queen Jaguar (Battle-Scarred)": {"sugprice": 5592.746470588236, "profit": 366, "limit": 5047, "timest": 1704194514}, "StatTrak\u2122 Tec-9 | Blue Titanium (Factory New)": {"sugprice": 849.1363636363636, "profit": 116, "limit": 766, "timest": 1704192799}, "\u2605 Moto Gloves | 3rd Commando Company (Battle-Scarred)": {"sugprice": 5165.573571428569, "profit": 256, "limit": 4661, "timest": 1704199190}, "\u2605 Survival Knife | Safari Mesh (Field-Tested)": {"sugprice": 7687.8775, "profit": 425, "limit": 6938, "timest": 1704203122}, "\u2605 Hand Wraps | Constrictor (Field-Tested)": {"sugprice": 5378.0805, "profit": 449, "limit": 4853, "timest": 1704202866}, "\u2605 Sport Gloves | Bronze Morph (Battle-Scarred)": {"sugprice": 10232.04947368421, "profit": 550, "limit": 9234, "timest": 1704133067}, "\u2605 Broken Fang Gloves | Unhinged (Battle-Scarred)": {"sugprice": 5288.205869565217, "profit": 266, "limit": 4772, "timest": 1704200051}, "StatTrak\u2122 M4A4 | \u9f8d\u738b (Dragon King) (Field-Tested)": {"sugprice": 1622.2482608695652, "profit": 207, "limit": 1464, "timest": 1704157256}, "\u2605 Driver Gloves | Racing Green (Battle-Scarred)": {"sugprice": 4070.8628125000014, "profit": 211, "limit": 3673, "timest": 1704121152}, "StatTrak\u2122 USP-S | Printstream (Battle-Scarred)": {"sugprice": 4761.3029268292685, "profit": 394, "limit": 4297, "timest": 1704202588}, "\u2605 Gut Knife | Bright Water (Field-Tested)": {"sugprice": 8453.512222222222, "profit": 462, "limit": 7629, "timest": 1704202841}, "\u2605 Navaja Knife | Safari Mesh (Battle-Scarred)": {"sugprice": 7463.594166666667, "profit": 624, "limit": 6735, "timest": 1704202968}, "\u2605 Navaja Knife | Stained (Field-Tested)": {"sugprice": 7731.062083333333, "profit": 584, "limit": 6977, "timest": 1704202977}, "\u2605 Navaja Knife | Stained (Well-Worn)": {"sugprice": 7422.7440000000015, "profit": 533, "limit": 6699, "timest": 1704202979}, "\u2605 Gut Knife | Boreal Forest (Field-Tested)": {"sugprice": 7313.635333333334, "profit": 504, "limit": 6600, "timest": 1704190480}, "USP-S | Royal Blue (Field-Tested)": {"sugprice": 1087.2408333333335, "profit": 159, "limit": 981, "timest": 1704160963}, "USP-S | Printstream (Field-Tested)": {"sugprice": 2792, "profit": 133, "limit": 2519, "timest": 1704190895}, "StatTrak\u2122 SSG 08 | Turbo Peek (Battle-Scarred)": {"sugprice": 1000.0428888888887, "profit": 116, "limit": 902, "timest": 1704202541}, "\u2605 Paracord Knife | Scorched (Field-Tested)": {"sugprice": 7859.085714285714, "profit": 374, "limit": 7092, "timest": 1704185977}, "StatTrak\u2122 M4A4 | The Emperor (Battle-Scarred)": {"sugprice": 2573, "profit": 141, "limit": 2322, "timest": 1704202384}, "USP-S | Kill Confirmed (Battle-Scarred)": {"sugprice": 3163.005399999999, "profit": 190, "limit": 2854, "timest": 1704196206}, "\u2605 Bowie Knife | Ultraviolet (Battle-Scarred)": {"sugprice": 9232.278999999999, "profit": 700, "limit": 8332, "timest": 1704202777}, "\u2605 Paracord Knife | Safari Mesh (Field-Tested)": {"sugprice": 7904.549166666667, "profit": 449, "limit": 7133, "timest": 1704202991}, "StatTrak\u2122 PP-Bizon | Judgement of Anubis (Field-Tested)": {"sugprice": 1106, "profit": 109, "limit": 998, "timest": 1704189548}, "\u2605 Hand Wraps | Arboreal (Field-Tested)": {"sugprice": 5923, "profit": 286, "limit": 5345, "timest": 1704183801}, "Vypa Sista of the Revolution | Guerrilla Warfare": {"sugprice": 1927.9420000000002, "profit": 122, "limit": 1739, "timest": 1704202705}, "StatTrak\u2122 P250 | Muertos (Field-Tested)": {"sugprice": 1067.4638709677422, "profit": 102, "limit": 963, "timest": 1704183601}, "\u2605 Hand Wraps | CAUTION! (Battle-Scarred)": {"sugprice": 14094.424285714284, "profit": 747, "limit": 12720, "timest": 1704132518}, "\u2605 Driver Gloves | Convoy (Battle-Scarred)": {"sugprice": 6244.686, "profit": 334, "limit": 5635, "timest": 1704144485}, "\u2605 Broken Fang Gloves | Yellow-banded (Field-Tested)": {"sugprice": 6556.446785714285, "profit": 328, "limit": 5917, "timest": 1704183756}, "\u2605 Hand Wraps | Desert Shamagh (Field-Tested)": {"sugprice": 4885, "profit": 270, "limit": 4408, "timest": 1704200179}, "\u2605 Huntsman Knife | Freehand (Field-Tested)": {"sugprice": 11649.103333333334, "profit": 588, "limit": 10513, "timest": 1704202905}, "\u2605 Shadow Daggers | Rust Coat (Battle-Scarred)": {"sugprice": 7078.261199999999, "profit": 399, "limit": 6388, "timest": 1704192611}, "\u2605 Gut Knife | Safari Mesh (Field-Tested)": {"sugprice": 7348.153478260868, "profit": 376, "limit": 6631, "timest": 1704135694}, "StatTrak\u2122 P90 | Asiimov (Battle-Scarred)": {"sugprice": 1984.215952380952, "profit": 119, "limit": 1790, "timest": 1704187250}, "\u2605 Hydra Gloves | Emerald (Field-Tested)": {"sugprice": 5053.596666666667, "profit": 347, "limit": 4560, "timest": 1704195125}, "StatTrak\u2122 SSG 08 | Bloodshot (Field-Tested)": {"sugprice": 1601.9722580645157, "profit": 110, "limit": 1445, "timest": 1704157310}, "\u2605 Bloodhound Gloves | Guerrilla (Battle-Scarred)": {"sugprice": 6426.4312, "profit": 435, "limit": 5799, "timest": 1704202720}, "\u2605 Hydra Gloves | Mangrove (Field-Tested)": {"sugprice": 4241.561944444445, "profit": 222, "limit": 3828, "timest": 1704194593}, "USP-S | The Traitor (Minimal Wear)": {"sugprice": 1512, "profit": 117, "limit": 1364, "timest": 1704201374},