{"StatTrak\u2122 M4A1-S | Player Two (Battle-Scarred)": {"sugprice": 3292.3954545454544, "profit": 157, "limit": 2971, "timest": 1700006075}, "USP-S | Kill Confirmed (Well-Worn)": {"sugprice": 3338.361, "profit": 260, "limit": 3012, "timest": 1700070094}, "USP-S | Overgrowth (Field-Tested)": {"sugprice": 2010.4295000000002, "profit": 134, "limit": 1814, "timest": 1700070114}, "\u2605 Moto Gloves | Turtle (Battle-Scarred)": {"sugprice": 8120.4411764705865, "profit": 678, "limit": 7328, "timest": 1700070255}, "\u2605 Navaja Knife | Scorched (Field-Tested)": {"sugprice": 6931.903529411764, "profit": 606, "limit": 6256, "timest": 1700070267}, "\u2605 Driver Gloves | Racing Green (Battle-Scarred)": {"sugprice": 4094.6868888888876, "profit": 235, "limit": 3695, "timest": 1700070185}, "StatTrak\u2122 M4A4 | Royal Paladin (Battle-Scarred)": {"sugprice": 2119, "profit": 124, "limit": 1912, "timest": 1700069965}, "StatTrak\u2122 M4A4 | The Emperor (Battle-Scarred)": {"sugprice": 2846.9420833333334, "profit": 297, "limit": 2569, "timest": 1700069978}, "StatTrak\u2122 USP-S | The Traitor (Well-Worn)": {"sugprice": 2126, "profit": 194, "limit": 1918, "timest": 1700070065}, "USP-S | Printstream (Minimal Wear)": {"sugprice": 4466, "profit": 345, "limit": 4030, "timest": 1700063286}, "USP-S | Whiteout (Minimal Wear)": {"sugprice": 2718.8891666666655, "profit": 200, "limit": 2453, "timest": 1700070144}, "\u2605 Broken Fang Gloves | Needle Point (Battle-Scarred)": {"sugprice": 5518.195813953489, "profit": 559, "limit": 4980, "timest": 1700070159}, "\u2605 Broken Fang Gloves | Needle Point (Field-Tested)": {"sugprice": 5574.700857142859, "profit": 375, "limit": 5031, "timest": 1700070161}, "\u2605 Driver Gloves | Racing Green (Well-Worn)": {"sugprice": 4207, "profit": 421, "limit": 3796, "timest": 1700070189}, "\u2605 Hand Wraps | Constrictor (Battle-Scarred)": {"sugprice": 5029.837045454543, "profit": 453, "limit": 4539, "timest": 1700070213}, "\u2605 Hydra Gloves | Rattler (Field-Tested)": {"sugprice": 4385.719743589742, "profit": 384, "limit": 3958, "timest": 1700070243}, "\u2605 Moto Gloves | Finish Line (Battle-Scarred)": {"sugprice": 7189.192857142857, "profit": 466, "limit": 6488, "timest": 1700070249}, "\u2605 Navaja Knife | Forest DDPAT (Field-Tested)": {"sugprice": 6985.390714285712, "profit": 373, "limit": 6304, "timest": 1700070259}, "\u2605 Navaja Knife | Safari Mesh (Field-Tested)": {"sugprice": 7028, "profit": 500, "limit": 6342, "timest": 1700065218}, "\u2605 Shadow Daggers | Bright Water (Field-Tested)": {"sugprice": 8037.966410256412, "profit": 485, "limit": 7254, "timest": 1700070277}, "\u2605 Shadow Daggers | Rust Coat (Battle-Scarred)": {"sugprice": 7040, "profit": 632, "limit": 6353, "timest": 1700070283}, "\u2605 Broken Fang Gloves | Yellow-banded (Field-Tested)": {"sugprice": 6732, "profit": 744, "limit": 6075, "timest": 1700070173}, "\u2605 Hand Wraps | Arboreal (Battle-Scarred)": {"sugprice": 5291.969024390243, "profit": 254, "limit": 4776, "timest": 1700070207}, "Vypa Sista of the Revolution | Guerrilla Warfare": {"sugprice": 1590.9518750000002, "profit": 122, "limit": 1435, "timest": 1700070147}, "StatTrak\u2122 M4A4 | \u9f8d\u738b (Dragon King) (Battle-Scarred)": {"sugprice": 1501.2008108108107, "profit": 124, "limit": 1354, "timest": 1700069984}, "\u2605 Hydra Gloves | Mangrove (Battle-Scarred)": {"sugprice": 4233.725588235296, "profit": 315, "limit": 3820, "timest": 1700070237}, "USP-S | Monster Mashup (Minimal Wear)": {"sugprice": 1924.2670000000003, "profit": 148, "limit": 1736, "timest": 1700070100}, "\u2605 Broken Fang Gloves | Yellow-banded (Battle-Scarred)": {"sugprice": 6131.779574468085, "profit": 390, "limit": 5533, "timest": 1700070171}, "\u2605 Hydra Gloves | Mangrove (Well-Worn)": {"sugprice": 4538.228499999999, "profit": 394, "limit": 4095, "timest": 1700070239}, "\u2605 Shadow Daggers | Scorched (Field-Tested)": {"sugprice": 7313.864545454545, "profit": 445, "limit": 6600, "timest": 1700070285}, "StatTrak\u2122 M4A4 | Desolate Space (Battle-Scarred)": {"sugprice": 1216.8817999999999, "profit": 116, "limit": 1098, "timest": 1700068039}, "StatTrak\u2122 USP-S | Blueprint (Battle-Scarred)": {"sugprice": 1028.3764516129033, "profit": 100, "limit": 928, "timest": 1699999269}, "StatTrak\u2122 P90 | Asiimov (Battle-Scarred)": {"sugprice": 1435.3722000000002, "profit": 144, "limit": 1295, "timest": 1700070021}, "\u2605 Hand Wraps | Desert Shamagh (Field-Tested)": {"sugprice": 4992.874999999999, "profit": 360, "limit": 4506, "timest": 1700070221}, "\u2605 Gut Knife | Forest DDPAT (Field-Tested)": {"sugprice": 7676.403333333334, "profit": 511, "limit": 6927, "timest": 1700070199}, "\u2605 Moto Gloves | Transport (Battle-Scarred)": {"sugprice": 5319.25880952381, "profit": 292, "limit": 4800, "timest": 1700070253}, "USP-S | The Traitor (Minimal Wear)": {"sugprice": 1434, "profit": 155, "limit": 1294, "timest": 1700070138}, "USP-S | Printstream (Well-Worn)": {"sugprice": 2787, "profit": 184, "limit": 2515, "timest": 1700062010}, "\u2605 Driver Gloves | Racing Green (Field-Tested)": {"sugprice": 4118, "profit": 200, "limit": 3716, "timest": 1700070187}, "\u2605 Hand Wraps | Duct Tape (Field-Tested)": {"sugprice": 5236.662000000001, "profit": 507, "limit": 4726, "timest": 1700070227}, "USP-S | Monster Mashup (Well-Worn)": {"sugprice": 1310, "profit": 109, "limit": 1182, "timest": 1700070102}, "\u2605 Broken Fang Gloves | Unhinged (Battle-Scarred)": {"sugprice": 5115.854400000002, "profit": 420, "limit": 4617, "timest": 1700070165}, "\u2605 Hand Wraps | Arboreal (Field-Tested)": {"sugprice": 6342.651052631578, "profit": 551, "limit": 5724, "timest": 1700070209}, "USP-S | Kill Confirmed (Battle-Scarred)": {"sugprice": 3182.2809302325586, "profit": 157, "limit": 2872, "timest": 1700066856}, "StatTrak\u2122 M4A4 | Cyber Security (Battle-Scarred)": {"sugprice": 1590.7425, "profit": 101, "limit": 1435, "timest": 1700065805}, "USP-S | Serum (Field-Tested)": {"sugprice": 3532.18052631579, "profit": 410, "limit": 3187, "timest": 1700070130}, "\u2605 Hand Wraps | Giraffe (Battle-Scarred)": {"sugprice": 6281.622222222222, "profit": 514, "limit": 5669, "timest": 1700070229}, "USP-S | Neo-Noir (Well-Worn)": {"sugprice": 1622, "profit": 114, "limit": 1463, "timest": 1700070108}, "\u2605 Survival Knife | Safari Mesh (Field-Tested)": {"sugprice": 7792, "profit": 584, "limit": 7032, "timest": 1700070305}, "\u2605 Hydra Gloves | Case Hardened (Field-Tested)": {"sugprice": 8589.397999999997, "profit": 934, "limit": 7751, "timest": 1700070235}, "\u2605 Gut Knife | Rust Coat (Battle-Scarred)": {"sugprice": 7951.558108108109, "profit": 732, "limit": 7176, "timest": 1700070201}, "\u2605 Moto Gloves | Smoke Out (Battle-Scarred)": {"sugprice": 7217, "profit": 682, "limit": 6513, "timest": 1700070251}, "\u2605 Hydra Gloves | Rattler (Battle-Scarred)": {"sugprice": 4485.776595744682, "profit": 353, "limit": 4048, "timest": 1700070241}, "StatTrak\u2122 M4A4 | Evil Daimyo (Minimal Wear)": {"sugprice": 799.4900000000001, "profit": 115, "limit": 721, "timest": 1700042162}, "StatTrak\u2122 SSG 08 | Dragonfire (Field-Tested)": {"sugprice": 3679.2767857142862, "profit": 349, "limit": 3320, "timest": 1700070033}, "\u2605 Specialist Gloves | Forest DDPAT (Battle-Scarred)": {"sugprice": 8326, "profit": 592, "limit": 7514, "timest": 1700070295}, "StatTrak\u2122 M4A4 | Desert-Strike (Field-Tested)": {"sugprice": 1318.0800000000002, "profit": 235, "limit": 1189, "timest": 1700069948}, "Trapper | Guerrilla Warfare": {"sugprice": 826, "profit": 100, "limit": 745, "timest": 1699987757}, "\u2605 Broken Fang Gloves | Jade (Battle-Scarred)": {"sugprice": 7693, "profit": 706, "limit": 6942, "timest": 1700070157}, "\u2605 Broken Fang Gloves | Unhinged (Field-Tested)": {"sugprice": 5238.063749999999, "profit": 259, "limit": 4727, "timest": 1700017712}, "StatTrak\u2122 M4A4 | Temukau (Battle-Scarred)": {"sugprice": 2516.653863636363, "profit": 144, "limit": 2271, "timest": 1700069971},