{"USP-S | Kill Confirmed (Well-Worn)": {"sugprice": 2905.7653333333333, "profit": 175, "limit": 2622, "timest": 1701319625}, "\u2605 Navaja Knife | Scorched (Field-Tested)": {"sugprice": 6724.420714285713, "profit": 326, "limit": 6068, "timest": 1701306780}, "\u2605 Driver Gloves | Racing Green (Battle-Scarred)": {"sugprice": 3547.706200000001, "profit": 177, "limit": 3201, "timest": 1701319735}, "\u2605 Driver Gloves | Racing Green (Well-Worn)": {"sugprice": 3630.4392, "profit": 176, "limit": 3276, "timest": 1701319738}, "\u2605 Hydra Gloves | Rattler (Field-Tested)": {"sugprice": 3897.5715999999993, "profit": 212, "limit": 3517, "timest": 1701319870}, "\u2605 Navaja Knife | Forest DDPAT (Field-Tested)": {"sugprice": 6748.792857142857, "profit": 321, "limit": 6090, "timest": 1701279176}, "\u2605 Shadow Daggers | Bright Water (Field-Tested)": {"sugprice": 7429.625111111111, "profit": 501, "limit": 6705, "timest": 1701319981}, "\u2605 Shadow Daggers | Rust Coat (Battle-Scarred)": {"sugprice": 6699.289523809522, "profit": 379, "limit": 6046, "timest": 1701304189}, "\u2605 Broken Fang Gloves | Yellow-banded (Field-Tested)": {"sugprice": 6312.63, "profit": 423, "limit": 5697, "timest": 1701319725}, "\u2605 Hydra Gloves | Mangrove (Battle-Scarred)": {"sugprice": 3794.319166666667, "profit": 223, "limit": 3424, "timest": 1701290671}, "\u2605 Hydra Gloves | Mangrove (Well-Worn)": {"sugprice": 3987.8070588235296, "profit": 270, "limit": 3598, "timest": 1701319858}, "\u2605 Hand Wraps | Desert Shamagh (Field-Tested)": {"sugprice": 4919.7927272727275, "profit": 420, "limit": 4440, "timest": 1701319805}, "\u2605 Moto Gloves | Transport (Battle-Scarred)": {"sugprice": 5118.7403125, "profit": 245, "limit": 4619, "timest": 1701313323}, "USP-S | Printstream (Well-Worn)": {"sugprice": 2634.711176470588, "profit": 130, "limit": 2377, "timest": 1701319674}, "\u2605 Hand Wraps | Duct Tape (Field-Tested)": {"sugprice": 5144.347500000001, "profit": 318, "limit": 4642, "timest": 1701319819}, "\u2605 Broken Fang Gloves | Unhinged (Battle-Scarred)": {"sugprice": 5093.682400000001, "profit": 261, "limit": 4597, "timest": 1701319718}, "\u2605 Hand Wraps | Arboreal (Field-Tested)": {"sugprice": 5512.6575, "profit": 291, "limit": 4975, "timest": 1701319784}, "\u2605 Hand Wraps | Giraffe (Battle-Scarred)": {"sugprice": 5919.201500000001, "profit": 301, "limit": 5342, "timest": 1701297635}, "USP-S | Neo-Noir (Well-Worn)": {"sugprice": 1453.7415384615383, "profit": 101, "limit": 1312, "timest": 1701308012}, "\u2605 Moto Gloves | Smoke Out (Battle-Scarred)": {"sugprice": 6801.240833333332, "profit": 588, "limit": 6138, "timest": 1701319889}, "\u2605 Hydra Gloves | Rattler (Battle-Scarred)": {"sugprice": 3918.870199999999, "profit": 196, "limit": 3536, "timest": 1701319867}, "StatTrak\u2122 SSG 08 | Dragonfire (Field-Tested)": {"sugprice": 3095.274571428572, "profit": 212, "limit": 2793, "timest": 1701319453}, "StatTrak\u2122 USP-S | Neo-Noir (Field-Tested)": {"sugprice": 3165.8320000000003, "profit": 206, "limit": 2857, "timest": 1701319537}, "\u2605 Bloodhound Gloves | Guerrilla (Field-Tested)": {"sugprice": 6023.840294117646, "profit": 360, "limit": 5436, "timest": 1701302921}, "\u2605 Gut Knife | Bright Water (Field-Tested)": {"sugprice": 8094.337692307692, "profit": 544, "limit": 7305, "timest": 1701319761}, "\u2605 Hand Wraps | Constrictor (Field-Tested)": {"sugprice": 4974.030833333333, "profit": 307, "limit": 4489, "timest": 1701315670}, "\u2605 Hand Wraps | Desert Shamagh (Well-Worn)": {"sugprice": 4829.5921052631575, "profit": 266, "limit": 4358, "timest": 1701319814}, "\u2605 Navaja Knife | Night Stripe (Field-Tested)": {"sugprice": 6575.092352941176, "profit": 314, "limit": 5934, "timest": 1701319930}, "\u2605 Survival Knife | Scorched (Field-Tested)": {"sugprice": 7813.285, "profit": 613, "limit": 7051, "timest": 1701320033}, "\u2605 Moto Gloves | 3rd Commando Company (Field-Tested)": {"sugprice": 5572.97, "profit": 420, "limit": 5029, "timest": 1701319876}, "StatTrak\u2122 USP-S | The Traitor (Battle-Scarred)": {"sugprice": 1875.7108333333342, "profit": 125, "limit": 1692, "timest": 1701319546}, "\u2605 Driver Gloves | Queen Jaguar (Battle-Scarred)": {"sugprice": 5175.108888888889, "profit": 247, "limit": 4670, "timest": 1701248773}, "\u2605 Hand Wraps | Desert Shamagh (Battle-Scarred)": {"sugprice": 4882.954117647059, "profit": 348, "limit": 4406, "timest": 1701319802}, "USP-S | Orion (Minimal Wear)": {"sugprice": 3716.794054054054, "profit": 177, "limit": 3354, "timest": 1701305531}, "USP-S | Caiman (Field-Tested)": {"sugprice": 3053.0997674418613, "profit": 146, "limit": 2755, "timest": 1701319612}, "\u2605 Sport Gloves | Bronze Morph (Battle-Scarred)": {"sugprice": 9908.523846153847, "profit": 478, "limit": 8942, "timest": 1701292598}, "\u2605 Moto Gloves | Turtle (Battle-Scarred)": {"sugprice": 7532.919374999999, "profit": 421, "limit": 6798, "timest": 1701269853}, "\u2605 Hand Wraps | Arboreal (Battle-Scarred)": {"sugprice": 5004.1896875, "profit": 238, "limit": 4516, "timest": 1701319780}, "\u2605 Broken Fang Gloves | Yellow-banded (Battle-Scarred)": {"sugprice": 5187.705454545454, "profit": 268, "limit": 4681, "timest": 1701314086}, "StatTrak\u2122 USP-S | Printstream (Battle-Scarred)": {"sugprice": 4345.755227272728, "profit": 226, "limit": 3922, "timest": 1701319540}, "USP-S | Overgrowth (Field-Tested)": {"sugprice": 1644.1833333333338, "profit": 116, "limit": 1483, "timest": 1701319664}, "StatTrak\u2122 USP-S | Stainless (Battle-Scarred)": {"sugprice": 1017.2182142857142, "profit": 100, "limit": 918, "timest": 1701293106}, "\u2605 Broken Fang Gloves | Needle Point (Battle-Scarred)": {"sugprice": 5053.9713999999985, "profit": 301, "limit": 4561, "timest": 1701318495}, "StatTrak\u2122 P250 | Muertos (Field-Tested)": {"sugprice": 1044.3506896551723, "profit": 114, "limit": 942, "timest": 1701319365}, "StatTrak\u2122 USP-S | Monster Mashup (Field-Tested)": {"sugprice": 1791.2935294117651, "profit": 118, "limit": 1616, "timest": 1701283706}, "Tec-9 | Nuclear Threat (Battle-Scarred)": {"sugprice": 2951.314, "profit": 237, "limit": 2663, "timest": 1701245990}, "USP-S | Orion (Factory New)": {"sugprice": 3963.8100000000004, "profit": 189, "limit": 3577, "timest": 1701316309}, "\u2605 Bloodhound Gloves | Bronzed (Field-Tested)": {"sugprice": 6253.491304347827, "profit": 404, "limit": 5643, "timest": 1701316419}, "\u2605 Gut Knife | Scorched (Field-Tested)": {"sugprice": 7418, "profit": 445, "limit": 6694, "timest": 1701319777}, "\u2605 Hydra Gloves | Emerald (Battle-Scarred)": {"sugprice": 4532.754000000001, "profit": 236, "limit": 4090, "timest": 1701316657}, "\u2605 Hydra Gloves | Emerald (Field-Tested)": {"sugprice": 4565.401632653061, "profit": 262, "limit": 4120, "timest": 1701319840}, "\u2605 Moto Gloves | Blood Pressure (Battle-Scarred)": {"sugprice": 8534.265000000001, "profit": 604, "limit": 7702, "timest": 1701319878}, "\u2605 Moto Gloves | Polygon (Battle-Scarred)": {"sugprice": 9984.249444444444, "profit": 485, "limit": 9010, "timest": 1701288470}, "\u2605 Navaja Knife | Boreal Forest (Field-Tested)": {"sugprice": 7032.085531914891, "profit": 511, "limit": 6346, "timest": 1701319919}, "\u2605 Navaja Knife | Rust Coat (Battle-Scarred)": {"sugprice": 6597.605625, "profit": 317, "limit": 5954, "timest": 1701301977}, "\u2605 Navaja Knife | Ultraviolet (Field-Tested)": {"sugprice": 7036.084799999999, "profit": 374, "limit": 6350, "timest": 1701319959}, "\u2605 Paracord Knife | Safari Mesh (Field-Tested)": {"sugprice": 7202.32125, "profit": 592, "limit": 6500, "timest": 1701258011}, "\u2605 Shadow Daggers | Ultraviolet (Field-Tested)": {"sugprice": 7925.966842105261, "profit": 453, "limit": 7153, "timest": 1701320005}, "\u2605 Paracord Knife | Scorched (Field-Tested)": {"sugprice": 7633.5112500000005, "profit": 508, "limit": 6889, "timest": 1701319970}, "\u2605 Huntsman Knife | Rust Coat (Battle-Scarred)": {"sugprice": 8853.953809523808, "profit": 598,