{"USP-S | Kill Confirmed (Well-Worn)": {"sugprice": 3047.318, "profit": 147, "limit": 2750, "timest": 1701589680}, "\u2605 Navaja Knife | Scorched (Field-Tested)": {"sugprice": 6707.419677419355, "profit": 331, "limit": 6053, "timest": 1701545623}, "\u2605 Driver Gloves | Racing Green (Battle-Scarred)": {"sugprice": 3735.7754, "profit": 181, "limit": 3371, "timest": 1701550938}, "\u2605 Hydra Gloves | Rattler (Field-Tested)": {"sugprice": 3980.987799999999, "profit": 211, "limit": 3592, "timest": 1701537713}, "\u2605 Shadow Daggers | Bright Water (Field-Tested)": {"sugprice": 7444.952727272728, "profit": 421, "limit": 6719, "timest": 1701524479}, "\u2605 Moto Gloves | Transport (Battle-Scarred)": {"sugprice": 5285.403469387756, "profit": 258, "limit": 4770, "timest": 1701564052}, "\u2605 Broken Fang Gloves | Unhinged (Battle-Scarred)": {"sugprice": 5231.1464000000005, "profit": 306, "limit": 4721, "timest": 1701593028}, "\u2605 Hand Wraps | Arboreal (Field-Tested)": {"sugprice": 5585.135263157895, "profit": 305, "limit": 5040, "timest": 1701552343}, "USP-S | Neo-Noir (Well-Worn)": {"sugprice": 1548.4793333333334, "profit": 122, "limit": 1397, "timest": 1701592594}, "\u2605 Moto Gloves | Smoke Out (Battle-Scarred)": {"sugprice": 6898.439166666667, "profit": 366, "limit": 6225, "timest": 1701513813}, "StatTrak\u2122 SSG 08 | Dragonfire (Field-Tested)": {"sugprice": 3065.4668965517244, "profit": 146, "limit": 2766, "timest": 1701554149}, "StatTrak\u2122 USP-S | Neo-Noir (Field-Tested)": {"sugprice": 3273.0745454545454, "profit": 214, "limit": 2953, "timest": 1701592242}, "\u2605 Bloodhound Gloves | Guerrilla (Field-Tested)": {"sugprice": 6256.367666666667, "profit": 323, "limit": 5646, "timest": 1701592891}, "\u2605 Hand Wraps | Constrictor (Field-Tested)": {"sugprice": 5062.286551724137, "profit": 294, "limit": 4568, "timest": 1701593374}, "\u2605 Hand Wraps | Desert Shamagh (Well-Worn)": {"sugprice": 5027.039999999999, "profit": 424, "limit": 4536, "timest": 1701593490}, "StatTrak\u2122 USP-S | The Traitor (Battle-Scarred)": {"sugprice": 1857.8128888888887, "profit": 100, "limit": 1676, "timest": 1701526112}, "\u2605 Hand Wraps | Desert Shamagh (Battle-Scarred)": {"sugprice": 4941.444782608696, "profit": 254, "limit": 4459, "timest": 1701526545}, "USP-S | Orion (Minimal Wear)": {"sugprice": 3942.546666666667, "profit": 191, "limit": 3558, "timest": 1701557151}, "USP-S | Caiman (Field-Tested)": {"sugprice": 3137.399047619048, "profit": 152, "limit": 2831, "timest": 1701542469}, "\u2605 Moto Gloves | Turtle (Battle-Scarred)": {"sugprice": 8087.337222222222, "profit": 433, "limit": 7298, "timest": 1701588300}, "\u2605 Hand Wraps | Arboreal (Battle-Scarred)": {"sugprice": 5127.000599999999, "profit": 260, "limit": 4627, "timest": 1701551022}, "StatTrak\u2122 USP-S | Printstream (Battle-Scarred)": {"sugprice": 4452.149444444444, "profit": 214, "limit": 4018, "timest": 1701592252}, "\u2605 Broken Fang Gloves | Needle Point (Battle-Scarred)": {"sugprice": 5029.758399999999, "profit": 246, "limit": 4539, "timest": 1701510068}, "StatTrak\u2122 USP-S | Monster Mashup (Field-Tested)": {"sugprice": 1901.7888235294117, "profit": 148, "limit": 1716, "timest": 1701592143}, "\u2605 Bloodhound Gloves | Bronzed (Field-Tested)": {"sugprice": 6361.198235294119, "profit": 348, "limit": 5740, "timest": 1701589878}, "\u2605 Hydra Gloves | Emerald (Battle-Scarred)": {"sugprice": 4764.714999999999, "profit": 228, "limit": 4300, "timest": 1701594415}, "\u2605 Hydra Gloves | Emerald (Field-Tested)": {"sugprice": 4581.921818181819, "profit": 242, "limit": 4135, "timest": 1701511630}, "\u2605 Moto Gloves | Blood Pressure (Battle-Scarred)": {"sugprice": 8700.237894736843, "profit": 473, "limit": 7851, "timest": 1701590826}, "\u2605 Navaja Knife | Boreal Forest (Field-Tested)": {"sugprice": 6857.057954545453, "profit": 364, "limit": 6188, "timest": 1701539282}, "\u2605 Navaja Knife | Rust Coat (Battle-Scarred)": {"sugprice": 6754.797931034481, "profit": 336, "limit": 6096, "timest": 1701526724}, "\u2605 Paracord Knife | Scorched (Field-Tested)": {"sugprice": 7516.897142857143, "profit": 401, "limit": 6783, "timest": 1701588433}, "USP-S | Printstream (Field-Tested)": {"sugprice": 2992.24976744186, "profit": 143, "limit": 2700, "timest": 1701557159}, "\u2605 Moto Gloves | Finish Line (Battle-Scarred)": {"sugprice": 6872.35, "profit": 462, "limit": 6202, "timest": 1701590846}, "\u2605 Hand Wraps | Duct Tape (Battle-Scarred)": {"sugprice": 5197.0152941176475, "profit": 278, "limit": 4690, "timest": 1701593690}, "\u2605 Navaja Knife | Safari Mesh (Field-Tested)": {"sugprice": 6992.848500000002, "profit": 335, "limit": 6311, "timest": 1701594826}, "\u2605 Moto Gloves | POW! (Battle-Scarred)": {"sugprice": 8504.061153846154, "profit": 453, "limit": 7674, "timest": 1701535147}, "\u2605 Navaja Knife | Boreal Forest (Battle-Scarred)": {"sugprice": 6790.027142857143, "profit": 380, "limit": 6127, "timest": 1701525508}, "\u2605 Gut Knife | Safari Mesh (Field-Tested)": {"sugprice": 7313.60642857143, "profit": 365, "limit": 6600, "timest": 1701593299}, "\u2605 Gut Knife | Freehand (Field-Tested)": {"sugprice": 8662.344000000001, "profit": 467, "limit": 7817, "timest": 1701593293}, "USP-S | Neo-Noir (Factory New)": {"sugprice": 3088.8824999999997, "profit": 169, "limit": 2787, "timest": 1701592581}, "\u2605 Driver Gloves | Convoy (Field-Tested)": {"sugprice": 6315.69, "profit": 376, "limit": 5699, "timest": 1701593092}, "\u2605 Hand Wraps | Constrictor (Well-Worn)": {"sugprice": 5048.45, "profit": 300, "limit": 4556, "timest": 1701593399}, "\u2605 Shadow Daggers | Damascus Steel (Field-Tested)": {"sugprice": 7898.451875, "profit": 469, "limit": 7128, "timest": 1701588462}, "\u2605 Hydra Gloves | Mangrove (Field-Tested)": {"sugprice": 4021.2207999999982, "profit": 199, "limit": 3629, "timest": 1701552507}, "StatTrak\u2122 USP-S | The Traitor (Well-Worn)": {"sugprice": 1939.6456666666663, "profit": 100, "limit": 1750, "timest": 1701592312}, "\u2605 Specialist Gloves | Buckshot (Battle-Scarred)": {"sugprice": 5195.640249999998, "profit": 256, "limit": 4689, "timest": 1701588527}, "StatTrak\u2122 P90 | Blind Spot (Field-Tested)": {"sugprice": 1204, "profit": 127, "limit": 1086, "timest": 1701524755}, "USP-S | The Traitor (Minimal Wear)": {"sugprice": 1403.5253658536585, "profit": 115, "limit": 1266, "timest": 1701589822}, "\u2605 Survival Knife | Boreal Forest (Field-Tested)": {"sugprice": 7875.54857142857, "profit": 393, "limit": 7107, "timest": 1701594925}, "\u2605 Specialist Gloves | Fade (Battle-Scarred)": {"sugprice": 14765.376470588235, "profit": 829, "limit": 13325, "timest": 1701563032}, "StatTrak\u2122 USP-S | Neo-Noir (Battle-Scarred)": {"sugprice": 3150.242068965518, "profit": 160, "limit": 2843, "timest": 1701546394}, "\u2605 Moto Gloves | Transport (Field-Tested)": {"sugprice": 5532.615833333333, "profit": 285, "limit": 4993, "timest": 1701536717}, "\u2605 Shadow Daggers | Autotronic (Field-Tested)": {"sugprice": 10008.5425, "profit": 804, "limit": 9032, "timest": 1701554660}, "USP-S | Kill Confirmed (Battle-Scarred)": {"sugprice": 3150.4337999999993, "profit": 288, "limit": 2843, "timest": 1701589673}, "StatTrak\u2122 USP-S | Blueprint (Field-Tested)": {"sugprice": 962.81, "profit": 112, "limit": 868, "timest": 1701510516}, "\u2605 Broken Fang Gloves | Needle Point (Well-Worn)": {"sugprice": 5162.846363636363, "profit": 337, "limit": 4659, "timest": 1701525106}, "\u2605 Broken Fang Gloves | Needle Point (Field-Tested)": {"sugprice": 5177.355666666668, "profit": 249, "limit": 4672, "timest": 1701554423}, "StatTrak\u2122 P90 | Asiimov (Battle-Scarred)": {"sugprice": 1381, "profit": 105, "limit": 1246, "timest": 1701563266}, "USP-S | Orion (Field-Tested)": {"sugprice": 3888.723499999999, "profit": 195, "limit": 3509, "timest": 1701563484}, "UMP-45 | Blaze (Factory New)": {"sugprice": 1597.2342222222223, "profit": 103, "limit": 1441, "timest": 1701542460},