{"StatTrak\u2122 USP-S | Monster Mashup (Battle-Scarred)": {"sugprice": 1844.9094736842105, "profit": 256, "limit": 1665, "timest": 1707390638}, "StatTrak\u2122 USP-S | Caiman (Field-Tested)": {"sugprice": 5149, "profit": 330, "limit": 4646, "timest": 1707390626}, "StatTrak\u2122 USP-S | Overgrowth (Field-Tested)": {"sugprice": 4193.755714285714, "profit": 234, "limit": 3784, "timest": 1707390646}, "\u2605 Paracord Knife | Scorched (Field-Tested)": {"sugprice": 7303.428125, "profit": 434, "limit": 6591, "timest": 1707387212}, "\u2605 Shadow Daggers | Autotronic (Battle-Scarred)": {"sugprice": 7978.404615384616, "profit": 387, "limit": 7200, "timest": 1707334185}, "USP-S | Printstream (Well-Worn)": {"sugprice": 2425.7279545454544, "profit": 130, "limit": 2189, "timest": 1707384046}, "\u2605 Hand Wraps | Duct Tape (Well-Worn)": {"sugprice": 5169.499090909091, "profit": 258, "limit": 4665, "timest": 1707389524}, "StatTrak\u2122 USP-S | The Traitor (Battle-Scarred)": {"sugprice": 2341.065813953488, "profit": 178, "limit": 2112, "timest": 1707390657}, "StatTrak\u2122 USP-S | The Traitor (Well-Worn)": {"sugprice": 2391.2838, "profit": 220, "limit": 2158, "timest": 1707388260}, "StatTrak\u2122 USP-S | Neo-Noir (Field-Tested)": {"sugprice": 3014.709062500001, "profit": 144, "limit": 2720, "timest": 1707327403}, "\u2605 Driver Gloves | Queen Jaguar (Well-Worn)": {"sugprice": 5256.2225, "profit": 346, "limit": 4743, "timest": 1707326230}, "\u2605 Moto Gloves | Smoke Out (Battle-Scarred)": {"sugprice": 7193.18857142857, "profit": 371, "limit": 6491, "timest": 1707371868}, "\u2605 Survival Knife | Case Hardened (Battle-Scarred)": {"sugprice": 13536, "profit": 683, "limit": 12216, "timest": 1707380902}, "\u2605 Shadow Daggers | Ultraviolet (Battle-Scarred)": {"sugprice": 7803.591764705884, "profit": 443, "limit": 7042, "timest": 1707391098}, "StatTrak\u2122 USP-S | Printstream (Battle-Scarred)": {"sugprice": 4192.279333333332, "profit": 200, "limit": 3783, "timest": 1707383958}, "\u2605 Specialist Gloves | Forest DDPAT (Battle-Scarred)": {"sugprice": 8531, "profit": 406, "limit": 7699, "timest": 1707354298}, "USP-S | Orion (Field-Tested)": {"sugprice": 3527.465744680852, "profit": 169, "limit": 3183, "timest": 1707385530}, "\u2605 Falchion Knife | Ultraviolet (Battle-Scarred)": {"sugprice": 9402.879500000001, "profit": 476, "limit": 8486, "timest": 1707335404}, "USP-S | Whiteout (Battle-Scarred)": {"sugprice": 1998.0336000000004, "profit": 105, "limit": 1803, "timest": 1707390776}, "\u2605 Shadow Daggers | Forest DDPAT (Field-Tested)": {"sugprice": 6613.05, "profit": 364, "limit": 5968, "timest": 1707389623}, "USP-S | Orion (Factory New)": {"sugprice": 4319.62, "profit": 321, "limit": 3898, "timest": 1707389386}, "\u2605 Hydra Gloves | Case Hardened (Field-Tested)": {"sugprice": 8612.003, "profit": 411, "limit": 7772, "timest": 1707387802}, "\u2605 Gut Knife | Scorched (Field-Tested)": {"sugprice": 7326, "profit": 358, "limit": 6611, "timest": 1707390899}, "\u2605 Hand Wraps | Duct Tape (Field-Tested)": {"sugprice": 5205.088333333333, "profit": 248, "limit": 4697, "timest": 1707382869}, "\u2605 Shadow Daggers | Boreal Forest (Field-Tested)": {"sugprice": 6603.543076923078, "profit": 467, "limit": 5959, "timest": 1707391060}, "USP-S | Serum (Minimal Wear)": {"sugprice": 2674.3122727272726, "profit": 128, "limit": 2413, "timest": 1707329721}, "USP-S | Neo-Noir (Minimal Wear)": {"sugprice": 1682.145, "profit": 100, "limit": 1518, "timest": 1707313608}, "USP-S | Whiteout (Field-Tested)": {"sugprice": 2103.3906250000005, "profit": 102, "limit": 1898, "timest": 1707348411}, "StatTrak\u2122 PP-Bizon | Judgement of Anubis (Field-Tested)": {"sugprice": 1015.4780952380953, "profit": 122, "limit": 916, "timest": 1707314167}, "StatTrak\u2122 P90 | Nostalgia (Battle-Scarred)": {"sugprice": 878.8518181818182, "profit": 175, "limit": 793, "timest": 1707390565}, "\u2605 Paracord Knife | Stained (Battle-Scarred)": {"sugprice": 10038.720588235294, "profit": 510, "limit": 9059, "timest": 1707333505}, "\u2605 Shadow Daggers | Safari Mesh (Field-Tested)": {"sugprice": 6475.788, "profit": 370, "limit": 5844, "timest": 1707391086}, "\u2605 Shadow Daggers | Black Laminate (Well-Worn)": {"sugprice": 6654.151250000001, "profit": 317, "limit": 6005, "timest": 1707313262}, "StatTrak\u2122 SSG 08 | Dragonfire (Field-Tested)": {"sugprice": 2664.6696774193547, "profit": 151, "limit": 2404, "timest": 1707382567}, "\u2605 Hydra Gloves | Emerald (Battle-Scarred)": {"sugprice": 4254, "profit": 212, "limit": 3839, "timest": 1707305841}, "StatTrak\u2122 P250 | Cartel (Field-Tested)": {"sugprice": 1086.6672727272728, "profit": 100, "limit": 980, "timest": 1707346788}, "StatTrak\u2122 MP9 | Hypnotic (Factory New)": {"sugprice": 3198.180714285714, "profit": 172, "limit": 2886, "timest": 1707385348}, "USP-S | Printstream (Field-Tested)": {"sugprice": 2509.194250000001, "profit": 121, "limit": 2264, "timest": 1707310658}, "\u2605 Hand Wraps | Giraffe (Well-Worn)": {"sugprice": 5570.258749999999, "profit": 341, "limit": 5027, "timest": 1707380006}, "StatTrak\u2122 SSG 08 | Big Iron (Battle-Scarred)": {"sugprice": 1354.9775, "profit": 110, "limit": 1222, "timest": 1707323162}, "\u2605 Hand Wraps | Giraffe (Battle-Scarred)": {"sugprice": 5120.365199999999, "profit": 252, "limit": 4621, "timest": 1707390939}, "\u2605 Bloodhound Gloves | Bronzed (Battle-Scarred)": {"sugprice": 5771.153571428571, "profit": 282, "limit": 5208, "timest": 1707318585}, "USP-S | Neo-Noir (Factory New)": {"sugprice": 2826.089, "profit": 158, "limit": 2550, "timest": 1707330974}, "\u2605 Flip Knife | Tiger Tooth (Factory New)": {"sugprice": 33498.386666666665, "profit": 1599, "limit": 30232, "timest": 1707343684}, "\u2605 Hand Wraps | Constrictor (Field-Tested)": {"sugprice": 4926.617857142856, "profit": 239, "limit": 4446, "timest": 1707344426}, "StatTrak\u2122 Sawed-Off | Devourer (Battle-Scarred)": {"sugprice": 549.62, "profit": 100, "limit": 496, "timest": 1707343386}, "\u2605 Moto Gloves | 3rd Commando Company (Field-Tested)": {"sugprice": 5102.553684210527, "profit": 264, "limit": 4605, "timest": 1707355544}, "\u2605 Navaja Knife | Ultraviolet (Battle-Scarred)": {"sugprice": 6772.811333333332, "profit": 386, "limit": 6112, "timest": 1707391031}, "\u2605 Hydra Gloves | Rattler (Field-Tested)": {"sugprice": 4073.2102083333334, "profit": 217, "limit": 3676, "timest": 1707390987}, "USP-S | Kill Confirmed (Battle-Scarred)": {"sugprice": 2688.058157894737, "profit": 132, "limit": 2425, "timest": 1707385506}, "USP-S | Kill Confirmed (Well-Worn)": {"sugprice": 2865.9936170212754, "profit": 164, "limit": 2586, "timest": 1707383348}, "\u2605 Broken Fang Gloves | Needle Point (Field-Tested)": {"sugprice": 4519.2536842105255, "profit": 228, "limit": 4078, "timest": 1707390810}, "\u2605 Gut Knife | Boreal Forest (Field-Tested)": {"sugprice": 7194.767142857142, "profit": 348, "limit": 6493, "timest": 1707384170}, "StatTrak\u2122 P2000 | Imperial Dragon (Field-Tested)": {"sugprice": 685.6815789473684, "profit": 133, "limit": 618, "timest": 1707390514}, "\u2605 Specialist Gloves | Crimson Web (Battle-Scarred)": {"sugprice": 10874.696, "profit": 813, "limit": 9814, "timest": 1707378790}, "StatTrak\u2122 USP-S | Stainless (Battle-Scarred)": {"sugprice": 1016.4232258064517, "profit": 154, "limit": 917, "timest": 1707381842}, "\u2605 Hand Wraps | Duct Tape (Battle-Scarred)": {"sugprice": 5131.841428571429, "profit": 394, "limit": 4631, "timest": 1707390184}, "\u2605 Huntsman Knife | Freehand (Field-Tested)": {"sugprice": 10383.337142857143, "profit": 545, "limit": 9370, "timest": 1707390957}, "\u2605 Driver Gloves | Racing Green (Well-Worn)": {"sugprice": 3721.418800000001, "profit": 210, "limit": 3358, "timest": 1707382061}, "\u2605 Shadow Daggers | Night (Field-Tested)": {"sugprice": 6730.165384615384, "profit": 323, "limit": 6073, "timest": 1707381587}, "\u2605 Survival Knife | Stained (Battle-Scarred)": {"sugprice": 9371.447499999998,