{"USP-S | Kill Confirmed (Well-Worn)": {"sugprice": 3159.051219512195, "profit": 171, "limit": 2851, "timest": 1701794189}, "\u2605 Hydra Gloves | Rattler (Field-Tested)": {"sugprice": 4187.5389583333335, "profit": 213, "limit": 3779, "timest": 1701781457}, "\u2605 Moto Gloves | Transport (Battle-Scarred)": {"sugprice": 5454.820714285716, "profit": 337, "limit": 4922, "timest": 1701804783}, "\u2605 Broken Fang Gloves | Unhinged (Battle-Scarred)": {"sugprice": 5206.457799999998, "profit": 338, "limit": 4698, "timest": 1701809688}, "USP-S | Neo-Noir (Well-Worn)": {"sugprice": 1408, "profit": 100, "limit": 1270, "timest": 1701796797}, "StatTrak\u2122 SSG 08 | Dragonfire (Field-Tested)": {"sugprice": 3202.0748484848477, "profit": 184, "limit": 2889, "timest": 1701802446}, "\u2605 Bloodhound Gloves | Guerrilla (Field-Tested)": {"sugprice": 6199.277727272726, "profit": 388, "limit": 5594, "timest": 1701809657}, "\u2605 Hand Wraps | Desert Shamagh (Well-Worn)": {"sugprice": 5078.467777777779, "profit": 255, "limit": 4583, "timest": 1701809881}, "StatTrak\u2122 USP-S | The Traitor (Battle-Scarred)": {"sugprice": 2102.301395348836, "profit": 115, "limit": 1897, "timest": 1701809402}, "\u2605 Moto Gloves | Turtle (Battle-Scarred)": {"sugprice": 8125.392000000002, "profit": 446, "limit": 7333, "timest": 1701810000}, "StatTrak\u2122 USP-S | Monster Mashup (Field-Tested)": {"sugprice": 1823, "profit": 112, "limit": 1645, "timest": 1701770364}, "\u2605 Bloodhound Gloves | Bronzed (Field-Tested)": {"sugprice": 6386.159523809524, "profit": 363, "limit": 5763, "timest": 1701807342}, "\u2605 Moto Gloves | Blood Pressure (Battle-Scarred)": {"sugprice": 8479, "profit": 447, "limit": 7652, "timest": 1701809955}, "\u2605 Hand Wraps | Duct Tape (Battle-Scarred)": {"sugprice": 5227.938260869565, "profit": 303, "limit": 4718, "timest": 1701785303}, "\u2605 Gut Knife | Safari Mesh (Field-Tested)": {"sugprice": 7378.9685714285715, "profit": 451, "limit": 6659, "timest": 1701809817}, "\u2605 Gut Knife | Freehand (Field-Tested)": {"sugprice": 9016.365555555554, "profit": 883, "limit": 8137, "timest": 1701809806}, "USP-S | Neo-Noir (Factory New)": {"sugprice": 3246.0507692307688, "profit": 269, "limit": 2929, "timest": 1701809509}, "\u2605 Driver Gloves | Convoy (Field-Tested)": {"sugprice": 6445.478636363638, "profit": 414, "limit": 5817, "timest": 1701809711}, "\u2605 Hand Wraps | Constrictor (Well-Worn)": {"sugprice": 4928.420625, "profit": 246, "limit": 4447, "timest": 1701803107}, "\u2605 Shadow Daggers | Damascus Steel (Field-Tested)": {"sugprice": 7820, "profit": 465, "limit": 7057, "timest": 1701792494}, "\u2605 Hydra Gloves | Mangrove (Field-Tested)": {"sugprice": 4326.39, "profit": 206, "limit": 3904, "timest": 1701763108}, "USP-S | The Traitor (Minimal Wear)": {"sugprice": 1362.7525, "profit": 114, "limit": 1229, "timest": 1701783641}, "\u2605 Specialist Gloves | Fade (Battle-Scarred)": {"sugprice": 15264.904999999999, "profit": 833, "limit": 13776, "timest": 1701810244}, "\u2605 Shadow Daggers | Autotronic (Field-Tested)": {"sugprice": 9417.873000000001, "profit": 496, "limit": 8499, "timest": 1701769167}, "USP-S | Kill Confirmed (Battle-Scarred)": {"sugprice": 3130.8265306122444, "profit": 193, "limit": 2825, "timest": 1701753102}, "\u2605 Broken Fang Gloves | Needle Point (Field-Tested)": {"sugprice": 5075.7642857142855, "profit": 242, "limit": 4580, "timest": 1701795657}, "USP-S | Orion (Field-Tested)": {"sugprice": 4054.117021276595, "profit": 228, "limit": 3658, "timest": 1701809526}, "\u2605 Hand Wraps | Desert Shamagh (Field-Tested)": {"sugprice": 5135.188636363636, "profit": 397, "limit": 4634, "timest": 1701806044}, "\u2605 Hydra Gloves | Rattler (Battle-Scarred)": {"sugprice": 4139.305476190477, "profit": 201, "limit": 3735, "timest": 1701780044}, "Tec-9 | Nuclear Threat (Battle-Scarred)": {"sugprice": 3063.06, "profit": 203, "limit": 2764, "timest": 1701809442}, "USP-S | Purple DDPAT (Minimal Wear)": {"sugprice": 1015.35, "profit": 104, "limit": 916, "timest": 1701799989}, "\u2605 Broken Fang Gloves | Yellow-banded (Field-Tested)": {"sugprice": 6212.989166666665, "profit": 327, "limit": 5607, "timest": 1701789596}, "StatTrak\u2122 M4A4 | Buzz Kill (Field-Tested)": {"sugprice": 2042.6653846153847, "profit": 166, "limit": 1843, "timest": 1701776909}, "StatTrak\u2122 M4A4 | Desert-Strike (Field-Tested)": {"sugprice": 1496.2484848484844, "profit": 100, "limit": 1350, "timest": 1701761397}, "StatTrak\u2122 M4A4 | In Living Color (Battle-Scarred)": {"sugprice": 1201.1684375, "profit": 109, "limit": 1084, "timest": 1701808107}, "StatTrak\u2122 M4A4 | Neo-Noir (Well-Worn)": {"sugprice": 1007.4727777777777, "profit": 114, "limit": 909, "timest": 1701797662}, "StatTrak\u2122 M4A4 | \u9f8d\u738b (Dragon King) (Field-Tested)": {"sugprice": 1538.7494444444446, "profit": 103, "limit": 1388, "timest": 1701809184}, "StatTrak\u2122 USP-S | Monster Mashup (Battle-Scarred)": {"sugprice": 1828, "profit": 113, "limit": 1649, "timest": 1701771097}, "\u2605 Bloodhound Gloves | Bronzed (Battle-Scarred)": {"sugprice": 6363.753, "profit": 355, "limit": 5743, "timest": 1701809632}, "\u2605 Navaja Knife | Marble Fade (Factory New)": {"sugprice": 15838.534545454546, "profit": 1253, "limit": 14294, "timest": 1701791134}, "\u2605 Shadow Daggers | Scorched (Field-Tested)": {"sugprice": 7056.343333333334, "profit": 473, "limit": 6368, "timest": 1701810217}, "StatTrak\u2122 M4A4 | The Battlestar (Field-Tested)": {"sugprice": 1470.5676923076921, "profit": 142, "limit": 1327, "timest": 1701809161}, "\u2605 Navaja Knife | Ultraviolet (Field-Tested)": {"sugprice": 7229.304285714285, "profit": 400, "limit": 6524, "timest": 1701785515}, "StatTrak\u2122 M4A4 | The Emperor (Battle-Scarred)": {"sugprice": 2712, "profit": 193, "limit": 2447, "timest": 1701809164}, "USP-S | Whiteout (Minimal Wear)": {"sugprice": 2676.5741666666668, "profit": 157, "limit": 2415, "timest": 1701790644}, "\u2605 Bowie Knife | Rust Coat (Battle-Scarred)": {"sugprice": 8337.63625, "profit": 427, "limit": 7524, "timest": 1701809668}, "\u2605 Driver Gloves | Racing Green (Field-Tested)": {"sugprice": 3990.6510416666674, "profit": 232, "limit": 3601, "timest": 1701808695}, "StatTrak\u2122 M4A4 | Temukau (Battle-Scarred)": {"sugprice": 2427.816734693877, "profit": 164, "limit": 2191, "timest": 1701809147}, "\u2605 Hand Wraps | Constrictor (Battle-Scarred)": {"sugprice": 4974.815714285715, "profit": 362, "limit": 4489, "timest": 1701809849}, "\u2605 Shadow Daggers | Black Laminate (Well-Worn)": {"sugprice": 7546.012857142857, "profit": 433, "limit": 6810, "timest": 1701810113}, "USP-S | Monster Mashup (Minimal Wear)": {"sugprice": 2059.683333333333, "profit": 182, "limit": 1858, "timest": 1701807209}, "\u2605 Shadow Daggers | Freehand (Field-Tested)": {"sugprice": 9057, "profit": 444, "limit": 8173, "timest": 1701810158}, "\u2605 Huntsman Knife | Bright Water (Field-Tested)": {"sugprice": 10425.011111111111, "profit": 799, "limit": 9408, "timest": 1701809900}, "\u2605 Bloodhound Gloves | Guerrilla (Battle-Scarred)": {"sugprice": 6271.529, "profit": 390, "limit": 5660, "timest": 1701809655}, "\u2605 Driver Gloves | Convoy (Battle-Scarred)": {"sugprice": 6335.400000000001, "profit": 329, "limit": 5717, "timest": 1701809700}, "\u2605 Gut Knife | Boreal Forest (Field-Tested)": {"sugprice": 7581.7725, "profit": 479, "limit": 6842, "timest": 1701809768}, "\u2605 Navaja Knife | Urban Masked (Field-Tested)": {"sugprice": 6951, "profit": 353, "limit": 6273, "timest": 1701810084}, "\u2605 Hand Wraps | Cobalt Skulls (Battle-Scarred)": {"sugprice": 21875.793333333335, "profit": 1345, "limit": 19742, "timest": 1701783898}, "\u2605 Navaja Knife | Boreal Forest (Field-Tested)": {"sugprice": 6929, "profit": 382, "limit": 6253, "timest": 1701798763}, "\u2605 Shadow Daggers | Boreal Forest (Field-Tested)": {"sugprice": 7131.264999999999, "profit": 374, "limit": 6435, "timest": 1701810117},