{"USP-S | Kill Confirmed (Well-Worn)": {"sugprice": 2965, "profit": 230, "limit": 2675, "timest": 1701092608}, "\u2605 Navaja Knife | Scorched (Field-Tested)": {"sugprice": 6757.743076923076, "profit": 419, "limit": 6098, "timest": 1701092780}, "\u2605 Driver Gloves | Racing Green (Battle-Scarred)": {"sugprice": 3605, "profit": 208, "limit": 3253, "timest": 1701092680}, "\u2605 Driver Gloves | Racing Green (Well-Worn)": {"sugprice": 3777.0152173913048, "profit": 286, "limit": 3408, "timest": 1701092682}, "\u2605 Hydra Gloves | Rattler (Field-Tested)": {"sugprice": 3969.972400000001, "profit": 320, "limit": 3582, "timest": 1701089015}, "\u2605 Navaja Knife | Forest DDPAT (Field-Tested)": {"sugprice": 6856.036799999999, "profit": 504, "limit": 6187, "timest": 1701092772}, "\u2605 Shadow Daggers | Bright Water (Field-Tested)": {"sugprice": 7534.579393939392, "profit": 457, "limit": 6799, "timest": 1701084728}, "\u2605 Shadow Daggers | Rust Coat (Battle-Scarred)": {"sugprice": 6871.881818181819, "profit": 500, "limit": 6201, "timest": 1701082968}, "\u2605 Broken Fang Gloves | Yellow-banded (Field-Tested)": {"sugprice": 6343.195769230769, "profit": 370, "limit": 5724, "timest": 1701092670}, "\u2605 Hydra Gloves | Mangrove (Battle-Scarred)": {"sugprice": 3860, "profit": 210, "limit": 3483, "timest": 1701087641}, "\u2605 Hydra Gloves | Mangrove (Well-Worn)": {"sugprice": 4100.720714285714, "profit": 196, "limit": 3700, "timest": 1701090341}, "StatTrak\u2122 P90 | Asiimov (Battle-Scarred)": {"sugprice": 1486.4309090909092, "profit": 128, "limit": 1341, "timest": 1701090908}, "\u2605 Hand Wraps | Desert Shamagh (Field-Tested)": {"sugprice": 4861.199183673469, "profit": 383, "limit": 4387, "timest": 1701092715}, "\u2605 Moto Gloves | Transport (Battle-Scarred)": {"sugprice": 5221.182500000002, "profit": 438, "limit": 4712, "timest": 1701092760}, "USP-S | The Traitor (Minimal Wear)": {"sugprice": 1325.0534210526318, "profit": 108, "limit": 1195, "timest": 1701087421}, "USP-S | Printstream (Well-Worn)": {"sugprice": 2693.0517391304347, "profit": 188, "limit": 2430, "timest": 1701092634}, "\u2605 Hand Wraps | Duct Tape (Field-Tested)": {"sugprice": 5193.453333333334, "profit": 363, "limit": 4687, "timest": 1701092721}, "\u2605 Broken Fang Gloves | Unhinged (Battle-Scarred)": {"sugprice": 5116.125869565218, "profit": 397, "limit": 4617, "timest": 1701092664}, "\u2605 Hand Wraps | Arboreal (Field-Tested)": {"sugprice": 5581, "profit": 301, "limit": 5036, "timest": 1701092704}, "\u2605 Hand Wraps | Giraffe (Battle-Scarred)": {"sugprice": 5846.04625, "profit": 280, "limit": 5276, "timest": 1701087615}, "USP-S | Neo-Noir (Well-Worn)": {"sugprice": 1438.6728571428569, "profit": 106, "limit": 1298, "timest": 1701092618}, "\u2605 Gut Knife | Rust Coat (Battle-Scarred)": {"sugprice": 7549.584736842105, "profit": 408, "limit": 6813, "timest": 1701016149}, "\u2605 Moto Gloves | Smoke Out (Battle-Scarred)": {"sugprice": 6970.47576923077, "profit": 654, "limit": 6290, "timest": 1701092758}, "\u2605 Hydra Gloves | Rattler (Battle-Scarred)": {"sugprice": 3961.7858, "profit": 305, "limit": 3575, "timest": 1701092740}, "StatTrak\u2122 SSG 08 | Dragonfire (Field-Tested)": {"sugprice": 3109, "profit": 225, "limit": 2805, "timest": 1701092535}, "\u2605 Broken Fang Gloves | Jade (Battle-Scarred)": {"sugprice": 6934.356842105265, "profit": 372, "limit": 6258, "timest": 1701080403}, "StatTrak\u2122 USP-S | Neo-Noir (Field-Tested)": {"sugprice": 3214.3505000000005, "profit": 268, "limit": 2900, "timest": 1701092565}, "\u2605 Bloodhound Gloves | Guerrilla (Field-Tested)": {"sugprice": 5881.913333333333, "profit": 307, "limit": 5308, "timest": 1701092652}, "\u2605 Gut Knife | Bright Water (Field-Tested)": {"sugprice": 8226.8705, "profit": 531, "limit": 7424, "timest": 1701090161}, "\u2605 Hand Wraps | Constrictor (Field-Tested)": {"sugprice": 4793.588571428571, "profit": 252, "limit": 4326, "timest": 1701092709}, "\u2605 Hand Wraps | Desert Shamagh (Well-Worn)": {"sugprice": 4715.968666666667, "profit": 257, "limit": 4256, "timest": 1701078329}, "\u2605 Navaja Knife | Night Stripe (Field-Tested)": {"sugprice": 6927.622083333335, "profit": 444, "limit": 6252, "timest": 1701092774}, "\u2605 Navaja Knife | Urban Masked (Field-Tested)": {"sugprice": 6840.968333333334, "profit": 342, "limit": 6173, "timest": 1701092790}, "\u2605 Survival Knife | Scorched (Field-Tested)": {"sugprice": 7573.2284615384615, "profit": 509, "limit": 6834, "timest": 1701074945}, "\u2605 Moto Gloves | 3rd Commando Company (Field-Tested)": {"sugprice": 5540.1173684210535, "profit": 363, "limit": 4999, "timest": 1701087673}, "StatTrak\u2122 USP-S | Neo-Noir (Battle-Scarred)": {"sugprice": 3038.8843243243246, "profit": 178, "limit": 2742, "timest": 1701092563}, "StatTrak\u2122 USP-S | The Traitor (Battle-Scarred)": {"sugprice": 1849.6164, "profit": 158, "limit": 1669, "timest": 1701092571}, "USP-S | Neo-Noir (Minimal Wear)": {"sugprice": 1531.9295454545454, "profit": 119, "limit": 1382, "timest": 1701091250}, "USP-S | Kill Confirmed (Field-Tested)": {"sugprice": 3172.360882352941, "profit": 188, "limit": 2863, "timest": 1701092606}, "\u2605 Driver Gloves | Queen Jaguar (Battle-Scarred)": {"sugprice": 5348.873030303031, "profit": 329, "limit": 4827, "timest": 1701092678}, "\u2605 Hand Wraps | Desert Shamagh (Battle-Scarred)": {"sugprice": 4816.878461538463, "profit": 333, "limit": 4347, "timest": 1701092713}, "\u2605 Shadow Daggers | Freehand (Field-Tested)": {"sugprice": 8414, "profit": 443, "limit": 7593, "timest": 1701092803}, "\u2605 Specialist Gloves | Buckshot (Battle-Scarred)": {"sugprice": 4775.675384615384, "profit": 261, "limit": 4310, "timest": 1701087898}, "USP-S | Orion (Minimal Wear)": {"sugprice": 3841, "profit": 206, "limit": 3466, "timest": 1701092624}, "USP-S | Caiman (Field-Tested)": {"sugprice": 3229.37306122449, "profit": 217, "limit": 2914, "timest": 1701092600}, "\u2605 Sport Gloves | Bronze Morph (Battle-Scarred)": {"sugprice": 10173.13947368421, "profit": 862, "limit": 9181, "timest": 1701092866}, "\u2605 Bloodhound Gloves | Guerrilla (Battle-Scarred)": {"sugprice": 6149.795185185187, "profit": 456, "limit": 5550, "timest": 1701092650}, "USP-S | Printstream (Minimal Wear)": {"sugprice": 4113.493214285714, "profit": 236, "limit": 3712, "timest": 1701072681}, "\u2605 Moto Gloves | Turtle (Battle-Scarred)": {"sugprice": 7876.5324, "profit": 426, "limit": 7108, "timest": 1701092764}, "\u2605 Hand Wraps | Arboreal (Battle-Scarred)": {"sugprice": 5246.424062499999, "profit": 360, "limit": 4734, "timest": 1701092702}, "\u2605 Broken Fang Gloves | Yellow-banded (Battle-Scarred)": {"sugprice": 5696.425400000002, "profit": 424, "limit": 5141, "timest": 1701092668}, "StatTrak\u2122 USP-S | Printstream (Battle-Scarred)": {"sugprice": 4207, "profit": 264, "limit": 3796, "timest": 1701092567}, "USP-S | Overgrowth (Field-Tested)": {"sugprice": 1675.2607999999996, "profit": 146, "limit": 1511, "timest": 1701092626}, "StatTrak\u2122 USP-S | Stainless (Battle-Scarred)": {"sugprice": 1025.9986486486487, "profit": 107, "limit": 925, "timest": 1701092569}, "\u2605 Broken Fang Gloves | Needle Point (Battle-Scarred)": {"sugprice": 4987.273399999998, "profit": 237, "limit": 4501, "timest": 1701077370}, "\u2605 Navaja Knife | Damascus Steel (Field-Tested)": {"sugprice": 7228.405, "profit": 529, "limit": 6523, "timest": 1701072822}, "USP-S | Monster Mashup (Minimal Wear)": {"sugprice": 1757.423636363636, "profit": 107, "limit": 1586, "timest": 1701045114}, "StatTrak\u2122 P250 | Muertos (Field-Tested)": {"sugprice": 1028.0392105263159, "profit": 101, "limit": 927, "timest": 1701090847}, "StatTrak\u2122 P90 | Blind Spot (Field-Tested)": {"sugprice": 1137.155, "profit": 216, "limit": 1026, "timest": 1701028503}, "StatTrak\u2122 USP-S | Monster Mashup (Field-Tested)": {"sugprice": 1773.6392857142857, "profit": 124, "limit": 1600, "timest": 1701092561},