{"USP-S | Kill Confirmed (Well-Worn)": {"sugprice": 2907.230975609756, "profit": 319, "limit": 2623, "timest": 1700649442}, "\u2605 Navaja Knife | Scorched (Field-Tested)": {"sugprice": 6695.415, "profit": 716, "limit": 6042, "timest": 1700649975}, "\u2605 Driver Gloves | Racing Green (Battle-Scarred)": {"sugprice": 3762, "profit": 266, "limit": 3395, "timest": 1700649638}, "StatTrak\u2122 M4A4 | The Emperor (Battle-Scarred)": {"sugprice": 2266.8800000000006, "profit": 223, "limit": 2045, "timest": 1700648982}, "StatTrak\u2122 USP-S | The Traitor (Well-Worn)": {"sugprice": 1903.9642857142858, "profit": 127, "limit": 1718, "timest": 1700649378}, "USP-S | Whiteout (Minimal Wear)": {"sugprice": 2407.4640909090913, "profit": 214, "limit": 2172, "timest": 1700649539}, "\u2605 Broken Fang Gloves | Needle Point (Field-Tested)": {"sugprice": 5557.5936363636365, "profit": 313, "limit": 5015, "timest": 1700649588}, "\u2605 Driver Gloves | Racing Green (Well-Worn)": {"sugprice": 3822.6528571428576, "profit": 415, "limit": 3449, "timest": 1700649644}, "\u2605 Hand Wraps | Constrictor (Battle-Scarred)": {"sugprice": 4587.900833333332, "profit": 358, "limit": 4140, "timest": 1700649765}, "\u2605 Hydra Gloves | Rattler (Field-Tested)": {"sugprice": 4045, "profit": 387, "limit": 3650, "timest": 1700649911}, "\u2605 Moto Gloves | Finish Line (Battle-Scarred)": {"sugprice": 6851.842727272727, "profit": 407, "limit": 6183, "timest": 1700649924}, "\u2605 Navaja Knife | Forest DDPAT (Field-Tested)": {"sugprice": 6853.347599999999, "profit": 505, "limit": 6185, "timest": 1700649946}, "\u2605 Navaja Knife | Safari Mesh (Field-Tested)": {"sugprice": 6870, "profit": 419, "limit": 6200, "timest": 1700649971}, "\u2605 Shadow Daggers | Bright Water (Field-Tested)": {"sugprice": 7736.229545454545, "profit": 645, "limit": 6981, "timest": 1700648740}, "\u2605 Shadow Daggers | Rust Coat (Battle-Scarred)": {"sugprice": 6616.1516, "profit": 385, "limit": 5971, "timest": 1700650039}, "\u2605 Broken Fang Gloves | Yellow-banded (Field-Tested)": {"sugprice": 6284.09409090909, "profit": 619, "limit": 5671, "timest": 1700649621}, "Vypa Sista of the Revolution | Guerrilla Warfare": {"sugprice": 1590.032222222222, "profit": 109, "limit": 1435, "timest": 1700649544}, "StatTrak\u2122 M4A4 | \u9f8d\u738b (Dragon King) (Battle-Scarred)": {"sugprice": 1409.5647222222224, "profit": 100, "limit": 1272, "timest": 1700626204}, "\u2605 Hydra Gloves | Mangrove (Battle-Scarred)": {"sugprice": 3946.950731707317, "profit": 266, "limit": 3562, "timest": 1700649885}, "\u2605 Hydra Gloves | Mangrove (Well-Worn)": {"sugprice": 4246.8099999999995, "profit": 260, "limit": 3832, "timest": 1700649903}, "\u2605 Shadow Daggers | Scorched (Field-Tested)": {"sugprice": 7028, "profit": 764, "limit": 6342, "timest": 1700650042}, "StatTrak\u2122 M4A4 | Desolate Space (Battle-Scarred)": {"sugprice": 1211.5898000000002, "profit": 148, "limit": 1093, "timest": 1700648941}, "StatTrak\u2122 P90 | Asiimov (Battle-Scarred)": {"sugprice": 1508.228, "profit": 228, "limit": 1361, "timest": 1700649133}, "\u2605 Hand Wraps | Desert Shamagh (Field-Tested)": {"sugprice": 4881.254, "profit": 505, "limit": 4405, "timest": 1700649783}, "\u2605 Gut Knife | Forest DDPAT (Field-Tested)": {"sugprice": 7225.619999999999, "profit": 729, "limit": 6521, "timest": 1700649682}, "\u2605 Moto Gloves | Transport (Battle-Scarred)": {"sugprice": 5192.801176470588, "profit": 502, "limit": 4686, "timest": 1700649934}, "USP-S | The Traitor (Minimal Wear)": {"sugprice": 1340.5216666666668, "profit": 142, "limit": 1209, "timest": 1700649531}, "USP-S | Printstream (Well-Worn)": {"sugprice": 2557.1779999999994, "profit": 301, "limit": 2307, "timest": 1700649500}, "\u2605 Driver Gloves | Racing Green (Field-Tested)": {"sugprice": 3771.378372093023, "profit": 290, "limit": 3403, "timest": 1700649641}, "\u2605 Hand Wraps | Duct Tape (Field-Tested)": {"sugprice": 5199, "profit": 584, "limit": 4692, "timest": 1700649797}, "\u2605 Broken Fang Gloves | Unhinged (Battle-Scarred)": {"sugprice": 5070.5768292682915, "profit": 517, "limit": 4576, "timest": 1700649596}, "\u2605 Hand Wraps | Arboreal (Field-Tested)": {"sugprice": 5660, "profit": 652, "limit": 5108, "timest": 1700649748}, "USP-S | Kill Confirmed (Battle-Scarred)": {"sugprice": 2863.5263043478253, "profit": 171, "limit": 2584, "timest": 1700649421}, "USP-S | Serum (Field-Tested)": {"sugprice": 3431.386, "profit": 279, "limit": 3096, "timest": 1700649511}, "\u2605 Hand Wraps | Giraffe (Battle-Scarred)": {"sugprice": 5650.872727272728, "profit": 388, "limit": 5099, "timest": 1700649805}, "USP-S | Neo-Noir (Well-Worn)": {"sugprice": 1311, "profit": 100, "limit": 1183, "timest": 1700649475}, "\u2605 Survival Knife | Safari Mesh (Field-Tested)": {"sugprice": 7425.839230769231, "profit": 574, "limit": 6701, "timest": 1700650098}, "\u2605 Hydra Gloves | Case Hardened (Field-Tested)": {"sugprice": 7763.058333333334, "profit": 574, "limit": 7006, "timest": 1700618676}, "\u2605 Gut Knife | Rust Coat (Battle-Scarred)": {"sugprice": 7807.903333333332, "profit": 581, "limit": 7046, "timest": 1700649683}, "\u2605 Moto Gloves | Smoke Out (Battle-Scarred)": {"sugprice": 6699.68, "profit": 728, "limit": 6046, "timest": 1700649928}, "\u2605 Hydra Gloves | Rattler (Battle-Scarred)": {"sugprice": 4078.447441860465, "profit": 328, "limit": 3680, "timest": 1700649908}, "StatTrak\u2122 SSG 08 | Dragonfire (Field-Tested)": {"sugprice": 3157, "profit": 378, "limit": 2849, "timest": 1700649174}, "\u2605 Specialist Gloves | Forest DDPAT (Battle-Scarred)": {"sugprice": 7666.581428571427, "profit": 588, "limit": 6919, "timest": 1700650069}, "StatTrak\u2122 M4A4 | Desert-Strike (Field-Tested)": {"sugprice": 1385, "profit": 173, "limit": 1249, "timest": 1700648938}, "\u2605 Broken Fang Gloves | Jade (Battle-Scarred)": {"sugprice": 7136.039444444445, "profit": 878, "limit": 6440, "timest": 1700649575}, "StatTrak\u2122 M4A4 | Temukau (Battle-Scarred)": {"sugprice": 2409.622702702703, "profit": 124, "limit": 2174, "timest": 1700648974}, "\u2605 Hydra Gloves | Rattler (Well-Worn)": {"sugprice": 4808.776153846154, "profit": 353, "limit": 4339, "timest": 1700649913}, "StatTrak\u2122 USP-S | Neo-Noir (Field-Tested)": {"sugprice": 2950.9057894736848, "profit": 203, "limit": 2663, "timest": 1700649313}, "\u2605 Bloodhound Gloves | Guerrilla (Field-Tested)": {"sugprice": 6011.291153846153, "profit": 740, "limit": 5425, "timest": 1700649554}, "\u2605 Broken Fang Gloves | Unhinged (Well-Worn)": {"sugprice": 4933.015, "profit": 482, "limit": 4452, "timest": 1700649610}, "\u2605 Gut Knife | Boreal Forest (Field-Tested)": {"sugprice": 7070.984999999999, "profit": 537, "limit": 6381, "timest": 1700649649}, "\u2605 Gut Knife | Bright Water (Field-Tested)": {"sugprice": 8224.1595, "profit": 812, "limit": 7422, "timest": 1700649654}, "\u2605 Gut Knife | Safari Mesh (Field-Tested)": {"sugprice": 7280.326842105263, "profit": 884, "limit": 6570, "timest": 1700649695}, "\u2605 Hand Wraps | Constrictor (Field-Tested)": {"sugprice": 4862.229629629629, "profit": 489, "limit": 4388, "timest": 1700649769}, "\u2605 Hand Wraps | Desert Shamagh (Well-Worn)": {"sugprice": 5039.524, "profit": 533, "limit": 4548, "timest": 1700649786}, "\u2605 Navaja Knife | Night Stripe (Field-Tested)": {"sugprice": 6633.842916666666, "profit": 606, "limit": 5987, "timest": 1700649961}, "\u2605 Navaja Knife | Tiger Tooth (Factory New)": {"sugprice": 11115.02611111111, "profit": 695, "limit": 10031, "timest": 1700648734}, "\u2605 Navaja Knife | Urban Masked (Field-Tested)": {"sugprice": 6781.8336842105255, "profit": 822, "limit": 6120, "timest": 1700650003}, "\u2605 Shadow Daggers | Tiger Tooth (Factory New)": {"sugprice": 12870, "profit": 1034, "limit": 11615, "timest": 1700650046}, "\u2605 Survival Knife | Boreal Forest (Field-Tested)": {"sugprice": 7542.9171428571435, "profit": 361, "limit": 6807, "timest": 1700618930},