{"USP-S | Whiteout (Battle-Scarred)": {"sugprice": 2161.171538461539, "profit": 110, "limit": 1950, "timest": 1708025451}, "\u2605 Hydra Gloves | Case Hardened (Field-Tested)": {"sugprice": 9078, "profit": 526, "limit": 8192, "timest": 1708025679}, "StatTrak\u2122 P90 | Nostalgia (Battle-Scarred)": {"sugprice": 989.7335294117647, "profit": 121, "limit": 893, "timest": 1708025275}, "USP-S | Kill Confirmed (Battle-Scarred)": {"sugprice": 3480.481162790698, "profit": 224, "limit": 3141, "timest": 1707984037}, "\u2605 Hand Wraps | CAUTION! (Battle-Scarred)": {"sugprice": 14528.4075, "profit": 816, "limit": 13111, "timest": 1708009194}, "\u2605 Shadow Daggers | Autotronic (Battle-Scarred)": {"sugprice": 9049.359166666667, "profit": 794, "limit": 8167, "timest": 1708025809}, "USP-S | Kill Confirmed (Well-Worn)": {"sugprice": 3436.45925, "profit": 164, "limit": 3101, "timest": 1707984040}, "USP-S | Royal Blue (Field-Tested)": {"sugprice": 1311.4861111111113, "profit": 184, "limit": 1183, "timest": 1708025440}, "\u2605 Bloodhound Gloves | Bronzed (Battle-Scarred)": {"sugprice": 6441.67304347826, "profit": 339, "limit": 5813, "timest": 1708025462}, "StatTrak\u2122 SSG 08 | Big Iron (Battle-Scarred)": {"sugprice": 1542.079, "profit": 112, "limit": 1391, "timest": 1708020495}, "\u2605 Ursus Knife | Ultraviolet (Battle-Scarred)": {"sugprice": 12324.402857142859, "profit": 1096, "limit": 11122, "timest": 1708025895}, "\u2605 Driver Gloves | Racing Green (Field-Tested)": {"sugprice": 4194.514800000001, "profit": 222, "limit": 3785, "timest": 1708009138}, "\u2605 Driver Gloves | Black Tie (Battle-Scarred)": {"sugprice": 10538.847692307692, "profit": 544, "limit": 9511, "timest": 1708002386}, "\u2605 Gut Knife | Doppler (Factory New)": {"sugprice": 16409.931875, "profit": 869, "limit": 14809, "timest": 1708025573}, "\u2605 Paracord Knife | Forest DDPAT (Battle-Scarred)": {"sugprice": 7876.615, "profit": 426, "limit": 7108, "timest": 1708016993}, "\u2605 Navaja Knife | Ultraviolet (Battle-Scarred)": {"sugprice": 7291, "profit": 594, "limit": 6580, "timest": 1708019629}, "USP-S | Monster Mashup (Minimal Wear)": {"sugprice": 2284.834117647059, "profit": 118, "limit": 2062, "timest": 1708018010}, "\u2605 Gut Knife | Safari Mesh (Field-Tested)": {"sugprice": 7474.048125, "profit": 706, "limit": 6745, "timest": 1708025582}, "\u2605 Hand Wraps | Spruce DDPAT (Battle-Scarred)": {"sugprice": 7414.254444444446, "profit": 488, "limit": 6691, "timest": 1708011605}, "\u2605 Navaja Knife | Stained (Battle-Scarred)": {"sugprice": 7413.78923076923, "profit": 437, "limit": 6690, "timest": 1708025764}, "StatTrak\u2122 P2000 | Imperial Dragon (Field-Tested)": {"sugprice": 803.6856097560974, "profit": 116, "limit": 725, "timest": 1708025206}, "StatTrak\u2122 USP-S | The Traitor (Battle-Scarred)": {"sugprice": 2380.092826086957, "profit": 133, "limit": 2148, "timest": 1708017971}, "\u2605 Navaja Knife | Doppler (Factory New)": {"sugprice": 17875.216666666667, "profit": 1087, "limit": 16132, "timest": 1708024236}, "USP-S | Serum (Minimal Wear)": {"sugprice": 3469.9010000000003, "profit": 295, "limit": 3131, "timest": 1708009047}, "USP-S | Purple DDPAT (Minimal Wear)": {"sugprice": 1230.6141666666667, "profit": 101, "limit": 1110, "timest": 1707986663}, "\u2605 Gut Knife | Scorched (Field-Tested)": {"sugprice": 7450.21, "profit": 399, "limit": 6723, "timest": 1708025584}, "\u2605 Navaja Knife | Ultraviolet (Field-Tested)": {"sugprice": 7350.830666666667, "profit": 422, "limit": 6634, "timest": 1708025792}, "\u2605 Broken Fang Gloves | Unhinged (Field-Tested)": {"sugprice": 5753.214, "profit": 337, "limit": 5192, "timest": 1707998447}, "\u2605 Huntsman Knife | Lore (Battle-Scarred)": {"sugprice": 14354, "profit": 980, "limit": 12954, "timest": 1708019540}, "StatTrak\u2122 USP-S | Neo-Noir (Battle-Scarred)": {"sugprice": 3447.4022727272736, "profit": 243, "limit": 3111, "timest": 1708025328}, "USP-S | Whiteout (Minimal Wear)": {"sugprice": 3142.3569230769235, "profit": 150, "limit": 2835, "timest": 1708017399}, "\u2605 Hydra Gloves | Rattler (Well-Worn)": {"sugprice": 4610.304117647058, "profit": 221, "limit": 4160, "timest": 1708016945}, "StatTrak\u2122 Sawed-Off | Devourer (Battle-Scarred)": {"sugprice": 623.6725, "profit": 112, "limit": 562, "timest": 1707976925}, "USP-S | Neo-Noir (Factory New)": {"sugprice": 3423.5836363636363, "profit": 178, "limit": 3089, "timest": 1708025414}, "\u2605 Hand Wraps | Arboreal (Field-Tested)": {"sugprice": 6793.251999999999, "profit": 325, "limit": 6130, "timest": 1708005821}, "StatTrak\u2122 USP-S | Printstream (Battle-Scarred)": {"sugprice": 4394, "profit": 221, "limit": 3965, "timest": 1708007652}, "USP-S | Neo-Noir (Well-Worn)": {"sugprice": 1517.846666666667, "profit": 101, "limit": 1369, "timest": 1708023279}, "\u2605 Falchion Knife | Ultraviolet (Battle-Scarred)": {"sugprice": 9878.10857142857, "profit": 471, "limit": 8914, "timest": 1707996327}, "\u2605 Bowie Knife | Tiger Tooth (Factory New)": {"sugprice": 21687.18857142857, "profit": 1070, "limit": 19572, "timest": 1707987273}, "\u2605 Hand Wraps | Giraffe (Well-Worn)": {"sugprice": 6012.566250000001, "profit": 304, "limit": 5426, "timest": 1708025660}, "\u2605 Driver Gloves | Diamondback (Battle-Scarred)": {"sugprice": 7141.705833333333, "profit": 571, "limit": 6445, "timest": 1708025537}, "\u2605 Navaja Knife | Rust Coat (Battle-Scarred)": {"sugprice": 6681.267551020405, "profit": 346, "limit": 6029, "timest": 1708011009}, "StatTrak\u2122 SSG 08 | Turbo Peek (Field-Tested)": {"sugprice": 845.2133333333334, "profit": 118, "limit": 762, "timest": 1708011911}, "StatTrak\u2122 USP-S | Neo-Noir (Field-Tested)": {"sugprice": 3470.6728571428575, "profit": 412, "limit": 3132, "timest": 1708008945}, "StatTrak\u2122 USP-S | Overgrowth (Field-Tested)": {"sugprice": 3992.0759999999996, "profit": 197, "limit": 3602, "timest": 1708010602}, "\u2605 Hand Wraps | Duct Tape (Field-Tested)": {"sugprice": 5596.270588235295, "profit": 360, "limit": 5050, "timest": 1708006599}, "StatTrak\u2122 USP-S | The Traitor (Well-Worn)": {"sugprice": 2350.2438235294117, "profit": 144, "limit": 2121, "timest": 1707954790}, "\u2605 Sport Gloves | Amphibious (Battle-Scarred)": {"sugprice": 38607, "profit": 2009, "limit": 34842, "timest": 1708025872}, "\u2605 Specialist Gloves | Crimson Web (Battle-Scarred)": {"sugprice": 12428.837333333333, "profit": 601, "limit": 11217, "timest": 1707956599}, "\u2605 Driver Gloves | Racing Green (Battle-Scarred)": {"sugprice": 4167.854186046513, "profit": 226, "limit": 3761, "timest": 1708025550}, "\u2605 Hydra Gloves | Mangrove (Battle-Scarred)": {"sugprice": 4271.544545454544, "profit": 204, "limit": 3855, "timest": 1708016934}, "\u2605 Specialist Gloves | Field Agent (Battle-Scarred)": {"sugprice": 12188.544285714286, "profit": 767, "limit": 11000, "timest": 1708015112}, "\u2605 Driver Gloves | Convoy (Field-Tested)": {"sugprice": 6222.311379310345, "profit": 316, "limit": 5615, "timest": 1707950220}, "\u2605 Survival Knife | Case Hardened (Battle-Scarred)": {"sugprice": 14945.7525, "profit": 724, "limit": 13488, "timest": 1708022406}, "StatTrak\u2122 P250 | Cartel (Field-Tested)": {"sugprice": 1016.066111111111, "profit": 100, "limit": 916, "timest": 1707955333}, "USP-S | Orion (Field-Tested)": {"sugprice": 3786.6748000000002, "profit": 182, "limit": 3417, "timest": 1708025423}, "\u2605 Hand Wraps | Duct Tape (Well-Worn)": {"sugprice": 5556.66625, "profit": 598, "limit": 5014, "timest": 1707980700}, "\u2605 Shadow Daggers | Ultraviolet (Battle-Scarred)": {"sugprice": 7788.649333333333, "profit": 525, "limit": 7029, "timest": 1708004079}, "USP-S | Printstream (Minimal Wear)": {"sugprice": 4498.210645161291, "profit": 214, "limit": 4059, "timest": 1707964399}, "\u2605 Specialist Gloves | Fade (Battle-Scarred)": {"sugprice": 15704.5772, "profit": 909, "limit": 14173, "timest": 1708025851}, "\u2605 Hydra Gloves | Emerald (Battle-Scarred)": {"sugprice": 4802.001304347826, "profit": 230,