{"USP-S | Kill Confirmed (Well-Worn)": {"sugprice": 2936.2416, "profit": 187, "limit": 2649, "timest": 1700821314}, "\u2605 Navaja Knife | Scorched (Field-Tested)": {"sugprice": 6735.358076923076, "profit": 414, "limit": 6078, "timest": 1700824483}, "\u2605 Driver Gloves | Racing Green (Battle-Scarred)": {"sugprice": 3608, "profit": 257, "limit": 3256, "timest": 1700824200}, "StatTrak\u2122 USP-S | The Traitor (Well-Worn)": {"sugprice": 1867.6136363636363, "profit": 100, "limit": 1685, "timest": 1700790464}, "\u2605 Broken Fang Gloves | Needle Point (Field-Tested)": {"sugprice": 5289.989230769231, "profit": 255, "limit": 4774, "timest": 1700810203}, "\u2605 Driver Gloves | Racing Green (Well-Worn)": {"sugprice": 3818.7091304347823, "profit": 349, "limit": 3446, "timest": 1700824203}, "\u2605 Hand Wraps | Constrictor (Battle-Scarred)": {"sugprice": 4855.371818181819, "profit": 462, "limit": 4381, "timest": 1700824278}, "\u2605 Hydra Gloves | Rattler (Field-Tested)": {"sugprice": 4024.395102040817, "profit": 223, "limit": 3632, "timest": 1700817557}, "\u2605 Navaja Knife | Forest DDPAT (Field-Tested)": {"sugprice": 6878.9000000000015, "profit": 407, "limit": 6208, "timest": 1700787185}, "\u2605 Navaja Knife | Safari Mesh (Field-Tested)": {"sugprice": 6860.286363636363, "profit": 326, "limit": 6191, "timest": 1700818521}, "\u2605 Shadow Daggers | Bright Water (Field-Tested)": {"sugprice": 7709.504193548387, "profit": 548, "limit": 6957, "timest": 1700824543}, "\u2605 Shadow Daggers | Rust Coat (Battle-Scarred)": {"sugprice": 6735.00111111111, "profit": 398, "limit": 6078, "timest": 1700791297}, "\u2605 Broken Fang Gloves | Yellow-banded (Field-Tested)": {"sugprice": 6359.606562499999, "profit": 414, "limit": 5739, "timest": 1700824188}, "\u2605 Hydra Gloves | Mangrove (Battle-Scarred)": {"sugprice": 3846.3689285714286, "profit": 281, "limit": 3471, "timest": 1700823320}, "\u2605 Hydra Gloves | Mangrove (Well-Worn)": {"sugprice": 4273.7522222222215, "profit": 390, "limit": 3857, "timest": 1700817553}, "StatTrak\u2122 P90 | Asiimov (Battle-Scarred)": {"sugprice": 1515.2181578947366, "profit": 184, "limit": 1367, "timest": 1700823780}, "\u2605 Hand Wraps | Desert Shamagh (Field-Tested)": {"sugprice": 4833.73861111111, "profit": 471, "limit": 4362, "timest": 1700824305}, "\u2605 Moto Gloves | Transport (Battle-Scarred)": {"sugprice": 5150.701666666666, "profit": 245, "limit": 4648, "timest": 1700807106}, "USP-S | The Traitor (Minimal Wear)": {"sugprice": 1332.4182142857142, "profit": 152, "limit": 1202, "timest": 1700824077}, "USP-S | Printstream (Well-Worn)": {"sugprice": 2462.2090476190474, "profit": 170, "limit": 2222, "timest": 1700824043}, "\u2605 Hand Wraps | Duct Tape (Field-Tested)": {"sugprice": 5169.36705882353, "profit": 510, "limit": 4665, "timest": 1700824329}, "\u2605 Broken Fang Gloves | Unhinged (Battle-Scarred)": {"sugprice": 5031.146764705882, "profit": 366, "limit": 4540, "timest": 1700824158}, "\u2605 Hand Wraps | Arboreal (Field-Tested)": {"sugprice": 5676.7235294117645, "profit": 684, "limit": 5123, "timest": 1700824267}, "USP-S | Kill Confirmed (Battle-Scarred)": {"sugprice": 2816, "profit": 180, "limit": 2541, "timest": 1700821301}, "USP-S | Serum (Field-Tested)": {"sugprice": 3306.429285714286, "profit": 239, "limit": 2984, "timest": 1700757613}, "\u2605 Hand Wraps | Giraffe (Battle-Scarred)": {"sugprice": 5752.530000000001, "profit": 382, "limit": 5191, "timest": 1700824331}, "USP-S | Neo-Noir (Well-Worn)": {"sugprice": 1373.0657142857144, "profit": 133, "limit": 1239, "timest": 1700823992}, "\u2605 Gut Knife | Rust Coat (Battle-Scarred)": {"sugprice": 7546.489473684212, "profit": 499, "limit": 6810, "timest": 1700824235}, "\u2605 Moto Gloves | Smoke Out (Battle-Scarred)": {"sugprice": 6761.0796, "profit": 479, "limit": 6101, "timest": 1700821699}, "\u2605 Hydra Gloves | Rattler (Battle-Scarred)": {"sugprice": 3876.4565517241376, "profit": 232, "limit": 3498, "timest": 1700824378}, "StatTrak\u2122 SSG 08 | Dragonfire (Field-Tested)": {"sugprice": 3038.6843243243247, "profit": 206, "limit": 2742, "timest": 1700823809}, "\u2605 Broken Fang Gloves | Jade (Battle-Scarred)": {"sugprice": 7134.2656, "profit": 413, "limit": 6438, "timest": 1700824100}, "\u2605 Hydra Gloves | Rattler (Well-Worn)": {"sugprice": 4796.1594117647055, "profit": 454, "limit": 4328, "timest": 1700824383}, "StatTrak\u2122 USP-S | Neo-Noir (Field-Tested)": {"sugprice": 3048.544761904762, "profit": 263, "limit": 2751, "timest": 1700823887}, "\u2605 Bloodhound Gloves | Guerrilla (Field-Tested)": {"sugprice": 6034.408333333333, "profit": 482, "limit": 5446, "timest": 1700824097}, "\u2605 Gut Knife | Boreal Forest (Field-Tested)": {"sugprice": 7070.259230769231, "profit": 535, "limit": 6380, "timest": 1700824219}, "\u2605 Gut Knife | Bright Water (Field-Tested)": {"sugprice": 7851.450999999999, "profit": 688, "limit": 7085, "timest": 1700824221}, "\u2605 Gut Knife | Safari Mesh (Field-Tested)": {"sugprice": 7194.433333333333, "profit": 451, "limit": 6492, "timest": 1700824250}, "\u2605 Hand Wraps | Constrictor (Field-Tested)": {"sugprice": 4898.9165, "profit": 337, "limit": 4421, "timest": 1700824282}, "\u2605 Hand Wraps | Desert Shamagh (Well-Worn)": {"sugprice": 4523.877142857143, "profit": 494, "limit": 4082, "timest": 1700824309}, "\u2605 Navaja Knife | Night Stripe (Field-Tested)": {"sugprice": 6745.956333333332, "profit": 492, "limit": 6088, "timest": 1700824468}, "\u2605 Navaja Knife | Tiger Tooth (Factory New)": {"sugprice": 11506.645172413791, "profit": 906, "limit": 10384, "timest": 1700824513}, "\u2605 Navaja Knife | Urban Masked (Field-Tested)": {"sugprice": 6701.899285714287, "profit": 460, "limit": 6048, "timest": 1700824519}, "\u2605 Survival Knife | Forest DDPAT (Field-Tested)": {"sugprice": 7654.994615384617, "profit": 671, "limit": 6908, "timest": 1700824658}, "\u2605 Survival Knife | Scorched (Field-Tested)": {"sugprice": 7637.070909090909, "profit": 555, "limit": 6892, "timest": 1700824669}, "\u2605 Moto Gloves | 3rd Commando Company (Field-Tested)": {"sugprice": 5724.734193548386, "profit": 757, "limit": 5166, "timest": 1700824388}, "StatTrak\u2122 USP-S | Neo-Noir (Battle-Scarred)": {"sugprice": 3071.135641025642, "profit": 311, "limit": 2771, "timest": 1700823877}, "UMP-45 | Blaze (Factory New)": {"sugprice": 1414, "profit": 100, "limit": 1276, "timest": 1700744514}, "StatTrak\u2122 USP-S | The Traitor (Battle-Scarred)": {"sugprice": 1831.5122000000001, "profit": 188, "limit": 1652, "timest": 1700823902}, "\u2605 Driver Gloves | Convoy (Battle-Scarred)": {"sugprice": 6246.485, "profit": 549, "limit": 5637, "timest": 1700824191}, "USP-S | Neo-Noir (Minimal Wear)": {"sugprice": 1498.748095238095, "profit": 156, "limit": 1352, "timest": 1700820358}, "USP-S | Kill Confirmed (Field-Tested)": {"sugprice": 3126.7387499999995, "profit": 186, "limit": 2821, "timest": 1700823966}, "\u2605 Driver Gloves | Queen Jaguar (Battle-Scarred)": {"sugprice": 5240.063720930231, "profit": 259, "limit": 4729, "timest": 1700819484}, "\u2605 Hand Wraps | Desert Shamagh (Battle-Scarred)": {"sugprice": 4894.836585365853, "profit": 382, "limit": 4417, "timest": 1700824300}, "\u2605 Shadow Daggers | Freehand (Field-Tested)": {"sugprice": 8664.934375000003, "profit": 1120, "limit": 7820, "timest": 1700824560}, "USP-S | Monster Mashup (Battle-Scarred)": {"sugprice": 1178.7846808510635, "profit": 127, "limit": 1063, "timest": 1700818348}, "USP-S | Neo-Noir (Factory New)": {"sugprice": 2919.07375, "profit": 250, "limit": 2634, "timest": 1700823986}, "\u2605 Specialist Gloves | Buckshot (Battle-Scarred)": {"sugprice": 5076.287857142857, "profit": 461, "limit": 4581, "timest": 1700824611}, "USP-S | Orion (Minimal Wear)": {"sugprice": 3849, "profit": 271, "limit": 3473, "timest": 1700824000}, "USP-S | Caiman (Field-Tested)": {"sugprice": 3069, "profit": 225, "limit": 2769, "timest": 1700823178},