{"StatTrak\u2122 USP-S | Neo-Noir (Field-Tested)": {"sugprice": 3156.2324999999996, "profit": 169, "limit": 2848, "timest": 1703931754}, "StatTrak\u2122 USP-S | The Traitor (Battle-Scarred)": {"sugprice": 2157.554117647059, "profit": 106, "limit": 1947, "timest": 1703928680}, "USP-S | Kill Confirmed (Well-Worn)": {"sugprice": 3192.565, "profit": 200, "limit": 2881, "timest": 1703931797}, "USP-S | Neo-Noir (Factory New)": {"sugprice": 3102.3790909090903, "profit": 149, "limit": 2799, "timest": 1703898675}, "\u2605 Broken Fang Gloves | Yellow-banded (Battle-Scarred)": {"sugprice": 6141.842826086957, "profit": 304, "limit": 5543, "timest": 1703926206}, "\u2605 Driver Gloves | Convoy (Field-Tested)": {"sugprice": 6423.1176470588225, "profit": 398, "limit": 5796, "timest": 1703931868}, "\u2605 Hand Wraps | Badlands (Battle-Scarred)": {"sugprice": 7685.552857142858, "profit": 557, "limit": 6936, "timest": 1703931906}, "\u2605 Moto Gloves | Transport (Field-Tested)": {"sugprice": 5763.473157894737, "profit": 355, "limit": 5201, "timest": 1703928406}, "\u2605 Navaja Knife | Scorched (Field-Tested)": {"sugprice": 6984.028666666667, "profit": 433, "limit": 6303, "timest": 1703931990}, "StatTrak\u2122 M4A4 | X-Ray (Minimal Wear)": {"sugprice": 4692, "profit": 241, "limit": 4234, "timest": 1703929125}, "\u2605 Hydra Gloves | Rattler (Field-Tested)": {"sugprice": 4246.01619047619, "profit": 228, "limit": 3832, "timest": 1703931465}, "\u2605 Driver Gloves | Racing Green (Field-Tested)": {"sugprice": 4093.399999999999, "profit": 198, "limit": 3694, "timest": 1703925206}, "\u2605 Shadow Daggers | Boreal Forest (Field-Tested)": {"sugprice": 6963.315789473686, "profit": 343, "limit": 6284, "timest": 1703931021}, "\u2605 Bloodhound Gloves | Bronzed (Field-Tested)": {"sugprice": 6469.73909090909, "profit": 374, "limit": 5838, "timest": 1703931837}, "StatTrak\u2122 USP-S | Monster Mashup (Battle-Scarred)": {"sugprice": 1927, "profit": 122, "limit": 1739, "timest": 1703926643}, "StatTrak\u2122 USP-S | The Traitor (Well-Worn)": {"sugprice": 2151.36, "profit": 110, "limit": 1941, "timest": 1703887575}, "\u2605 Hydra Gloves | Mangrove (Battle-Scarred)": {"sugprice": 4227.083200000002, "profit": 257, "limit": 3814, "timest": 1703931943}, "\u2605 Shadow Daggers | Forest DDPAT (Field-Tested)": {"sugprice": 7236.993333333332, "profit": 473, "limit": 6531, "timest": 1703932021}, "USP-S | Printstream (Minimal Wear)": {"sugprice": 4482.715, "profit": 225, "limit": 4045, "timest": 1703931818}, "\u2605 Huntsman Knife | Ultraviolet (Field-Tested)": {"sugprice": 10296.197333333332, "profit": 624, "limit": 9292, "timest": 1703907239}, "\u2605 Hydra Gloves | Rattler (Well-Worn)": {"sugprice": 4913.569285714286, "profit": 277, "limit": 4434, "timest": 1703925833}, "\u2605 Falchion Knife | Ultraviolet (Battle-Scarred)": {"sugprice": 9609.39, "profit": 700, "limit": 8672, "timest": 1703931888}, "\u2605 Moto Gloves | Finish Line (Battle-Scarred)": {"sugprice": 6941.694736842102, "profit": 347, "limit": 6264, "timest": 1703931965}, "\u2605 Shadow Daggers | Bright Water (Field-Tested)": {"sugprice": 7663.271190476189, "profit": 373, "limit": 6916, "timest": 1703932017}, "StatTrak\u2122 USP-S | Monster Mashup (Field-Tested)": {"sugprice": 2008.9069230769232, "profit": 166, "limit": 1813, "timest": 1703931751}, "\u2605 Paracord Knife | Forest DDPAT (Field-Tested)": {"sugprice": 8061.272647058822, "profit": 448, "limit": 7275, "timest": 1703929485}, "\u2605 Navaja Knife | Night Stripe (Field-Tested)": {"sugprice": 6999.878235294117, "profit": 346, "limit": 6317, "timest": 1703931498}, "\u2605 Moto Gloves | Boom! (Battle-Scarred)": {"sugprice": 7680.707857142857, "profit": 426, "limit": 6931, "timest": 1703931961}, "\u2605 Specialist Gloves | Fade (Battle-Scarred)": {"sugprice": 15404.388571428573, "profit": 1333, "limit": 13902, "timest": 1703932037}, "StatTrak\u2122 SSG 08 | Dragonfire (Battle-Scarred)": {"sugprice": 3069, "profit": 253, "limit": 2769, "timest": 1703929185}, "\u2605 Hand Wraps | Duct Tape (Field-Tested)": {"sugprice": 5150.321578947369, "profit": 269, "limit": 4648, "timest": 1703878529}, "USP-S | Printstream (Well-Worn)": {"sugprice": 2727.117272727273, "profit": 164, "limit": 2461, "timest": 1703931820}, "\u2605 Huntsman Knife | Lore (Battle-Scarred)": {"sugprice": 14437.011000000004, "profit": 790, "limit": 13029, "timest": 1703929403}, "\u2605 Shadow Daggers | Ultraviolet (Field-Tested)": {"sugprice": 8101.054999999998, "profit": 386, "limit": 7311, "timest": 1703883843}, "\u2605 Bloodhound Gloves | Bronzed (Battle-Scarred)": {"sugprice": 6359.218333333333, "profit": 334, "limit": 5739, "timest": 1703931835}, "\u2605 Hydra Gloves | Rattler (Battle-Scarred)": {"sugprice": 4152.77512195122, "profit": 415, "limit": 3747, "timest": 1703921278}, "\u2605 Hydra Gloves | Case Hardened (Battle-Scarred)": {"sugprice": 7246.745652173914, "profit": 359, "limit": 6540, "timest": 1703927894}, "\u2605 Gut Knife | Freehand (Field-Tested)": {"sugprice": 8275.449090909091, "profit": 430, "limit": 7468, "timest": 1703862201}, "\u2605 Driver Gloves | Queen Jaguar (Battle-Scarred)": {"sugprice": 5495.483255813953, "profit": 322, "limit": 4959, "timest": 1703931387}, "\u2605 Shadow Daggers | Scorched (Field-Tested)": {"sugprice": 7134.361200000001, "profit": 531, "limit": 6438, "timest": 1703932029}, "\u2605 Gut Knife | Forest DDPAT (Field-Tested)": {"sugprice": 7834.350952380953, "profit": 385, "limit": 7070, "timest": 1703854700}, "\u2605 Specialist Gloves | Lt. Commander (Battle-Scarred)": {"sugprice": 10184.250588235293, "profit": 554, "limit": 9191, "timest": 1703930514}, "\u2605 Specialist Gloves | Buckshot (Battle-Scarred)": {"sugprice": 5288.936666666666, "profit": 256, "limit": 4773, "timest": 1703879765}, "StatTrak\u2122 Tec-9 | Blue Titanium (Factory New)": {"sugprice": 844.4366666666667, "profit": 126, "limit": 762, "timest": 1703931732}, "\u2605 Moto Gloves | 3rd Commando Company (Battle-Scarred)": {"sugprice": 5263.807199999999, "profit": 333, "limit": 4750, "timest": 1703931955}, "\u2605 Survival Knife | Safari Mesh (Field-Tested)": {"sugprice": 7532.023846153847, "profit": 530, "limit": 6797, "timest": 1703931066}, "\u2605 Moto Gloves | POW! (Battle-Scarred)": {"sugprice": 8842.241875, "profit": 646, "limit": 7980, "timest": 1703931969}, "\u2605 Hand Wraps | Constrictor (Field-Tested)": {"sugprice": 4887.69, "profit": 264, "limit": 4411, "timest": 1703926258}, "\u2605 Sport Gloves | Bronze Morph (Battle-Scarred)": {"sugprice": 10304.109333333336, "profit": 615, "limit": 9299, "timest": 1703932043}, "\u2605 Bowie Knife | Bright Water (Field-Tested)": {"sugprice": 10077.916000000001, "profit": 563, "limit": 9095, "timest": 1703931848}, "\u2605 Broken Fang Gloves | Unhinged (Battle-Scarred)": {"sugprice": 5098, "profit": 492, "limit": 4600, "timest": 1703931860}, "\u2605 Moto Gloves | Blood Pressure (Battle-Scarred)": {"sugprice": 8305.720434782608, "profit": 637, "limit": 7495, "timest": 1703921391}, "StatTrak\u2122 M4A4 | \u9f8d\u738b (Dragon King) (Field-Tested)": {"sugprice": 1546.2722222222224, "profit": 129, "limit": 1395, "timest": 1703931670}, "\u2605 Hand Wraps | Constrictor (Battle-Scarred)": {"sugprice": 4831.469333333333, "profit": 269, "limit": 4360, "timest": 1703930382}, "\u2605 Driver Gloves | Racing Green (Battle-Scarred)": {"sugprice": 4060.9809302325593, "profit": 208, "limit": 3665, "timest": 1703928797}, "\u2605 Huntsman Knife | Rust Coat (Battle-Scarred)": {"sugprice": 8583, "profit": 409, "limit": 7746, "timest": 1703862237}, "StatTrak\u2122 MP9 | Hypnotic (Factory New)": {"sugprice": 3408.568666666666, "profit": 188, "limit": 3076, "timest": 1703931197}, "StatTrak\u2122 USP-S | Printstream (Battle-Scarred)": {"sugprice": 4418.107755102041, "profit": 240, "limit": 3987, "timest": 1703931756}, "\u2605 Gut Knife | Bright Water (Field-Tested)": {"sugprice": 8390.979090909092, "profit": 400, "limit": 7572, "timest": 1703931891},