{"USP-S | Kill Confirmed (Well-Worn)": {"sugprice": 2871, "profit": 161, "limit": 2591, "timest": 1700996084}, "\u2605 Navaja Knife | Scorched (Field-Tested)": {"sugprice": 6740.053333333333, "profit": 500, "limit": 6082, "timest": 1700996252}, "\u2605 Driver Gloves | Racing Green (Battle-Scarred)": {"sugprice": 3680.1214634146345, "profit": 220, "limit": 3321, "timest": 1700996156}, "StatTrak\u2122 USP-S | The Traitor (Well-Worn)": {"sugprice": 1865.1935714285717, "profit": 190, "limit": 1683, "timest": 1700993697}, "\u2605 Driver Gloves | Racing Green (Well-Worn)": {"sugprice": 3771, "profit": 305, "limit": 3403, "timest": 1700996158}, "\u2605 Hand Wraps | Constrictor (Battle-Scarred)": {"sugprice": 4711.135625, "profit": 227, "limit": 4251, "timest": 1700919165}, "\u2605 Hydra Gloves | Rattler (Field-Tested)": {"sugprice": 3965.5076595744686, "profit": 331, "limit": 3578, "timest": 1700992059}, "\u2605 Navaja Knife | Forest DDPAT (Field-Tested)": {"sugprice": 6876.103636363637, "profit": 331, "limit": 6205, "timest": 1700996244}, "\u2605 Shadow Daggers | Bright Water (Field-Tested)": {"sugprice": 7425, "profit": 373, "limit": 6701, "timest": 1700996272}, "\u2605 Shadow Daggers | Rust Coat (Battle-Scarred)": {"sugprice": 6925.9814285714265, "profit": 469, "limit": 6250, "timest": 1700996280}, "\u2605 Broken Fang Gloves | Yellow-banded (Field-Tested)": {"sugprice": 6237, "profit": 314, "limit": 5628, "timest": 1700994967}, "\u2605 Hydra Gloves | Mangrove (Battle-Scarred)": {"sugprice": 3811, "profit": 230, "limit": 3439, "timest": 1700993970}, "\u2605 Hydra Gloves | Mangrove (Well-Worn)": {"sugprice": 3959, "profit": 230, "limit": 3572, "timest": 1700993974}, "StatTrak\u2122 P90 | Asiimov (Battle-Scarred)": {"sugprice": 1573.8897727272727, "profit": 163, "limit": 1420, "timest": 1700995732}, "\u2605 Hand Wraps | Desert Shamagh (Field-Tested)": {"sugprice": 4851, "profit": 328, "limit": 4378, "timest": 1700996190}, "\u2605 Moto Gloves | Transport (Battle-Scarred)": {"sugprice": 5271.721875000001, "profit": 455, "limit": 4757, "timest": 1700996232}, "USP-S | The Traitor (Minimal Wear)": {"sugprice": 1331.5036842105264, "profit": 109, "limit": 1201, "timest": 1700996122}, "USP-S | Printstream (Well-Worn)": {"sugprice": 2644.188076923077, "profit": 203, "limit": 2386, "timest": 1700996110}, "\u2605 Hand Wraps | Duct Tape (Field-Tested)": {"sugprice": 5214.996538461539, "profit": 264, "limit": 4706, "timest": 1700996195}, "\u2605 Broken Fang Gloves | Unhinged (Battle-Scarred)": {"sugprice": 4973.952857142856, "profit": 277, "limit": 4488, "timest": 1700994956}, "\u2605 Hand Wraps | Arboreal (Field-Tested)": {"sugprice": 5641, "profit": 457, "limit": 5091, "timest": 1700996179}, "USP-S | Kill Confirmed (Battle-Scarred)": {"sugprice": 2918.309767441861, "profit": 189, "limit": 2633, "timest": 1700985872}, "\u2605 Hand Wraps | Giraffe (Battle-Scarred)": {"sugprice": 5983.168888888889, "profit": 573, "limit": 5399, "timest": 1700996197}, "USP-S | Neo-Noir (Well-Worn)": {"sugprice": 1442.1791666666666, "profit": 129, "limit": 1301, "timest": 1700996094}, "\u2605 Gut Knife | Rust Coat (Battle-Scarred)": {"sugprice": 7609.430869565219, "profit": 372, "limit": 6867, "timest": 1700993890}, "\u2605 Moto Gloves | Smoke Out (Battle-Scarred)": {"sugprice": 6801.955652173913, "profit": 343, "limit": 6138, "timest": 1700996231}, "\u2605 Hydra Gloves | Rattler (Battle-Scarred)": {"sugprice": 3878, "profit": 224, "limit": 3499, "timest": 1700996214}, "StatTrak\u2122 SSG 08 | Dragonfire (Field-Tested)": {"sugprice": 3193.0945999999994, "profit": 352, "limit": 2881, "timest": 1700995774}, "\u2605 Broken Fang Gloves | Jade (Battle-Scarred)": {"sugprice": 6972.3462500000005, "profit": 423, "limit": 6292, "timest": 1700994939}, "\u2605 Hydra Gloves | Rattler (Well-Worn)": {"sugprice": 4404.6918749999995, "profit": 284, "limit": 3975, "timest": 1700993982}, "StatTrak\u2122 USP-S | Neo-Noir (Field-Tested)": {"sugprice": 3173.4773684210527, "profit": 304, "limit": 2864, "timest": 1700995897}, "\u2605 Bloodhound Gloves | Guerrilla (Field-Tested)": {"sugprice": 5950.512500000001, "profit": 482, "limit": 5370, "timest": 1700996128}, "\u2605 Gut Knife | Boreal Forest (Field-Tested)": {"sugprice": 6938.798461538462, "profit": 333, "limit": 6262, "timest": 1700949550}, "\u2605 Gut Knife | Bright Water (Field-Tested)": {"sugprice": 8125.457058823529, "profit": 518, "limit": 7333, "timest": 1700996165}, "\u2605 Gut Knife | Safari Mesh (Field-Tested)": {"sugprice": 7143.517647058825, "profit": 386, "limit": 6447, "timest": 1700932533}, "\u2605 Hand Wraps | Constrictor (Field-Tested)": {"sugprice": 4758.3984, "profit": 240, "limit": 4294, "timest": 1700996184}, "\u2605 Hand Wraps | Desert Shamagh (Well-Worn)": {"sugprice": 4792.076875000001, "profit": 363, "limit": 4324, "timest": 1700996192}, "\u2605 Navaja Knife | Night Stripe (Field-Tested)": {"sugprice": 6834.205000000001, "profit": 342, "limit": 6167, "timest": 1700996246}, "\u2605 Navaja Knife | Tiger Tooth (Factory New)": {"sugprice": 11474.250384615385, "profit": 550, "limit": 10355, "timest": 1700934036}, "\u2605 Navaja Knife | Urban Masked (Field-Tested)": {"sugprice": 6962.868, "profit": 372, "limit": 6283, "timest": 1700996263}, "\u2605 Survival Knife | Forest DDPAT (Field-Tested)": {"sugprice": 7579.201176470589, "profit": 377, "limit": 6840, "timest": 1700940103}, "\u2605 Survival Knife | Scorched (Field-Tested)": {"sugprice": 7669.240625, "profit": 519, "limit": 6921, "timest": 1700994290}, "\u2605 Moto Gloves | 3rd Commando Company (Field-Tested)": {"sugprice": 5445, "profit": 364, "limit": 4914, "timest": 1700996220}, "StatTrak\u2122 USP-S | Neo-Noir (Battle-Scarred)": {"sugprice": 3092.1866666666665, "profit": 406, "limit": 2790, "timest": 1700995873}, "StatTrak\u2122 USP-S | The Traitor (Battle-Scarred)": {"sugprice": 1867.3610000000003, "profit": 211, "limit": 1685, "timest": 1700995906}, "\u2605 Driver Gloves | Convoy (Battle-Scarred)": {"sugprice": 6076.433076923076, "profit": 291, "limit": 5483, "timest": 1700988787}, "USP-S | Neo-Noir (Minimal Wear)": {"sugprice": 1525.9299999999996, "profit": 105, "limit": 1377, "timest": 1700996092}, "USP-S | Kill Confirmed (Field-Tested)": {"sugprice": 3168.5231428571433, "profit": 213, "limit": 2859, "timest": 1700996083}, "\u2605 Driver Gloves | Queen Jaguar (Battle-Scarred)": {"sugprice": 5360.828888888889, "profit": 259, "limit": 4838, "timest": 1700994987}, "\u2605 Hand Wraps | Desert Shamagh (Battle-Scarred)": {"sugprice": 4763.417499999999, "profit": 325, "limit": 4298, "timest": 1700996187}, "\u2605 Shadow Daggers | Freehand (Field-Tested)": {"sugprice": 8707.780714285713, "profit": 663, "limit": 7858, "timest": 1700996277}, "\u2605 Specialist Gloves | Buckshot (Battle-Scarred)": {"sugprice": 4918.961176470588, "profit": 310, "limit": 4439, "timest": 1700996287}, "USP-S | Orion (Minimal Wear)": {"sugprice": 3982.6802040816324, "profit": 261, "limit": 3594, "timest": 1700996100}, "USP-S | Caiman (Field-Tested)": {"sugprice": 3228.8294, "profit": 312, "limit": 2914, "timest": 1700994754}, "\u2605 Sport Gloves | Bronze Morph (Battle-Scarred)": {"sugprice": 9880.618181818181, "profit": 472, "limit": 8917, "timest": 1700987068}, "\u2605 Bloodhound Gloves | Guerrilla (Battle-Scarred)": {"sugprice": 6124, "profit": 512, "limit": 5526, "timest": 1700996126}, "USP-S | Printstream (Minimal Wear)": {"sugprice": 4034.618333333334, "profit": 257, "limit": 3641, "timest": 1700939916}, "\u2605 Moto Gloves | Turtle (Battle-Scarred)": {"sugprice": 7843.990000000002, "profit": 701, "limit": 7079, "timest": 1700996236}, "\u2605 Hand Wraps | Arboreal (Battle-Scarred)": {"sugprice": 5220.429687499999, "profit": 370, "limit": 4711, "timest": 1700996177}, "\u2605 Broken Fang Gloves | Yellow-banded (Battle-Scarred)": {"sugprice": 5569.182727272728, "profit": 390, "limit": 5026, "timest": 1700993799}, "StatTrak\u2122 USP-S | Printstream (Battle-Scarred)": {"sugprice": 4344.446222222221,