{"StatTrak\u2122 M4A4 | The Battlestar (Field-Tested)": {"sugprice": 1372.6359090909093, "profit": 100, "limit": 1238, "timest": 1702644596}, "StatTrak\u2122 M4A4 | The Emperor (Battle-Scarred)": {"sugprice": 2606.78125, "profit": 146, "limit": 2352, "timest": 1702664127}, "StatTrak\u2122 M4A4 | \u9f8d\u738b (Dragon King) (Field-Tested)": {"sugprice": 1516.9275, "profit": 123, "limit": 1369, "timest": 1702664139}, "StatTrak\u2122 MAC-10 | Toybox (Battle-Scarred)": {"sugprice": 598.5355555555556, "profit": 106, "limit": 540, "timest": 1702664144}, "StatTrak\u2122 MP7 | Bloodsport (Factory New)": {"sugprice": 1345.2919047619048, "profit": 110, "limit": 1214, "timest": 1702664146}, "StatTrak\u2122 MP9 | Hypnotic (Factory New)": {"sugprice": 3478.6394736842108, "profit": 198, "limit": 3139, "timest": 1702664163}, "StatTrak\u2122 P90 | Asiimov (Battle-Scarred)": {"sugprice": 1409.6481081081083, "profit": 110, "limit": 1272, "timest": 1702664186}, "StatTrak\u2122 PP-Bizon | Judgement of Anubis (Field-Tested)": {"sugprice": 993.7982352941176, "profit": 106, "limit": 896, "timest": 1702655801}, "StatTrak\u2122 SSG 08 | Bloodshot (Field-Tested)": {"sugprice": 1979.3871428571433, "profit": 120, "limit": 1786, "timest": 1702664197}, "StatTrak\u2122 Tec-9 | Decimator (Battle-Scarred)": {"sugprice": 1979, "profit": 233, "limit": 1786, "timest": 1702664207}, "StatTrak\u2122 USP-S | Monster Mashup (Field-Tested)": {"sugprice": 1881, "profit": 142, "limit": 1697, "timest": 1702639750}, "StatTrak\u2122 USP-S | Neo-Noir (Battle-Scarred)": {"sugprice": 3100.605714285714, "profit": 210, "limit": 2798, "timest": 1702664224}, "StatTrak\u2122 USP-S | Neo-Noir (Field-Tested)": {"sugprice": 3135.8562500000007, "profit": 246, "limit": 2830, "timest": 1702664227}, "StatTrak\u2122 USP-S | The Traitor (Battle-Scarred)": {"sugprice": 2026.4951282051281, "profit": 109, "limit": 1828, "timest": 1702664233}, "Tec-9 | Nuclear Threat (Battle-Scarred)": {"sugprice": 3514, "profit": 510, "limit": 3171, "timest": 1702664238}, "Tec-9 | Titanium Bit (Factory New)": {"sugprice": 597.9779999999998, "profit": 101, "limit": 539, "timest": 1702628429}, "USP-S | Kill Confirmed (Battle-Scarred)": {"sugprice": 3052.342244897959, "profit": 175, "limit": 2754, "timest": 1702664265}, "USP-S | Kill Confirmed (Well-Worn)": {"sugprice": 3159.1142, "profit": 215, "limit": 2851, "timest": 1702664268}, "USP-S | Neo-Noir (Factory New)": {"sugprice": 3176.880937499999, "profit": 271, "limit": 2867, "timest": 1702664273}, "USP-S | Overgrowth (Field-Tested)": {"sugprice": 1782.4269999999995, "profit": 100, "limit": 1608, "timest": 1702663080}, "USP-S | The Traitor (Minimal Wear)": {"sugprice": 1446.6851612903224, "profit": 102, "limit": 1305, "timest": 1702655977}, "\u2605 Bloodhound Gloves | Bronzed (Battle-Scarred)": {"sugprice": 6318.773684210525, "profit": 331, "limit": 5702, "timest": 1702664309}, "\u2605 Bloodhound Gloves | Guerrilla (Battle-Scarred)": {"sugprice": 6144.248076923077, "profit": 390, "limit": 5545, "timest": 1702664314}, "\u2605 Bloodhound Gloves | Snakebite (Field-Tested)": {"sugprice": 5898.864166666669, "profit": 308, "limit": 5323, "timest": 1702649410}, "\u2605 Broken Fang Gloves | Needle Point (Battle-Scarred)": {"sugprice": 4953.580833333334, "profit": 245, "limit": 4470, "timest": 1702663738}, "\u2605 Broken Fang Gloves | Needle Point (Well-Worn)": {"sugprice": 5073.341, "profit": 243, "limit": 4578, "timest": 1702664332}, "\u2605 Broken Fang Gloves | Yellow-banded (Battle-Scarred)": {"sugprice": 5920.177999999999, "profit": 323, "limit": 5342, "timest": 1702642764}, "\u2605 Broken Fang Gloves | Yellow-banded (Field-Tested)": {"sugprice": 6188.296551724139, "profit": 308, "limit": 5584, "timest": 1702661802}, "\u2605 Driver Gloves | Convoy (Field-Tested)": {"sugprice": 6380.754666666667, "profit": 403, "limit": 5758, "timest": 1702664342}, "\u2605 Driver Gloves | Diamondback (Battle-Scarred)": {"sugprice": 7022.954999999999, "profit": 770, "limit": 6338, "timest": 1702664345}, "\u2605 Driver Gloves | Queen Jaguar (Battle-Scarred)": {"sugprice": 5657.427800000001, "profit": 353, "limit": 5105, "timest": 1702664349}, "\u2605 Driver Gloves | Queen Jaguar (Field-Tested)": {"sugprice": 5790.035999999999, "profit": 315, "limit": 5225, "timest": 1702637029}, "\u2605 Falchion Knife | Rust Coat (Battle-Scarred)": {"sugprice": 8791.0475, "profit": 451, "limit": 7933, "timest": 1702664361}, "\u2605 Falchion Knife | Ultraviolet (Battle-Scarred)": {"sugprice": 10033.496363636365, "profit": 479, "limit": 9055, "timest": 1702659803}, "\u2605 Gut Knife | Bright Water (Field-Tested)": {"sugprice": 8498.92, "profit": 431, "limit": 7670, "timest": 1702664367}, "\u2605 Hand Wraps | Arboreal (Field-Tested)": {"sugprice": 5858.579230769232, "profit": 312, "limit": 5287, "timest": 1702664379}, "\u2605 Hand Wraps | Badlands (Battle-Scarred)": {"sugprice": 7362.433636363637, "profit": 502, "limit": 6644, "timest": 1702664381}, "\u2605 Hand Wraps | CAUTION! (Battle-Scarred)": {"sugprice": 13518.045555555555, "profit": 1010, "limit": 12200, "timest": 1702645322}, "\u2605 Hand Wraps | Constrictor (Battle-Scarred)": {"sugprice": 4829.341063829787, "profit": 255, "limit": 4358, "timest": 1702664385}, "\u2605 Hand Wraps | Constrictor (Well-Worn)": {"sugprice": 4758.2300000000005, "profit": 227, "limit": 4294, "timest": 1702628778}, "\u2605 Hand Wraps | Desert Shamagh (Battle-Scarred)": {"sugprice": 5070.8196, "profit": 307, "limit": 4576, "timest": 1702664391}, "\u2605 Hand Wraps | Giraffe (Battle-Scarred)": {"sugprice": 5571.517021276595, "profit": 275, "limit": 5028, "timest": 1702664401}, "\u2605 Huntsman Knife | Rust Coat (Battle-Scarred)": {"sugprice": 8617.654375, "profit": 433, "limit": 7777, "timest": 1702648131}, "\u2605 Huntsman Knife | Ultraviolet (Field-Tested)": {"sugprice": 9985.37, "profit": 529, "limit": 9011, "timest": 1702663250}, "\u2605 Hydra Gloves | Case Hardened (Battle-Scarred)": {"sugprice": 7402.889166666665, "profit": 634, "limit": 6681, "timest": 1702664411}, "\u2605 Hydra Gloves | Mangrove (Battle-Scarred)": {"sugprice": 3982.888095238095, "profit": 221, "limit": 3594, "timest": 1702636606}, "\u2605 Hydra Gloves | Mangrove (Field-Tested)": {"sugprice": 4040.4437500000004, "profit": 192, "limit": 3646, "timest": 1702653419}, "\u2605 Hydra Gloves | Rattler (Battle-Scarred)": {"sugprice": 4050.4761224489794, "profit": 273, "limit": 3655, "timest": 1702664423}, "\u2605 Moto Gloves | 3rd Commando Company (Battle-Scarred)": {"sugprice": 5082.565799999999, "profit": 278, "limit": 4587, "timest": 1702664429}, "\u2605 Moto Gloves | Boom! (Battle-Scarred)": {"sugprice": 7019.712608695653, "profit": 643, "limit": 6335, "timest": 1702664435}, "\u2605 Moto Gloves | Finish Line (Battle-Scarred)": {"sugprice": 7413.100869565219, "profit": 617, "limit": 6690, "timest": 1702657145}, "\u2605 Moto Gloves | POW! (Battle-Scarred)": {"sugprice": 8452.542857142858, "profit": 638, "limit": 7628, "timest": 1702664443}, "\u2605 Moto Gloves | Smoke Out (Battle-Scarred)": {"sugprice": 7297.749047619048, "profit": 359, "limit": 6586, "timest": 1702651343}, "\u2605 Moto Gloves | Transport (Field-Tested)": {"sugprice": 5587, "profit": 297, "limit": 5042, "timest": 1702657640}, "\u2605 Navaja Knife | Forest DDPAT (Field-Tested)": {"sugprice": 6899.1594, "profit": 359, "limit": 6226, "timest": 1702664453}, "\u2605 Navaja Knife | Marble Fade (Factory New)": {"sugprice": 14874.990526315787, "profit": 797, "limit": 13424, "timest": 1702664455}, "\u2605 Navaja Knife | Night Stripe (Field-Tested)": {"sugprice": 6991.667058823529, "profit": 471, "limit": 6309, "timest": 1702664457}, "\u2605 Navaja Knife | Rust Coat (Battle-Scarred)": {"sugprice": 6933.598666666667, "profit": 413, "limit": 6257, "timest": 1702664459}, "\u2605 Navaja Knife | Safari Mesh (Battle-Scarred)": {"sugprice": 6848.013333333333, "profit": 504, "limit": 6180, "timest": 1702664461},