{"StatTrak\u2122 USP-S | Neo-Noir (Field-Tested)": {"sugprice": 3215, "profit": 248, "limit": 2901, "timest": 1704315317}, "StatTrak\u2122 USP-S | The Traitor (Battle-Scarred)": {"sugprice": 2152.8032653061227, "profit": 115, "limit": 1942, "timest": 1704315323}, "USP-S | Kill Confirmed (Well-Worn)": {"sugprice": 3293, "profit": 167, "limit": 2971, "timest": 1704315359}, "\u2605 Driver Gloves | Convoy (Field-Tested)": {"sugprice": 6442.234285714287, "profit": 485, "limit": 5814, "timest": 1704294058}, "\u2605 Driver Gloves | Racing Green (Field-Tested)": {"sugprice": 4041.893333333333, "profit": 196, "limit": 3647, "timest": 1704309226}, "\u2605 Shadow Daggers | Boreal Forest (Field-Tested)": {"sugprice": 7195.9805, "profit": 396, "limit": 6494, "timest": 1704315567}, "\u2605 Bloodhound Gloves | Bronzed (Field-Tested)": {"sugprice": 6440.684583333333, "profit": 336, "limit": 5812, "timest": 1704315399}, "StatTrak\u2122 USP-S | Monster Mashup (Battle-Scarred)": {"sugprice": 1925.0810000000001, "profit": 117, "limit": 1737, "timest": 1704307481}, "USP-S | Printstream (Minimal Wear)": {"sugprice": 4593, "profit": 313, "limit": 4145, "timest": 1704315379}, "StatTrak\u2122 USP-S | Monster Mashup (Field-Tested)": {"sugprice": 2027.482727272727, "profit": 144, "limit": 1829, "timest": 1704269369}, "\u2605 Paracord Knife | Forest DDPAT (Field-Tested)": {"sugprice": 8283.945454545456, "profit": 469, "limit": 7476, "timest": 1704310592}, "\u2605 Navaja Knife | Night Stripe (Field-Tested)": {"sugprice": 7047.660399999999, "profit": 374, "limit": 6360, "timest": 1704306352}, "\u2605 Specialist Gloves | Fade (Battle-Scarred)": {"sugprice": 15344, "profit": 803, "limit": 13847, "timest": 1704315114}, "USP-S | Printstream (Well-Worn)": {"sugprice": 2770.122333333334, "profit": 163, "limit": 2500, "timest": 1704315381}, "\u2605 Bloodhound Gloves | Bronzed (Battle-Scarred)": {"sugprice": 6288.824545454546, "profit": 353, "limit": 5675, "timest": 1704310427}, "\u2605 Hydra Gloves | Case Hardened (Battle-Scarred)": {"sugprice": 7388.829999999999, "profit": 389, "limit": 6668, "timest": 1704305833}, "\u2605 Driver Gloves | Queen Jaguar (Battle-Scarred)": {"sugprice": 6000.436199999999, "profit": 387, "limit": 5415, "timest": 1704315435}, "StatTrak\u2122 Tec-9 | Blue Titanium (Factory New)": {"sugprice": 855.768, "profit": 114, "limit": 772, "timest": 1704315295}, "\u2605 Survival Knife | Safari Mesh (Field-Tested)": {"sugprice": 7728.690999999998, "profit": 399, "limit": 6975, "timest": 1704315593}, "\u2605 Hand Wraps | Constrictor (Field-Tested)": {"sugprice": 5299.596875, "profit": 401, "limit": 4782, "timest": 1704315473}, "\u2605 Broken Fang Gloves | Unhinged (Battle-Scarred)": {"sugprice": 5253.9008, "profit": 303, "limit": 4741, "timest": 1704315421}, "StatTrak\u2122 M4A4 | \u9f8d\u738b (Dragon King) (Field-Tested)": {"sugprice": 1592.9687500000002, "profit": 123, "limit": 1437, "timest": 1704315231}, "StatTrak\u2122 USP-S | Printstream (Battle-Scarred)": {"sugprice": 4718.4125, "profit": 633, "limit": 4258, "timest": 1704304694}, "\u2605 Gut Knife | Bright Water (Field-Tested)": {"sugprice": 8572.979230769231, "profit": 508, "limit": 7737, "timest": 1704315453}, "\u2605 Navaja Knife | Safari Mesh (Battle-Scarred)": {"sugprice": 7162.340909090909, "profit": 538, "limit": 6464, "timest": 1704315545}, "\u2605 Navaja Knife | Stained (Field-Tested)": {"sugprice": 7644, "profit": 390, "limit": 6898, "timest": 1704315082}, "\u2605 Navaja Knife | Stained (Well-Worn)": {"sugprice": 7617.001249999999, "profit": 423, "limit": 6874, "timest": 1704315553}, "\u2605 Gut Knife | Boreal Forest (Field-Tested)": {"sugprice": 7498.374166666667, "profit": 416, "limit": 6767, "timest": 1704298436}, "USP-S | Royal Blue (Field-Tested)": {"sugprice": 1105.928, "profit": 107, "limit": 998, "timest": 1704314345}, "USP-S | Printstream (Field-Tested)": {"sugprice": 2828.54925, "profit": 140, "limit": 2552, "timest": 1704313274}, "StatTrak\u2122 SSG 08 | Turbo Peek (Battle-Scarred)": {"sugprice": 1016.7192500000001, "profit": 130, "limit": 917, "timest": 1704304666}, "StatTrak\u2122 M4A4 | The Emperor (Battle-Scarred)": {"sugprice": 2573.0767647058824, "profit": 160, "limit": 2322, "timest": 1704315219}, "USP-S | Kill Confirmed (Battle-Scarred)": {"sugprice": 3083.6932432432436, "profit": 148, "limit": 2783, "timest": 1704277944}, "\u2605 Bowie Knife | Ultraviolet (Battle-Scarred)": {"sugprice": 9101, "profit": 590, "limit": 8213, "timest": 1704315413}, "\u2605 Paracord Knife | Safari Mesh (Field-Tested)": {"sugprice": 8094.485909090908, "profit": 587, "limit": 7305, "timest": 1704315562}, "\u2605 Hand Wraps | Arboreal (Field-Tested)": {"sugprice": 6042.848888888889, "profit": 372, "limit": 5453, "timest": 1704315465}, "Vypa Sista of the Revolution | Guerrilla Warfare": {"sugprice": 1961.9893749999997, "profit": 148, "limit": 1770, "timest": 1704315393}, "\u2605 Broken Fang Gloves | Yellow-banded (Field-Tested)": {"sugprice": 6521, "profit": 332, "limit": 5885, "timest": 1704284584}, "\u2605 Huntsman Knife | Freehand (Field-Tested)": {"sugprice": 11830, "profit": 1238, "limit": 10676, "timest": 1704310519}, "\u2605 Shadow Daggers | Rust Coat (Battle-Scarred)": {"sugprice": 7038.269999999999, "profit": 396, "limit": 6352, "timest": 1704315574}, "\u2605 Gut Knife | Safari Mesh (Field-Tested)": {"sugprice": 7508.434375000003, "profit": 401, "limit": 6776, "timest": 1704306825}, "StatTrak\u2122 P90 | Asiimov (Battle-Scarred)": {"sugprice": 1916.6359999999995, "profit": 124, "limit": 1729, "timest": 1704315275}, "\u2605 Hydra Gloves | Emerald (Field-Tested)": {"sugprice": 5118.218541666666, "profit": 279, "limit": 4619, "timest": 1704315500}, "StatTrak\u2122 SSG 08 | Bloodshot (Field-Tested)": {"sugprice": 1615.4825641025639, "profit": 140, "limit": 1457, "timest": 1704315285}, "\u2605 Bloodhound Gloves | Guerrilla (Battle-Scarred)": {"sugprice": 6390.488749999998, "profit": 407, "limit": 5767, "timest": 1704303099}, "USP-S | The Traitor (Minimal Wear)": {"sugprice": 1506.9318181818185, "profit": 116, "limit": 1360, "timest": 1704315385}, "StatTrak\u2122 SSG 08 | Turbo Peek (Field-Tested)": {"sugprice": 978.4944444444443, "profit": 128, "limit": 883, "timest": 1704315293}, "Tec-9 | Nuclear Threat (Battle-Scarred)": {"sugprice": 3268.2533333333326, "profit": 211, "limit": 2949, "timest": 1704258063}, "StatTrak\u2122 M4A4 | The Battlestar (Field-Tested)": {"sugprice": 1570, "profit": 159, "limit": 1416, "timest": 1704315217}, "USP-S | Whiteout (Battle-Scarred)": {"sugprice": 1818, "profit": 100, "limit": 1640, "timest": 1704276206}, "StatTrak\u2122 USP-S | Blueprint (Battle-Scarred)": {"sugprice": 1071.893703703704, "profit": 218, "limit": 967, "timest": 1704315301}, "StatTrak\u2122 M4A4 | Tooth Fairy (Field-Tested)": {"sugprice": 526.8922222222222, "profit": 100, "limit": 475, "timest": 1704297649}, "StatTrak\u2122 M4A4 | Tooth Fairy (Battle-Scarred)": {"sugprice": 602.8421212121211, "profit": 131, "limit": 544, "timest": 1704315221}, "\u2605 Falchion Knife | Rust Coat (Battle-Scarred)": {"sugprice": 8678.086666666666, "profit": 494, "limit": 7831, "timest": 1704307729}, "\u2605 Hand Wraps | Giraffe (Battle-Scarred)": {"sugprice": 5986.771666666666, "profit": 632, "limit": 5403, "timest": 1704315486}, "\u2605 Bowie Knife | Rust Coat (Battle-Scarred)": {"sugprice": 8373.454375, "profit": 403, "limit": 7557, "timest": 1704315411}, "\u2605 Gut Knife | Freehand (Field-Tested)": {"sugprice": 8882.614545454546, "profit": 438, "limit": 8016, "timest": 1704268003}, "\u2605 Shadow Daggers | Damascus Steel (Field-Tested)": {"sugprice": 8070, "profit": 390, "limit": 7283, "timest": 1704253654}, "\u2605 Moto Gloves | Turtle (Battle-Scarred)": {"sugprice": 8117.987222222223, "profit": 452, "limit": 7326, "timest": 1704312963}, "\u2605 Hand Wraps | Duct Tape (Field-Tested)": {"sugprice": 5265.13625, "profit": 332, "limit": 4751, "timest": 1704274804},