{"USP-S | Kill Confirmed (Well-Worn)": {"sugprice": 3199.9082, "profit": 211, "limit": 2887, "timest": 1702402939}, "\u2605 Gut Knife | Safari Mesh (Field-Tested)": {"sugprice": 7085.897142857143, "profit": 347, "limit": 6395, "timest": 1702389049}, "\u2605 Gut Knife | Freehand (Field-Tested)": {"sugprice": 9114.287333333334, "profit": 439, "limit": 8225, "timest": 1702398492}, "\u2605 Driver Gloves | Convoy (Field-Tested)": {"sugprice": 6379.687307692308, "profit": 399, "limit": 5757, "timest": 1702403249}, "\u2605 Specialist Gloves | Fade (Battle-Scarred)": {"sugprice": 15389.306111111115, "profit": 743, "limit": 13888, "timest": 1702348851}, "StatTrak\u2122 M4A4 | \u9f8d\u738b (Dragon King) (Field-Tested)": {"sugprice": 1538.9384, "profit": 111, "limit": 1388, "timest": 1702402628}, "\u2605 Bloodhound Gloves | Bronzed (Battle-Scarred)": {"sugprice": 6252.673000000001, "profit": 367, "limit": 5643, "timest": 1702403218}, "\u2605 Shadow Daggers | Scorched (Field-Tested)": {"sugprice": 7266.79909090909, "profit": 546, "limit": 6558, "timest": 1702403759}, "StatTrak\u2122 M4A4 | The Emperor (Battle-Scarred)": {"sugprice": 2579.84, "profit": 150, "limit": 2328, "timest": 1702402603}, "\u2605 Driver Gloves | Racing Green (Field-Tested)": {"sugprice": 3993.4477551020395, "profit": 205, "limit": 3604, "timest": 1702401126}, "\u2605 Shadow Daggers | Freehand (Field-Tested)": {"sugprice": 9181.447692307693, "profit": 621, "limit": 8286, "timest": 1702403709}, "\u2605 Bloodhound Gloves | Guerrilla (Battle-Scarred)": {"sugprice": 6076.638333333333, "profit": 357, "limit": 5484, "timest": 1702395837}, "\u2605 Driver Gloves | Convoy (Battle-Scarred)": {"sugprice": 6221.2257142857125, "profit": 304, "limit": 5614, "timest": 1702390770}, "\u2605 Navaja Knife | Boreal Forest (Field-Tested)": {"sugprice": 7067.929782608696, "profit": 362, "limit": 6378, "timest": 1702403498}, "\u2605 Gut Knife | Bright Water (Field-Tested)": {"sugprice": 8701.948823529412, "profit": 414, "limit": 7853, "timest": 1702401920}, "StatTrak\u2122 USP-S | Neo-Noir (Battle-Scarred)": {"sugprice": 3057.8096153846154, "profit": 196, "limit": 2759, "timest": 1702402813}, "\u2605 Moto Gloves | Smoke Out (Battle-Scarred)": {"sugprice": 7684, "profit": 399, "limit": 6934, "timest": 1702403466}, "\u2605 Hand Wraps | Giraffe (Battle-Scarred)": {"sugprice": 5804.621190476191, "profit": 282, "limit": 5238, "timest": 1702400335}, "\u2605 Shadow Daggers | Forest DDPAT (Field-Tested)": {"sugprice": 7135.453750000001, "profit": 381, "limit": 6439, "timest": 1702403706}, "\u2605 Gut Knife | Forest DDPAT (Field-Tested)": {"sugprice": 8175.168823529411, "profit": 582, "limit": 7378, "timest": 1702403271}, "USP-S | Printstream (Field-Tested)": {"sugprice": 2949.543958333333, "profit": 178, "limit": 2661, "timest": 1702403057}, "\u2605 Navaja Knife | Rust Coat (Battle-Scarred)": {"sugprice": 6888.70125, "profit": 409, "limit": 6217, "timest": 1702403540}, "\u2605 Navaja Knife | Night Stripe (Field-Tested)": {"sugprice": 6905.539032258062, "profit": 427, "limit": 6232, "timest": 1702403521}, "\u2605 Shadow Daggers | Ultraviolet (Field-Tested)": {"sugprice": 8963.855555555554, "profit": 466, "limit": 8089, "timest": 1702403764}, "\u2605 Survival Knife | Forest DDPAT (Field-Tested)": {"sugprice": 7632.692857142857, "profit": 433, "limit": 6888, "timest": 1702403779}, "\u2605 Driver Gloves | Queen Jaguar (Battle-Scarred)": {"sugprice": 5897.387999999999, "profit": 471, "limit": 5322, "timest": 1702403253}, "\u2605 Driver Gloves | Racing Green (Battle-Scarred)": {"sugprice": 4020.224468085105, "profit": 203, "limit": 3628, "timest": 1702403257}, "\u2605 Survival Knife | Boreal Forest (Field-Tested)": {"sugprice": 7814.192666666667, "profit": 382, "limit": 7052, "timest": 1702391373}, "USP-S | Printstream (Well-Worn)": {"sugprice": 2906.8761111111107, "profit": 231, "limit": 2623, "timest": 1702403068}, "StatTrak\u2122 USP-S | The Traitor (Well-Worn)": {"sugprice": 2178, "profit": 224, "limit": 1965, "timest": 1702402822}, "\u2605 Hydra Gloves | Mangrove (Battle-Scarred)": {"sugprice": 4163.562765957446, "profit": 299, "limit": 3757, "timest": 1702401186}, "StatTrak\u2122 M4A4 | Buzz Kill (Battle-Scarred)": {"sugprice": 1946, "profit": 312, "limit": 1756, "timest": 1702402489}, "\u2605 Hand Wraps | CAUTION! (Battle-Scarred)": {"sugprice": 13915.4475, "profit": 735, "limit": 12558, "timest": 1702386405}, "\u2605 Paracord Knife | Safari Mesh (Field-Tested)": {"sugprice": 7953.271666666667, "profit": 554, "limit": 7177, "timest": 1702403606}, "StatTrak\u2122 M4A4 | Royal Paladin (Battle-Scarred)": {"sugprice": 2374.697333333333, "profit": 115, "limit": 2143, "timest": 1702400702}, "StatTrak\u2122 USP-S | Monster Mashup (Battle-Scarred)": {"sugprice": 1839.3611111111106, "profit": 130, "limit": 1660, "timest": 1702397357}, "\u2605 Hydra Gloves | Mangrove (Field-Tested)": {"sugprice": 4211.764693877551, "profit": 224, "limit": 3801, "timest": 1702403322}, "USP-S | Orion (Field-Tested)": {"sugprice": 3906.5659459459466, "profit": 188, "limit": 3525, "timest": 1702379933}, "\u2605 Driver Gloves | Racing Green (Well-Worn)": {"sugprice": 4095.083571428572, "profit": 260, "limit": 3695, "timest": 1702403261}, "USP-S | Whiteout (Battle-Scarred)": {"sugprice": 1757.3322500000002, "profit": 133, "limit": 1585, "timest": 1702403109}, "\u2605 Hand Wraps | Desert Shamagh (Field-Tested)": {"sugprice": 5046.782391304348, "profit": 240, "limit": 4554, "timest": 1702381568}, "\u2605 Moto Gloves | Polygon (Battle-Scarred)": {"sugprice": 11008.697727272725, "profit": 669, "limit": 9935, "timest": 1702403460}, "\u2605 Navaja Knife | Safari Mesh (Field-Tested)": {"sugprice": 6962.152083333332, "profit": 381, "limit": 6283, "timest": 1702403544}, "\u2605 Hand Wraps | Arboreal (Field-Tested)": {"sugprice": 5983.35, "profit": 290, "limit": 5399, "timest": 1702320894}, "\u2605 Moto Gloves | Finish Line (Battle-Scarred)": {"sugprice": 7131.470799999999, "profit": 367, "limit": 6436, "timest": 1702389387}, "UMP-45 | Blaze (Factory New)": {"sugprice": 1627.3971052631578, "profit": 106, "limit": 1468, "timest": 1702381154}, "StatTrak\u2122 Tec-9 | Decimator (Battle-Scarred)": {"sugprice": 2097.2, "profit": 380, "limit": 1892, "timest": 1702402794}, "\u2605 Moto Gloves | Boom! (Battle-Scarred)": {"sugprice": 7008.204166666666, "profit": 524, "limit": 6324, "timest": 1702403452}, "\u2605 Huntsman Knife | Bright Water (Field-Tested)": {"sugprice": 10392.011999999999, "profit": 768, "limit": 9378, "timest": 1702399293}, "\u2605 Shadow Daggers | Ultraviolet (Battle-Scarred)": {"sugprice": 7787.1545000000015, "profit": 717, "limit": 7027, "timest": 1702403763}, "StatTrak\u2122 M4A4 | Desolate Space (Field-Tested)": {"sugprice": 1385, "profit": 109, "limit": 1249, "timest": 1702340472}, "\u2605 Bloodhound Gloves | Bronzed (Field-Tested)": {"sugprice": 6223.3246666666655, "profit": 351, "limit": 5616, "timest": 1702394990}, "\u2605 Navaja Knife | Urban Masked (Field-Tested)": {"sugprice": 6923.419090909091, "profit": 453, "limit": 6248, "timest": 1702403570}, "\u2605 Broken Fang Gloves | Needle Point (Battle-Scarred)": {"sugprice": 5053.817999999999, "profit": 251, "limit": 4561, "timest": 1702403237}, "\u2605 Navaja Knife | Scorched (Field-Tested)": {"sugprice": 6882.0826470588245, "profit": 335, "limit": 6211, "timest": 1702403554}, "StatTrak\u2122 M4A4 | Buzz Kill (Field-Tested)": {"sugprice": 1941.760625, "profit": 123, "limit": 1752, "timest": 1702334238}, "\u2605 Bloodhound Gloves | Guerrilla (Field-Tested)": {"sugprice": 6090.81064516129, "profit": 356, "limit": 5496, "timest": 1702403225}, "\u2605 Huntsman Knife | Ultraviolet (Field-Tested)": {"sugprice": 10010.086, "profit": 538, "limit": 9034, "timest": 1702403312}, "\u2605 Shadow Daggers | Black Laminate (Well-Worn)": {"sugprice": 7355.674444444445, "profit": 423, "limit": 6638, "timest": 1702381658}, "\u2605 Shadow Daggers | Safari Mesh (Field-Tested)": {"sugprice": 6929.894782608695,