{"StatTrak\u2122 M4A4 | The Emperor (Battle-Scarred)": {"sugprice": 2602.596666666667, "profit": 164, "limit": 2348, "timest": 1703025661}, "StatTrak\u2122 M4A4 | \u9f8d\u738b (Dragon King) (Field-Tested)": {"sugprice": 1514.1980952380954, "profit": 105, "limit": 1366, "timest": 1703006349}, "StatTrak\u2122 MAC-10 | Toybox (Battle-Scarred)": {"sugprice": 593, "profit": 100, "limit": 535, "timest": 1702978646}, "StatTrak\u2122 MP7 | Bloodsport (Factory New)": {"sugprice": 1352.1981818181816, "profit": 100, "limit": 1220, "timest": 1703025681}, "StatTrak\u2122 MP9 | Hypnotic (Factory New)": {"sugprice": 3462.7438709677413, "profit": 237, "limit": 3125, "timest": 1703025694}, "StatTrak\u2122 P90 | Asiimov (Battle-Scarred)": {"sugprice": 1664.1337931034484, "profit": 229, "limit": 1501, "timest": 1703025718}, "StatTrak\u2122 PP-Bizon | Judgement of Anubis (Field-Tested)": {"sugprice": 940, "profit": 112, "limit": 848, "timest": 1702991547}, "StatTrak\u2122 SSG 08 | Bloodshot (Field-Tested)": {"sugprice": 2014.3520512820512, "profit": 192, "limit": 1817, "timest": 1703025727}, "StatTrak\u2122 USP-S | Neo-Noir (Battle-Scarred)": {"sugprice": 3125.143703703704, "profit": 242, "limit": 2820, "timest": 1703025755}, "StatTrak\u2122 USP-S | Neo-Noir (Field-Tested)": {"sugprice": 3043.7145, "profit": 169, "limit": 2746, "timest": 1703025757}, "StatTrak\u2122 USP-S | The Traitor (Battle-Scarred)": {"sugprice": 2095.3728571428574, "profit": 136, "limit": 1891, "timest": 1703025763}, "Tec-9 | Nuclear Threat (Battle-Scarred)": {"sugprice": 3389.9950000000003, "profit": 327, "limit": 3059, "timest": 1703025769}, "USP-S | Kill Confirmed (Battle-Scarred)": {"sugprice": 3068.874081632654, "profit": 149, "limit": 2769, "timest": 1703025794}, "USP-S | Kill Confirmed (Well-Worn)": {"sugprice": 3082.7410256410253, "profit": 147, "limit": 2782, "timest": 1703008617}, "USP-S | Neo-Noir (Factory New)": {"sugprice": 3100.197272727273, "profit": 240, "limit": 2797, "timest": 1703025803}, "\u2605 Bloodhound Gloves | Guerrilla (Battle-Scarred)": {"sugprice": 6113.242812500001, "profit": 344, "limit": 5517, "timest": 1703025841}, "\u2605 Broken Fang Gloves | Needle Point (Well-Worn)": {"sugprice": 4990.742, "profit": 240, "limit": 4504, "timest": 1702992751}, "\u2605 Broken Fang Gloves | Yellow-banded (Battle-Scarred)": {"sugprice": 5991.8982, "profit": 285, "limit": 5407, "timest": 1703023303}, "\u2605 Driver Gloves | Convoy (Field-Tested)": {"sugprice": 6290.911666666666, "profit": 365, "limit": 5677, "timest": 1703025869}, "\u2605 Driver Gloves | Diamondback (Battle-Scarred)": {"sugprice": 6684.429230769229, "profit": 326, "limit": 6032, "timest": 1702979863}, "\u2605 Driver Gloves | Queen Jaguar (Battle-Scarred)": {"sugprice": 5353.935599999998, "profit": 256, "limit": 4831, "timest": 1703020413}, "\u2605 Gut Knife | Bright Water (Field-Tested)": {"sugprice": 8341.135, "profit": 570, "limit": 7527, "timest": 1703025892}, "\u2605 Hand Wraps | Arboreal (Field-Tested)": {"sugprice": 6152.5104, "profit": 512, "limit": 5552, "timest": 1703025905}, "\u2605 Hand Wraps | Badlands (Battle-Scarred)": {"sugprice": 7236, "profit": 396, "limit": 6530, "timest": 1703025907}, "\u2605 Hand Wraps | Desert Shamagh (Battle-Scarred)": {"sugprice": 4896.190857142858, "profit": 341, "limit": 4418, "timest": 1703015335}, "\u2605 Hydra Gloves | Mangrove (Field-Tested)": {"sugprice": 4122.1431111111115, "profit": 244, "limit": 3720, "timest": 1703025947}, "\u2605 Hydra Gloves | Rattler (Battle-Scarred)": {"sugprice": 4139.172799999999, "profit": 202, "limit": 3735, "timest": 1703025951}, "\u2605 Moto Gloves | 3rd Commando Company (Battle-Scarred)": {"sugprice": 5022.323799999999, "profit": 239, "limit": 4532, "timest": 1703025956}, "\u2605 Moto Gloves | POW! (Battle-Scarred)": {"sugprice": 7853.144444444445, "profit": 500, "limit": 7087, "timest": 1702975316}, "\u2605 Moto Gloves | Smoke Out (Battle-Scarred)": {"sugprice": 7017.526774193549, "profit": 412, "limit": 6333, "timest": 1703025972}, "\u2605 Moto Gloves | Transport (Field-Tested)": {"sugprice": 5708.483571428571, "profit": 512, "limit": 5151, "timest": 1703025976}, "\u2605 Navaja Knife | Night Stripe (Field-Tested)": {"sugprice": 6787.3204166666665, "profit": 532, "limit": 6125, "timest": 1703001426}, "\u2605 Navaja Knife | Rust Coat (Battle-Scarred)": {"sugprice": 6965.413225806452, "profit": 396, "limit": 6286, "timest": 1703025986}, "\u2605 Navaja Knife | Scorched (Field-Tested)": {"sugprice": 6969.252758620689, "profit": 332, "limit": 6289, "timest": 1703012758}, "\u2605 Navaja Knife | Ultraviolet (Field-Tested)": {"sugprice": 7326, "profit": 373, "limit": 6611, "timest": 1702961395}, "\u2605 Navaja Knife | Urban Masked (Field-Tested)": {"sugprice": 7038.537391304347, "profit": 453, "limit": 6352, "timest": 1703026007}, "\u2605 Paracord Knife | Forest DDPAT (Field-Tested)": {"sugprice": 8268.814761904763, "profit": 412, "limit": 7462, "timest": 1703002525}, "\u2605 Paracord Knife | Scorched (Field-Tested)": {"sugprice": 7575.3778571428575, "profit": 419, "limit": 6836, "timest": 1702947821}, "\u2605 Shadow Daggers | Bright Water (Field-Tested)": {"sugprice": 7624.59, "profit": 363, "limit": 6881, "timest": 1702955693}, "\u2605 Shadow Daggers | Freehand (Field-Tested)": {"sugprice": 9058.48388888889, "profit": 1166, "limit": 8175, "timest": 1703026024}, "\u2605 Shadow Daggers | Ultraviolet (Battle-Scarred)": {"sugprice": 7226.13181818182, "profit": 346, "limit": 6521, "timest": 1702996597}, "\u2605 Shadow Daggers | Ultraviolet (Field-Tested)": {"sugprice": 8733, "profit": 472, "limit": 7881, "timest": 1703014923}, "\u2605 Sport Gloves | Bronze Morph (Battle-Scarred)": {"sugprice": 10387.101764705882, "profit": 675, "limit": 9374, "timest": 1703026044}, "\u2605 Survival Knife | Forest DDPAT (Field-Tested)": {"sugprice": 7814.0215384615385, "profit": 411, "limit": 7052, "timest": 1702973894}, "StatTrak\u2122 M4A4 | X-Ray (Minimal Wear)": {"sugprice": 4556.363157894736, "profit": 245, "limit": 4112, "timest": 1703025669}, "\u2605 Driver Gloves | Racing Green (Battle-Scarred)": {"sugprice": 3849.1618000000003, "profit": 214, "limit": 3473, "timest": 1703025878}, "\u2605 Gut Knife | Boreal Forest (Field-Tested)": {"sugprice": 7424.077222222223, "profit": 529, "limit": 6700, "timest": 1703025890}, "\u2605 Gut Knife | Forest DDPAT (Field-Tested)": {"sugprice": 7991.0195454545465, "profit": 535, "limit": 7211, "timest": 1703025894}, "\u2605 Hydra Gloves | Rattler (Field-Tested)": {"sugprice": 3999.2807894736848, "profit": 200, "limit": 3609, "timest": 1703000366}, "\u2605 Paracord Knife | Safari Mesh (Field-Tested)": {"sugprice": 7084.901250000001, "profit": 357, "limit": 6394, "timest": 1703015429}, "\u2605 Shadow Daggers | Safari Mesh (Field-Tested)": {"sugprice": 7201.202727272728, "profit": 363, "limit": 6499, "timest": 1703020080}, "\u2605 Specialist Gloves | Fade (Battle-Scarred)": {"sugprice": 15186.7668, "profit": 1274, "limit": 13706, "timest": 1703026038}, "\u2605 Driver Gloves | Racing Green (Field-Tested)": {"sugprice": 3782.6198000000004, "profit": 189, "limit": 3413, "timest": 1703025880}, "\u2605 Hand Wraps | Constrictor (Field-Tested)": {"sugprice": 4920.169523809523, "profit": 234, "limit": 4440, "timest": 1703022001}, "\u2605 Hand Wraps | Desert Shamagh (Field-Tested)": {"sugprice": 4979.19914893617, "profit": 274, "limit": 4493, "timest": 1703025918}, "\u2605 Hydra Gloves | Mangrove (Well-Worn)": {"sugprice": 4303, "profit": 218, "limit": 3883, "timest": 1703025948}, "\u2605 Moto Gloves | Blood Pressure (Battle-Scarred)": {"sugprice": 7610.078888888888, "profit": 428, "limit": 6868, "timest": 1703023403}, "\u2605 Shadow Daggers | Boreal Forest (Field-Tested)": {"sugprice": 7005.547222222223, "profit": 335, "limit": 6322, "timest": 1703003586}, "\u2605 Bowie Knife | Bright Water (Field-Tested)": {"sugprice": 9864.422142857144, "profit": 616, "limit": 8902, "timest": 1703002875},