{"USP-S | Kill Confirmed (Well-Worn)": {"sugprice": 2911.386578947369, "profit": 293, "limit": 2627, "timest": 1700498141}, "\u2605 Navaja Knife | Scorched (Field-Tested)": {"sugprice": 6670.973103448276, "profit": 566, "limit": 6020, "timest": 1700498411}, "\u2605 Driver Gloves | Racing Green (Battle-Scarred)": {"sugprice": 3861, "profit": 309, "limit": 3484, "timest": 1700498294}, "StatTrak\u2122 M4A4 | The Emperor (Battle-Scarred)": {"sugprice": 2273.267878787878, "profit": 211, "limit": 2051, "timest": 1700497638}, "StatTrak\u2122 USP-S | The Traitor (Well-Worn)": {"sugprice": 2100, "profit": 225, "limit": 1895, "timest": 1700498057}, "USP-S | Whiteout (Minimal Wear)": {"sugprice": 2572, "profit": 246, "limit": 2321, "timest": 1700496763}, "\u2605 Broken Fang Gloves | Needle Point (Field-Tested)": {"sugprice": 5750.526785714285, "profit": 511, "limit": 5189, "timest": 1700498271}, "\u2605 Driver Gloves | Racing Green (Well-Worn)": {"sugprice": 3986.3899999999994, "profit": 327, "limit": 3597, "timest": 1700498298}, "\u2605 Hand Wraps | Constrictor (Battle-Scarred)": {"sugprice": 4650.239142857143, "profit": 417, "limit": 4196, "timest": 1700498323}, "\u2605 Hydra Gloves | Rattler (Field-Tested)": {"sugprice": 4083.3808163265317, "profit": 279, "limit": 3685, "timest": 1700498353}, "\u2605 Moto Gloves | Finish Line (Battle-Scarred)": {"sugprice": 6779.163333333333, "profit": 435, "limit": 6118, "timest": 1700498359}, "\u2605 Navaja Knife | Forest DDPAT (Field-Tested)": {"sugprice": 6826.101379310345, "profit": 436, "limit": 6160, "timest": 1700498374}, "\u2605 Navaja Knife | Safari Mesh (Field-Tested)": {"sugprice": 7159.735357142858, "profit": 650, "limit": 6461, "timest": 1700498406}, "\u2605 Shadow Daggers | Bright Water (Field-Tested)": {"sugprice": 7167.1445, "profit": 646, "limit": 6468, "timest": 1700472272}, "\u2605 Shadow Daggers | Rust Coat (Battle-Scarred)": {"sugprice": 6614.885217391305, "profit": 422, "limit": 5969, "timest": 1700498468}, "\u2605 Broken Fang Gloves | Yellow-banded (Field-Tested)": {"sugprice": 6216.713846153847, "profit": 535, "limit": 5610, "timest": 1700495008}, "Vypa Sista of the Revolution | Guerrilla Warfare": {"sugprice": 1575.4972727272727, "profit": 202, "limit": 1421, "timest": 1700498257}, "StatTrak\u2122 M4A4 | \u9f8d\u738b (Dragon King) (Battle-Scarred)": {"sugprice": 1387.3217647058825, "profit": 136, "limit": 1252, "timest": 1700497659}, "\u2605 Hydra Gloves | Mangrove (Battle-Scarred)": {"sugprice": 3957.2118421052637, "profit": 376, "limit": 3571, "timest": 1700498347}, "USP-S | Monster Mashup (Minimal Wear)": {"sugprice": 1834.9660000000003, "profit": 110, "limit": 1656, "timest": 1700426253}, "\u2605 Hydra Gloves | Mangrove (Well-Worn)": {"sugprice": 4158, "profit": 319, "limit": 3752, "timest": 1700498349}, "\u2605 Shadow Daggers | Scorched (Field-Tested)": {"sugprice": 7003, "profit": 390, "limit": 6320, "timest": 1700498470}, "StatTrak\u2122 M4A4 | Desolate Space (Battle-Scarred)": {"sugprice": 1213.6017073170733, "profit": 152, "limit": 1095, "timest": 1700486880}, "StatTrak\u2122 P90 | Asiimov (Battle-Scarred)": {"sugprice": 1443.9367857142859, "profit": 100, "limit": 1303, "timest": 1700497818}, "\u2605 Hand Wraps | Desert Shamagh (Field-Tested)": {"sugprice": 4981.944222222222, "profit": 509, "limit": 4496, "timest": 1700498331}, "\u2605 Gut Knife | Forest DDPAT (Field-Tested)": {"sugprice": 7195.1900000000005, "profit": 565, "limit": 6493, "timest": 1700498309}, "\u2605 Moto Gloves | Transport (Battle-Scarred)": {"sugprice": 5310.453636363636, "profit": 437, "limit": 4792, "timest": 1700498362}, "USP-S | The Traitor (Minimal Wear)": {"sugprice": 1388, "profit": 159, "limit": 1252, "timest": 1700498249}, "USP-S | Printstream (Well-Worn)": {"sugprice": 2549.261176470589, "profit": 247, "limit": 2300, "timest": 1700498233}, "\u2605 Driver Gloves | Racing Green (Field-Tested)": {"sugprice": 3861, "profit": 235, "limit": 3484, "timest": 1700498296}, "\u2605 Hand Wraps | Duct Tape (Field-Tested)": {"sugprice": 5254, "profit": 568, "limit": 4741, "timest": 1700498337}, "USP-S | Monster Mashup (Well-Worn)": {"sugprice": 1289.7337499999999, "profit": 141, "limit": 1163, "timest": 1700498203}, "\u2605 Broken Fang Gloves | Unhinged (Battle-Scarred)": {"sugprice": 5150.360000000001, "profit": 490, "limit": 4648, "timest": 1700498275}, "\u2605 Hand Wraps | Arboreal (Field-Tested)": {"sugprice": 5742, "profit": 532, "limit": 5182, "timest": 1700498319}, "USP-S | Kill Confirmed (Battle-Scarred)": {"sugprice": 2749.2904347826093, "profit": 156, "limit": 2481, "timest": 1700485882}, "USP-S | Serum (Field-Tested)": {"sugprice": 3463.891111111111, "profit": 365, "limit": 3126, "timest": 1700498241}, "\u2605 Hand Wraps | Giraffe (Battle-Scarred)": {"sugprice": 5641, "profit": 608, "limit": 5091, "timest": 1700498339}, "USP-S | Neo-Noir (Well-Worn)": {"sugprice": 1468, "profit": 140, "limit": 1324, "timest": 1700498219}, "\u2605 Survival Knife | Safari Mesh (Field-Tested)": {"sugprice": 7707.816153846153, "profit": 661, "limit": 6956, "timest": 1700498492}, "\u2605 Hydra Gloves | Case Hardened (Field-Tested)": {"sugprice": 7871.571428571428, "profit": 667, "limit": 7104, "timest": 1700498345}, "\u2605 Gut Knife | Rust Coat (Battle-Scarred)": {"sugprice": 8117.1035, "profit": 978, "limit": 7325, "timest": 1700498311}, "\u2605 Moto Gloves | Smoke Out (Battle-Scarred)": {"sugprice": 6633, "profit": 520, "limit": 5986, "timest": 1700498361}, "\u2605 Hydra Gloves | Rattler (Battle-Scarred)": {"sugprice": 4082.087948717949, "profit": 267, "limit": 3684, "timest": 1700498351}, "StatTrak\u2122 SSG 08 | Dragonfire (Field-Tested)": {"sugprice": 3330, "profit": 274, "limit": 3005, "timest": 1700497866}, "\u2605 Specialist Gloves | Forest DDPAT (Battle-Scarred)": {"sugprice": 7596.16823529412, "profit": 753, "limit": 6855, "timest": 1700498482}, "StatTrak\u2122 M4A4 | Desert-Strike (Field-Tested)": {"sugprice": 1450.3981250000002, "profit": 272, "limit": 1308, "timest": 1700497534}, "\u2605 Broken Fang Gloves | Jade (Battle-Scarred)": {"sugprice": 7127, "profit": 730, "limit": 6432, "timest": 1700498267}, "StatTrak\u2122 M4A4 | Temukau (Battle-Scarred)": {"sugprice": 2444.965151515152, "profit": 267, "limit": 2206, "timest": 1700497623}, "\u2605 Hydra Gloves | Rattler (Well-Worn)": {"sugprice": 4828.597, "profit": 567, "limit": 4357, "timest": 1700498355}, "StatTrak\u2122 USP-S | Neo-Noir (Field-Tested)": {"sugprice": 2970, "profit": 349, "limit": 2680, "timest": 1700498022}, "\u2605 Bloodhound Gloves | Guerrilla (Field-Tested)": {"sugprice": 6022.9864705882355, "profit": 601, "limit": 5435, "timest": 1700498263}, "\u2605 Broken Fang Gloves | Unhinged (Well-Worn)": {"sugprice": 4819.5775, "profit": 272, "limit": 4349, "timest": 1700492208}, "\u2605 Gut Knife | Boreal Forest (Field-Tested)": {"sugprice": 7012.59, "profit": 530, "limit": 6328, "timest": 1700498302}, "\u2605 Gut Knife | Bright Water (Field-Tested)": {"sugprice": 8188.432105263158, "profit": 907, "limit": 7390, "timest": 1700498304}, "\u2605 Gut Knife | Safari Mesh (Field-Tested)": {"sugprice": 6916.606363636363, "profit": 348, "limit": 6242, "timest": 1700498313}, "\u2605 Hand Wraps | Arboreal (Well-Worn)": {"sugprice": 5771.95, "profit": 472, "limit": 5209, "timest": 1700422258}, "\u2605 Hand Wraps | Constrictor (Field-Tested)": {"sugprice": 4958, "profit": 542, "limit": 4474, "timest": 1700498326}, "\u2605 Hand Wraps | Desert Shamagh (Well-Worn)": {"sugprice": 4788.60923076923, "profit": 321, "limit": 4321, "timest": 1700476088}, "\u2605 Navaja Knife | Night Stripe (Field-Tested)": {"sugprice": 6672.821363636364, "profit": 908, "limit": 6022, "timest": 1700498395}, "\u2605 Navaja Knife | Tiger Tooth (Factory New)": {"sugprice": 11354.344545454544, "profit": 877, "limit": 10247, "timest": 1700498451}, "\u2605 Navaja Knife | Urban Masked (Field-Tested)": {"sugprice": 6868.742500000002, "profit": 813, "limit": 6199, "timest": 1700498455},