{"USP-S | Kill Confirmed (Well-Worn)": {"sugprice": 2992.0631999999987, "profit": 295, "limit": 2700, "timest": 1700934561}, "\u2605 Navaja Knife | Scorched (Field-Tested)": {"sugprice": 6746.684230769231, "profit": 534, "limit": 6088, "timest": 1700935150}, "\u2605 Driver Gloves | Racing Green (Battle-Scarred)": {"sugprice": 3632.879512195122, "profit": 179, "limit": 3278, "timest": 1700933882}, "StatTrak\u2122 USP-S | The Traitor (Well-Worn)": {"sugprice": 1817.6572727272726, "profit": 120, "limit": 1640, "timest": 1700908128}, "\u2605 Broken Fang Gloves | Needle Point (Field-Tested)": {"sugprice": 5176.6399999999985, "profit": 251, "limit": 4671, "timest": 1700876380}, "\u2605 Driver Gloves | Racing Green (Well-Worn)": {"sugprice": 3752, "profit": 241, "limit": 3386, "timest": 1700931210}, "\u2605 Hand Wraps | Constrictor (Battle-Scarred)": {"sugprice": 4711.135625, "profit": 227, "limit": 4251, "timest": 1700919165}, "\u2605 Hydra Gloves | Rattler (Field-Tested)": {"sugprice": 3929.0515217391307, "profit": 307, "limit": 3545, "timest": 1700935015}, "\u2605 Navaja Knife | Forest DDPAT (Field-Tested)": {"sugprice": 6858.506086956521, "profit": 591, "limit": 6189, "timest": 1700935120}, "\u2605 Shadow Daggers | Bright Water (Field-Tested)": {"sugprice": 7582, "profit": 471, "limit": 6842, "timest": 1700935173}, "\u2605 Shadow Daggers | Rust Coat (Battle-Scarred)": {"sugprice": 6828.4325, "profit": 599, "limit": 6162, "timest": 1700935181}, "\u2605 Broken Fang Gloves | Yellow-banded (Field-Tested)": {"sugprice": 6360.556086956523, "profit": 442, "limit": 5740, "timest": 1700934738}, "\u2605 Hydra Gloves | Mangrove (Battle-Scarred)": {"sugprice": 3930.4763414634144, "profit": 328, "limit": 3547, "timest": 1700934985}, "\u2605 Hydra Gloves | Mangrove (Well-Worn)": {"sugprice": 4222.945714285713, "profit": 329, "limit": 3811, "timest": 1700935004}, "StatTrak\u2122 P90 | Asiimov (Battle-Scarred)": {"sugprice": 1555.8889743589746, "profit": 192, "limit": 1404, "timest": 1700934281}, "\u2605 Hand Wraps | Desert Shamagh (Field-Tested)": {"sugprice": 4901.763478260869, "profit": 442, "limit": 4423, "timest": 1700934913}, "\u2605 Moto Gloves | Transport (Battle-Scarred)": {"sugprice": 5296.471428571429, "profit": 424, "limit": 4780, "timest": 1700935063}, "USP-S | The Traitor (Minimal Wear)": {"sugprice": 1321.6571052631582, "profit": 136, "limit": 1192, "timest": 1700934674}, "USP-S | Printstream (Well-Worn)": {"sugprice": 2552.4759090909097, "profit": 210, "limit": 2303, "timest": 1700934649}, "\u2605 Hand Wraps | Duct Tape (Field-Tested)": {"sugprice": 5184.0773333333345, "profit": 288, "limit": 4678, "timest": 1700934944}, "\u2605 Broken Fang Gloves | Unhinged (Battle-Scarred)": {"sugprice": 5016.686176470589, "profit": 406, "limit": 4527, "timest": 1700933867}, "\u2605 Hand Wraps | Arboreal (Field-Tested)": {"sugprice": 5642, "profit": 473, "limit": 5091, "timest": 1700934882}, "USP-S | Kill Confirmed (Battle-Scarred)": {"sugprice": 2773.1237837837834, "profit": 136, "limit": 2502, "timest": 1700932157}, "\u2605 Hand Wraps | Giraffe (Battle-Scarred)": {"sugprice": 5939.735416666666, "profit": 745, "limit": 5360, "timest": 1700934949}, "USP-S | Neo-Noir (Well-Worn)": {"sugprice": 1406.6684848484847, "profit": 135, "limit": 1269, "timest": 1700934592}, "\u2605 Gut Knife | Rust Coat (Battle-Scarred)": {"sugprice": 7424, "profit": 452, "limit": 6700, "timest": 1700934842}, "\u2605 Moto Gloves | Smoke Out (Battle-Scarred)": {"sugprice": 6774.217894736843, "profit": 543, "limit": 6113, "timest": 1700935057}, "\u2605 Hydra Gloves | Rattler (Battle-Scarred)": {"sugprice": 3994.1343589743597, "profit": 351, "limit": 3604, "timest": 1700935009}, "StatTrak\u2122 SSG 08 | Dragonfire (Field-Tested)": {"sugprice": 3113.3819512195123, "profit": 227, "limit": 2809, "timest": 1700934317}, "\u2605 Broken Fang Gloves | Jade (Battle-Scarred)": {"sugprice": 7128.983333333334, "profit": 572, "limit": 6433, "timest": 1700934692}, "\u2605 Hydra Gloves | Rattler (Well-Worn)": {"sugprice": 4574.406875, "profit": 325, "limit": 4128, "timest": 1700932734}, "StatTrak\u2122 USP-S | Neo-Noir (Field-Tested)": {"sugprice": 3092.136470588235, "profit": 290, "limit": 2790, "timest": 1700934387}, "\u2605 Bloodhound Gloves | Guerrilla (Field-Tested)": {"sugprice": 5951.773999999999, "profit": 547, "limit": 5371, "timest": 1700934689}, "\u2605 Gut Knife | Boreal Forest (Field-Tested)": {"sugprice": 6896.321818181819, "profit": 401, "limit": 6223, "timest": 1700931230}, "\u2605 Gut Knife | Bright Water (Field-Tested)": {"sugprice": 8016.0022222222215, "profit": 428, "limit": 7234, "timest": 1700934800}, "\u2605 Gut Knife | Safari Mesh (Field-Tested)": {"sugprice": 7143.517647058825, "profit": 386, "limit": 6447, "timest": 1700932533}, "\u2605 Hand Wraps | Constrictor (Field-Tested)": {"sugprice": 4842.758518518519, "profit": 320, "limit": 4370, "timest": 1700920545}, "\u2605 Hand Wraps | Desert Shamagh (Well-Worn)": {"sugprice": 4653, "profit": 557, "limit": 4199, "timest": 1700934924}, "\u2605 Navaja Knife | Night Stripe (Field-Tested)": {"sugprice": 6847.153999999999, "profit": 677, "limit": 6179, "timest": 1700935126}, "\u2605 Navaja Knife | Tiger Tooth (Factory New)": {"sugprice": 11474.250384615385, "profit": 550, "limit": 10355, "timest": 1700934036}, "\u2605 Navaja Knife | Urban Masked (Field-Tested)": {"sugprice": 6942.060714285713, "profit": 433, "limit": 6265, "timest": 1700935163}, "\u2605 Survival Knife | Forest DDPAT (Field-Tested)": {"sugprice": 7605.873333333333, "profit": 471, "limit": 6864, "timest": 1700935197}, "\u2605 Survival Knife | Scorched (Field-Tested)": {"sugprice": 7657.233333333334, "profit": 711, "limit": 6910, "timest": 1700935199}, "\u2605 Moto Gloves | 3rd Commando Company (Field-Tested)": {"sugprice": 5654.536538461539, "profit": 414, "limit": 5103, "timest": 1700935026}, "StatTrak\u2122 USP-S | Neo-Noir (Battle-Scarred)": {"sugprice": 3129.362, "profit": 293, "limit": 2824, "timest": 1700934384}, "StatTrak\u2122 USP-S | The Traitor (Battle-Scarred)": {"sugprice": 1866.3809999999994, "profit": 214, "limit": 1684, "timest": 1700934405}, "\u2605 Driver Gloves | Convoy (Battle-Scarred)": {"sugprice": 6066.035000000001, "profit": 307, "limit": 5474, "timest": 1700917976}, "USP-S | Neo-Noir (Minimal Wear)": {"sugprice": 1530.0669565217393, "profit": 129, "limit": 1380, "timest": 1700934589}, "USP-S | Kill Confirmed (Field-Tested)": {"sugprice": 3119.8237142857142, "profit": 154, "limit": 2815, "timest": 1700934552}, "\u2605 Driver Gloves | Queen Jaguar (Battle-Scarred)": {"sugprice": 5375.506315789475, "profit": 289, "limit": 4851, "timest": 1700934765}, "\u2605 Hand Wraps | Desert Shamagh (Battle-Scarred)": {"sugprice": 4804.595581395348, "profit": 306, "limit": 4336, "timest": 1700934908}, "\u2605 Shadow Daggers | Freehand (Field-Tested)": {"sugprice": 8574.472142857141, "profit": 528, "limit": 7738, "timest": 1700935177}, "USP-S | Neo-Noir (Factory New)": {"sugprice": 2853.5876470588228, "profit": 138, "limit": 2575, "timest": 1700905576}, "\u2605 Specialist Gloves | Buckshot (Battle-Scarred)": {"sugprice": 5082.761600000001, "profit": 336, "limit": 4587, "timest": 1700935187}, "USP-S | Orion (Minimal Wear)": {"sugprice": 3912.240638297873, "profit": 303, "limit": 3530, "timest": 1700934605}, "USP-S | Caiman (Field-Tested)": {"sugprice": 3154.779347826087, "profit": 302, "limit": 2847, "timest": 1700934521}, "\u2605 Sport Gloves | Bronze Morph (Battle-Scarred)": {"sugprice": 9661.722727272729, "profit": 698, "limit": 8719, "timest": 1700935191}, "\u2605 Bloodhound Gloves | Guerrilla (Battle-Scarred)": {"sugprice": 6325.9659999999985, "profit": 729, "limit": 5709, "timest": 1700934680}, "USP-S | Orion (Field-Tested)": {"sugprice": 3898.6268181818177, "profit": 229, "limit": 3518, "timest": 1700899643}, "USP-S | The Traitor (Field-Tested)": {"sugprice": 883.1000000000001, "profit": 118, "limit": 796, "timest": 1700909572},