{"StatTrak\u2122 M4A4 | The Emperor (Battle-Scarred)": {"sugprice": 2573, "profit": 134, "limit": 2322, "timest": 1702807094}, "StatTrak\u2122 M4A4 | \u9f8d\u738b (Dragon King) (Field-Tested)": {"sugprice": 1550.40358974359, "profit": 149, "limit": 1399, "timest": 1702813164}, "StatTrak\u2122 MAC-10 | Toybox (Battle-Scarred)": {"sugprice": 570.17375, "profit": 100, "limit": 514, "timest": 1702793409}, "StatTrak\u2122 MP7 | Bloodsport (Factory New)": {"sugprice": 1381.8799999999999, "profit": 145, "limit": 1247, "timest": 1702813222}, "StatTrak\u2122 MP9 | Hypnotic (Factory New)": {"sugprice": 3486.0468181818183, "profit": 205, "limit": 3146, "timest": 1702813235}, "StatTrak\u2122 P90 | Asiimov (Battle-Scarred)": {"sugprice": 1500.8527586206894, "profit": 164, "limit": 1354, "timest": 1702813310}, "StatTrak\u2122 PP-Bizon | Judgement of Anubis (Field-Tested)": {"sugprice": 1003.117, "profit": 112, "limit": 905, "timest": 1702813313}, "StatTrak\u2122 SSG 08 | Bloodshot (Field-Tested)": {"sugprice": 1998.738888888889, "profit": 177, "limit": 1803, "timest": 1702813319}, "StatTrak\u2122 Tec-9 | Decimator (Battle-Scarred)": {"sugprice": 1919.07125, "profit": 150, "limit": 1731, "timest": 1702813329}, "StatTrak\u2122 USP-S | Neo-Noir (Battle-Scarred)": {"sugprice": 3070.7117647058817, "profit": 245, "limit": 2771, "timest": 1702812246}, "StatTrak\u2122 USP-S | Neo-Noir (Field-Tested)": {"sugprice": 3145.881, "profit": 222, "limit": 2839, "timest": 1702813349}, "StatTrak\u2122 USP-S | The Traitor (Battle-Scarred)": {"sugprice": 2112.9204, "profit": 140, "limit": 1906, "timest": 1702813355}, "Tec-9 | Nuclear Threat (Battle-Scarred)": {"sugprice": 3457.7875000000004, "profit": 431, "limit": 3120, "timest": 1702813361}, "USP-S | Kill Confirmed (Battle-Scarred)": {"sugprice": 3123.3526000000006, "profit": 222, "limit": 2818, "timest": 1702800437}, "USP-S | Kill Confirmed (Well-Worn)": {"sugprice": 3119.640975609757, "profit": 183, "limit": 2815, "timest": 1702813391}, "USP-S | Neo-Noir (Factory New)": {"sugprice": 3183.6595999999995, "profit": 159, "limit": 2873, "timest": 1702813395}, "USP-S | The Traitor (Minimal Wear)": {"sugprice": 1428.062, "profit": 106, "limit": 1288, "timest": 1702792612}, "\u2605 Bloodhound Gloves | Bronzed (Battle-Scarred)": {"sugprice": 6357.793333333332, "profit": 407, "limit": 5737, "timest": 1702782834}, "\u2605 Bloodhound Gloves | Guerrilla (Battle-Scarred)": {"sugprice": 6075.279200000001, "profit": 339, "limit": 5482, "timest": 1702813434}, "\u2605 Broken Fang Gloves | Needle Point (Battle-Scarred)": {"sugprice": 4953.958260869565, "profit": 240, "limit": 4470, "timest": 1702800945}, "\u2605 Broken Fang Gloves | Needle Point (Well-Worn)": {"sugprice": 5017.728999999999, "profit": 266, "limit": 4528, "timest": 1702813455}, "\u2605 Broken Fang Gloves | Yellow-banded (Battle-Scarred)": {"sugprice": 5741, "profit": 283, "limit": 5181, "timest": 1702812894}, "\u2605 Broken Fang Gloves | Yellow-banded (Field-Tested)": {"sugprice": 6248.705625, "profit": 301, "limit": 5639, "timest": 1702750691}, "\u2605 Driver Gloves | Convoy (Field-Tested)": {"sugprice": 6261.424230769231, "profit": 315, "limit": 5650, "timest": 1702813465}, "\u2605 Driver Gloves | Diamondback (Battle-Scarred)": {"sugprice": 6772.897272727272, "profit": 497, "limit": 6112, "timest": 1702813467}, "\u2605 Driver Gloves | Queen Jaguar (Battle-Scarred)": {"sugprice": 5246, "profit": 261, "limit": 4734, "timest": 1702812906}, "\u2605 Falchion Knife | Rust Coat (Battle-Scarred)": {"sugprice": 8537.540833333334, "profit": 431, "limit": 7705, "timest": 1702809702}, "\u2605 Falchion Knife | Ultraviolet (Battle-Scarred)": {"sugprice": 9937.655789473682, "profit": 665, "limit": 8968, "timest": 1702813485}, "\u2605 Gut Knife | Bright Water (Field-Tested)": {"sugprice": 8730.366111111112, "profit": 682, "limit": 7879, "timest": 1702813489}, "\u2605 Hand Wraps | Arboreal (Field-Tested)": {"sugprice": 5981.114999999999, "profit": 298, "limit": 5397, "timest": 1702813501}, "\u2605 Hand Wraps | Badlands (Battle-Scarred)": {"sugprice": 7285.234166666666, "profit": 382, "limit": 6574, "timest": 1702813503}, "\u2605 Hand Wraps | Desert Shamagh (Battle-Scarred)": {"sugprice": 4950, "profit": 390, "limit": 4467, "timest": 1702813512}, "\u2605 Hand Wraps | Giraffe (Battle-Scarred)": {"sugprice": 5435, "profit": 261, "limit": 4905, "timest": 1702744914}, "\u2605 Huntsman Knife | Ultraviolet (Field-Tested)": {"sugprice": 9812.025294117646, "profit": 497, "limit": 8855, "timest": 1702809186}, "\u2605 Hydra Gloves | Case Hardened (Battle-Scarred)": {"sugprice": 7336.618666666666, "profit": 445, "limit": 6621, "timest": 1702813532}, "\u2605 Hydra Gloves | Mangrove (Field-Tested)": {"sugprice": 4005.032619047619, "profit": 194, "limit": 3614, "timest": 1702812445}, "\u2605 Hydra Gloves | Rattler (Battle-Scarred)": {"sugprice": 4102.175227272726, "profit": 236, "limit": 3702, "timest": 1702813546}, "\u2605 Moto Gloves | 3rd Commando Company (Battle-Scarred)": {"sugprice": 5019.415, "profit": 265, "limit": 4530, "timest": 1702806928}, "\u2605 Moto Gloves | Boom! (Battle-Scarred)": {"sugprice": 7128.124761904762, "profit": 664, "limit": 6433, "timest": 1702813558}, "\u2605 Moto Gloves | Finish Line (Battle-Scarred)": {"sugprice": 7265.170434782608, "profit": 521, "limit": 6556, "timest": 1702811813}, "\u2605 Moto Gloves | POW! (Battle-Scarred)": {"sugprice": 8085.442857142856, "profit": 412, "limit": 7297, "timest": 1702813566}, "\u2605 Moto Gloves | Smoke Out (Battle-Scarred)": {"sugprice": 7262.211764705881, "profit": 478, "limit": 6554, "timest": 1702813568}, "\u2605 Moto Gloves | Transport (Field-Tested)": {"sugprice": 5721.1352941176465, "profit": 469, "limit": 5163, "timest": 1702813572}, "\u2605 Navaja Knife | Marble Fade (Factory New)": {"sugprice": 14840.719999999998, "profit": 803, "limit": 13393, "timest": 1702732369}, "\u2605 Navaja Knife | Night Stripe (Field-Tested)": {"sugprice": 6932, "profit": 455, "limit": 6256, "timest": 1702813580}, "\u2605 Navaja Knife | Rust Coat (Battle-Scarred)": {"sugprice": 6854.253571428571, "profit": 381, "limit": 6185, "timest": 1702813582}, "\u2605 Navaja Knife | Safari Mesh (Battle-Scarred)": {"sugprice": 6791.424166666667, "profit": 393, "limit": 6129, "timest": 1702813584}, "\u2605 Navaja Knife | Scorched (Field-Tested)": {"sugprice": 6959, "profit": 510, "limit": 6280, "timest": 1702813588}, "\u2605 Navaja Knife | Ultraviolet (Field-Tested)": {"sugprice": 7425.648421052632, "profit": 365, "limit": 6701, "timest": 1702813599}, "\u2605 Navaja Knife | Urban Masked (Field-Tested)": {"sugprice": 6946.943200000001, "profit": 370, "limit": 6269, "timest": 1702813600}, "\u2605 Paracord Knife | Forest DDPAT (Field-Tested)": {"sugprice": 8400.531875, "profit": 650, "limit": 7581, "timest": 1702813602}, "\u2605 Paracord Knife | Scorched (Field-Tested)": {"sugprice": 7670.88105263158, "profit": 547, "limit": 6922, "timest": 1702792783}, "\u2605 Shadow Daggers | Bright Water (Field-Tested)": {"sugprice": 7671.40935483871, "profit": 373, "limit": 6923, "timest": 1702766112}, "\u2605 Shadow Daggers | Freehand (Field-Tested)": {"sugprice": 8958.582068965517, "profit": 624, "limit": 8085, "timest": 1702812508}, "\u2605 Shadow Daggers | Rust Coat (Battle-Scarred)": {"sugprice": 6851.840434782608, "profit": 372, "limit": 6183, "timest": 1702813614}, "\u2605 Shadow Daggers | Ultraviolet (Battle-Scarred)": {"sugprice": 7648.8311111111125, "profit": 439, "limit": 6903, "timest": 1702813618}, "\u2605 Shadow Daggers | Ultraviolet (Field-Tested)": {"sugprice": 8880, "profit": 584, "limit": 8014, "timest": 1702813620}, "\u2605 Sport Gloves | Bronze Morph (Battle-Scarred)": {"sugprice": 10460.158260869564, "profit": 638, "limit": 9440, "timest": 1702813627}, "\u2605 Survival Knife | Boreal Forest (Field-Tested)": {"sugprice": 7759.887857142857, "profit": 527, "limit": 7003, "timest": 1702813628},