{"StatTrak\u2122 M4A4 | The Emperor (Battle-Scarred)": {"sugprice": 2655.649999999999, "profit": 177, "limit": 2396, "timest": 1702953556}, "StatTrak\u2122 M4A4 | \u9f8d\u738b (Dragon King) (Field-Tested)": {"sugprice": 1535.1028571428567, "profit": 100, "limit": 1385, "timest": 1702942935}, "StatTrak\u2122 MAC-10 | Toybox (Battle-Scarred)": {"sugprice": 604.322, "profit": 121, "limit": 545, "timest": 1702961881}, "StatTrak\u2122 MP7 | Bloodsport (Factory New)": {"sugprice": 1361, "profit": 109, "limit": 1228, "timest": 1702961887}, "StatTrak\u2122 MP9 | Hypnotic (Factory New)": {"sugprice": 3456.704375000001, "profit": 233, "limit": 3119, "timest": 1702961922}, "StatTrak\u2122 P90 | Asiimov (Battle-Scarred)": {"sugprice": 1704.4547058823532, "profit": 299, "limit": 1538, "timest": 1702962194}, "StatTrak\u2122 PP-Bizon | Judgement of Anubis (Field-Tested)": {"sugprice": 998.0854166666668, "profit": 100, "limit": 900, "timest": 1702962210}, "StatTrak\u2122 SSG 08 | Bloodshot (Field-Tested)": {"sugprice": 1993.1185294117647, "profit": 189, "limit": 1798, "timest": 1702962243}, "StatTrak\u2122 USP-S | Neo-Noir (Battle-Scarred)": {"sugprice": 3044.866785714286, "profit": 191, "limit": 2747, "timest": 1702960799}, "StatTrak\u2122 USP-S | Neo-Noir (Field-Tested)": {"sugprice": 3123.7156521739125, "profit": 246, "limit": 2819, "timest": 1702962447}, "StatTrak\u2122 USP-S | The Traitor (Battle-Scarred)": {"sugprice": 2125.4658, "profit": 144, "limit": 1918, "timest": 1702962475}, "Tec-9 | Nuclear Threat (Battle-Scarred)": {"sugprice": 3365.3028571428576, "profit": 312, "limit": 3037, "timest": 1702962491}, "USP-S | Kill Confirmed (Battle-Scarred)": {"sugprice": 3163.462, "profit": 232, "limit": 2855, "timest": 1702962596}, "USP-S | Kill Confirmed (Well-Worn)": {"sugprice": 3178.6095348837216, "profit": 152, "limit": 2868, "timest": 1702959563}, "USP-S | Neo-Noir (Factory New)": {"sugprice": 3146.2410526315794, "profit": 180, "limit": 2839, "timest": 1702962621}, "USP-S | The Traitor (Minimal Wear)": {"sugprice": 1390.57875, "profit": 117, "limit": 1254, "timest": 1702937251}, "\u2605 Bloodhound Gloves | Guerrilla (Battle-Scarred)": {"sugprice": 6079.9191666666675, "profit": 379, "limit": 5487, "timest": 1702962866}, "\u2605 Broken Fang Gloves | Needle Point (Well-Worn)": {"sugprice": 5012.946111111111, "profit": 262, "limit": 4524, "timest": 1702961035}, "\u2605 Broken Fang Gloves | Yellow-banded (Battle-Scarred)": {"sugprice": 6103.3170731707305, "profit": 325, "limit": 5508, "timest": 1702893826}, "\u2605 Driver Gloves | Convoy (Field-Tested)": {"sugprice": 6189.016315789474, "profit": 297, "limit": 5585, "timest": 1702930519}, "\u2605 Driver Gloves | Diamondback (Battle-Scarred)": {"sugprice": 6685.513333333333, "profit": 396, "limit": 6033, "timest": 1702965297}, "\u2605 Driver Gloves | Queen Jaguar (Battle-Scarred)": {"sugprice": 5359.4862, "profit": 382, "limit": 4836, "timest": 1702939028}, "\u2605 Falchion Knife | Rust Coat (Battle-Scarred)": {"sugprice": 8525.358235294118, "profit": 554, "limit": 7694, "timest": 1702892122}, "\u2605 Gut Knife | Bright Water (Field-Tested)": {"sugprice": 8695.614166666668, "profit": 739, "limit": 7847, "timest": 1702967126}, "\u2605 Hand Wraps | Arboreal (Field-Tested)": {"sugprice": 6150.412962962964, "profit": 371, "limit": 5550, "timest": 1702967398}, "\u2605 Hand Wraps | Badlands (Battle-Scarred)": {"sugprice": 7300, "profit": 506, "limit": 6588, "timest": 1702967446}, "\u2605 Hand Wraps | Desert Shamagh (Battle-Scarred)": {"sugprice": 5057.948717948719, "profit": 241, "limit": 4564, "timest": 1702955406}, "\u2605 Hydra Gloves | Mangrove (Field-Tested)": {"sugprice": 4106.474680851063, "profit": 197, "limit": 3706, "timest": 1702939100}, "\u2605 Hydra Gloves | Rattler (Battle-Scarred)": {"sugprice": 4139.430204081634, "profit": 197, "limit": 3735, "timest": 1702930601}, "\u2605 Moto Gloves | 3rd Commando Company (Battle-Scarred)": {"sugprice": 5096.479600000001, "profit": 246, "limit": 4599, "timest": 1702969333}, "\u2605 Moto Gloves | Boom! (Battle-Scarred)": {"sugprice": 6966.138666666668, "profit": 617, "limit": 6286, "timest": 1702898865}, "\u2605 Moto Gloves | Finish Line (Battle-Scarred)": {"sugprice": 7054.205, "profit": 353, "limit": 6366, "timest": 1702914380}, "\u2605 Moto Gloves | POW! (Battle-Scarred)": {"sugprice": 7849.219999999999, "profit": 500, "limit": 7083, "timest": 1702969413}, "\u2605 Moto Gloves | Smoke Out (Battle-Scarred)": {"sugprice": 6982, "profit": 494, "limit": 6301, "timest": 1702961333}, "\u2605 Moto Gloves | Transport (Field-Tested)": {"sugprice": 5653.707142857143, "profit": 296, "limit": 5102, "timest": 1702969417}, "\u2605 Navaja Knife | Night Stripe (Field-Tested)": {"sugprice": 6920.081034482758, "profit": 390, "limit": 6245, "timest": 1702969425}, "\u2605 Navaja Knife | Rust Coat (Battle-Scarred)": {"sugprice": 6938.349999999999, "profit": 341, "limit": 6261, "timest": 1702945332}, "\u2605 Navaja Knife | Scorched (Field-Tested)": {"sugprice": 7033.580499999999, "profit": 442, "limit": 6347, "timest": 1702969431}, "\u2605 Navaja Knife | Ultraviolet (Field-Tested)": {"sugprice": 7326, "profit": 373, "limit": 6611, "timest": 1702961395}, "\u2605 Navaja Knife | Urban Masked (Field-Tested)": {"sugprice": 7020.347916666667, "profit": 335, "limit": 6335, "timest": 1702969444}, "\u2605 Paracord Knife | Forest DDPAT (Field-Tested)": {"sugprice": 8328.200384615386, "profit": 413, "limit": 7516, "timest": 1702924471}, "\u2605 Paracord Knife | Scorched (Field-Tested)": {"sugprice": 7575.3778571428575, "profit": 419, "limit": 6836, "timest": 1702947821}, "\u2605 Shadow Daggers | Bright Water (Field-Tested)": {"sugprice": 7624.59, "profit": 363, "limit": 6881, "timest": 1702955693}, "\u2605 Shadow Daggers | Freehand (Field-Tested)": {"sugprice": 8848.699523809524, "profit": 480, "limit": 7985, "timest": 1702951359}, "\u2605 Shadow Daggers | Ultraviolet (Battle-Scarred)": {"sugprice": 7227, "profit": 376, "limit": 6522, "timest": 1702961459}, "\u2605 Shadow Daggers | Ultraviolet (Field-Tested)": {"sugprice": 8939, "profit": 522, "limit": 8067, "timest": 1702950161}, "\u2605 Sport Gloves | Bronze Morph (Battle-Scarred)": {"sugprice": 10352.953684210524, "profit": 585, "limit": 9343, "timest": 1702957242}, "\u2605 Survival Knife | Boreal Forest (Field-Tested)": {"sugprice": 7756.137647058823, "profit": 503, "limit": 6999, "timest": 1702897697}, "\u2605 Survival Knife | Forest DDPAT (Field-Tested)": {"sugprice": 7671.954444444444, "profit": 367, "limit": 6923, "timest": 1702924511}, "StatTrak\u2122 M4A4 | X-Ray (Minimal Wear)": {"sugprice": 4576.511764705882, "profit": 220, "limit": 4130, "timest": 1702953564}, "\u2605 Driver Gloves | Racing Green (Battle-Scarred)": {"sugprice": 3845.933200000001, "profit": 193, "limit": 3470, "timest": 1702965984}, "\u2605 Gut Knife | Boreal Forest (Field-Tested)": {"sugprice": 7323.21, "profit": 906, "limit": 6609, "timest": 1702967106}, "\u2605 Gut Knife | Forest DDPAT (Field-Tested)": {"sugprice": 7830.139200000001, "profit": 386, "limit": 7066, "timest": 1702967128}, "\u2605 Hydra Gloves | Rattler (Field-Tested)": {"sugprice": 4214.0495833333325, "profit": 201, "limit": 3803, "timest": 1702945831}, "\u2605 Paracord Knife | Safari Mesh (Field-Tested)": {"sugprice": 7661.432499999999, "profit": 364, "limit": 6914, "timest": 1702942269}, "\u2605 Shadow Daggers | Safari Mesh (Field-Tested)": {"sugprice": 7167.504375, "profit": 354, "limit": 6468, "timest": 1702941219}, "\u2605 Specialist Gloves | Fade (Battle-Scarred)": {"sugprice": 15058.647368421052, "profit": 1198, "limit": 13590, "timest": 1702969467}, "\u2605 Driver Gloves | Racing Green (Field-Tested)": {"sugprice": 3875.2222, "profit": 222, "limit": 3497, "timest": 1702966666}, "\u2605 Hand Wraps | Constrictor (Field-Tested)": {"sugprice": 4926.4053125, "profit": 235, "limit": 4446, "timest": 1702952164}, "\u2605 Hand Wraps | Desert Shamagh (Field-Tested)": {"sugprice": 5019.686086956522,