{"StatTrak\u2122 M4A1-S | Player Two (Battle-Scarred)": {"sugprice": 3181.706111111111, "profit": 242, "limit": 2871, "timest": 1699826533}, "USP-S | Kill Confirmed (Well-Worn)": {"sugprice": 3556.3706000000006, "profit": 345, "limit": 3209, "timest": 1699827058}, "USP-S | Overgrowth (Field-Tested)": {"sugprice": 2012.541860465116, "profit": 141, "limit": 1816, "timest": 1699827113}, "\u2605 Moto Gloves | Turtle (Battle-Scarred)": {"sugprice": 9144.990399999999, "profit": 679, "limit": 8253, "timest": 1699827597}, "\u2605 Navaja Knife | Scorched (Field-Tested)": {"sugprice": 7258.026944444446, "profit": 681, "limit": 6550, "timest": 1699827641}, "\u2605 Driver Gloves | Racing Green (Battle-Scarred)": {"sugprice": 4099.494166666666, "profit": 200, "limit": 3699, "timest": 1699825278}, "StatTrak\u2122 M4A4 | Royal Paladin (Battle-Scarred)": {"sugprice": 2384.2125, "profit": 221, "limit": 2151, "timest": 1699826594}, "StatTrak\u2122 M4A4 | Temukau (Field-Tested)": {"sugprice": 4049, "profit": 292, "limit": 3654, "timest": 1699826616}, "StatTrak\u2122 M4A4 | The Emperor (Battle-Scarred)": {"sugprice": 2848.748333333334, "profit": 377, "limit": 2570, "timest": 1699826630}, "StatTrak\u2122 USP-S | Printstream (Battle-Scarred)": {"sugprice": 5022.1375, "profit": 256, "limit": 4532, "timest": 1699814617}, "StatTrak\u2122 USP-S | The Traitor (Well-Worn)": {"sugprice": 2187.605789473684, "profit": 153, "limit": 1974, "timest": 1699826951}, "USP-S | Caiman (Field-Tested)": {"sugprice": 3358.8815909090904, "profit": 160, "limit": 3031, "timest": 1699756941}, "USP-S | Printstream (Minimal Wear)": {"sugprice": 4973.084500000001, "profit": 306, "limit": 4488, "timest": 1699827151}, "USP-S | Whiteout (Minimal Wear)": {"sugprice": 2859.3889285714286, "profit": 238, "limit": 2580, "timest": 1699827259}, "\u2605 Bowie Knife | Rust Coat (Battle-Scarred)": {"sugprice": 9629.369, "profit": 787, "limit": 8690, "timest": 1699827291}, "\u2605 Broken Fang Gloves | Needle Point (Battle-Scarred)": {"sugprice": 5565.605918367347, "profit": 349, "limit": 5022, "timest": 1699827296}, "\u2605 Broken Fang Gloves | Needle Point (Field-Tested)": {"sugprice": 5671.057692307692, "profit": 454, "limit": 5118, "timest": 1699827312}, "\u2605 Driver Gloves | Racing Green (Well-Worn)": {"sugprice": 4069.9826829268295, "profit": 211, "limit": 3673, "timest": 1699821740}, "\u2605 Hand Wraps | Constrictor (Battle-Scarred)": {"sugprice": 5051.942666666666, "profit": 499, "limit": 4559, "timest": 1699812230}, "\u2605 Hydra Gloves | Rattler (Field-Tested)": {"sugprice": 4392.473469387755, "profit": 272, "limit": 3964, "timest": 1699827569}, "\u2605 Moto Gloves | Finish Line (Battle-Scarred)": {"sugprice": 7270.716521739129, "profit": 457, "limit": 6561, "timest": 1699827585}, "\u2605 Navaja Knife | Forest DDPAT (Field-Tested)": {"sugprice": 7350.872571428572, "profit": 583, "limit": 6634, "timest": 1699826294}, "\u2605 Navaja Knife | Safari Mesh (Field-Tested)": {"sugprice": 7585.267575757577, "profit": 506, "limit": 6845, "timest": 1699827638}, "\u2605 Shadow Daggers | Bright Water (Field-Tested)": {"sugprice": 8313.309, "profit": 587, "limit": 7502, "timest": 1699827667}, "\u2605 Shadow Daggers | Rust Coat (Battle-Scarred)": {"sugprice": 7382.428108108109, "profit": 413, "limit": 6662, "timest": 1699827677}, "\u2605 Broken Fang Gloves | Yellow-banded (Field-Tested)": {"sugprice": 6654.179523809524, "profit": 360, "limit": 6005, "timest": 1699804021}, "\u2605 Hand Wraps | Arboreal (Battle-Scarred)": {"sugprice": 5378.623235294118, "profit": 436, "limit": 4854, "timest": 1699827461}, "Vypa Sista of the Revolution | Guerrilla Warfare": {"sugprice": 1764.409642857143, "profit": 116, "limit": 1592, "timest": 1699827270}, "StatTrak\u2122 M4A4 | \u9f8d\u738b (Dragon King) (Battle-Scarred)": {"sugprice": 1543.339782608695, "profit": 126, "limit": 1392, "timest": 1699826658}, "\u2605 Hydra Gloves | Mangrove (Battle-Scarred)": {"sugprice": 4208.989199999999, "profit": 211, "limit": 3798, "timest": 1699827549}, "USP-S | Monster Mashup (Minimal Wear)": {"sugprice": 2143.694375, "profit": 164, "limit": 1934, "timest": 1699827080}, "USP-S | Orion (Minimal Wear)": {"sugprice": 4527.956, "profit": 351, "limit": 4086, "timest": 1699827109}, "\u2605 Broken Fang Gloves | Yellow-banded (Battle-Scarred)": {"sugprice": 6400.289999999997, "profit": 568, "limit": 5776, "timest": 1699827340}, "\u2605 Specialist Gloves | Buckshot (Battle-Scarred)": {"sugprice": 5226.529642857144, "profit": 319, "limit": 4716, "timest": 1699800532}, "\u2605 Hydra Gloves | Mangrove (Well-Worn)": {"sugprice": 4531.21409090909, "profit": 361, "limit": 4089, "timest": 1699827560}, "\u2605 Shadow Daggers | Scorched (Field-Tested)": {"sugprice": 7395.005833333334, "profit": 352, "limit": 6673, "timest": 1699810988}, "StatTrak\u2122 M4A4 | Desolate Space (Battle-Scarred)": {"sugprice": 1320.7271428571432, "profit": 100, "limit": 1191, "timest": 1699818899}, "StatTrak\u2122 USP-S | Blueprint (Battle-Scarred)": {"sugprice": 1219.5936000000004, "profit": 158, "limit": 1100, "timest": 1699826890}, "StatTrak\u2122 P90 | Asiimov (Battle-Scarred)": {"sugprice": 1447.79225, "profit": 125, "limit": 1306, "timest": 1699826777}, "\u2605 Bloodhound Gloves | Guerrilla (Battle-Scarred)": {"sugprice": 6342.081111111111, "profit": 362, "limit": 5723, "timest": 1699827278}, "\u2605 Hand Wraps | Desert Shamagh (Field-Tested)": {"sugprice": 4973.178421052631, "profit": 268, "limit": 4488, "timest": 1699814977}, "\u2605 Gut Knife | Forest DDPAT (Field-Tested)": {"sugprice": 8300.095000000001, "profit": 572, "limit": 7490, "timest": 1699800436}, "\u2605 Moto Gloves | Transport (Battle-Scarred)": {"sugprice": 5519.740625000001, "profit": 343, "limit": 4981, "timest": 1699827594}, "USP-S | The Traitor (Minimal Wear)": {"sugprice": 1583.8669047619048, "profit": 194, "limit": 1429, "timest": 1699827232}, "USP-S | Printstream (Well-Worn)": {"sugprice": 2916.492777777778, "profit": 230, "limit": 2632, "timest": 1699827160}, "\u2605 Driver Gloves | Racing Green (Field-Tested)": {"sugprice": 4201.876, "profit": 258, "limit": 3792, "timest": 1699827402}, "StatTrak\u2122 P90 | Trigon (Field-Tested)": {"sugprice": 1365.53875, "profit": 103, "limit": 1232, "timest": 1699826793}, "\u2605 Hand Wraps | Duct Tape (Field-Tested)": {"sugprice": 5337, "profit": 359, "limit": 4816, "timest": 1699821865}, "USP-S | Monster Mashup (Well-Worn)": {"sugprice": 1334.3075000000001, "profit": 107, "limit": 1204, "timest": 1699827084}, "\u2605 Broken Fang Gloves | Unhinged (Battle-Scarred)": {"sugprice": 5216.4785999999995, "profit": 453, "limit": 4707, "timest": 1699827322}, "\u2605 Hand Wraps | Arboreal (Field-Tested)": {"sugprice": 6454.938095238096, "profit": 595, "limit": 5825, "timest": 1699827465}, "StatTrak\u2122 M4A4 | Neo-Noir (Field-Tested)": {"sugprice": 1243.22125, "profit": 132, "limit": 1122, "timest": 1699826589}, "USP-S | Kill Confirmed (Battle-Scarred)": {"sugprice": 3323.3822000000005, "profit": 160, "limit": 2999, "timest": 1699827044}, "USP-S | Kill Confirmed (Minimal Wear)": {"sugprice": 6150.1278571428575, "profit": 729, "limit": 5550, "timest": 1699821422}, "StatTrak\u2122 M4A4 | Cyber Security (Battle-Scarred)": {"sugprice": 1727.7377777777783, "profit": 181, "limit": 1559, "timest": 1699826537}, "USP-S | Serum (Field-Tested)": {"sugprice": 3598.598181818182, "profit": 178, "limit": 3247, "timest": 1699827192}, "\u2605 Hand Wraps | Giraffe (Battle-Scarred)": {"sugprice": 6554.145217391304, "profit": 518, "limit": 5915, "timest": 1699827507}, "USP-S | Neo-Noir (Well-Worn)": {"sugprice": 1873.7873076923076, "profit": 161, "limit": 1691, "timest": 1699827099}, "\u2605 Survival Knife | Safari Mesh (Field-Tested)": {"sugprice": 8500.0225, "profit": 925, "limit": 7671, "timest": 1699827736}, "StatTrak\u2122 USP-S | Stainless (Battle-Scarred)": {"sugprice": 984.4540909090912, "profit": 113, "limit": 888, "timest": 1699806939},