{"StatTrak\u2122 M4A4 | The Emperor (Battle-Scarred)": {"sugprice": 2628.2758620689656, "profit": 287, "limit": 2372, "timest": 1703138041}, "StatTrak\u2122 MP7 | Bloodsport (Factory New)": {"sugprice": 1358.5245454545454, "profit": 100, "limit": 1226, "timest": 1703120695}, "StatTrak\u2122 MP9 | Hypnotic (Factory New)": {"sugprice": 3484.8934482758614, "profit": 251, "limit": 3145, "timest": 1703138075}, "StatTrak\u2122 P90 | Asiimov (Battle-Scarred)": {"sugprice": 1670.1185714285712, "profit": 130, "limit": 1507, "timest": 1703138097}, "StatTrak\u2122 SSG 08 | Bloodshot (Field-Tested)": {"sugprice": 1899, "profit": 152, "limit": 1713, "timest": 1703138107}, "StatTrak\u2122 USP-S | Neo-Noir (Battle-Scarred)": {"sugprice": 3069.7435714285716, "profit": 373, "limit": 2770, "timest": 1703138135}, "StatTrak\u2122 USP-S | Neo-Noir (Field-Tested)": {"sugprice": 2998.6858823529406, "profit": 154, "limit": 2706, "timest": 1703138136}, "StatTrak\u2122 USP-S | The Traitor (Battle-Scarred)": {"sugprice": 2063.2958000000003, "profit": 133, "limit": 1862, "timest": 1703138142}, "Tec-9 | Nuclear Threat (Battle-Scarred)": {"sugprice": 3576.6940000000004, "profit": 499, "limit": 3227, "timest": 1703138148}, "USP-S | Kill Confirmed (Battle-Scarred)": {"sugprice": 3067, "profit": 153, "limit": 2767, "timest": 1703067891}, "USP-S | Kill Confirmed (Well-Worn)": {"sugprice": 3097.3220512820512, "profit": 160, "limit": 2795, "timest": 1703138181}, "USP-S | Neo-Noir (Factory New)": {"sugprice": 3039, "profit": 209, "limit": 2742, "timest": 1703138185}, "\u2605 Bloodhound Gloves | Guerrilla (Battle-Scarred)": {"sugprice": 6176.919000000001, "profit": 349, "limit": 5574, "timest": 1703138226}, "\u2605 Broken Fang Gloves | Yellow-banded (Battle-Scarred)": {"sugprice": 6012.6756, "profit": 300, "limit": 5426, "timest": 1703138247}, "\u2605 Driver Gloves | Convoy (Field-Tested)": {"sugprice": 6344.38642857143, "profit": 433, "limit": 5725, "timest": 1703138253}, "\u2605 Driver Gloves | Diamondback (Battle-Scarred)": {"sugprice": 6747.4735294117645, "profit": 508, "limit": 6089, "timest": 1703138255}, "\u2605 Driver Gloves | Queen Jaguar (Battle-Scarred)": {"sugprice": 5367.785200000001, "profit": 279, "limit": 4844, "timest": 1703138259}, "\u2605 Gut Knife | Bright Water (Field-Tested)": {"sugprice": 8166.35888888889, "profit": 407, "limit": 7370, "timest": 1703122119}, "\u2605 Hand Wraps | Arboreal (Field-Tested)": {"sugprice": 6114.368571428571, "profit": 345, "limit": 5518, "timest": 1703138289}, "\u2605 Hand Wraps | Badlands (Battle-Scarred)": {"sugprice": 7351.4816666666675, "profit": 488, "limit": 6634, "timest": 1703138291}, "\u2605 Hand Wraps | Desert Shamagh (Battle-Scarred)": {"sugprice": 4934.077551020408, "profit": 235, "limit": 4453, "timest": 1703129474}, "\u2605 Hydra Gloves | Mangrove (Field-Tested)": {"sugprice": 4048.1820833333336, "profit": 220, "limit": 3653, "timest": 1703099063}, "\u2605 Hydra Gloves | Rattler (Battle-Scarred)": {"sugprice": 4063.128292682926, "profit": 380, "limit": 3666, "timest": 1703087049}, "\u2605 Moto Gloves | 3rd Commando Company (Battle-Scarred)": {"sugprice": 5123.803400000001, "profit": 285, "limit": 4624, "timest": 1703138340}, "\u2605 Moto Gloves | Smoke Out (Battle-Scarred)": {"sugprice": 6996.582105263158, "profit": 412, "limit": 6314, "timest": 1703138356}, "\u2605 Moto Gloves | Transport (Field-Tested)": {"sugprice": 5602.243333333334, "profit": 353, "limit": 5056, "timest": 1703138360}, "\u2605 Navaja Knife | Rust Coat (Battle-Scarred)": {"sugprice": 6994.856428571428, "profit": 377, "limit": 6312, "timest": 1703084268}, "\u2605 Navaja Knife | Scorched (Field-Tested)": {"sugprice": 6926.825454545456, "profit": 434, "limit": 6251, "timest": 1703115849}, "\u2605 Navaja Knife | Urban Masked (Field-Tested)": {"sugprice": 7067.031578947369, "profit": 386, "limit": 6377, "timest": 1703138389}, "\u2605 Shadow Daggers | Freehand (Field-Tested)": {"sugprice": 9456.689411764704, "profit": 727, "limit": 8534, "timest": 1703138407}, "\u2605 Shadow Daggers | Ultraviolet (Field-Tested)": {"sugprice": 8587, "profit": 408, "limit": 7749, "timest": 1703136875}, "\u2605 Sport Gloves | Bronze Morph (Battle-Scarred)": {"sugprice": 10161.629565217392, "profit": 489, "limit": 9170, "timest": 1703138427}, "StatTrak\u2122 M4A4 | X-Ray (Minimal Wear)": {"sugprice": 4654.68388888889, "profit": 246, "limit": 4200, "timest": 1703138049}, "\u2605 Driver Gloves | Racing Green (Battle-Scarred)": {"sugprice": 3819.614200000001, "profit": 188, "limit": 3447, "timest": 1703138263}, "\u2605 Gut Knife | Boreal Forest (Field-Tested)": {"sugprice": 7451.37, "profit": 577, "limit": 6724, "timest": 1703138275}, "\u2605 Gut Knife | Forest DDPAT (Field-Tested)": {"sugprice": 8157.160526315789, "profit": 594, "limit": 7361, "timest": 1703138279}, "\u2605 Hydra Gloves | Rattler (Field-Tested)": {"sugprice": 4077.8420000000006, "profit": 262, "limit": 3680, "timest": 1703138336}, "\u2605 Paracord Knife | Safari Mesh (Field-Tested)": {"sugprice": 7405.231764705882, "profit": 410, "limit": 6683, "timest": 1703111391}, "\u2605 Shadow Daggers | Safari Mesh (Field-Tested)": {"sugprice": 7066.541818181818, "profit": 449, "limit": 6377, "timest": 1703137402}, "\u2605 Driver Gloves | Racing Green (Field-Tested)": {"sugprice": 3774.822, "profit": 188, "limit": 3406, "timest": 1703138265}, "\u2605 Hand Wraps | Constrictor (Field-Tested)": {"sugprice": 5055.156363636364, "profit": 244, "limit": 4562, "timest": 1703138296}, "\u2605 Hand Wraps | Desert Shamagh (Field-Tested)": {"sugprice": 4968.745199999999, "profit": 297, "limit": 4484, "timest": 1703138302}, "\u2605 Hydra Gloves | Mangrove (Well-Worn)": {"sugprice": 4367.8275, "profit": 303, "limit": 3941, "timest": 1703138332}, "\u2605 Shadow Daggers | Boreal Forest (Field-Tested)": {"sugprice": 7063.238823529413, "profit": 467, "limit": 6374, "timest": 1703138399}, "\u2605 Bowie Knife | Bright Water (Field-Tested)": {"sugprice": 9823.220666666666, "profit": 474, "limit": 8865, "timest": 1703138233}, "\u2605 Shadow Daggers | Scorched (Field-Tested)": {"sugprice": 7053.622173913043, "profit": 486, "limit": 6365, "timest": 1703134625}, "\u2605 Driver Gloves | Racing Green (Well-Worn)": {"sugprice": 3842.6763636363635, "profit": 246, "limit": 3468, "timest": 1703138267}, "\u2605 Bloodhound Gloves | Bronzed (Field-Tested)": {"sugprice": 6491.37052631579, "profit": 467, "limit": 5858, "timest": 1703138225}, "\u2605 Bloodhound Gloves | Guerrilla (Field-Tested)": {"sugprice": 6103.6558620689675, "profit": 301, "limit": 5508, "timest": 1703138228}, "\u2605 Broken Fang Gloves | Unhinged (Battle-Scarred)": {"sugprice": 5151.694999999999, "profit": 316, "limit": 4649, "timest": 1703138245}, "StatTrak\u2122 USP-S | Monster Mashup (Battle-Scarred)": {"sugprice": 1851.9372222222223, "profit": 128, "limit": 1671, "timest": 1703138131}, "StatTrak\u2122 P250 | Muertos (Field-Tested)": {"sugprice": 996.9364285714286, "profit": 145, "limit": 899, "timest": 1703076976}, "\u2605 Shadow Daggers | Damascus Steel (Field-Tested)": {"sugprice": 8284.225384615384, "profit": 555, "limit": 7476, "timest": 1703138403}, "\u2605 Hydra Gloves | Emerald (Battle-Scarred)": {"sugprice": 4690.794999999999, "profit": 246, "limit": 4233, "timest": 1703138322}, "StatTrak\u2122 USP-S | The Traitor (Well-Worn)": {"sugprice": 2083.310909090909, "profit": 127, "limit": 1880, "timest": 1703138144}, "\u2605 Hand Wraps | Constrictor (Well-Worn)": {"sugprice": 4995.621428571429, "profit": 254, "limit": 4508, "timest": 1703133334}, "UMP-45 | Blaze (Factory New)": {"sugprice": 1592.1956000000002, "profit": 100, "limit": 1436, "timest": 1703100361}, "\u2605 Moto Gloves | Eclipse (Battle-Scarred)": {"sugprice": 6973.291111111112, "profit": 333, "limit": 6293, "timest": 1703059090}, "\u2605 Hydra Gloves | Mangrove (Battle-Scarred)": {"sugprice": 4046.9926530612265, "profit": 211, "limit": 3652, "timest": 1703138328},