{"USP-S | Kill Confirmed (Well-Worn)": {"sugprice": 2970.719787234042, "profit": 237, "limit": 2681, "timest": 1701066063}, "\u2605 Navaja Knife | Scorched (Field-Tested)": {"sugprice": 6814.135769230769, "profit": 373, "limit": 6149, "timest": 1701066495}, "\u2605 Driver Gloves | Racing Green (Battle-Scarred)": {"sugprice": 3743.95, "profit": 296, "limit": 3378, "timest": 1701066219}, "StatTrak\u2122 USP-S | The Traitor (Well-Worn)": {"sugprice": 1865.1935714285717, "profit": 190, "limit": 1683, "timest": 1700993697}, "\u2605 Driver Gloves | Racing Green (Well-Worn)": {"sugprice": 3791, "profit": 295, "limit": 3421, "timest": 1701066222}, "\u2605 Hydra Gloves | Rattler (Field-Tested)": {"sugprice": 3965.5076595744686, "profit": 331, "limit": 3578, "timest": 1700992059}, "\u2605 Navaja Knife | Forest DDPAT (Field-Tested)": {"sugprice": 6876.103636363637, "profit": 331, "limit": 6205, "timest": 1700997251}, "\u2605 Shadow Daggers | Bright Water (Field-Tested)": {"sugprice": 7548.8129411764685, "profit": 471, "limit": 6812, "timest": 1701066543}, "\u2605 Shadow Daggers | Rust Coat (Battle-Scarred)": {"sugprice": 6879.666250000001, "profit": 335, "limit": 6208, "timest": 1701008966}, "\u2605 Broken Fang Gloves | Yellow-banded (Field-Tested)": {"sugprice": 6324.889166666665, "profit": 352, "limit": 5708, "timest": 1701056746}, "\u2605 Hydra Gloves | Mangrove (Battle-Scarred)": {"sugprice": 3986.1414285714286, "profit": 337, "limit": 3597, "timest": 1701066346}, "\u2605 Hydra Gloves | Mangrove (Well-Worn)": {"sugprice": 4033.333076923077, "profit": 201, "limit": 3640, "timest": 1701042517}, "StatTrak\u2122 P90 | Asiimov (Battle-Scarred)": {"sugprice": 1534, "profit": 121, "limit": 1384, "timest": 1701025901}, "\u2605 Hand Wraps | Desert Shamagh (Field-Tested)": {"sugprice": 4874.251224489795, "profit": 323, "limit": 4399, "timest": 1701060458}, "\u2605 Moto Gloves | Transport (Battle-Scarred)": {"sugprice": 5255.913636363636, "profit": 339, "limit": 4743, "timest": 1701066447}, "USP-S | The Traitor (Minimal Wear)": {"sugprice": 1327.7943243243244, "profit": 111, "limit": 1198, "timest": 1701045224}, "USP-S | Printstream (Well-Worn)": {"sugprice": 2685.2139999999995, "profit": 190, "limit": 2423, "timest": 1701066091}, "\u2605 Hand Wraps | Duct Tape (Field-Tested)": {"sugprice": 5253.39, "profit": 367, "limit": 4741, "timest": 1701066311}, "\u2605 Broken Fang Gloves | Unhinged (Battle-Scarred)": {"sugprice": 5009.9842499999995, "profit": 302, "limit": 4521, "timest": 1701038458}, "\u2605 Hand Wraps | Arboreal (Field-Tested)": {"sugprice": 5675.4047058823535, "profit": 457, "limit": 5122, "timest": 1701066276}, "USP-S | Kill Confirmed (Battle-Scarred)": {"sugprice": 2918.309767441861, "profit": 189, "limit": 2633, "timest": 1700985872}, "\u2605 Hand Wraps | Giraffe (Battle-Scarred)": {"sugprice": 5982.147647058824, "profit": 412, "limit": 5398, "timest": 1701066320}, "USP-S | Neo-Noir (Well-Worn)": {"sugprice": 1444.1941176470586, "profit": 108, "limit": 1303, "timest": 1701066073}, "\u2605 Gut Knife | Rust Coat (Battle-Scarred)": {"sugprice": 7549.584736842105, "profit": 408, "limit": 6813, "timest": 1701016149}, "\u2605 Moto Gloves | Smoke Out (Battle-Scarred)": {"sugprice": 6803.849565217391, "profit": 333, "limit": 6140, "timest": 1701023877}, "\u2605 Hydra Gloves | Rattler (Battle-Scarred)": {"sugprice": 3976.4693617021276, "profit": 306, "limit": 3588, "timest": 1701066388}, "StatTrak\u2122 SSG 08 | Dragonfire (Field-Tested)": {"sugprice": 3219.4841999999994, "profit": 331, "limit": 2905, "timest": 1701065992}, "\u2605 Broken Fang Gloves | Jade (Battle-Scarred)": {"sugprice": 6972.468125, "profit": 423, "limit": 6292, "timest": 1700997874}, "\u2605 Hydra Gloves | Rattler (Well-Worn)": {"sugprice": 4404.6918749999995, "profit": 284, "limit": 3975, "timest": 1700993982}, "StatTrak\u2122 USP-S | Neo-Noir (Field-Tested)": {"sugprice": 3207.4127272727274, "profit": 261, "limit": 2894, "timest": 1701066022}, "\u2605 Bloodhound Gloves | Guerrilla (Field-Tested)": {"sugprice": 5909.950555555555, "profit": 312, "limit": 5333, "timest": 1701058367}, "\u2605 Gut Knife | Bright Water (Field-Tested)": {"sugprice": 8214.048947368423, "profit": 580, "limit": 7413, "timest": 1701066245}, "\u2605 Hand Wraps | Constrictor (Field-Tested)": {"sugprice": 4769.488571428572, "profit": 263, "limit": 4304, "timest": 1701035271}, "\u2605 Hand Wraps | Desert Shamagh (Well-Worn)": {"sugprice": 4709.966428571429, "profit": 253, "limit": 4250, "timest": 1701066305}, "\u2605 Navaja Knife | Night Stripe (Field-Tested)": {"sugprice": 6921.722380952381, "profit": 525, "limit": 6246, "timest": 1701066488}, "\u2605 Navaja Knife | Urban Masked (Field-Tested)": {"sugprice": 6894.501111111113, "profit": 423, "limit": 6222, "timest": 1701066517}, "\u2605 Survival Knife | Scorched (Field-Tested)": {"sugprice": 7575.6641666666665, "profit": 546, "limit": 6837, "timest": 1701063743}, "\u2605 Moto Gloves | 3rd Commando Company (Field-Tested)": {"sugprice": 5511.375294117646, "profit": 384, "limit": 4974, "timest": 1701066404}, "StatTrak\u2122 USP-S | Neo-Noir (Battle-Scarred)": {"sugprice": 3066.572857142857, "profit": 158, "limit": 2767, "timest": 1701066020}, "StatTrak\u2122 USP-S | The Traitor (Battle-Scarred)": {"sugprice": 1858.7909999999997, "profit": 181, "limit": 1677, "timest": 1701066028}, "\u2605 Driver Gloves | Convoy (Battle-Scarred)": {"sugprice": 6076.433076923076, "profit": 291, "limit": 5483, "timest": 1700988787}, "USP-S | Neo-Noir (Minimal Wear)": {"sugprice": 1526.45, "profit": 107, "limit": 1377, "timest": 1701002939}, "USP-S | Kill Confirmed (Field-Tested)": {"sugprice": 3174.590810810811, "profit": 220, "limit": 2865, "timest": 1701066061}, "\u2605 Driver Gloves | Queen Jaguar (Battle-Scarred)": {"sugprice": 5327.048387096775, "profit": 334, "limit": 4807, "timest": 1701066216}, "\u2605 Hand Wraps | Desert Shamagh (Battle-Scarred)": {"sugprice": 4758.819743589742, "profit": 261, "limit": 4294, "timest": 1701066299}, "\u2605 Shadow Daggers | Freehand (Field-Tested)": {"sugprice": 8709.935, "profit": 419, "limit": 7860, "timest": 1701002426}, "\u2605 Specialist Gloves | Buckshot (Battle-Scarred)": {"sugprice": 4861.141764705883, "profit": 236, "limit": 4387, "timest": 1701033310}, "USP-S | Orion (Minimal Wear)": {"sugprice": 3996.0076, "profit": 340, "limit": 3606, "timest": 1701066079}, "USP-S | Caiman (Field-Tested)": {"sugprice": 3232.7668750000007, "profit": 221, "limit": 2917, "timest": 1701066055}, "\u2605 Sport Gloves | Bronze Morph (Battle-Scarred)": {"sugprice": 9930.814285714283, "profit": 476, "limit": 8962, "timest": 1701017777}, "\u2605 Bloodhound Gloves | Guerrilla (Battle-Scarred)": {"sugprice": 6188.637931034482, "profit": 519, "limit": 5585, "timest": 1701066138}, "USP-S | Printstream (Minimal Wear)": {"sugprice": 4115.11925925926, "profit": 209, "limit": 3713, "timest": 1701028728}, "\u2605 Moto Gloves | Turtle (Battle-Scarred)": {"sugprice": 7883.334615384615, "profit": 412, "limit": 7114, "timest": 1701066454}, "\u2605 Hand Wraps | Arboreal (Battle-Scarred)": {"sugprice": 5233.711212121211, "profit": 341, "limit": 4723, "timest": 1701066274}, "\u2605 Broken Fang Gloves | Yellow-banded (Battle-Scarred)": {"sugprice": 5696.556400000001, "profit": 405, "limit": 5141, "timest": 1701066187}, "StatTrak\u2122 USP-S | Printstream (Battle-Scarred)": {"sugprice": 4406.709545454545, "profit": 329, "limit": 3977, "timest": 1701066024}, "USP-S | Overgrowth (Field-Tested)": {"sugprice": 1666.8213043478268, "profit": 155, "limit": 1504, "timest": 1701066081}, "StatTrak\u2122 USP-S | Stainless (Battle-Scarred)": {"sugprice": 1030.452285714286, "profit": 125, "limit": 929, "timest": 1701066026}, "\u2605 Broken Fang Gloves | Needle Point (Battle-Scarred)": {"sugprice": 4921, "profit": 269, "limit": 4441, "timest": 1701065357}, "\u2605 Navaja Knife | Damascus Steel (Field-Tested)": {"sugprice": 7228.5824999999995, "profit": 531, "limit": 6523, "timest": 1701066471},