{"USP-S | Kill Confirmed (Well-Worn)": {"sugprice": 3221.0422500000004, "profit": 153, "limit": 2906, "timest": 1702000631}, "\u2605 Hydra Gloves | Rattler (Field-Tested)": {"sugprice": 4380.768, "profit": 215, "limit": 3953, "timest": 1702006615}, "\u2605 Moto Gloves | Transport (Battle-Scarred)": {"sugprice": 5376.956046511627, "profit": 264, "limit": 4852, "timest": 1701994429}, "\u2605 Broken Fang Gloves | Unhinged (Battle-Scarred)": {"sugprice": 5159.670599999999, "profit": 302, "limit": 4656, "timest": 1701985850}, "StatTrak\u2122 SSG 08 | Dragonfire (Field-Tested)": {"sugprice": 3120.755681818182, "profit": 149, "limit": 2816, "timest": 1702004250}, "\u2605 Bloodhound Gloves | Guerrilla (Field-Tested)": {"sugprice": 6134.446129032258, "profit": 476, "limit": 5536, "timest": 1701933455}, "StatTrak\u2122 USP-S | The Traitor (Battle-Scarred)": {"sugprice": 2238.3656, "profit": 124, "limit": 2020, "timest": 1702007400}, "\u2605 Moto Gloves | Turtle (Battle-Scarred)": {"sugprice": 7968.975200000002, "profit": 395, "limit": 7192, "timest": 1701949229}, "\u2605 Moto Gloves | Blood Pressure (Battle-Scarred)": {"sugprice": 8096, "profit": 576, "limit": 7306, "timest": 1701978971}, "\u2605 Gut Knife | Safari Mesh (Field-Tested)": {"sugprice": 7203, "profit": 381, "limit": 6500, "timest": 1701979879}, "\u2605 Gut Knife | Freehand (Field-Tested)": {"sugprice": 9074.332857142857, "profit": 445, "limit": 8189, "timest": 1701989220}, "USP-S | Neo-Noir (Factory New)": {"sugprice": 3195.209411764706, "profit": 179, "limit": 2883, "timest": 1702007472}, "\u2605 Driver Gloves | Convoy (Field-Tested)": {"sugprice": 6408.94, "profit": 458, "limit": 5784, "timest": 1702007747}, "\u2605 Specialist Gloves | Fade (Battle-Scarred)": {"sugprice": 15406.702142857142, "profit": 798, "limit": 13904, "timest": 1702008107}, "Tec-9 | Nuclear Threat (Battle-Scarred)": {"sugprice": 3102.8799999999997, "profit": 199, "limit": 2800, "timest": 1702007424}, "StatTrak\u2122 M4A4 | Neo-Noir (Well-Worn)": {"sugprice": 982, "profit": 108, "limit": 886, "timest": 1701958642}, "StatTrak\u2122 M4A4 | \u9f8d\u738b (Dragon King) (Field-Tested)": {"sugprice": 1612.061052631579, "profit": 145, "limit": 1454, "timest": 1702007185}, "\u2605 Bloodhound Gloves | Bronzed (Battle-Scarred)": {"sugprice": 6344.944210526316, "profit": 373, "limit": 5726, "timest": 1701946643}, "\u2605 Navaja Knife | Marble Fade (Factory New)": {"sugprice": 15146.996666666666, "profit": 750, "limit": 13670, "timest": 1701975008}, "\u2605 Shadow Daggers | Scorched (Field-Tested)": {"sugprice": 6997.043636363637, "profit": 346, "limit": 6314, "timest": 1701957148}, "StatTrak\u2122 M4A4 | The Battlestar (Field-Tested)": {"sugprice": 1521.131052631579, "profit": 147, "limit": 1372, "timest": 1702007151}, "StatTrak\u2122 M4A4 | The Emperor (Battle-Scarred)": {"sugprice": 2567.818125, "profit": 122, "limit": 2317, "timest": 1701962258}, "\u2605 Driver Gloves | Racing Green (Field-Tested)": {"sugprice": 4226.719999999999, "profit": 252, "limit": 3814, "timest": 1702007762}, "StatTrak\u2122 M4A4 | Temukau (Battle-Scarred)": {"sugprice": 2427.319111111112, "profit": 122, "limit": 2190, "timest": 1702004078}, "\u2605 Hand Wraps | Constrictor (Battle-Scarred)": {"sugprice": 5013.281999999999, "profit": 260, "limit": 4524, "timest": 1701995766}, "\u2605 Shadow Daggers | Black Laminate (Well-Worn)": {"sugprice": 7720.9722222222235, "profit": 513, "limit": 6968, "timest": 1701950258}, "USP-S | Monster Mashup (Minimal Wear)": {"sugprice": 2007.0370000000003, "profit": 100, "limit": 1811, "timest": 1701960374}, "\u2605 Shadow Daggers | Freehand (Field-Tested)": {"sugprice": 9377.39074074074, "profit": 622, "limit": 8463, "timest": 1702008072}, "\u2605 Bloodhound Gloves | Guerrilla (Battle-Scarred)": {"sugprice": 6227.0964, "profit": 415, "limit": 5619, "timest": 1702007674}, "\u2605 Driver Gloves | Convoy (Battle-Scarred)": {"sugprice": 6340.742333333332, "profit": 333, "limit": 5722, "timest": 1702000977}, "\u2605 Gut Knife | Boreal Forest (Field-Tested)": {"sugprice": 7592.953846153846, "profit": 423, "limit": 6852, "timest": 1701935782}, "\u2605 Navaja Knife | Urban Masked (Field-Tested)": {"sugprice": 6920.400952380953, "profit": 416, "limit": 6245, "timest": 1701937494}, "\u2605 Navaja Knife | Boreal Forest (Field-Tested)": {"sugprice": 6918.014399999999, "profit": 402, "limit": 6243, "timest": 1702007979}, "\u2605 Shadow Daggers | Boreal Forest (Field-Tested)": {"sugprice": 7240.460769230768, "profit": 368, "limit": 6534, "timest": 1701966588}, "\u2605 Gut Knife | Bright Water (Field-Tested)": {"sugprice": 8404.206666666667, "profit": 423, "limit": 7584, "timest": 1701998821}, "\u2605 Hydra Gloves | Rattler (Well-Worn)": {"sugprice": 4487.8265, "profit": 221, "limit": 4050, "timest": 1701966528}, "StatTrak\u2122 M4A4 | In Living Color (Field-Tested)": {"sugprice": 1307.4123809523812, "profit": 111, "limit": 1179, "timest": 1702007089}, "\u2605 Driver Gloves | Queen Jaguar (Field-Tested)": {"sugprice": 6402.779230769231, "profit": 338, "limit": 5778, "timest": 1701997408}, "\u2605 Bloodhound Gloves | Snakebite (Field-Tested)": {"sugprice": 6146.14923076923, "profit": 391, "limit": 5546, "timest": 1702007691}, "StatTrak\u2122 USP-S | Neo-Noir (Battle-Scarred)": {"sugprice": 3061.5930303030304, "profit": 161, "limit": 2763, "timest": 1702007386}, "\u2605 Specialist Gloves | Forest DDPAT (Battle-Scarred)": {"sugprice": 8826.016842105262, "profit": 474, "limit": 7965, "timest": 1702008109}, "\u2605 Moto Gloves | Smoke Out (Battle-Scarred)": {"sugprice": 8087.535555555556, "profit": 385, "limit": 7299, "timest": 1701999152}, "\u2605 Hand Wraps | Giraffe (Battle-Scarred)": {"sugprice": 6250.202058823529, "profit": 297, "limit": 5640, "timest": 1701987903}, "\u2605 Shadow Daggers | Forest DDPAT (Field-Tested)": {"sugprice": 7324.248000000001, "profit": 361, "limit": 6610, "timest": 1702003832}, "\u2605 Gut Knife | Forest DDPAT (Field-Tested)": {"sugprice": 7664.379999999999, "profit": 365, "limit": 6917, "timest": 1702004553}, "USP-S | Printstream (Field-Tested)": {"sugprice": 3182.5802272727265, "profit": 167, "limit": 2872, "timest": 1702007502}, "StatTrak\u2122 SSG 08 | Bloodshot (Field-Tested)": {"sugprice": 1691.0949999999998, "profit": 107, "limit": 1526, "timest": 1701962368}, "\u2605 Navaja Knife | Rust Coat (Battle-Scarred)": {"sugprice": 6980.2928571428565, "profit": 370, "limit": 6299, "timest": 1702008003}, "StatTrak\u2122 PP-Bizon | Judgement of Anubis (Field-Tested)": {"sugprice": 1153, "profit": 181, "limit": 1040, "timest": 1702007279}, "\u2605 Navaja Knife | Night Stripe (Field-Tested)": {"sugprice": 6860.861176470588, "profit": 388, "limit": 6191, "timest": 1702007995}, "\u2605 Paracord Knife | Forest DDPAT (Field-Tested)": {"sugprice": 8231.133214285714, "profit": 404, "limit": 7428, "timest": 1702003814}, "\u2605 Shadow Daggers | Ultraviolet (Field-Tested)": {"sugprice": 9197, "profit": 544, "limit": 8300, "timest": 1702008095}, "\u2605 Survival Knife | Forest DDPAT (Field-Tested)": {"sugprice": 8074.56, "profit": 385, "limit": 7287, "timest": 1701952763}, "\u2605 Hydra Gloves | Emerald (Field-Tested)": {"sugprice": 4779.634897959181, "profit": 230, "limit": 4313, "timest": 1701992385}, "\u2605 Driver Gloves | Queen Jaguar (Battle-Scarred)": {"sugprice": 6203.624545454546, "profit": 447, "limit": 5598, "timest": 1702007753}, "\u2605 Driver Gloves | Racing Green (Battle-Scarred)": {"sugprice": 4012.865609756098, "profit": 228, "limit": 3621, "timest": 1701959705}, "\u2605 Survival Knife | Boreal Forest (Field-Tested)": {"sugprice": 7979.333888888889, "profit": 402, "limit": 7201, "timest": 1702008120}, "StatTrak\u2122 M4A4 | X-Ray (Minimal Wear)": {"sugprice": 4704.374285714286, "profit": 241, "limit": 4245, "timest": 1702005981}, "\u2605 Gut Knife | Doppler (Factory New)": {"sugprice": 16569.69615384616, "profit": 883, "limit": 14954, "timest": 1702004551},