{"StatTrak\u2122 M4A4 | The Battlestar (Field-Tested)": {"sugprice": 1372.6359090909093, "profit": 100, "limit": 1238, "timest": 1702644596}, "StatTrak\u2122 M4A4 | The Emperor (Battle-Scarred)": {"sugprice": 2607.8096875, "profit": 147, "limit": 2353, "timest": 1702662082}, "StatTrak\u2122 M4A4 | \u9f8d\u738b (Dragon King) (Field-Tested)": {"sugprice": 1517.8817499999998, "profit": 124, "limit": 1369, "timest": 1702662094}, "StatTrak\u2122 MAC-10 | Toybox (Battle-Scarred)": {"sugprice": 598.6744444444444, "profit": 107, "limit": 540, "timest": 1702662102}, "StatTrak\u2122 MP7 | Bloodsport (Factory New)": {"sugprice": 1342.7794999999999, "profit": 108, "limit": 1211, "timest": 1702662104}, "StatTrak\u2122 MP9 | Hypnotic (Factory New)": {"sugprice": 3479.9432432432436, "profit": 199, "limit": 3140, "timest": 1702662118}, "StatTrak\u2122 P90 | Asiimov (Battle-Scarred)": {"sugprice": 1410.7105405405407, "profit": 113, "limit": 1273, "timest": 1702662141}, "StatTrak\u2122 PP-Bizon | Judgement of Anubis (Field-Tested)": {"sugprice": 993.7982352941176, "profit": 106, "limit": 896, "timest": 1702655801}, "StatTrak\u2122 SSG 08 | Bloodshot (Field-Tested)": {"sugprice": 1982.84, "profit": 124, "limit": 1789, "timest": 1702662233}, "StatTrak\u2122 Tec-9 | Decimator (Battle-Scarred)": {"sugprice": 1979, "profit": 233, "limit": 1786, "timest": 1702662245}, "StatTrak\u2122 USP-S | Monster Mashup (Field-Tested)": {"sugprice": 1881, "profit": 142, "limit": 1697, "timest": 1702639750}, "StatTrak\u2122 USP-S | Neo-Noir (Battle-Scarred)": {"sugprice": 3103.371071428571, "profit": 213, "limit": 2800, "timest": 1702662264}, "StatTrak\u2122 USP-S | Neo-Noir (Field-Tested)": {"sugprice": 3139.1282608695656, "profit": 249, "limit": 2833, "timest": 1702662265}, "StatTrak\u2122 USP-S | The Traitor (Battle-Scarred)": {"sugprice": 2027.4507692307689, "profit": 111, "limit": 1829, "timest": 1702662272}, "Tec-9 | Nuclear Threat (Battle-Scarred)": {"sugprice": 3514, "profit": 510, "limit": 3171, "timest": 1702662277}, "Tec-9 | Titanium Bit (Factory New)": {"sugprice": 597.9779999999998, "profit": 101, "limit": 539, "timest": 1702628429}, "USP-S | Kill Confirmed (Battle-Scarred)": {"sugprice": 3050.98387755102, "profit": 174, "limit": 2753, "timest": 1702662304}, "USP-S | Kill Confirmed (Well-Worn)": {"sugprice": 3162.7757999999994, "profit": 224, "limit": 2854, "timest": 1702662307}, "USP-S | Neo-Noir (Factory New)": {"sugprice": 3178.813749999999, "profit": 273, "limit": 2868, "timest": 1702662312}, "USP-S | Overgrowth (Field-Tested)": {"sugprice": 1782.4269999999995, "profit": 102, "limit": 1608, "timest": 1702662319}, "USP-S | The Traitor (Minimal Wear)": {"sugprice": 1446.6851612903224, "profit": 102, "limit": 1305, "timest": 1702655977}, "\u2605 Bloodhound Gloves | Bronzed (Battle-Scarred)": {"sugprice": 6322.893999999999, "profit": 335, "limit": 5706, "timest": 1702662345}, "\u2605 Bloodhound Gloves | Guerrilla (Battle-Scarred)": {"sugprice": 6150.276666666666, "profit": 397, "limit": 5550, "timest": 1702662349}, "\u2605 Bloodhound Gloves | Snakebite (Field-Tested)": {"sugprice": 5898.864166666669, "profit": 308, "limit": 5323, "timest": 1702649410}, "\u2605 Broken Fang Gloves | Needle Point (Battle-Scarred)": {"sugprice": 4967.981428571429, "profit": 248, "limit": 4483, "timest": 1702658701}, "\u2605 Broken Fang Gloves | Needle Point (Well-Worn)": {"sugprice": 5076.459999999999, "profit": 246, "limit": 4581, "timest": 1702662367}, "\u2605 Broken Fang Gloves | Yellow-banded (Battle-Scarred)": {"sugprice": 5920.177999999999, "profit": 323, "limit": 5342, "timest": 1702642764}, "\u2605 Broken Fang Gloves | Yellow-banded (Field-Tested)": {"sugprice": 6188.296551724139, "profit": 308, "limit": 5584, "timest": 1702661802}, "\u2605 Driver Gloves | Convoy (Field-Tested)": {"sugprice": 6395.7582142857145, "profit": 430, "limit": 5772, "timest": 1702662378}, "\u2605 Driver Gloves | Diamondback (Battle-Scarred)": {"sugprice": 7030.352000000001, "profit": 337, "limit": 6344, "timest": 1702661808}, "\u2605 Driver Gloves | Queen Jaguar (Battle-Scarred)": {"sugprice": 5660.0856, "profit": 356, "limit": 5108, "timest": 1702662383}, "\u2605 Driver Gloves | Queen Jaguar (Field-Tested)": {"sugprice": 5790.035999999999, "profit": 315, "limit": 5225, "timest": 1702637029}, "\u2605 Falchion Knife | Rust Coat (Battle-Scarred)": {"sugprice": 8793.592499999999, "profit": 453, "limit": 7936, "timest": 1702662395}, "\u2605 Falchion Knife | Ultraviolet (Battle-Scarred)": {"sugprice": 10033.496363636365, "profit": 479, "limit": 9055, "timest": 1702659803}, "\u2605 Gut Knife | Bright Water (Field-Tested)": {"sugprice": 8540.827142857142, "profit": 472, "limit": 7708, "timest": 1702662474}, "\u2605 Hand Wraps | Arboreal (Field-Tested)": {"sugprice": 5859.532692307693, "profit": 314, "limit": 5288, "timest": 1702662492}, "\u2605 Hand Wraps | Badlands (Battle-Scarred)": {"sugprice": 7327.4929999999995, "profit": 470, "limit": 6613, "timest": 1702662494}, "\u2605 Hand Wraps | CAUTION! (Battle-Scarred)": {"sugprice": 13518.045555555555, "profit": 1010, "limit": 12200, "timest": 1702645322}, "\u2605 Hand Wraps | Constrictor (Battle-Scarred)": {"sugprice": 4840.575624999999, "profit": 268, "limit": 4368, "timest": 1702660386}, "\u2605 Hand Wraps | Constrictor (Well-Worn)": {"sugprice": 4758.2300000000005, "profit": 227, "limit": 4294, "timest": 1702628778}, "\u2605 Hand Wraps | Desert Shamagh (Battle-Scarred)": {"sugprice": 5072.687599999999, "profit": 309, "limit": 4578, "timest": 1702662509}, "\u2605 Hand Wraps | Giraffe (Battle-Scarred)": {"sugprice": 5579.653125, "profit": 370, "limit": 5035, "timest": 1702662522}, "\u2605 Huntsman Knife | Rust Coat (Battle-Scarred)": {"sugprice": 8617.654375, "profit": 433, "limit": 7777, "timest": 1702648131}, "\u2605 Huntsman Knife | Ultraviolet (Field-Tested)": {"sugprice": 9985.37, "profit": 530, "limit": 9011, "timest": 1702662532}, "\u2605 Hydra Gloves | Case Hardened (Battle-Scarred)": {"sugprice": 7406.055833333332, "profit": 638, "limit": 6683, "timest": 1702662533}, "\u2605 Hydra Gloves | Mangrove (Battle-Scarred)": {"sugprice": 3982.888095238095, "profit": 221, "limit": 3594, "timest": 1702636606}, "\u2605 Hydra Gloves | Mangrove (Field-Tested)": {"sugprice": 4040.4437500000004, "profit": 192, "limit": 3646, "timest": 1702653419}, "\u2605 Hydra Gloves | Rattler (Battle-Scarred)": {"sugprice": 4041.1142857142854, "profit": 266, "limit": 3647, "timest": 1702662632}, "\u2605 Moto Gloves | 3rd Commando Company (Battle-Scarred)": {"sugprice": 5085.0722, "profit": 287, "limit": 4589, "timest": 1702662641}, "\u2605 Moto Gloves | Boom! (Battle-Scarred)": {"sugprice": 7022.840869565217, "profit": 701, "limit": 6338, "timest": 1702659877}, "\u2605 Moto Gloves | Finish Line (Battle-Scarred)": {"sugprice": 7413.100869565219, "profit": 617, "limit": 6690, "timest": 1702657145}, "\u2605 Moto Gloves | POW! (Battle-Scarred)": {"sugprice": 8484.647333333332, "profit": 669, "limit": 7657, "timest": 1702662660}, "\u2605 Moto Gloves | Smoke Out (Battle-Scarred)": {"sugprice": 7297.749047619048, "profit": 359, "limit": 6586, "timest": 1702651343}, "\u2605 Moto Gloves | Transport (Field-Tested)": {"sugprice": 5587, "profit": 297, "limit": 5042, "timest": 1702657640}, "\u2605 Navaja Knife | Forest DDPAT (Field-Tested)": {"sugprice": 6901.863400000001, "profit": 367, "limit": 6228, "timest": 1702662673}, "\u2605 Navaja Knife | Marble Fade (Factory New)": {"sugprice": 14880.762105263157, "profit": 803, "limit": 13429, "timest": 1702662675}, "\u2605 Navaja Knife | Night Stripe (Field-Tested)": {"sugprice": 6995.898823529411, "profit": 476, "limit": 6313, "timest": 1702662678}, "\u2605 Navaja Knife | Rust Coat (Battle-Scarred)": {"sugprice": 6936.7210000000005, "profit": 417, "limit": 6260, "timest": 1702662680}, "\u2605 Navaja Knife | Safari Mesh (Battle-Scarred)": {"sugprice": 6833.7919999999995, "profit": 479, "limit": 6167, "timest": 1702657167},