{"USP-S | Kill Confirmed (Well-Worn)": {"sugprice": 3159.051219512195, "profit": 171, "limit": 2851, "timest": 1701794189}, "\u2605 Hydra Gloves | Rattler (Field-Tested)": {"sugprice": 4187.5389583333335, "profit": 213, "limit": 3779, "timest": 1701781457}, "\u2605 Moto Gloves | Transport (Battle-Scarred)": {"sugprice": 5428.774000000001, "profit": 325, "limit": 4899, "timest": 1701801818}, "\u2605 Broken Fang Gloves | Unhinged (Battle-Scarred)": {"sugprice": 5219.240599999999, "profit": 353, "limit": 4710, "timest": 1701801440}, "USP-S | Neo-Noir (Well-Worn)": {"sugprice": 1408, "profit": 100, "limit": 1270, "timest": 1701796797}, "StatTrak\u2122 SSG 08 | Dragonfire (Field-Tested)": {"sugprice": 3202.0748484848477, "profit": 184, "limit": 2889, "timest": 1701801026}, "\u2605 Bloodhound Gloves | Guerrilla (Field-Tested)": {"sugprice": 6194.4538095238095, "profit": 385, "limit": 5590, "timest": 1701801380}, "\u2605 Hand Wraps | Desert Shamagh (Well-Worn)": {"sugprice": 5073.344444444443, "profit": 256, "limit": 4578, "timest": 1701797175}, "StatTrak\u2122 USP-S | The Traitor (Battle-Scarred)": {"sugprice": 2102.2797727272728, "profit": 154, "limit": 1897, "timest": 1701801143}, "\u2605 Moto Gloves | Turtle (Battle-Scarred)": {"sugprice": 8205.582857142857, "profit": 524, "limit": 7405, "timest": 1701795981}, "StatTrak\u2122 USP-S | Monster Mashup (Field-Tested)": {"sugprice": 1823, "profit": 112, "limit": 1645, "timest": 1701770364}, "\u2605 Bloodhound Gloves | Bronzed (Field-Tested)": {"sugprice": 6382.195500000001, "profit": 362, "limit": 5759, "timest": 1701801364}, "\u2605 Hydra Gloves | Emerald (Battle-Scarred)": {"sugprice": 4732.6925, "profit": 242, "limit": 4271, "timest": 1701716804}, "\u2605 Moto Gloves | Blood Pressure (Battle-Scarred)": {"sugprice": 8482, "profit": 455, "limit": 7655, "timest": 1701801764}, "\u2605 Hand Wraps | Duct Tape (Battle-Scarred)": {"sugprice": 5227.938260869565, "profit": 303, "limit": 4718, "timest": 1701785303}, "\u2605 Gut Knife | Safari Mesh (Field-Tested)": {"sugprice": 7378.761428571429, "profit": 481, "limit": 6659, "timest": 1701801633}, "\u2605 Gut Knife | Freehand (Field-Tested)": {"sugprice": 9016.266666666666, "profit": 889, "limit": 8137, "timest": 1701801563}, "USP-S | Neo-Noir (Factory New)": {"sugprice": 3245.908461538462, "profit": 278, "limit": 2929, "timest": 1701801246}, "\u2605 Driver Gloves | Convoy (Field-Tested)": {"sugprice": 6453.038181818183, "profit": 425, "limit": 5823, "timest": 1701801459}, "\u2605 Hand Wraps | Constrictor (Well-Worn)": {"sugprice": 4942.604117647058, "profit": 260, "limit": 4460, "timest": 1701801666}, "\u2605 Shadow Daggers | Damascus Steel (Field-Tested)": {"sugprice": 7820, "profit": 465, "limit": 7057, "timest": 1701792494}, "\u2605 Hydra Gloves | Mangrove (Field-Tested)": {"sugprice": 4326.39, "profit": 206, "limit": 3904, "timest": 1701763108}, "USP-S | The Traitor (Minimal Wear)": {"sugprice": 1362.7525, "profit": 114, "limit": 1229, "timest": 1701783641}, "\u2605 Specialist Gloves | Fade (Battle-Scarred)": {"sugprice": 15263.96, "profit": 869, "limit": 13775, "timest": 1701802011}, "\u2605 Shadow Daggers | Autotronic (Field-Tested)": {"sugprice": 9417.873000000001, "profit": 496, "limit": 8499, "timest": 1701769167}, "USP-S | Kill Confirmed (Battle-Scarred)": {"sugprice": 3130.8265306122444, "profit": 193, "limit": 2825, "timest": 1701753102}, "\u2605 Broken Fang Gloves | Needle Point (Field-Tested)": {"sugprice": 5075.7642857142855, "profit": 242, "limit": 4580, "timest": 1701795657}, "USP-S | Orion (Field-Tested)": {"sugprice": 4058.181489361702, "profit": 254, "limit": 3662, "timest": 1701801265}, "\u2605 Hand Wraps | Desert Shamagh (Field-Tested)": {"sugprice": 5148.249772727272, "profit": 412, "limit": 4646, "timest": 1701800310}, "\u2605 Hydra Gloves | Rattler (Battle-Scarred)": {"sugprice": 4139.305476190477, "profit": 201, "limit": 3735, "timest": 1701780044}, "Tec-9 | Nuclear Threat (Battle-Scarred)": {"sugprice": 3061.493, "profit": 203, "limit": 2762, "timest": 1701801170}, "USP-S | Purple DDPAT (Minimal Wear)": {"sugprice": 1015.35, "profit": 104, "limit": 916, "timest": 1701799989}, "\u2605 Broken Fang Gloves | Yellow-banded (Field-Tested)": {"sugprice": 6212.989166666665, "profit": 327, "limit": 5607, "timest": 1701789596}, "\u2605 Falchion Knife | Rust Coat (Battle-Scarred)": {"sugprice": 8376.462, "profit": 457, "limit": 7559, "timest": 1701722157}, "StatTrak\u2122 M4A4 | Buzz Kill (Field-Tested)": {"sugprice": 2042.6653846153847, "profit": 166, "limit": 1843, "timest": 1701776909}, "StatTrak\u2122 M4A4 | Desert-Strike (Field-Tested)": {"sugprice": 1496.2484848484844, "profit": 100, "limit": 1350, "timest": 1701761397}, "StatTrak\u2122 M4A4 | In Living Color (Battle-Scarred)": {"sugprice": 1203.0053125, "profit": 147, "limit": 1085, "timest": 1701800800}, "StatTrak\u2122 M4A4 | Neo-Noir (Well-Worn)": {"sugprice": 1007.4727777777777, "profit": 114, "limit": 909, "timest": 1701797662}, "StatTrak\u2122 M4A4 | \u9f8d\u738b (Dragon King) (Field-Tested)": {"sugprice": 1547.1235714285715, "profit": 106, "limit": 1396, "timest": 1701758831}, "StatTrak\u2122 USP-S | Monster Mashup (Battle-Scarred)": {"sugprice": 1828, "profit": 113, "limit": 1649, "timest": 1701771097}, "\u2605 Bloodhound Gloves | Bronzed (Battle-Scarred)": {"sugprice": 6425.602857142857, "profit": 416, "limit": 5799, "timest": 1701801361}, "\u2605 Navaja Knife | Marble Fade (Factory New)": {"sugprice": 15838.534545454546, "profit": 1253, "limit": 14294, "timest": 1701791134}, "\u2605 Shadow Daggers | Scorched (Field-Tested)": {"sugprice": 7018.8425, "profit": 554, "limit": 6334, "timest": 1701801973}, "StatTrak\u2122 M4A4 | The Battlestar (Field-Tested)": {"sugprice": 1464.3533333333332, "profit": 140, "limit": 1321, "timest": 1701800861}, "\u2605 Navaja Knife | Ultraviolet (Field-Tested)": {"sugprice": 7229.304285714285, "profit": 400, "limit": 6524, "timest": 1701785515}, "StatTrak\u2122 M4A4 | The Emperor (Battle-Scarred)": {"sugprice": 2707, "profit": 151, "limit": 2443, "timest": 1701800863}, "USP-S | Whiteout (Minimal Wear)": {"sugprice": 2676.5741666666668, "profit": 157, "limit": 2415, "timest": 1701790644}, "\u2605 Bowie Knife | Rust Coat (Battle-Scarred)": {"sugprice": 8389.823, "profit": 478, "limit": 7571, "timest": 1701801406}, "\u2605 Driver Gloves | Racing Green (Field-Tested)": {"sugprice": 3967.636530612244, "profit": 237, "limit": 3580, "timest": 1701792145}, "StatTrak\u2122 M4A4 | Temukau (Battle-Scarred)": {"sugprice": 2411.887021276596, "profit": 151, "limit": 2176, "timest": 1701800856}, "\u2605 Hand Wraps | Constrictor (Battle-Scarred)": {"sugprice": 4933.002888888889, "profit": 323, "limit": 4452, "timest": 1701801650}, "\u2605 Shadow Daggers | Black Laminate (Well-Worn)": {"sugprice": 7554.584000000001, "profit": 445, "limit": 6818, "timest": 1701801928}, "USP-S | Monster Mashup (Minimal Wear)": {"sugprice": 2052.9466666666667, "profit": 206, "limit": 1852, "timest": 1701801222}, "\u2605 Shadow Daggers | Freehand (Field-Tested)": {"sugprice": 9228, "profit": 683, "limit": 8328, "timest": 1701789995}, "\u2605 Huntsman Knife | Bright Water (Field-Tested)": {"sugprice": 10444.223333333335, "profit": 532, "limit": 9425, "timest": 1701775238}, "\u2605 Bloodhound Gloves | Guerrilla (Battle-Scarred)": {"sugprice": 6301.237368421053, "profit": 422, "limit": 5686, "timest": 1701801370}, "\u2605 Driver Gloves | Convoy (Battle-Scarred)": {"sugprice": 6355.080400000003, "profit": 378, "limit": 5735, "timest": 1701801453}, "\u2605 Gut Knife | Boreal Forest (Field-Tested)": {"sugprice": 7492.1322222222225, "profit": 396, "limit": 6761, "timest": 1701801533}, "\u2605 Navaja Knife | Urban Masked (Field-Tested)": {"sugprice": 6930, "profit": 352, "limit": 6254, "timest": 1701801903}, "\u2605 Hand Wraps | Cobalt Skulls (Battle-Scarred)": {"sugprice": 21875.793333333335, "profit": 1345, "limit": 19742, "timest": 1701783898},