{"\u2605 Hand Wraps | CAUTION! (Battle-Scarred)": {"sugprice": 14934.598125, "profit": 870, "limit": 13478, "timest": 1708307524}, "USP-S | Royal Blue (Field-Tested)": {"sugprice": 1335.83, "profit": 101, "limit": 1205, "timest": 1708327143}, "\u2605 Driver Gloves | Black Tie (Battle-Scarred)": {"sugprice": 10610.394285714285, "profit": 656, "limit": 9575, "timest": 1708327221}, "\u2605 Gut Knife | Doppler (Factory New)": {"sugprice": 17256.91125, "profit": 1694, "limit": 15574, "timest": 1708327291}, "\u2605 Navaja Knife | Ultraviolet (Battle-Scarred)": {"sugprice": 7321.156, "profit": 348, "limit": 6607, "timest": 1708278987}, "USP-S | Monster Mashup (Minimal Wear)": {"sugprice": 2260.0857894736837, "profit": 122, "limit": 2039, "timest": 1708327099}, "\u2605 Gut Knife | Safari Mesh (Field-Tested)": {"sugprice": 7511.262777777777, "profit": 359, "limit": 6778, "timest": 1708250674}, "StatTrak\u2122 P2000 | Imperial Dragon (Field-Tested)": {"sugprice": 849.8539999999998, "profit": 103, "limit": 766, "timest": 1708324909}, "USP-S | Serum (Minimal Wear)": {"sugprice": 3270.74, "profit": 159, "limit": 2951, "timest": 1708273381}, "\u2605 Huntsman Knife | Lore (Battle-Scarred)": {"sugprice": 14279.802307692307, "profit": 770, "limit": 12887, "timest": 1708283574}, "\u2605 Hydra Gloves | Rattler (Well-Worn)": {"sugprice": 4609.48347826087, "profit": 219, "limit": 4160, "timest": 1708274935}, "\u2605 Falchion Knife | Ultraviolet (Battle-Scarred)": {"sugprice": 10431, "profit": 592, "limit": 9413, "timest": 1708327263}, "\u2605 Hand Wraps | Giraffe (Well-Worn)": {"sugprice": 6039, "profit": 477, "limit": 5450, "timest": 1708327342}, "\u2605 Driver Gloves | Diamondback (Battle-Scarred)": {"sugprice": 7239.9816666666675, "profit": 657, "limit": 6534, "timest": 1708327227}, "StatTrak\u2122 USP-S | Neo-Noir (Field-Tested)": {"sugprice": 3519.2069696969693, "profit": 239, "limit": 3176, "timest": 1708327019}, "\u2605 Specialist Gloves | Crimson Web (Battle-Scarred)": {"sugprice": 12208.509090909092, "profit": 580, "limit": 11018, "timest": 1708273103}, "\u2605 Shadow Daggers | Ultraviolet (Battle-Scarred)": {"sugprice": 8207.458571428573, "profit": 390, "limit": 7407, "timest": 1708308353}, "\u2605 Specialist Gloves | Fade (Battle-Scarred)": {"sugprice": 15263.72181818182, "profit": 924, "limit": 13775, "timest": 1708299137}, "\u2605 Paracord Knife | Safari Mesh (Field-Tested)": {"sugprice": 8047.938000000003, "profit": 419, "limit": 7263, "timest": 1708327446}, "StatTrak\u2122 USP-S | Caiman (Field-Tested)": {"sugprice": 5207.477619047619, "profit": 282, "limit": 4699, "timest": 1708326995}, "\u2605 Hand Wraps | Constrictor (Field-Tested)": {"sugprice": 5604.343636363636, "profit": 403, "limit": 5057, "timest": 1708318217}, "USP-S | Whiteout (Field-Tested)": {"sugprice": 2237.6129032258063, "profit": 107, "limit": 2019, "timest": 1708269402}, "\u2605 Specialist Gloves | Marble Fade (Battle-Scarred)": {"sugprice": 14172, "profit": 907, "limit": 12790, "timest": 1708326216}, "\u2605 Moto Gloves | 3rd Commando Company (Well-Worn)": {"sugprice": 5636.461, "profit": 481, "limit": 5086, "timest": 1708267695}, "\u2605 Navaja Knife | Crimson Web (Battle-Scarred)": {"sugprice": 8615.454166666666, "profit": 570, "limit": 7775, "timest": 1708327404}, "\u2605 Falchion Knife | Ultraviolet (Field-Tested)": {"sugprice": 10851.504444444443, "profit": 566, "limit": 9793, "timest": 1708327267}, "\u2605 Shadow Daggers | Freehand (Field-Tested)": {"sugprice": 9076.118666666667, "profit": 525, "limit": 8191, "timest": 1708284374}, "\u2605 Falchion Knife | Lore (Battle-Scarred)": {"sugprice": 14692.67909090909, "profit": 1100, "limit": 13260, "timest": 1708327260}, "\u2605 Hand Wraps | Desert Shamagh (Battle-Scarred)": {"sugprice": 5304.434047619046, "profit": 291, "limit": 4787, "timest": 1708327325}, "USP-S | Kill Confirmed (Battle-Scarred)": {"sugprice": 3469.1818000000003, "profit": 237, "limit": 3130, "timest": 1708327090}, "USP-S | Purple DDPAT (Minimal Wear)": {"sugprice": 1323.9199999999998, "profit": 164, "limit": 1194, "timest": 1708327139}, "\u2605 Hydra Gloves | Mangrove (Field-Tested)": {"sugprice": 4440.836222222221, "profit": 241, "limit": 4007, "timest": 1708255658}, "\u2605 Falchion Knife | Black Laminate (Well-Worn)": {"sugprice": 10967, "profit": 1097, "limit": 9897, "timest": 1708327258}, "StatTrak\u2122 MP9 | Hypnotic (Factory New)": {"sugprice": 3122.6047619047617, "profit": 157, "limit": 2818, "timest": 1708326911}, "\u2605 Sport Gloves | Bronze Morph (Battle-Scarred)": {"sugprice": 10448.32289473684, "profit": 505, "limit": 9429, "timest": 1708287116}, "\u2605 Gut Knife | Boreal Forest (Field-Tested)": {"sugprice": 7722.483571428572, "profit": 393, "limit": 6969, "timest": 1708308096}, "\u2605 Hydra Gloves | Case Hardened (Battle-Scarred)": {"sugprice": 8127.231428571429, "profit": 490, "limit": 7334, "timest": 1708327367}, "StatTrak\u2122 USP-S | The Traitor (Battle-Scarred)": {"sugprice": 2445.9828260869563, "profit": 117, "limit": 2207, "timest": 1708305948}, "USP-S | Whiteout (Battle-Scarred)": {"sugprice": 2085.165333333334, "profit": 105, "limit": 1881, "timest": 1708285394}, "\u2605 Navaja Knife | Doppler (Factory New)": {"sugprice": 17901.50833333333, "profit": 1004, "limit": 16156, "timest": 1708327406}, "\u2605 Paracord Knife | Forest DDPAT (Battle-Scarred)": {"sugprice": 8384.182727272728, "profit": 525, "limit": 7566, "timest": 1708327443}, "\u2605 Broken Fang Gloves | Yellow-banded (Battle-Scarred)": {"sugprice": 5611, "profit": 308, "limit": 5063, "timest": 1708264787}, "\u2605 Gut Knife | Rust Coat (Battle-Scarred)": {"sugprice": 8002.957499999998, "profit": 519, "limit": 7222, "timest": 1708327301}, "\u2605 Paracord Knife | Boreal Forest (Field-Tested)": {"sugprice": 8329.570000000002, "profit": 396, "limit": 7517, "timest": 1708319632}, "\u2605 Navaja Knife | Marble Fade (Factory New)": {"sugprice": 15852.344000000001, "profit": 1243, "limit": 14306, "timest": 1708327407}, "StatTrak\u2122 MP7 | Bloodsport (Factory New)": {"sugprice": 1377.18, "profit": 138, "limit": 1242, "timest": 1708320983}, "StatTrak\u2122 SSG 08 | Dragonfire (Field-Tested)": {"sugprice": 3092.7338297872334, "profit": 257, "limit": 2791, "timest": 1708283859}, "\u2605 Hydra Gloves | Rattler (Battle-Scarred)": {"sugprice": 4474.147142857143, "profit": 214, "limit": 4037, "timest": 1708269617}, "StatTrak\u2122 USP-S | Monster Mashup (Battle-Scarred)": {"sugprice": 1896.192105263158, "profit": 100, "limit": 1711, "timest": 1708257353}, "\u2605 Moto Gloves | 3rd Commando Company (Battle-Scarred)": {"sugprice": 5793.546136363635, "profit": 324, "limit": 5228, "timest": 1708259704}, "\u2605 Shadow Daggers | Safari Mesh (Field-Tested)": {"sugprice": 7279.824444444444, "profit": 629, "limit": 6570, "timest": 1708327491}, "\u2605 Specialist Gloves | Lt. Commander (Battle-Scarred)": {"sugprice": 10980.342, "profit": 522, "limit": 9909, "timest": 1708308378}, "\u2605 Driver Gloves | Convoy (Battle-Scarred)": {"sugprice": 6420.387037037038, "profit": 349, "limit": 5794, "timest": 1708327223}, "\u2605 Shadow Daggers | Scorched (Field-Tested)": {"sugprice": 7582.356363636365, "profit": 371, "limit": 6843, "timest": 1708327493}, "StatTrak\u2122 Tec-9 | Decimator (Battle-Scarred)": {"sugprice": 1864.8035714285718, "profit": 121, "limit": 1682, "timest": 1708326979}, "USP-S | Kill Confirmed (Field-Tested)": {"sugprice": 3904.3025, "profit": 210, "limit": 3523, "timest": 1708327091}, "\u2605 Broken Fang Gloves | Unhinged (Battle-Scarred)": {"sugprice": 5575.815799999999, "profit": 364, "limit": 5032, "timest": 1708321928}, "\u2605 Navaja Knife | Ultraviolet (Field-Tested)": {"sugprice": 7360.897222222224, "profit": 358, "limit": 6643, "timest": 1708299052}, "\u2605 Broken Fang Gloves | Yellow-banded (Field-Tested)": {"sugprice": 6609.196363636364, "profit": 321, "limit": 5964, "timest": 1708288228}, "\u2605 Hydra Gloves | Case Hardened (Field-Tested)": {"sugprice": 9080.172727272728,