{"StatTrak\u2122 M4A1-S | Player Two (Battle-Scarred)": {"sugprice": 3208.8770588235293, "profit": 248, "limit": 2896, "timest": 1699713326}, "USP-S | Kill Confirmed (Well-Worn)": {"sugprice": 3563, "profit": 292, "limit": 3215, "timest": 1699713894}, "USP-S | Overgrowth (Field-Tested)": {"sugprice": 1930.8264516129032, "profit": 142, "limit": 1742, "timest": 1699692564}, "\u2605 Hydra Gloves | Case Hardened (Battle-Scarred)": {"sugprice": 7096.477272727273, "profit": 511, "limit": 6404, "timest": 1699692788}, "\u2605 Moto Gloves | Turtle (Battle-Scarred)": {"sugprice": 9048.102222222222, "profit": 464, "limit": 8165, "timest": 1699714058}, "\u2605 Navaja Knife | Scorched (Field-Tested)": {"sugprice": 7274.241914893616, "profit": 628, "limit": 6565, "timest": 1699712524}, "USP-S | Kill Confirmed (Field-Tested)": {"sugprice": 3563.008387096774, "profit": 193, "limit": 3215, "timest": 1699689306}, "\u2605 Driver Gloves | Racing Green (Battle-Scarred)": {"sugprice": 4100.624999999999, "profit": 256, "limit": 3700, "timest": 1699713985}, "StatTrak\u2122 M4A4 | Royal Paladin (Battle-Scarred)": {"sugprice": 2381.568823529411, "profit": 223, "limit": 2149, "timest": 1699713429}, "StatTrak\u2122 M4A4 | Temukau (Field-Tested)": {"sugprice": 4052, "profit": 285, "limit": 3656, "timest": 1699713460}, "StatTrak\u2122 M4A4 | The Emperor (Battle-Scarred)": {"sugprice": 2543.011428571429, "profit": 124, "limit": 2295, "timest": 1699640812}, "StatTrak\u2122 USP-S | Printstream (Battle-Scarred)": {"sugprice": 5002.618378378378, "profit": 308, "limit": 4514, "timest": 1699713851}, "StatTrak\u2122 USP-S | The Traitor (Well-Worn)": {"sugprice": 2174.890689655172, "profit": 110, "limit": 1962, "timest": 1699713857}, "USP-S | Caiman (Field-Tested)": {"sugprice": 3246, "profit": 190, "limit": 2929, "timest": 1699713881}, "USP-S | Printstream (Minimal Wear)": {"sugprice": 4898.324374999999, "profit": 320, "limit": 4420, "timest": 1699713920}, "USP-S | Whiteout (Minimal Wear)": {"sugprice": 2892.8662068965514, "profit": 226, "limit": 2610, "timest": 1699713944}, "\u2605 Bowie Knife | Rust Coat (Battle-Scarred)": {"sugprice": 9001.412222222223, "profit": 651, "limit": 8123, "timest": 1699646419}, "\u2605 Broken Fang Gloves | Needle Point (Battle-Scarred)": {"sugprice": 5437.365319148937, "profit": 268, "limit": 4907, "timest": 1699692639}, "\u2605 Broken Fang Gloves | Needle Point (Field-Tested)": {"sugprice": 5575.435555555556, "profit": 311, "limit": 5031, "timest": 1699713960}, "\u2605 Driver Gloves | Racing Green (Well-Worn)": {"sugprice": 4045.0957692307693, "profit": 241, "limit": 3650, "timest": 1699711322}, "\u2605 Hand Wraps | Constrictor (Battle-Scarred)": {"sugprice": 5100.921860465117, "profit": 347, "limit": 4603, "timest": 1699714013}, "\u2605 Hydra Gloves | Rattler (Field-Tested)": {"sugprice": 4327.928, "profit": 211, "limit": 3905, "timest": 1699694885}, "\u2605 Moto Gloves | Finish Line (Battle-Scarred)": {"sugprice": 7269.266666666667, "profit": 359, "limit": 6560, "timest": 1699714052}, "\u2605 Navaja Knife | Forest DDPAT (Field-Tested)": {"sugprice": 7333.959696969698, "profit": 602, "limit": 6618, "timest": 1699710681}, "\u2605 Navaja Knife | Safari Mesh (Field-Tested)": {"sugprice": 7495.812857142858, "profit": 462, "limit": 6764, "timest": 1699714068}, "\u2605 Shadow Daggers | Bright Water (Field-Tested)": {"sugprice": 8241.561836734694, "profit": 433, "limit": 7438, "timest": 1699714080}, "\u2605 Shadow Daggers | Rust Coat (Battle-Scarred)": {"sugprice": 7445.2131578947365, "profit": 507, "limit": 6719, "timest": 1699712539}, "\u2605 Broken Fang Gloves | Yellow-banded (Field-Tested)": {"sugprice": 6734.724400000001, "profit": 453, "limit": 6078, "timest": 1699713972}, "\u2605 Hand Wraps | Arboreal (Battle-Scarred)": {"sugprice": 5337, "profit": 326, "limit": 4816, "timest": 1699714007}, "Vypa Sista of the Revolution | Guerrilla Warfare": {"sugprice": 1746.6229166666665, "profit": 101, "limit": 1576, "timest": 1699713946}, "\u2605 Shadow Daggers | Freehand (Field-Tested)": {"sugprice": 8860.509999999998, "profit": 476, "limit": 7996, "timest": 1699709503}, "StatTrak\u2122 M4A4 | \u9f8d\u738b (Dragon King) (Battle-Scarred)": {"sugprice": 1543.6939130434782, "profit": 138, "limit": 1393, "timest": 1699713512}, "\u2605 Hydra Gloves | Mangrove (Battle-Scarred)": {"sugprice": 4173.410612244897, "profit": 263, "limit": 3766, "timest": 1699714040}, "USP-S | Monster Mashup (Minimal Wear)": {"sugprice": 2169.1366666666668, "profit": 112, "limit": 1957, "timest": 1699713900}, "USP-S | Neo-Noir (Factory New)": {"sugprice": 3154.5483333333336, "profit": 184, "limit": 2846, "timest": 1699705961}, "USP-S | Orion (Minimal Wear)": {"sugprice": 4382, "profit": 220, "limit": 3954, "timest": 1699713911}, "\u2605 Broken Fang Gloves | Yellow-banded (Battle-Scarred)": {"sugprice": 6363.8974, "profit": 403, "limit": 5743, "timest": 1699713970}, "\u2605 Specialist Gloves | Buckshot (Battle-Scarred)": {"sugprice": 5265.3296875, "profit": 392, "limit": 4751, "timest": 1699714094}, "\u2605 Hydra Gloves | Mangrove (Well-Worn)": {"sugprice": 4396.491666666666, "profit": 209, "limit": 3967, "timest": 1699705074}, "StatTrak\u2122 MAC-10 | Neon Rider (Field-Tested)": {"sugprice": 1460.6425, "profit": 148, "limit": 1318, "timest": 1699638510}, "\u2605 Shadow Daggers | Scorched (Field-Tested)": {"sugprice": 7515.563571428573, "profit": 394, "limit": 6782, "timest": 1699714088}, "StatTrak\u2122 M4A4 | Desolate Space (Battle-Scarred)": {"sugprice": 1358.0602083333335, "profit": 104, "limit": 1225, "timest": 1699664964}, "StatTrak\u2122 USP-S | Blueprint (Battle-Scarred)": {"sugprice": 1211.7286956521734, "profit": 134, "limit": 1093, "timest": 1699710891}, "StatTrak\u2122 P90 | Asiimov (Battle-Scarred)": {"sugprice": 1509.6896296296293, "profit": 121, "limit": 1362, "timest": 1699667357}, "\u2605 Bloodhound Gloves | Guerrilla (Battle-Scarred)": {"sugprice": 6307.69105263158, "profit": 377, "limit": 5692, "timest": 1699713950}, "\u2605 Hand Wraps | Desert Shamagh (Field-Tested)": {"sugprice": 5159.345799999997, "profit": 486, "limit": 4656, "timest": 1699714023}, "\u2605 Gut Knife | Forest DDPAT (Field-Tested)": {"sugprice": 8146, "profit": 460, "limit": 7351, "timest": 1699713999}, "\u2605 Moto Gloves | Transport (Battle-Scarred)": {"sugprice": 5335.80558139535, "profit": 441, "limit": 4815, "timest": 1699651296}, "USP-S | The Traitor (Minimal Wear)": {"sugprice": 1567.2685714285708, "profit": 137, "limit": 1414, "timest": 1699713938}, "USP-S | Printstream (Well-Worn)": {"sugprice": 2982.6350000000007, "profit": 173, "limit": 2691, "timest": 1699713922}, "\u2605 Driver Gloves | Racing Green (Field-Tested)": {"sugprice": 4141.919599999999, "profit": 232, "limit": 3738, "timest": 1699713987}, "StatTrak\u2122 P90 | Trigon (Field-Tested)": {"sugprice": 1437.7464285714284, "profit": 181, "limit": 1297, "timest": 1699713727}, "\u2605 Hand Wraps | Duct Tape (Field-Tested)": {"sugprice": 5448.848461538461, "profit": 325, "limit": 4917, "timest": 1699714030}, "USP-S | Monster Mashup (Well-Worn)": {"sugprice": 1326.0231578947369, "profit": 126, "limit": 1196, "timest": 1699713902}, "\u2605 Broken Fang Gloves | Unhinged (Battle-Scarred)": {"sugprice": 5241.381276595743, "profit": 321, "limit": 4730, "timest": 1699713964}, "\u2605 Hand Wraps | Arboreal (Field-Tested)": {"sugprice": 6336, "profit": 418, "limit": 5718, "timest": 1699714009}, "StatTrak\u2122 M4A4 | Neo-Noir (Field-Tested)": {"sugprice": 1259.1363636363637, "profit": 121, "limit": 1136, "timest": 1699656782}, "StatTrak\u2122 M4A4 | The Battlestar (Field-Tested)": {"sugprice": 1316.677777777778, "profit": 108, "limit": 1188, "timest": 1699641821}, "USP-S | Kill Confirmed (Battle-Scarred)": {"sugprice": 3313.6904, "profit": 158, "limit": 2990, "timest": 1699710138}, "USP-S | Kill Confirmed (Minimal Wear)": {"sugprice": 6099, "profit": 433, "limit": 5504, "timest": 1699713891},