{"USP-S | Kill Confirmed (Well-Worn)": {"sugprice": 2948, "profit": 262, "limit": 2660, "timest": 1700897460}, "\u2605 Navaja Knife | Scorched (Field-Tested)": {"sugprice": 6818.65125, "profit": 325, "limit": 6153, "timest": 1700870517}, "\u2605 Driver Gloves | Racing Green (Battle-Scarred)": {"sugprice": 3638.2276190476196, "profit": 251, "limit": 3283, "timest": 1700850337}, "StatTrak\u2122 USP-S | The Traitor (Well-Worn)": {"sugprice": 1799.986, "profit": 115, "limit": 1624, "timest": 1700897426}, "\u2605 Broken Fang Gloves | Needle Point (Field-Tested)": {"sugprice": 5176.6399999999985, "profit": 251, "limit": 4671, "timest": 1700876380}, "\u2605 Driver Gloves | Racing Green (Well-Worn)": {"sugprice": 3816.3461764705894, "profit": 351, "limit": 3444, "timest": 1700896569}, "\u2605 Hand Wraps | Constrictor (Battle-Scarred)": {"sugprice": 4917.280217391305, "profit": 431, "limit": 4437, "timest": 1700897543}, "\u2605 Hydra Gloves | Rattler (Field-Tested)": {"sugprice": 3963.7343478260864, "profit": 210, "limit": 3577, "timest": 1700895476}, "\u2605 Navaja Knife | Forest DDPAT (Field-Tested)": {"sugprice": 6857.679047619048, "profit": 425, "limit": 6189, "timest": 1700897601}, "\u2605 Navaja Knife | Safari Mesh (Field-Tested)": {"sugprice": 6860.286363636363, "profit": 326, "limit": 6191, "timest": 1700818521}, "\u2605 Shadow Daggers | Bright Water (Field-Tested)": {"sugprice": 7761.877428571427, "profit": 515, "limit": 7005, "timest": 1700897780}, "\u2605 Shadow Daggers | Rust Coat (Battle-Scarred)": {"sugprice": 6751.427000000001, "profit": 600, "limit": 6093, "timest": 1700867486}, "\u2605 Broken Fang Gloves | Yellow-banded (Field-Tested)": {"sugprice": 6383.460384615386, "profit": 345, "limit": 5761, "timest": 1700897515}, "\u2605 Hydra Gloves | Mangrove (Battle-Scarred)": {"sugprice": 3903.548500000001, "profit": 335, "limit": 3522, "timest": 1700887102}, "\u2605 Hydra Gloves | Mangrove (Well-Worn)": {"sugprice": 4217.446153846154, "profit": 327, "limit": 3806, "timest": 1700897569}, "StatTrak\u2122 P90 | Asiimov (Battle-Scarred)": {"sugprice": 1516.7805405405404, "profit": 164, "limit": 1368, "timest": 1700897356}, "\u2605 Hand Wraps | Desert Shamagh (Field-Tested)": {"sugprice": 4900.061333333334, "profit": 407, "limit": 4422, "timest": 1700897549}, "\u2605 Moto Gloves | Transport (Battle-Scarred)": {"sugprice": 5207.423673469387, "profit": 385, "limit": 4699, "timest": 1700897589}, "USP-S | The Traitor (Minimal Wear)": {"sugprice": 1323.275277777778, "profit": 114, "limit": 1194, "timest": 1700897497}, "USP-S | Printstream (Well-Worn)": {"sugprice": 2475.6691666666666, "profit": 186, "limit": 2234, "timest": 1700897486}, "\u2605 Hand Wraps | Duct Tape (Field-Tested)": {"sugprice": 5165.303125, "profit": 397, "limit": 4661, "timest": 1700897553}, "\u2605 Broken Fang Gloves | Unhinged (Battle-Scarred)": {"sugprice": 5085.855277777777, "profit": 373, "limit": 4589, "timest": 1700897511}, "\u2605 Hand Wraps | Arboreal (Field-Tested)": {"sugprice": 5756.055000000001, "profit": 677, "limit": 5194, "timest": 1700897541}, "USP-S | Kill Confirmed (Battle-Scarred)": {"sugprice": 2713.5758139534887, "profit": 189, "limit": 2449, "timest": 1700839792}, "\u2605 Hand Wraps | Giraffe (Battle-Scarred)": {"sugprice": 5926.287777777778, "profit": 728, "limit": 5348, "timest": 1700897555}, "USP-S | Neo-Noir (Well-Worn)": {"sugprice": 1373.6372727272728, "profit": 154, "limit": 1239, "timest": 1700897470}, "\u2605 Gut Knife | Rust Coat (Battle-Scarred)": {"sugprice": 7811.614347826086, "profit": 563, "limit": 7049, "timest": 1700897535}, "\u2605 Moto Gloves | Smoke Out (Battle-Scarred)": {"sugprice": 6782.865000000001, "profit": 645, "limit": 6121, "timest": 1700897587}, "\u2605 Hydra Gloves | Rattler (Battle-Scarred)": {"sugprice": 3951.3632352941186, "profit": 234, "limit": 3566, "timest": 1700897571}, "StatTrak\u2122 SSG 08 | Dragonfire (Field-Tested)": {"sugprice": 3088.1763888888895, "profit": 206, "limit": 2787, "timest": 1700897389}, "\u2605 Broken Fang Gloves | Jade (Battle-Scarred)": {"sugprice": 7141.906315789473, "profit": 483, "limit": 6445, "timest": 1700897503}, "\u2605 Hydra Gloves | Rattler (Well-Worn)": {"sugprice": 4684.407999999999, "profit": 339, "limit": 4227, "timest": 1700897575}, "StatTrak\u2122 USP-S | Neo-Noir (Field-Tested)": {"sugprice": 3083.4700000000007, "profit": 243, "limit": 2782, "timest": 1700897418}, "\u2605 Bloodhound Gloves | Guerrilla (Field-Tested)": {"sugprice": 5983.535000000001, "profit": 288, "limit": 5400, "timest": 1700897501}, "\u2605 Gut Knife | Boreal Forest (Field-Tested)": {"sugprice": 6951.871428571429, "profit": 408, "limit": 6274, "timest": 1700890084}, "\u2605 Gut Knife | Bright Water (Field-Tested)": {"sugprice": 7975.327692307692, "profit": 396, "limit": 7197, "timest": 1700897531}, "\u2605 Gut Knife | Safari Mesh (Field-Tested)": {"sugprice": 7185.238125, "profit": 352, "limit": 6484, "timest": 1700861691}, "\u2605 Hand Wraps | Constrictor (Field-Tested)": {"sugprice": 4941.8596, "profit": 456, "limit": 4460, "timest": 1700897544}, "\u2605 Hand Wraps | Desert Shamagh (Well-Worn)": {"sugprice": 4732.0615384615385, "profit": 634, "limit": 4270, "timest": 1700890156}, "\u2605 Navaja Knife | Night Stripe (Field-Tested)": {"sugprice": 6763.31303030303, "profit": 463, "limit": 6103, "timest": 1700897603}, "\u2605 Navaja Knife | Tiger Tooth (Factory New)": {"sugprice": 11416.131515151515, "profit": 545, "limit": 10303, "timest": 1700891900}, "\u2605 Navaja Knife | Urban Masked (Field-Tested)": {"sugprice": 6831.534090909091, "profit": 325, "limit": 6165, "timest": 1700859283}, "\u2605 Survival Knife | Forest DDPAT (Field-Tested)": {"sugprice": 7713.961, "profit": 378, "limit": 6961, "timest": 1700855383}, "\u2605 Survival Knife | Scorched (Field-Tested)": {"sugprice": 7565, "profit": 386, "limit": 6827, "timest": 1700895836}, "\u2605 Moto Gloves | 3rd Commando Company (Field-Tested)": {"sugprice": 5725.772333333333, "profit": 593, "limit": 5167, "timest": 1700897577}, "StatTrak\u2122 USP-S | Neo-Noir (Battle-Scarred)": {"sugprice": 3117.886785714286, "profit": 293, "limit": 2813, "timest": 1700897416}, "StatTrak\u2122 USP-S | The Traitor (Battle-Scarred)": {"sugprice": 1833.0959999999998, "profit": 171, "limit": 1654, "timest": 1700897424}, "\u2605 Driver Gloves | Convoy (Battle-Scarred)": {"sugprice": 6256.631875, "profit": 533, "limit": 5646, "timest": 1700897517}, "USP-S | Neo-Noir (Minimal Wear)": {"sugprice": 1508.3689583333337, "profit": 163, "limit": 1361, "timest": 1700897468}, "USP-S | Kill Confirmed (Field-Tested)": {"sugprice": 3095.85129032258, "profit": 174, "limit": 2794, "timest": 1700897458}, "\u2605 Driver Gloves | Queen Jaguar (Battle-Scarred)": {"sugprice": 5364.263684210526, "profit": 407, "limit": 4841, "timest": 1700897522}, "\u2605 Hand Wraps | Desert Shamagh (Battle-Scarred)": {"sugprice": 4849.953478260869, "profit": 424, "limit": 4377, "timest": 1700897547}, "\u2605 Shadow Daggers | Freehand (Field-Tested)": {"sugprice": 9024.408823529411, "profit": 853, "limit": 8144, "timest": 1700897785}, "USP-S | Monster Mashup (Battle-Scarred)": {"sugprice": 1176.9856521739132, "profit": 102, "limit": 1062, "timest": 1700836110}, "USP-S | Neo-Noir (Factory New)": {"sugprice": 2871.1206249999996, "profit": 156, "limit": 2591, "timest": 1700897466}, "\u2605 Specialist Gloves | Buckshot (Battle-Scarred)": {"sugprice": 5110.736206896552, "profit": 382, "limit": 4612, "timest": 1700897800}, "USP-S | Orion (Minimal Wear)": {"sugprice": 3868.7588095238093, "profit": 290, "limit": 3491, "timest": 1700897476}, "USP-S | Caiman (Field-Tested)": {"sugprice": 3156.702888888889, "profit": 248, "limit": 2848, "timest": 1700897452}, "\u2605 Sport Gloves | Bronze Morph (Battle-Scarred)": {"sugprice": 9490.944, "profit": 510, "limit": 8565, "timest": 1700855373}, "\u2605 Bloodhound Gloves | Guerrilla (Battle-Scarred)": {"sugprice": 6194.439166666667, "profit": 613, "limit": 5590, "timest": 1700897500},