{"StatTrak\u2122 M4A4 | The Emperor (Battle-Scarred)": {"sugprice": 2479.3861904761907, "profit": 130, "limit": 2237, "timest": 1703415540}, "StatTrak\u2122 USP-S | Neo-Noir (Battle-Scarred)": {"sugprice": 2978.6880000000006, "profit": 187, "limit": 2688, "timest": 1703492302}, "StatTrak\u2122 USP-S | Neo-Noir (Field-Tested)": {"sugprice": 3112.198888888889, "profit": 212, "limit": 2808, "timest": 1703497226}, "StatTrak\u2122 USP-S | The Traitor (Battle-Scarred)": {"sugprice": 2079.784081632653, "profit": 127, "limit": 1877, "timest": 1703497231}, "Tec-9 | Nuclear Threat (Battle-Scarred)": {"sugprice": 3260.757777777778, "profit": 162, "limit": 2942, "timest": 1703492957}, "USP-S | Kill Confirmed (Well-Worn)": {"sugprice": 3072.522340425532, "profit": 179, "limit": 2772, "timest": 1703494508}, "USP-S | Neo-Noir (Factory New)": {"sugprice": 3086.833181818182, "profit": 152, "limit": 2785, "timest": 1703496678}, "\u2605 Broken Fang Gloves | Yellow-banded (Battle-Scarred)": {"sugprice": 6229.1754, "profit": 354, "limit": 5621, "timest": 1703497327}, "\u2605 Driver Gloves | Convoy (Field-Tested)": {"sugprice": 6427.904814814815, "profit": 487, "limit": 5801, "timest": 1703497333}, "\u2605 Hand Wraps | Arboreal (Field-Tested)": {"sugprice": 5790.296315789474, "profit": 301, "limit": 5225, "timest": 1703440775}, "\u2605 Hand Wraps | Badlands (Battle-Scarred)": {"sugprice": 7385.301666666666, "profit": 586, "limit": 6665, "timest": 1703497375}, "\u2605 Hydra Gloves | Mangrove (Field-Tested)": {"sugprice": 3982.8266000000003, "profit": 290, "limit": 3594, "timest": 1703497415}, "\u2605 Moto Gloves | Smoke Out (Battle-Scarred)": {"sugprice": 6932.523846153845, "profit": 361, "limit": 6256, "timest": 1703497442}, "\u2605 Moto Gloves | Transport (Field-Tested)": {"sugprice": 5539.0131249999995, "profit": 318, "limit": 4998, "timest": 1703497446}, "\u2605 Navaja Knife | Scorched (Field-Tested)": {"sugprice": 6923.002580645163, "profit": 358, "limit": 6248, "timest": 1703497462}, "\u2605 Navaja Knife | Urban Masked (Field-Tested)": {"sugprice": 6854.799999999999, "profit": 342, "limit": 6186, "timest": 1703466419}, "\u2605 Shadow Daggers | Freehand (Field-Tested)": {"sugprice": 9098.617000000002, "profit": 542, "limit": 8211, "timest": 1703497522}, "StatTrak\u2122 M4A4 | X-Ray (Minimal Wear)": {"sugprice": 4570.23, "profit": 270, "limit": 4124, "timest": 1703497030}, "\u2605 Hydra Gloves | Rattler (Field-Tested)": {"sugprice": 4088.746400000001, "profit": 246, "limit": 3690, "timest": 1703497420}, "\u2605 Driver Gloves | Racing Green (Field-Tested)": {"sugprice": 3629.8726086956517, "profit": 182, "limit": 3275, "timest": 1703452807}, "\u2605 Hydra Gloves | Mangrove (Well-Worn)": {"sugprice": 4352.6875675675665, "profit": 207, "limit": 3928, "timest": 1703438165}, "\u2605 Shadow Daggers | Boreal Forest (Field-Tested)": {"sugprice": 7030.466, "profit": 443, "limit": 6344, "timest": 1703497494}, "\u2605 Driver Gloves | Racing Green (Well-Worn)": {"sugprice": 3814.3660526315784, "profit": 344, "limit": 3442, "timest": 1703419667}, "\u2605 Bloodhound Gloves | Bronzed (Field-Tested)": {"sugprice": 6218.1325, "profit": 316, "limit": 5611, "timest": 1703431855}, "StatTrak\u2122 USP-S | Monster Mashup (Battle-Scarred)": {"sugprice": 1865.6535714285715, "profit": 105, "limit": 1683, "timest": 1703497220}, "StatTrak\u2122 P250 | Muertos (Field-Tested)": {"sugprice": 1064.3455999999999, "profit": 101, "limit": 960, "timest": 1703467078}, "\u2605 Shadow Daggers | Damascus Steel (Field-Tested)": {"sugprice": 7901, "profit": 453, "limit": 7130, "timest": 1703428700}, "StatTrak\u2122 USP-S | The Traitor (Well-Worn)": {"sugprice": 2107.375, "profit": 113, "limit": 1901, "timest": 1703497232}, "\u2605 Hydra Gloves | Mangrove (Battle-Scarred)": {"sugprice": 3917.5008000000003, "profit": 254, "limit": 3535, "timest": 1703497412}, "StatTrak\u2122 USP-S | Stainless (Battle-Scarred)": {"sugprice": 1114.3395652173913, "profit": 100, "limit": 1005, "timest": 1703497229}, "USP-S | Printstream (Field-Tested)": {"sugprice": 2692.832653061225, "profit": 129, "limit": 2430, "timest": 1703477936}, "\u2605 Hand Wraps | Arboreal (Battle-Scarred)": {"sugprice": 5313.557333333334, "profit": 281, "limit": 4795, "timest": 1703492448}, "\u2605 Shadow Daggers | Forest DDPAT (Field-Tested)": {"sugprice": 6929, "profit": 404, "limit": 6253, "timest": 1703497520}, "\u2605 Hand Wraps | Duct Tape (Battle-Scarred)": {"sugprice": 5087.100487804878, "profit": 260, "limit": 4591, "timest": 1703497391}, "\u2605 Broken Fang Gloves | Yellow-banded (Field-Tested)": {"sugprice": 6283.021739130436, "profit": 562, "limit": 5670, "timest": 1703440685}, "\u2605 Bloodhound Gloves | Snakebite (Battle-Scarred)": {"sugprice": 6310.440833333334, "profit": 502, "limit": 5695, "timest": 1703497309}, "USP-S | Printstream (Minimal Wear)": {"sugprice": 4391.499545454544, "profit": 235, "limit": 3963, "timest": 1703494528}, "\u2605 Huntsman Knife | Ultraviolet (Field-Tested)": {"sugprice": 9999.036499999998, "profit": 522, "limit": 9024, "timest": 1703497402}, "\u2605 Navaja Knife | Ultraviolet (Battle-Scarred)": {"sugprice": 7079.393529411765, "profit": 440, "limit": 6389, "timest": 1703497472}, "USP-S | Neo-Noir (Well-Worn)": {"sugprice": 1331.8355999999997, "profit": 107, "limit": 1201, "timest": 1703461108}, "\u2605 Hydra Gloves | Rattler (Well-Worn)": {"sugprice": 4548.450967741937, "profit": 225, "limit": 4104, "timest": 1703497422}, "\u2605 Falchion Knife | Ultraviolet (Battle-Scarred)": {"sugprice": 9832.836400000002, "profit": 699, "limit": 8874, "timest": 1703497355}, "\u2605 Navaja Knife | Safari Mesh (Field-Tested)": {"sugprice": 7012.742199999999, "profit": 408, "limit": 6328, "timest": 1703497460}, "StatTrak\u2122 Tec-9 | Decimator (Battle-Scarred)": {"sugprice": 1992.5933333333332, "profit": 120, "limit": 1798, "timest": 1703496612}, "\u2605 Moto Gloves | Finish Line (Battle-Scarred)": {"sugprice": 6894.524137931034, "profit": 348, "limit": 6222, "timest": 1703482049}, "\u2605 Shadow Daggers | Bright Water (Field-Tested)": {"sugprice": 7425, "profit": 375, "limit": 6701, "timest": 1703497503}, "\u2605 Moto Gloves | Turtle (Battle-Scarred)": {"sugprice": 7633.945789473686, "profit": 497, "limit": 6889, "timest": 1703478098}, "\u2605 Navaja Knife | Stained (Well-Worn)": {"sugprice": 7011.1449999999995, "profit": 501, "limit": 6327, "timest": 1703497468}, "\u2605 Bowie Knife | Rust Coat (Battle-Scarred)": {"sugprice": 8053.13, "profit": 383, "limit": 7267, "timest": 1703490853}, "StatTrak\u2122 USP-S | Monster Mashup (Field-Tested)": {"sugprice": 1943.9964705882355, "profit": 144, "limit": 1754, "timest": 1703497222}, "\u2605 Paracord Knife | Forest DDPAT (Field-Tested)": {"sugprice": 8069.0385, "profit": 420, "limit": 7282, "timest": 1703497480}, "\u2605 Survival Knife | Boreal Forest (Field-Tested)": {"sugprice": 7507.665882352939, "profit": 447, "limit": 6775, "timest": 1703497557}, "\u2605 Navaja Knife | Night Stripe (Field-Tested)": {"sugprice": 7016.279166666664, "profit": 405, "limit": 6332, "timest": 1703497454}, "\u2605 Shadow Daggers | Rust Coat (Battle-Scarred)": {"sugprice": 6830.195799999999, "profit": 338, "limit": 6164, "timest": 1703454477}, "\u2605 Hydra Gloves | Emerald (Well-Worn)": {"sugprice": 4675.208, "profit": 230, "limit": 4219, "timest": 1703432816}, "\u2605 Shadow Daggers | Autotronic (Field-Tested)": {"sugprice": 8691.868, "profit": 413, "limit": 7844, "timest": 1703415899}, "\u2605 Moto Gloves | Boom! (Battle-Scarred)": {"sugprice": 7418.921818181818, "profit": 372, "limit": 6695, "timest": 1703426289}, "\u2605 Specialist Gloves | Fade (Battle-Scarred)": {"sugprice": 15123.238499999998, "profit": 958, "limit": 13648, "timest": 1703497546}, "USP-S | Para Green (Battle-Scarred)": {"sugprice": 667.5950000000001, "profit": 142, "limit": 602, "timest": 1703469304}, "\u2605 Shadow Daggers | Ultraviolet (Battle-Scarred)": {"sugprice": 7812.19619047619, "profit": 372, "limit": 7050,