{"USP-S | Kill Confirmed (Well-Worn)": {"sugprice": 2986.3160869565213, "profit": 272, "limit": 2695, "timest": 1701142565}, "\u2605 Navaja Knife | Scorched (Field-Tested)": {"sugprice": 6714.417499999999, "profit": 324, "limit": 6059, "timest": 1701142939}, "\u2605 Driver Gloves | Racing Green (Battle-Scarred)": {"sugprice": 3677.0522916666664, "profit": 258, "limit": 3318, "timest": 1701142671}, "\u2605 Driver Gloves | Racing Green (Well-Worn)": {"sugprice": 3750.9007692307696, "profit": 310, "limit": 3385, "timest": 1701142673}, "\u2605 Hydra Gloves | Rattler (Field-Tested)": {"sugprice": 3999.3365999999987, "profit": 199, "limit": 3609, "timest": 1701142793}, "\u2605 Navaja Knife | Forest DDPAT (Field-Tested)": {"sugprice": 6771.243043478261, "profit": 335, "limit": 6111, "timest": 1701130363}, "\u2605 Shadow Daggers | Bright Water (Field-Tested)": {"sugprice": 7534.579393939392, "profit": 457, "limit": 6799, "timest": 1701084728}, "\u2605 Shadow Daggers | Rust Coat (Battle-Scarred)": {"sugprice": 6841.931153846154, "profit": 325, "limit": 6174, "timest": 1701126720}, "\u2605 Broken Fang Gloves | Yellow-banded (Field-Tested)": {"sugprice": 6327.810769230769, "profit": 407, "limit": 5710, "timest": 1701142658}, "\u2605 Hydra Gloves | Mangrove (Battle-Scarred)": {"sugprice": 3955.3985714285727, "profit": 201, "limit": 3569, "timest": 1701142765}, "\u2605 Hydra Gloves | Mangrove (Well-Worn)": {"sugprice": 4034.3858333333333, "profit": 220, "limit": 3641, "timest": 1701142773}, "StatTrak\u2122 P90 | Asiimov (Battle-Scarred)": {"sugprice": 1486.4309090909092, "profit": 128, "limit": 1341, "timest": 1701090908}, "\u2605 Hand Wraps | Desert Shamagh (Field-Tested)": {"sugprice": 4859.928260869565, "profit": 339, "limit": 4386, "timest": 1701142729}, "\u2605 Moto Gloves | Transport (Battle-Scarred)": {"sugprice": 5241.6272727272735, "profit": 383, "limit": 4730, "timest": 1701142870}, "USP-S | The Traitor (Minimal Wear)": {"sugprice": 1337.3315151515155, "profit": 121, "limit": 1206, "timest": 1701142622}, "USP-S | Printstream (Well-Worn)": {"sugprice": 2751.7519999999995, "profit": 234, "limit": 2483, "timest": 1701142600}, "\u2605 Hand Wraps | Duct Tape (Field-Tested)": {"sugprice": 5170.70125, "profit": 246, "limit": 4666, "timest": 1701128542}, "\u2605 Broken Fang Gloves | Unhinged (Battle-Scarred)": {"sugprice": 5126.748936170215, "profit": 370, "limit": 4626, "timest": 1701142650}, "\u2605 Hand Wraps | Arboreal (Field-Tested)": {"sugprice": 5607.233157894736, "profit": 391, "limit": 5060, "timest": 1701142710}, "\u2605 Hand Wraps | Giraffe (Battle-Scarred)": {"sugprice": 5858.634666666666, "profit": 279, "limit": 5287, "timest": 1701124547}, "USP-S | Neo-Noir (Well-Worn)": {"sugprice": 1457.6087096774193, "profit": 108, "limit": 1315, "timest": 1701134009}, "\u2605 Moto Gloves | Smoke Out (Battle-Scarred)": {"sugprice": 6993.554347826087, "profit": 544, "limit": 6311, "timest": 1701142854}, "\u2605 Hydra Gloves | Rattler (Battle-Scarred)": {"sugprice": 3949.5385999999994, "profit": 202, "limit": 3564, "timest": 1701142789}, "StatTrak\u2122 SSG 08 | Dragonfire (Field-Tested)": {"sugprice": 3134, "profit": 240, "limit": 2828, "timest": 1701142425}, "\u2605 Broken Fang Gloves | Jade (Battle-Scarred)": {"sugprice": 6934.356842105265, "profit": 372, "limit": 6258, "timest": 1701080403}, "StatTrak\u2122 USP-S | Neo-Noir (Field-Tested)": {"sugprice": 3219.2930769230775, "profit": 263, "limit": 2905, "timest": 1701142486}, "\u2605 Bloodhound Gloves | Guerrilla (Field-Tested)": {"sugprice": 6009.609375, "profit": 328, "limit": 5423, "timest": 1701142632}, "\u2605 Gut Knife | Bright Water (Field-Tested)": {"sugprice": 8138.311111111113, "profit": 485, "limit": 7344, "timest": 1701118107}, "\u2605 Hand Wraps | Constrictor (Field-Tested)": {"sugprice": 4849.716129032258, "profit": 363, "limit": 4376, "timest": 1701142720}, "\u2605 Hand Wraps | Desert Shamagh (Well-Worn)": {"sugprice": 4726.560909090909, "profit": 256, "limit": 4265, "timest": 1701142738}, "\u2605 Navaja Knife | Night Stripe (Field-Tested)": {"sugprice": 6934.485882352941, "profit": 573, "limit": 6258, "timest": 1701142910}, "\u2605 Navaja Knife | Urban Masked (Field-Tested)": {"sugprice": 6826.864545454547, "profit": 329, "limit": 6161, "timest": 1701099095}, "\u2605 Survival Knife | Scorched (Field-Tested)": {"sugprice": 7654.763125000001, "profit": 365, "limit": 6908, "timest": 1701136469}, "\u2605 Moto Gloves | 3rd Commando Company (Field-Tested)": {"sugprice": 5534.550434782609, "profit": 368, "limit": 4994, "timest": 1701142815}, "StatTrak\u2122 USP-S | Neo-Noir (Battle-Scarred)": {"sugprice": 3025.0049999999997, "profit": 147, "limit": 2730, "timest": 1701117422}, "StatTrak\u2122 USP-S | The Traitor (Battle-Scarred)": {"sugprice": 1856.6343750000003, "profit": 130, "limit": 1675, "timest": 1701142495}, "USP-S | Neo-Noir (Minimal Wear)": {"sugprice": 1528.8944999999999, "profit": 124, "limit": 1379, "timest": 1701142576}, "USP-S | Kill Confirmed (Field-Tested)": {"sugprice": 3189.6165517241375, "profit": 190, "limit": 2878, "timest": 1701142555}, "\u2605 Driver Gloves | Queen Jaguar (Battle-Scarred)": {"sugprice": 5355.44705882353, "profit": 271, "limit": 4833, "timest": 1701142668}, "\u2605 Hand Wraps | Desert Shamagh (Battle-Scarred)": {"sugprice": 4841.900000000002, "profit": 288, "limit": 4369, "timest": 1701142726}, "\u2605 Shadow Daggers | Freehand (Field-Tested)": {"sugprice": 8347.36846153846, "profit": 429, "limit": 7533, "timest": 1701118486}, "\u2605 Specialist Gloves | Buckshot (Battle-Scarred)": {"sugprice": 4847.0650000000005, "profit": 241, "limit": 4374, "timest": 1701143047}, "USP-S | Orion (Minimal Wear)": {"sugprice": 3939.8300000000004, "profit": 349, "limit": 3555, "timest": 1701142588}, "USP-S | Caiman (Field-Tested)": {"sugprice": 3226.6954000000005, "profit": 311, "limit": 2912, "timest": 1701142541}, "\u2605 Sport Gloves | Bronze Morph (Battle-Scarred)": {"sugprice": 9868.714615384615, "profit": 514, "limit": 8906, "timest": 1701137355}, "\u2605 Bloodhound Gloves | Guerrilla (Battle-Scarred)": {"sugprice": 6052.597272727274, "profit": 310, "limit": 5462, "timest": 1701142630}, "USP-S | Printstream (Minimal Wear)": {"sugprice": 4113.493214285714, "profit": 236, "limit": 3712, "timest": 1701072681}, "\u2605 Moto Gloves | Turtle (Battle-Scarred)": {"sugprice": 7849.921904761905, "profit": 571, "limit": 7084, "timest": 1701142876}, "\u2605 Hand Wraps | Arboreal (Battle-Scarred)": {"sugprice": 5236.78724137931, "profit": 299, "limit": 4726, "timest": 1701142707}, "\u2605 Broken Fang Gloves | Yellow-banded (Battle-Scarred)": {"sugprice": 5689.1476, "profit": 522, "limit": 5134, "timest": 1701142655}, "StatTrak\u2122 USP-S | Printstream (Battle-Scarred)": {"sugprice": 4334.503555555556, "profit": 348, "limit": 3911, "timest": 1701142489}, "USP-S | Overgrowth (Field-Tested)": {"sugprice": 1664, "profit": 131, "limit": 1501, "timest": 1701142590}, "StatTrak\u2122 USP-S | Stainless (Battle-Scarred)": {"sugprice": 1021.1435135135139, "profit": 104, "limit": 921, "timest": 1701142492}, "\u2605 Broken Fang Gloves | Needle Point (Battle-Scarred)": {"sugprice": 4996.210399999998, "profit": 246, "limit": 4509, "timest": 1701142641}, "\u2605 Navaja Knife | Damascus Steel (Field-Tested)": {"sugprice": 7228.405, "profit": 529, "limit": 6523, "timest": 1701072822}, "StatTrak\u2122 P250 | Muertos (Field-Tested)": {"sugprice": 1046.1139393939395, "profit": 120, "limit": 944, "timest": 1701142354}, "StatTrak\u2122 P90 | Blind Spot (Field-Tested)": {"sugprice": 1261, "profit": 320, "limit": 1138, "timest": 1701142385}, "StatTrak\u2122 USP-S | Monster Mashup (Field-Tested)": {"sugprice": 1759.9587499999998, "profit": 100, "limit": 1588, "timest": 1701133790}, "Tec-9 | Nuclear Threat (Battle-Scarred)": {"sugprice": 2896.2162500000004, "profit": 199, "limit": 2613, "timest": 1701142521}, "USP-S | Orion (Factory New)": {"sugprice": 4050.515909090908, "profit": 199, "limit": 3655,