{"USP-S | Kill Confirmed (Well-Worn)": {"sugprice": 2851, "profit": 333, "limit": 2573, "timest": 1700662352}, "\u2605 Navaja Knife | Scorched (Field-Tested)": {"sugprice": 6694.398749999999, "profit": 711, "limit": 6041, "timest": 1700662952}, "\u2605 Driver Gloves | Racing Green (Battle-Scarred)": {"sugprice": 3702.988108108108, "profit": 278, "limit": 3341, "timest": 1700662694}, "StatTrak\u2122 M4A4 | The Emperor (Battle-Scarred)": {"sugprice": 2282.121111111111, "profit": 121, "limit": 2059, "timest": 1700661768}, "StatTrak\u2122 USP-S | The Traitor (Well-Worn)": {"sugprice": 1881, "profit": 114, "limit": 1697, "timest": 1700662244}, "USP-S | Whiteout (Minimal Wear)": {"sugprice": 2399.502272727273, "profit": 205, "limit": 2165, "timest": 1700662526}, "\u2605 Broken Fang Gloves | Needle Point (Field-Tested)": {"sugprice": 5486, "profit": 528, "limit": 4951, "timest": 1700662590}, "\u2605 Driver Gloves | Racing Green (Well-Worn)": {"sugprice": 3823.94652173913, "profit": 429, "limit": 3451, "timest": 1700662706}, "\u2605 Hand Wraps | Constrictor (Battle-Scarred)": {"sugprice": 4607.937222222223, "profit": 360, "limit": 4158, "timest": 1700662776}, "\u2605 Hydra Gloves | Rattler (Field-Tested)": {"sugprice": 4075.835208333334, "profit": 417, "limit": 3678, "timest": 1700662891}, "\u2605 Moto Gloves | Finish Line (Battle-Scarred)": {"sugprice": 6789.067, "profit": 342, "limit": 6127, "timest": 1700662908}, "\u2605 Navaja Knife | Forest DDPAT (Field-Tested)": {"sugprice": 6843.729999999999, "profit": 494, "limit": 6176, "timest": 1700662937}, "\u2605 Navaja Knife | Safari Mesh (Field-Tested)": {"sugprice": 6845, "profit": 393, "limit": 6177, "timest": 1700662947}, "\u2605 Shadow Daggers | Bright Water (Field-Tested)": {"sugprice": 7524, "profit": 638, "limit": 6790, "timest": 1700662988}, "\u2605 Shadow Daggers | Rust Coat (Battle-Scarred)": {"sugprice": 6572.067826086956, "profit": 472, "limit": 5931, "timest": 1700662998}, "\u2605 Broken Fang Gloves | Yellow-banded (Field-Tested)": {"sugprice": 6285.055714285715, "profit": 609, "limit": 5672, "timest": 1700662642}, "Vypa Sista of the Revolution | Guerrilla Warfare": {"sugprice": 1590.032222222222, "profit": 109, "limit": 1435, "timest": 1700649544}, "StatTrak\u2122 M4A4 | \u9f8d\u738b (Dragon King) (Battle-Scarred)": {"sugprice": 1412.9288235294118, "profit": 102, "limit": 1275, "timest": 1700657605}, "\u2605 Hydra Gloves | Mangrove (Battle-Scarred)": {"sugprice": 3897.118108108108, "profit": 300, "limit": 3517, "timest": 1700662869}, "\u2605 Hydra Gloves | Mangrove (Well-Worn)": {"sugprice": 4249.2568, "profit": 261, "limit": 3834, "timest": 1700662875}, "\u2605 Shadow Daggers | Scorched (Field-Tested)": {"sugprice": 6884.9766666666665, "profit": 810, "limit": 6213, "timest": 1700663009}, "StatTrak\u2122 M4A4 | Desolate Space (Battle-Scarred)": {"sugprice": 1157, "profit": 139, "limit": 1044, "timest": 1700661624}, "StatTrak\u2122 P90 | Asiimov (Battle-Scarred)": {"sugprice": 1508.8807142857142, "profit": 223, "limit": 1361, "timest": 1700662016}, "\u2605 Hand Wraps | Desert Shamagh (Field-Tested)": {"sugprice": 4918.492702702703, "profit": 534, "limit": 4438, "timest": 1700662809}, "\u2605 Gut Knife | Forest DDPAT (Field-Tested)": {"sugprice": 7224.78125, "profit": 725, "limit": 6520, "timest": 1700662732}, "\u2605 Moto Gloves | Transport (Battle-Scarred)": {"sugprice": 5110.378387096774, "profit": 527, "limit": 4612, "timest": 1700662915}, "USP-S | The Traitor (Minimal Wear)": {"sugprice": 1340.8440000000003, "profit": 132, "limit": 1210, "timest": 1700662513}, "USP-S | Printstream (Well-Worn)": {"sugprice": 2523.071052631578, "profit": 315, "limit": 2277, "timest": 1700662449}, "\u2605 Driver Gloves | Racing Green (Field-Tested)": {"sugprice": 3734.1783333333333, "profit": 347, "limit": 3370, "timest": 1700662704}, "\u2605 Hand Wraps | Duct Tape (Field-Tested)": {"sugprice": 5148, "profit": 428, "limit": 4646, "timest": 1700662825}, "\u2605 Broken Fang Gloves | Unhinged (Battle-Scarred)": {"sugprice": 5081.401219512195, "profit": 524, "limit": 4585, "timest": 1700662612}, "\u2605 Hand Wraps | Arboreal (Field-Tested)": {"sugprice": 5758.404210526315, "profit": 733, "limit": 5196, "timest": 1700662770}, "USP-S | Kill Confirmed (Battle-Scarred)": {"sugprice": 2861, "profit": 168, "limit": 2582, "timest": 1700662334}, "USP-S | Serum (Field-Tested)": {"sugprice": 3381.3293750000003, "profit": 225, "limit": 3051, "timest": 1700662471}, "\u2605 Hand Wraps | Giraffe (Battle-Scarred)": {"sugprice": 5652.1684375, "profit": 385, "limit": 5101, "timest": 1700662829}, "USP-S | Neo-Noir (Well-Worn)": {"sugprice": 1370.6241666666665, "profit": 175, "limit": 1236, "timest": 1700662407}, "\u2605 Survival Knife | Safari Mesh (Field-Tested)": {"sugprice": 7449.79, "profit": 596, "limit": 6723, "timest": 1700663094}, "\u2605 Hydra Gloves | Case Hardened (Field-Tested)": {"sugprice": 7779.676666666666, "profit": 589, "limit": 7021, "timest": 1700662866}, "\u2605 Gut Knife | Rust Coat (Battle-Scarred)": {"sugprice": 7531.990666666667, "profit": 584, "limit": 6797, "timest": 1700662741}, "\u2605 Moto Gloves | Smoke Out (Battle-Scarred)": {"sugprice": 6690.703333333334, "profit": 522, "limit": 6038, "timest": 1700662911}, "\u2605 Hydra Gloves | Rattler (Battle-Scarred)": {"sugprice": 4072.6511627906975, "profit": 466, "limit": 3675, "timest": 1700662880}, "StatTrak\u2122 SSG 08 | Dragonfire (Field-Tested)": {"sugprice": 3175.1882499999997, "profit": 281, "limit": 2865, "timest": 1700662083}, "\u2605 Specialist Gloves | Forest DDPAT (Battle-Scarred)": {"sugprice": 7642.458999999998, "profit": 561, "limit": 6897, "timest": 1700663052}, "StatTrak\u2122 M4A4 | Desert-Strike (Field-Tested)": {"sugprice": 1394, "profit": 178, "limit": 1258, "timest": 1700661621}, "\u2605 Broken Fang Gloves | Jade (Battle-Scarred)": {"sugprice": 7133.8711111111115, "profit": 864, "limit": 6438, "timest": 1700662561}, "StatTrak\u2122 M4A4 | Temukau (Battle-Scarred)": {"sugprice": 2442.397948717948, "profit": 219, "limit": 2204, "timest": 1700661735}, "\u2605 Hydra Gloves | Rattler (Well-Worn)": {"sugprice": 4799.923076923077, "profit": 529, "limit": 4331, "timest": 1700662901}, "StatTrak\u2122 USP-S | Neo-Noir (Field-Tested)": {"sugprice": 2999.242307692308, "profit": 347, "limit": 2706, "timest": 1700662224}, "\u2605 Bloodhound Gloves | Guerrilla (Field-Tested)": {"sugprice": 5990.447307692308, "profit": 678, "limit": 5406, "timest": 1700662555}, "\u2605 Broken Fang Gloves | Unhinged (Well-Worn)": {"sugprice": 5111.245, "profit": 637, "limit": 4612, "timest": 1700662628}, "\u2605 Gut Knife | Boreal Forest (Field-Tested)": {"sugprice": 7067.755454545454, "profit": 530, "limit": 6378, "timest": 1700662710}, "\u2605 Gut Knife | Bright Water (Field-Tested)": {"sugprice": 8236.840588235294, "profit": 820, "limit": 7433, "timest": 1700662725}, "\u2605 Gut Knife | Safari Mesh (Field-Tested)": {"sugprice": 7235.60857142857, "profit": 868, "limit": 6530, "timest": 1700662745}, "\u2605 Hand Wraps | Constrictor (Field-Tested)": {"sugprice": 4868.855, "profit": 402, "limit": 4394, "timest": 1700662780}, "\u2605 Hand Wraps | Desert Shamagh (Well-Worn)": {"sugprice": 4948, "profit": 949, "limit": 4465, "timest": 1700662818}, "\u2605 Navaja Knife | Night Stripe (Field-Tested)": {"sugprice": 6746.0963999999985, "profit": 712, "limit": 6088, "timest": 1700662942}, "\u2605 Navaja Knife | Tiger Tooth (Factory New)": {"sugprice": 10963.678421052633, "profit": 875, "limit": 9894, "timest": 1700660148}, "\u2605 Navaja Knife | Urban Masked (Field-Tested)": {"sugprice": 6777.430454545454, "profit": 803, "limit": 6116, "timest": 1700662972}, "\u2605 Shadow Daggers | Tiger Tooth (Factory New)": {"sugprice": 13068, "profit": 1215, "limit": 11793, "timest": 1700663016}, "\u2605 Survival Knife | Boreal Forest (Field-Tested)": {"sugprice": 7421.22, "profit": 526, "limit": 6697, "timest": 1700660309},