{"StatTrak\u2122 SSG 08 | Big Iron (Battle-Scarred)": {"sugprice": 1341.5327272727272, "profit": 100, "limit": 1210, "timest": 1707076779}, "StatTrak\u2122 SSG 08 | Dragonfire (Field-Tested)": {"sugprice": 2611.9518749999997, "profit": 125, "limit": 2357, "timest": 1707129817}, "StatTrak\u2122 USP-S | Monster Mashup (Battle-Scarred)": {"sugprice": 1695.3287500000004, "profit": 145, "limit": 1530, "timest": 1707135197}, "\u2605 Driver Gloves | Diamondback (Battle-Scarred)": {"sugprice": 6348.038, "profit": 312, "limit": 5729, "timest": 1707099358}, "\u2605 Falchion Knife | Black Laminate (Well-Worn)": {"sugprice": 9301, "profit": 458, "limit": 8394, "timest": 1707129469}, "\u2605 Gut Knife | Scorched (Field-Tested)": {"sugprice": 7048.035199999999, "profit": 336, "limit": 6360, "timest": 1707066049}, "\u2605 Hydra Gloves | Rattler (Field-Tested)": {"sugprice": 3836.2755813953504, "profit": 189, "limit": 3462, "timest": 1707132944}, "\u2605 Shadow Daggers | Safari Mesh (Field-Tested)": {"sugprice": 6279.698888888889, "profit": 310, "limit": 5667, "timest": 1707083725}, "\u2605 Shadow Daggers | Autotronic (Field-Tested)": {"sugprice": 8152.996111111112, "profit": 435, "limit": 7358, "timest": 1707077354}, "\u2605 Shadow Daggers | Scorched (Field-Tested)": {"sugprice": 6336.567647058822, "profit": 312, "limit": 5718, "timest": 1707122057}, "\u2605 Falchion Knife | Ultraviolet (Battle-Scarred)": {"sugprice": 9274.07107142857, "profit": 494, "limit": 8369, "timest": 1707093421}, "\u2605 Navaja Knife | Boreal Forest (Field-Tested)": {"sugprice": 6296.697999999999, "profit": 309, "limit": 5682, "timest": 1707109395}, "StatTrak\u2122 USP-S | Caiman (Field-Tested)": {"sugprice": 5132.322857142857, "profit": 591, "limit": 4631, "timest": 1707135188}, "StatTrak\u2122 USP-S | Overgrowth (Field-Tested)": {"sugprice": 4269.706153846155, "profit": 248, "limit": 3853, "timest": 1707135206}, "\u2605 Flip Knife | Tiger Tooth (Factory New)": {"sugprice": 32455.771666666667, "profit": 1950, "limit": 29291, "timest": 1707066032}, "\u2605 Gut Knife | Doppler (Factory New)": {"sugprice": 15721.92909090909, "profit": 831, "limit": 14189, "timest": 1707131487}, "\u2605 Navaja Knife | Doppler (Factory New)": {"sugprice": 18026.557777777773, "profit": 1126, "limit": 16268, "timest": 1707120622}, "\u2605 Paracord Knife | Boreal Forest (Field-Tested)": {"sugprice": 7560.4625, "profit": 367, "limit": 6823, "timest": 1707134324}, "\u2605 Specialist Gloves | Marble Fade (Battle-Scarred)": {"sugprice": 12272.069374999997, "profit": 603, "limit": 11075, "timest": 1707108838}, "USP-S | Kill Confirmed (Battle-Scarred)": {"sugprice": 2734.9033999999997, "profit": 169, "limit": 2468, "timest": 1707119686}, "\u2605 Paracord Knife | Scorched (Field-Tested)": {"sugprice": 7228.922500000001, "profit": 367, "limit": 6524, "timest": 1707131719}, "USP-S | Serum (Field-Tested)": {"sugprice": 2682.1569230769232, "profit": 130, "limit": 2420, "timest": 1707067946}, "\u2605 Hand Wraps | Spruce DDPAT (Battle-Scarred)": {"sugprice": 6687.2, "profit": 331, "limit": 6035, "timest": 1707135551}, "\u2605 Stiletto Knife | Ultraviolet (Battle-Scarred)": {"sugprice": 15326.390999999998, "profit": 995, "limit": 13832, "timest": 1707135829}, "\u2605 Broken Fang Gloves | Jade (Battle-Scarred)": {"sugprice": 7159.779375000001, "profit": 358, "limit": 6461, "timest": 1707073617}, "\u2605 Navaja Knife | Stained (Battle-Scarred)": {"sugprice": 6679.892500000001, "profit": 362, "limit": 6028, "timest": 1707135642}, "\u2605 Sport Gloves | Bronze Morph (Battle-Scarred)": {"sugprice": 9536.179189189186, "profit": 458, "limit": 8606, "timest": 1707069685}, "USP-S | Purple DDPAT (Factory New)": {"sugprice": 1236.2011111111112, "profit": 103, "limit": 1115, "timest": 1707109805}, "\u2605 Paracord Knife | Stained (Battle-Scarred)": {"sugprice": 9883.73090909091, "profit": 474, "limit": 8920, "timest": 1707126871}, "\u2605 Gut Knife | Freehand (Field-Tested)": {"sugprice": 8001, "profit": 389, "limit": 7220, "timest": 1707130145}, "USP-S | Whiteout (Field-Tested)": {"sugprice": 2079.9404444444444, "profit": 100, "limit": 1877, "timest": 1707076947}, "\u2605 Bloodhound Gloves | Bronzed (Battle-Scarred)": {"sugprice": 5662.762307692308, "profit": 325, "limit": 5110, "timest": 1707109158}, "\u2605 Shadow Daggers | Autotronic (Battle-Scarred)": {"sugprice": 8166.021999999999, "profit": 424, "limit": 7369, "timest": 1707135661}, "USP-S | Printstream (Well-Worn)": {"sugprice": 2381.092000000001, "profit": 130, "limit": 2148, "timest": 1707135289}, "USP-S | Whiteout (Minimal Wear)": {"sugprice": 2770.4281249999995, "profit": 143, "limit": 2500, "timest": 1707054130}, "\u2605 Bowie Knife | Tiger Tooth (Factory New)": {"sugprice": 21508.18, "profit": 1064, "limit": 19411, "timest": 1707125192}, "\u2605 Gut Knife | Tiger Tooth (Factory New)": {"sugprice": 12957, "profit": 649, "limit": 11693, "timest": 1707084358}, "\u2605 Hydra Gloves | Emerald (Battle-Scarred)": {"sugprice": 4381.337599999999, "profit": 209, "limit": 3954, "timest": 1707096818}, "\u2605 Hydra Gloves | Mangrove (Field-Tested)": {"sugprice": 3775.1686000000004, "profit": 187, "limit": 3407, "timest": 1707108665}, "\u2605 Huntsman Knife | Freehand (Field-Tested)": {"sugprice": 10140.335384615384, "profit": 485, "limit": 9151, "timest": 1707070179}, "StatTrak\u2122 MP7 | Bloodsport (Factory New)": {"sugprice": 1258.4035714285715, "profit": 148, "limit": 1135, "timest": 1707135113}, "\u2605 Moto Gloves | 3rd Commando Company (Well-Worn)": {"sugprice": 5056.957, "profit": 276, "limit": 4563, "timest": 1707134292}, "StatTrak\u2122 P90 | Asiimov (Well-Worn)": {"sugprice": 1332.2549999999999, "profit": 110, "limit": 1202, "timest": 1707052245}, "StatTrak\u2122 P2000 | Imperial Dragon (Field-Tested)": {"sugprice": 622.9521212121213, "profit": 118, "limit": 562, "timest": 1707135131}, "\u2605 Hand Wraps | Duct Tape (Well-Worn)": {"sugprice": 4954.305714285714, "profit": 242, "limit": 4471, "timest": 1707135536}, "USP-S | Kill Confirmed (Field-Tested)": {"sugprice": 3329.457037037037, "profit": 189, "limit": 3004, "timest": 1707053526}, "\u2605 Gut Knife | Bright Water (Field-Tested)": {"sugprice": 8031.332857142858, "profit": 429, "limit": 7248, "timest": 1707077044}, "\u2605 Shadow Daggers | Night (Field-Tested)": {"sugprice": 6600, "profit": 330, "limit": 5956, "timest": 1707076045}, "StatTrak\u2122 USP-S | The Traitor (Battle-Scarred)": {"sugprice": 2230, "profit": 109, "limit": 2012, "timest": 1707133994}, "USP-S | Whiteout (Battle-Scarred)": {"sugprice": 2034.4130612244894, "profit": 108, "limit": 1836, "timest": 1707135314}, "\u2605 Shadow Daggers | Lore (Battle-Scarred)": {"sugprice": 10129.72, "profit": 533, "limit": 9142, "timest": 1707084579}, "\u2605 Huntsman Knife | Lore (Battle-Scarred)": {"sugprice": 13418.740909090908, "profit": 657, "limit": 12110, "timest": 1707054761}, "StatTrak\u2122 USP-S | The Traitor (Well-Worn)": {"sugprice": 2288.7034782608694, "profit": 110, "limit": 2065, "timest": 1707108367}, "USP-S | Neo-Noir (Factory New)": {"sugprice": 2975.5139999999997, "profit": 220, "limit": 2685, "timest": 1707135267}, "\u2605 Broken Fang Gloves | Needle Point (Well-Worn)": {"sugprice": 4494.471578947368, "profit": 229, "limit": 4056, "timest": 1707135347}, "\u2605 Hand Wraps | Constrictor (Battle-Scarred)": {"sugprice": 4524.770476190477, "profit": 217, "limit": 4083, "timest": 1707087401}, "\u2605 Navaja Knife | Rust Coat (Battle-Scarred)": {"sugprice": 5998.942, "profit": 286, "limit": 5414, "timest": 1707063164}, "USP-S | Orion (Field-Tested)": {"sugprice": 3440.2968, "profit": 166, "limit": 3104, "timest": 1707099048}, "Trapper | Guerrilla Warfare": {"sugprice": 806.8781081081081, "profit": 100, "limit": 728, "timest": 1707084042}, "\u2605 Shadow Daggers | Freehand (Field-Tested)": {"sugprice": 8088.375769230769, "profit": 394, "limit": 7299, "timest": 1707082184}, "\u2605 Specialist Gloves | Fade (Battle-Scarred)": {"sugprice": 14443.061599999994,