{"USP-S | Kill Confirmed (Well-Worn)": {"sugprice": 3103.160256410256, "profit": 191, "limit": 2800, "timest": 1701688361}, "\u2605 Navaja Knife | Scorched (Field-Tested)": {"sugprice": 6759.406875, "profit": 381, "limit": 6100, "timest": 1701621721}, "\u2605 Driver Gloves | Racing Green (Battle-Scarred)": {"sugprice": 3784.146666666666, "profit": 206, "limit": 3415, "timest": 1701628786}, "\u2605 Hydra Gloves | Rattler (Field-Tested)": {"sugprice": 4157.269574468086, "profit": 202, "limit": 3751, "timest": 1701638663}, "\u2605 Moto Gloves | Transport (Battle-Scarred)": {"sugprice": 5439.422599999999, "profit": 291, "limit": 4909, "timest": 1701688680}, "\u2605 Broken Fang Gloves | Unhinged (Battle-Scarred)": {"sugprice": 5254.720799999999, "profit": 251, "limit": 4742, "timest": 1701679464}, "USP-S | Neo-Noir (Well-Worn)": {"sugprice": 1569.477368421053, "profit": 120, "limit": 1416, "timest": 1701688374}, "StatTrak\u2122 SSG 08 | Dragonfire (Field-Tested)": {"sugprice": 3191.4974193548387, "profit": 196, "limit": 2880, "timest": 1701688261}, "StatTrak\u2122 USP-S | Neo-Noir (Field-Tested)": {"sugprice": 3161.3599999999997, "profit": 170, "limit": 2853, "timest": 1701664932}, "\u2605 Bloodhound Gloves | Guerrilla (Field-Tested)": {"sugprice": 6341.636521739129, "profit": 442, "limit": 5723, "timest": 1701688441}, "\u2605 Hand Wraps | Constrictor (Field-Tested)": {"sugprice": 5045.003225806452, "profit": 242, "limit": 4553, "timest": 1701673361}, "\u2605 Hand Wraps | Desert Shamagh (Well-Worn)": {"sugprice": 5043.655624999999, "profit": 282, "limit": 4551, "timest": 1701688565}, "StatTrak\u2122 USP-S | The Traitor (Battle-Scarred)": {"sugprice": 2046.744166666668, "profit": 111, "limit": 1847, "timest": 1701688318}, "\u2605 Moto Gloves | Turtle (Battle-Scarred)": {"sugprice": 7984.858333333333, "profit": 474, "limit": 7206, "timest": 1701686960}, "StatTrak\u2122 USP-S | Monster Mashup (Field-Tested)": {"sugprice": 1938.2195454545456, "profit": 162, "limit": 1749, "timest": 1701688306}, "\u2605 Bloodhound Gloves | Bronzed (Field-Tested)": {"sugprice": 6427.834285714287, "profit": 341, "limit": 5801, "timest": 1701688435}, "\u2605 Hydra Gloves | Emerald (Battle-Scarred)": {"sugprice": 4771.271199999999, "profit": 270, "limit": 4306, "timest": 1701688621}, "\u2605 Moto Gloves | Blood Pressure (Battle-Scarred)": {"sugprice": 8787.04227272727, "profit": 549, "limit": 7930, "timest": 1701686916}, "\u2605 Paracord Knife | Scorched (Field-Tested)": {"sugprice": 7526.684666666667, "profit": 370, "limit": 6792, "timest": 1701672561}, "\u2605 Moto Gloves | Finish Line (Battle-Scarred)": {"sugprice": 6879.533636363636, "profit": 353, "limit": 6208, "timest": 1701661802}, "\u2605 Hand Wraps | Duct Tape (Battle-Scarred)": {"sugprice": 5235.5027272727275, "profit": 323, "limit": 4725, "timest": 1701679582}, "\u2605 Navaja Knife | Safari Mesh (Field-Tested)": {"sugprice": 6985.128999999998, "profit": 346, "limit": 6304, "timest": 1701605253}, "\u2605 Moto Gloves | POW! (Battle-Scarred)": {"sugprice": 8444.636400000001, "profit": 411, "limit": 7621, "timest": 1701616449}, "\u2605 Gut Knife | Safari Mesh (Field-Tested)": {"sugprice": 7382.481333333334, "profit": 475, "limit": 6662, "timest": 1701688522}, "\u2605 Gut Knife | Freehand (Field-Tested)": {"sugprice": 8900.89, "profit": 762, "limit": 8033, "timest": 1701688517}, "USP-S | Neo-Noir (Factory New)": {"sugprice": 3173.3949999999995, "profit": 165, "limit": 2863, "timest": 1701688369}, "\u2605 Driver Gloves | Convoy (Field-Tested)": {"sugprice": 6350, "profit": 332, "limit": 5730, "timest": 1701688472}, "\u2605 Hand Wraps | Constrictor (Well-Worn)": {"sugprice": 4946, "profit": 410, "limit": 4463, "timest": 1701688557}, "\u2605 Shadow Daggers | Damascus Steel (Field-Tested)": {"sugprice": 8052.9675, "profit": 419, "limit": 7267, "timest": 1701688747}, "\u2605 Hydra Gloves | Mangrove (Field-Tested)": {"sugprice": 4124.263600000001, "profit": 197, "limit": 3722, "timest": 1701635349}, "\u2605 Specialist Gloves | Buckshot (Battle-Scarred)": {"sugprice": 5106, "profit": 279, "limit": 4608, "timest": 1701629422}, "USP-S | The Traitor (Minimal Wear)": {"sugprice": 1388.4693548387093, "profit": 104, "limit": 1253, "timest": 1701687613}, "\u2605 Survival Knife | Boreal Forest (Field-Tested)": {"sugprice": 7891.455714285715, "profit": 387, "limit": 7122, "timest": 1701637619}, "\u2605 Specialist Gloves | Fade (Battle-Scarred)": {"sugprice": 14334, "profit": 964, "limit": 12936, "timest": 1701688812}, "\u2605 Moto Gloves | Transport (Field-Tested)": {"sugprice": 5407.388, "profit": 265, "limit": 4880, "timest": 1701636463}, "\u2605 Shadow Daggers | Autotronic (Field-Tested)": {"sugprice": 9795.129230769231, "profit": 504, "limit": 8840, "timest": 1701677937}, "USP-S | Kill Confirmed (Battle-Scarred)": {"sugprice": 3104.5938, "profit": 179, "limit": 2801, "timest": 1701688352}, "\u2605 Broken Fang Gloves | Needle Point (Field-Tested)": {"sugprice": 5233.638260869566, "profit": 311, "limit": 4723, "timest": 1701688460}, "StatTrak\u2122 P90 | Asiimov (Battle-Scarred)": {"sugprice": 1381, "profit": 106, "limit": 1246, "timest": 1701619411}, "USP-S | Orion (Field-Tested)": {"sugprice": 3985.702499999998, "profit": 213, "limit": 3597, "timest": 1701688376}, "UMP-45 | Blaze (Factory New)": {"sugprice": 1636.1700000000003, "profit": 100, "limit": 1476, "timest": 1701618527}, "\u2605 Hand Wraps | Desert Shamagh (Field-Tested)": {"sugprice": 5124.784565217391, "profit": 297, "limit": 4625, "timest": 1701686852}, "\u2605 Hydra Gloves | Rattler (Battle-Scarred)": {"sugprice": 4073.96093023256, "profit": 195, "limit": 3676, "timest": 1701686902}, "Tec-9 | Nuclear Threat (Battle-Scarred)": {"sugprice": 3069.8739999999993, "profit": 241, "limit": 2770, "timest": 1701688333}, "USP-S | Purple DDPAT (Minimal Wear)": {"sugprice": 1018.7921428571428, "profit": 120, "limit": 919, "timest": 1701688395}, "\u2605 Broken Fang Gloves | Yellow-banded (Field-Tested)": {"sugprice": 6185.867142857142, "profit": 388, "limit": 5582, "timest": 1701629932}, "\u2605 Falchion Knife | Rust Coat (Battle-Scarred)": {"sugprice": 8356.750588235294, "profit": 438, "limit": 7541, "timest": 1701688493}, "StatTrak\u2122 M4A4 | Buzz Kill (Battle-Scarred)": {"sugprice": 2020.007857142857, "profit": 131, "limit": 1823, "timest": 1701680696}, "StatTrak\u2122 M4A4 | Buzz Kill (Field-Tested)": {"sugprice": 2105.260909090909, "profit": 155, "limit": 1899, "timest": 1701688105}, "StatTrak\u2122 M4A4 | Desert-Strike (Field-Tested)": {"sugprice": 1533.019729729729, "profit": 158, "limit": 1383, "timest": 1701680723}, "StatTrak\u2122 M4A4 | Desolate Space (Well-Worn)": {"sugprice": 1203.8896774193547, "profit": 117, "limit": 1086, "timest": 1701622031}, "StatTrak\u2122 M4A4 | In Living Color (Battle-Scarred)": {"sugprice": 1173.8417500000007, "profit": 100, "limit": 1059, "timest": 1701685403}, "StatTrak\u2122 M4A4 | Neo-Noir (Well-Worn)": {"sugprice": 1000.3953846153847, "profit": 115, "limit": 902, "timest": 1701688148}, "StatTrak\u2122 M4A4 | \u9f8d\u738b (Dragon King) (Field-Tested)": {"sugprice": 1579.382222222222, "profit": 168, "limit": 1425, "timest": 1701676556}, "StatTrak\u2122 USP-S | Monster Mashup (Battle-Scarred)": {"sugprice": 1896.4723529411767, "profit": 164, "limit": 1711, "timest": 1701688303}, "\u2605 Bloodhound Gloves | Bronzed (Battle-Scarred)": {"sugprice": 6296.673529411764, "profit": 441, "limit": 5682, "timest": 1701688432}, "\u2605 Hand Wraps | CAUTION! (Battle-Scarred)": {"sugprice": 13336.808571428572, "profit": 677, "limit": 12036, "timest": 1701687737}, "\u2605 Navaja Knife | Doppler (Factory New)": {"sugprice": 17038.116923076923, "profit": 1564, "limit": 15376, "timest": 1701635410}, "StatTrak\u2122 M4A4 | Cyber Security (Well-Worn)": {"sugprice": 1573.4777777777779, "profit": 102, "limit": 1420, "timest": 1701678095}, "\u2605 Navaja Knife | Marble Fade (Factory New)": {"sugprice": 15330.114444444444, "profit": 732, "limit": 13835,