{"StatTrak\u2122 M4A1-S | Player Two (Battle-Scarred)": {"sugprice": 3201.8991666666675, "profit": 226, "limit": 2889, "timest": 1699788493}, "USP-S | Kill Confirmed (Well-Worn)": {"sugprice": 3465, "profit": 237, "limit": 3127, "timest": 1699787496}, "USP-S | Overgrowth (Field-Tested)": {"sugprice": 1978.6835000000003, "profit": 118, "limit": 1785, "timest": 1699789307}, "\u2605 Moto Gloves | Turtle (Battle-Scarred)": {"sugprice": 8712, "profit": 469, "limit": 7862, "timest": 1699789834}, "\u2605 Navaja Knife | Scorched (Field-Tested)": {"sugprice": 7288.218780487803, "profit": 713, "limit": 6577, "timest": 1699789869}, "\u2605 Driver Gloves | Racing Green (Battle-Scarred)": {"sugprice": 4049, "profit": 294, "limit": 3654, "timest": 1699789600}, "StatTrak\u2122 M4A4 | Royal Paladin (Battle-Scarred)": {"sugprice": 2380.948125, "profit": 190, "limit": 2148, "timest": 1699788569}, "StatTrak\u2122 M4A4 | Temukau (Field-Tested)": {"sugprice": 4052, "profit": 266, "limit": 3656, "timest": 1699788590}, "StatTrak\u2122 M4A4 | The Emperor (Battle-Scarred)": {"sugprice": 2670.2976470588233, "profit": 195, "limit": 2409, "timest": 1699788612}, "StatTrak\u2122 USP-S | Printstream (Battle-Scarred)": {"sugprice": 4981.862903225807, "profit": 323, "limit": 4496, "timest": 1699789011}, "StatTrak\u2122 USP-S | The Traitor (Well-Worn)": {"sugprice": 2159.1124999999997, "profit": 104, "limit": 1948, "timest": 1699752166}, "USP-S | Caiman (Field-Tested)": {"sugprice": 3358.8815909090904, "profit": 160, "limit": 3031, "timest": 1699756941}, "USP-S | Printstream (Minimal Wear)": {"sugprice": 4890.782499999999, "profit": 243, "limit": 4413, "timest": 1699787628}, "USP-S | Whiteout (Minimal Wear)": {"sugprice": 2857.2109090909094, "profit": 182, "limit": 2578, "timest": 1699789465}, "\u2605 Bowie Knife | Rust Coat (Battle-Scarred)": {"sugprice": 9755.087857142857, "profit": 513, "limit": 8803, "timest": 1699789494}, "\u2605 Broken Fang Gloves | Needle Point (Battle-Scarred)": {"sugprice": 5496.550869565217, "profit": 510, "limit": 4960, "timest": 1699786336}, "\u2605 Broken Fang Gloves | Needle Point (Field-Tested)": {"sugprice": 5667.032916666667, "profit": 499, "limit": 5114, "timest": 1699789515}, "\u2605 Driver Gloves | Racing Green (Well-Worn)": {"sugprice": 4023.6314814814823, "profit": 241, "limit": 3631, "timest": 1699743614}, "\u2605 Hand Wraps | Constrictor (Battle-Scarred)": {"sugprice": 5076.841315789474, "profit": 440, "limit": 4581, "timest": 1699789690}, "\u2605 Hydra Gloves | Rattler (Field-Tested)": {"sugprice": 4318.051666666666, "profit": 212, "limit": 3897, "timest": 1699781371}, "\u2605 Moto Gloves | Finish Line (Battle-Scarred)": {"sugprice": 7234.175714285716, "profit": 441, "limit": 6528, "timest": 1699789821}, "\u2605 Navaja Knife | Forest DDPAT (Field-Tested)": {"sugprice": 7118, "profit": 419, "limit": 6423, "timest": 1699789850}, "\u2605 Navaja Knife | Safari Mesh (Field-Tested)": {"sugprice": 7541.811818181817, "profit": 405, "limit": 6806, "timest": 1699789860}, "\u2605 Shadow Daggers | Bright Water (Field-Tested)": {"sugprice": 8232, "profit": 412, "limit": 7429, "timest": 1699788235}, "\u2605 Shadow Daggers | Rust Coat (Battle-Scarred)": {"sugprice": 7294, "profit": 618, "limit": 6582, "timest": 1699789921}, "\u2605 Broken Fang Gloves | Yellow-banded (Field-Tested)": {"sugprice": 6687.364347826087, "profit": 324, "limit": 6035, "timest": 1699789558}, "\u2605 Hand Wraps | Arboreal (Battle-Scarred)": {"sugprice": 5424.240789473683, "profit": 478, "limit": 4895, "timest": 1699789667}, "Vypa Sista of the Revolution | Guerrilla Warfare": {"sugprice": 1750, "profit": 105, "limit": 1579, "timest": 1699786324}, "\u2605 Shadow Daggers | Freehand (Field-Tested)": {"sugprice": 8860.509999999998, "profit": 476, "limit": 7996, "timest": 1699709503}, "StatTrak\u2122 M4A4 | \u9f8d\u738b (Dragon King) (Battle-Scarred)": {"sugprice": 1545.935952380952, "profit": 110, "limit": 1395, "timest": 1699788623}, "\u2605 Hydra Gloves | Mangrove (Battle-Scarred)": {"sugprice": 4167.345625, "profit": 391, "limit": 3761, "timest": 1699789772}, "USP-S | Monster Mashup (Minimal Wear)": {"sugprice": 2148.5205882352943, "profit": 111, "limit": 1939, "timest": 1699789231}, "USP-S | Neo-Noir (Factory New)": {"sugprice": 3154.5483333333336, "profit": 184, "limit": 2846, "timest": 1699705961}, "USP-S | Orion (Minimal Wear)": {"sugprice": 4451.122926829268, "profit": 233, "limit": 4017, "timest": 1699789292}, "\u2605 Broken Fang Gloves | Yellow-banded (Battle-Scarred)": {"sugprice": 6376.025000000002, "profit": 456, "limit": 5754, "timest": 1699789555}, "\u2605 Specialist Gloves | Buckshot (Battle-Scarred)": {"sugprice": 5246.170370370371, "profit": 344, "limit": 4734, "timest": 1699789931}, "\u2605 Hydra Gloves | Mangrove (Well-Worn)": {"sugprice": 4416.896842105263, "profit": 265, "limit": 3986, "timest": 1699789775}, "\u2605 Shadow Daggers | Scorched (Field-Tested)": {"sugprice": 7415.648125, "profit": 374, "limit": 6692, "timest": 1699789923}, "StatTrak\u2122 M4A4 | Desolate Space (Battle-Scarred)": {"sugprice": 1384.6191836734693, "profit": 165, "limit": 1249, "timest": 1699766219}, "StatTrak\u2122 USP-S | Blueprint (Battle-Scarred)": {"sugprice": 1215.1588, "profit": 123, "limit": 1096, "timest": 1699788885}, "StatTrak\u2122 P90 | Asiimov (Battle-Scarred)": {"sugprice": 1424, "profit": 127, "limit": 1285, "timest": 1699788806}, "\u2605 Bloodhound Gloves | Guerrilla (Battle-Scarred)": {"sugprice": 6312.53, "profit": 348, "limit": 5697, "timest": 1699789489}, "\u2605 Hand Wraps | Desert Shamagh (Field-Tested)": {"sugprice": 5032.460487804878, "profit": 258, "limit": 4541, "timest": 1699781349}, "\u2605 Gut Knife | Forest DDPAT (Field-Tested)": {"sugprice": 8300.3875, "profit": 580, "limit": 7491, "timest": 1699789647}, "\u2605 Moto Gloves | Transport (Battle-Scarred)": {"sugprice": 5513.627599999999, "profit": 337, "limit": 4976, "timest": 1699789832}, "USP-S | The Traitor (Minimal Wear)": {"sugprice": 1580.5876190476188, "profit": 122, "limit": 1426, "timest": 1699789444}, "USP-S | Printstream (Well-Worn)": {"sugprice": 3010.491304347827, "profit": 348, "limit": 2716, "timest": 1699789326}, "\u2605 Driver Gloves | Racing Green (Field-Tested)": {"sugprice": 4158.301224489796, "profit": 329, "limit": 3752, "timest": 1699789605}, "StatTrak\u2122 P90 | Trigon (Field-Tested)": {"sugprice": 1391.0171428571427, "profit": 131, "limit": 1255, "timest": 1699788816}, "\u2605 Hand Wraps | Duct Tape (Field-Tested)": {"sugprice": 5247, "profit": 273, "limit": 4735, "timest": 1699787959}, "USP-S | Monster Mashup (Well-Worn)": {"sugprice": 1331.7983333333334, "profit": 118, "limit": 1201, "timest": 1699789242}, "\u2605 Broken Fang Gloves | Unhinged (Battle-Scarred)": {"sugprice": 5049, "profit": 295, "limit": 4556, "timest": 1699789539}, "\u2605 Hand Wraps | Arboreal (Field-Tested)": {"sugprice": 6397.228695652174, "profit": 377, "limit": 5773, "timest": 1699740709}, "StatTrak\u2122 M4A4 | Neo-Noir (Field-Tested)": {"sugprice": 1245.4527777777778, "profit": 162, "limit": 1124, "timest": 1699788560}, "USP-S | Kill Confirmed (Battle-Scarred)": {"sugprice": 3262, "profit": 248, "limit": 2943, "timest": 1699787469}, "USP-S | Kill Confirmed (Minimal Wear)": {"sugprice": 6040, "profit": 636, "limit": 5451, "timest": 1699789196}, "StatTrak\u2122 M4A4 | Cyber Security (Battle-Scarred)": {"sugprice": 1734.65, "profit": 181, "limit": 1565, "timest": 1699788497}, "USP-S | Purple DDPAT (Minimal Wear)": {"sugprice": 1042.3683333333333, "profit": 109, "limit": 940, "timest": 1699724302}, "USP-S | Serum (Field-Tested)": {"sugprice": 3663, "profit": 241, "limit": 3305, "timest": 1699786308}, "\u2605 Hand Wraps | Giraffe (Battle-Scarred)": {"sugprice": 6528.507727272728, "profit": 437, "limit": 5891, "timest": 1699789737}, "USP-S | Neo-Noir (Well-Worn)": {"sugprice": 1862.9787096774194, "profit": 145, "limit": 1681, "timest": 1699789277},