{"USP-S | Kill Confirmed (Well-Worn)": {"sugprice": 3069, "profit": 148, "limit": 2769, "timest": 1700152243}, "USP-S | Overgrowth (Field-Tested)": {"sugprice": 2013.7176923076922, "profit": 135, "limit": 1817, "timest": 1700152262}, "\u2605 Moto Gloves | Turtle (Battle-Scarred)": {"sugprice": 8035.107000000001, "profit": 560, "limit": 7251, "timest": 1700152453}, "\u2605 Navaja Knife | Scorched (Field-Tested)": {"sugprice": 6948.794666666667, "profit": 664, "limit": 6271, "timest": 1700152471}, "\u2605 Driver Gloves | Racing Green (Battle-Scarred)": {"sugprice": 4009, "profit": 292, "limit": 3618, "timest": 1700152341}, "StatTrak\u2122 M4A4 | Royal Paladin (Battle-Scarred)": {"sugprice": 2172.2516666666666, "profit": 112, "limit": 1960, "timest": 1700152077}, "StatTrak\u2122 M4A4 | The Emperor (Battle-Scarred)": {"sugprice": 2617, "profit": 246, "limit": 2361, "timest": 1700152088}, "StatTrak\u2122 USP-S | The Traitor (Well-Worn)": {"sugprice": 2117, "profit": 196, "limit": 1910, "timest": 1700152205}, "USP-S | Printstream (Minimal Wear)": {"sugprice": 4494.209473684209, "profit": 567, "limit": 4056, "timest": 1700152268}, "USP-S | Whiteout (Minimal Wear)": {"sugprice": 2638, "profit": 186, "limit": 2380, "timest": 1700152297}, "\u2605 Broken Fang Gloves | Needle Point (Battle-Scarred)": {"sugprice": 5460.745869565217, "profit": 562, "limit": 4928, "timest": 1700152313}, "\u2605 Broken Fang Gloves | Needle Point (Field-Tested)": {"sugprice": 5541.084827586207, "profit": 488, "limit": 5000, "timest": 1700152315}, "\u2605 Driver Gloves | Racing Green (Well-Worn)": {"sugprice": 4261.092500000001, "profit": 452, "limit": 3845, "timest": 1700152346}, "\u2605 Hand Wraps | Constrictor (Battle-Scarred)": {"sugprice": 4890.9824324324345, "profit": 506, "limit": 4414, "timest": 1700152373}, "\u2605 Hydra Gloves | Rattler (Field-Tested)": {"sugprice": 4225.875405405405, "profit": 410, "limit": 3813, "timest": 1700148039}, "\u2605 Moto Gloves | Finish Line (Battle-Scarred)": {"sugprice": 7255.618888888889, "profit": 447, "limit": 6548, "timest": 1700152445}, "\u2605 Navaja Knife | Forest DDPAT (Field-Tested)": {"sugprice": 6957.288076923078, "profit": 555, "limit": 6278, "timest": 1700152462}, "\u2605 Navaja Knife | Safari Mesh (Field-Tested)": {"sugprice": 7004, "profit": 497, "limit": 6321, "timest": 1700152470}, "\u2605 Shadow Daggers | Bright Water (Field-Tested)": {"sugprice": 7801.943235294116, "profit": 605, "limit": 7041, "timest": 1700152482}, "\u2605 Shadow Daggers | Rust Coat (Battle-Scarred)": {"sugprice": 7017.475, "profit": 632, "limit": 6333, "timest": 1700152487}, "\u2605 Broken Fang Gloves | Yellow-banded (Field-Tested)": {"sugprice": 6336, "profit": 318, "limit": 5718, "timest": 1700151323}, "\u2605 Hand Wraps | Arboreal (Battle-Scarred)": {"sugprice": 5130.066153846154, "profit": 540, "limit": 4629, "timest": 1700152365}, "Vypa Sista of the Revolution | Guerrilla Warfare": {"sugprice": 1629.0976470588232, "profit": 136, "limit": 1470, "timest": 1700152298}, "StatTrak\u2122 M4A4 | \u9f8d\u738b (Dragon King) (Battle-Scarred)": {"sugprice": 1502.5130555555554, "profit": 135, "limit": 1356, "timest": 1700152093}, "\u2605 Hydra Gloves | Mangrove (Battle-Scarred)": {"sugprice": 4147.499750000001, "profit": 225, "limit": 3743, "timest": 1700152421}, "USP-S | Monster Mashup (Minimal Wear)": {"sugprice": 1874.637142857143, "profit": 139, "limit": 1691, "timest": 1700152249}, "\u2605 Broken Fang Gloves | Yellow-banded (Battle-Scarred)": {"sugprice": 6074.093404255318, "profit": 763, "limit": 5481, "timest": 1700152325}, "\u2605 Hydra Gloves | Mangrove (Well-Worn)": {"sugprice": 4336, "profit": 417, "limit": 3913, "timest": 1700152424}, "\u2605 Shadow Daggers | Scorched (Field-Tested)": {"sugprice": 7332.233, "profit": 552, "limit": 6617, "timest": 1700152490}, "StatTrak\u2122 M4A4 | Desolate Space (Battle-Scarred)": {"sugprice": 1221.5116216216215, "profit": 125, "limit": 1102, "timest": 1700152062}, "StatTrak\u2122 P90 | Asiimov (Battle-Scarred)": {"sugprice": 1417, "profit": 125, "limit": 1278, "timest": 1700152138}, "\u2605 Hand Wraps | Desert Shamagh (Field-Tested)": {"sugprice": 4916.61641025641, "profit": 450, "limit": 4437, "timest": 1700152380}, "\u2605 Gut Knife | Forest DDPAT (Field-Tested)": {"sugprice": 7623, "profit": 444, "limit": 6879, "timest": 1700152358}, "\u2605 Moto Gloves | Transport (Battle-Scarred)": {"sugprice": 5258.761714285716, "profit": 388, "limit": 4746, "timest": 1700152451}, "USP-S | The Traitor (Minimal Wear)": {"sugprice": 1455.0453488372093, "profit": 132, "limit": 1313, "timest": 1700152289}, "USP-S | Printstream (Well-Worn)": {"sugprice": 2753, "profit": 292, "limit": 2484, "timest": 1700152270}, "\u2605 Driver Gloves | Racing Green (Field-Tested)": {"sugprice": 4038, "profit": 246, "limit": 3644, "timest": 1700152343}, "\u2605 Hand Wraps | Duct Tape (Field-Tested)": {"sugprice": 5214.256363636365, "profit": 523, "limit": 4705, "timest": 1700152386}, "USP-S | Monster Mashup (Well-Worn)": {"sugprice": 1342.8191304347827, "profit": 123, "limit": 1211, "timest": 1700152251}, "\u2605 Broken Fang Gloves | Unhinged (Battle-Scarred)": {"sugprice": 5099.2304081632665, "profit": 343, "limit": 4602, "timest": 1700152319}, "\u2605 Hand Wraps | Arboreal (Field-Tested)": {"sugprice": 5841, "profit": 348, "limit": 5271, "timest": 1700152368}, "USP-S | Kill Confirmed (Battle-Scarred)": {"sugprice": 3008.3361111111117, "profit": 212, "limit": 2715, "timest": 1700145869}, "StatTrak\u2122 M4A4 | Cyber Security (Battle-Scarred)": {"sugprice": 1576.0388235294117, "profit": 123, "limit": 1422, "timest": 1700130324}, "USP-S | Serum (Field-Tested)": {"sugprice": 3462.674166666667, "profit": 368, "limit": 3125, "timest": 1700152279}, "\u2605 Hand Wraps | Giraffe (Battle-Scarred)": {"sugprice": 5928, "profit": 570, "limit": 5350, "timest": 1700152388}, "USP-S | Neo-Noir (Well-Worn)": {"sugprice": 1512, "profit": 122, "limit": 1364, "timest": 1700152256}, "\u2605 Survival Knife | Safari Mesh (Field-Tested)": {"sugprice": 7622, "profit": 571, "limit": 6878, "timest": 1700152512}, "\u2605 Hydra Gloves | Case Hardened (Field-Tested)": {"sugprice": 8018, "profit": 489, "limit": 7236, "timest": 1700152417}, "\u2605 Gut Knife | Rust Coat (Battle-Scarred)": {"sugprice": 7931.211621621621, "profit": 720, "limit": 7157, "timest": 1700152359}, "\u2605 Moto Gloves | Smoke Out (Battle-Scarred)": {"sugprice": 6830, "profit": 537, "limit": 6164, "timest": 1700152447}, "\u2605 Hydra Gloves | Rattler (Battle-Scarred)": {"sugprice": 4487.495128205127, "profit": 523, "limit": 4049, "timest": 1700152425}, "StatTrak\u2122 M4A4 | Evil Daimyo (Minimal Wear)": {"sugprice": 807.6974999999999, "profit": 101, "limit": 728, "timest": 1700152067}, "StatTrak\u2122 SSG 08 | Dragonfire (Field-Tested)": {"sugprice": 3818.402105263158, "profit": 464, "limit": 3446, "timest": 1700152157}, "\u2605 Specialist Gloves | Forest DDPAT (Battle-Scarred)": {"sugprice": 8244.57, "profit": 798, "limit": 7440, "timest": 1700152503}, "StatTrak\u2122 M4A4 | Desert-Strike (Field-Tested)": {"sugprice": 1394.2666666666669, "profit": 263, "limit": 1258, "timest": 1700152060}, "\u2605 Broken Fang Gloves | Jade (Battle-Scarred)": {"sugprice": 7471.65, "profit": 782, "limit": 6743, "timest": 1700152311}, "StatTrak\u2122 M4A4 | Temukau (Battle-Scarred)": {"sugprice": 2539.4102325581403, "profit": 202, "limit": 2291, "timest": 1700152082}, "\u2605 Hydra Gloves | Rattler (Well-Worn)": {"sugprice": 4722, "profit": 381, "limit": 4261, "timest": 1700152437}, "\u2605 Broken Fang Gloves | Needle Point (Well-Worn)": {"sugprice": 5562.881739130435, "profit": 436, "limit": 5020, "timest": 1700152317}, "StatTrak\u2122 USP-S | Neo-Noir (Field-Tested)": {"sugprice": 3161, "profit": 322, "limit": 2852, "timest": 1700152197}, "USP-S | Whiteout (Battle-Scarred)": {"sugprice": 1796.634545454545, "profit": 150, "limit": 1621, "timest": 1700152291},