{"USP-S | Kill Confirmed (Well-Worn)": {"sugprice": 3009.8154000000004, "profit": 246, "limit": 2716, "timest": 1701202201}, "\u2605 Navaja Knife | Scorched (Field-Tested)": {"sugprice": 6730.363571428571, "profit": 418, "limit": 6074, "timest": 1701201393}, "\u2605 Driver Gloves | Racing Green (Battle-Scarred)": {"sugprice": 3638.4253999999996, "profit": 282, "limit": 3283, "timest": 1701202455}, "\u2605 Driver Gloves | Racing Green (Well-Worn)": {"sugprice": 3749.974857142857, "profit": 331, "limit": 3384, "timest": 1701202459}, "\u2605 Hydra Gloves | Rattler (Field-Tested)": {"sugprice": 3961.626599999999, "profit": 287, "limit": 3575, "timest": 1701202766}, "\u2605 Navaja Knife | Forest DDPAT (Field-Tested)": {"sugprice": 6767.325294117648, "profit": 358, "limit": 6107, "timest": 1701202889}, "\u2605 Shadow Daggers | Bright Water (Field-Tested)": {"sugprice": 7279, "profit": 443, "limit": 6569, "timest": 1701203032}, "\u2605 Shadow Daggers | Rust Coat (Battle-Scarred)": {"sugprice": 6848.999642857141, "profit": 473, "limit": 6181, "timest": 1701203055}, "\u2605 Broken Fang Gloves | Yellow-banded (Field-Tested)": {"sugprice": 6417.4205882352935, "profit": 476, "limit": 5791, "timest": 1701202428}, "\u2605 Hydra Gloves | Mangrove (Battle-Scarred)": {"sugprice": 3859.9942553191486, "profit": 286, "limit": 3483, "timest": 1701202709}, "\u2605 Hydra Gloves | Mangrove (Well-Worn)": {"sugprice": 3962.570714285714, "profit": 262, "limit": 3576, "timest": 1701202741}, "\u2605 Hand Wraps | Desert Shamagh (Field-Tested)": {"sugprice": 4873.724444444445, "profit": 351, "limit": 4398, "timest": 1701202593}, "\u2605 Moto Gloves | Transport (Battle-Scarred)": {"sugprice": 5158.6907142857135, "profit": 268, "limit": 4655, "timest": 1701193187}, "USP-S | The Traitor (Minimal Wear)": {"sugprice": 1326.5896774193548, "profit": 105, "limit": 1197, "timest": 1701191077}, "USP-S | Printstream (Well-Worn)": {"sugprice": 2699.1295, "profit": 250, "limit": 2435, "timest": 1701202301}, "\u2605 Hand Wraps | Duct Tape (Field-Tested)": {"sugprice": 5150.750714285715, "profit": 291, "limit": 4648, "timest": 1701185130}, "\u2605 Broken Fang Gloves | Unhinged (Battle-Scarred)": {"sugprice": 5162.457021276596, "profit": 468, "limit": 4659, "timest": 1701202420}, "\u2605 Hand Wraps | Arboreal (Field-Tested)": {"sugprice": 5554.39380952381, "profit": 346, "limit": 5012, "timest": 1701202540}, "\u2605 Hand Wraps | Giraffe (Battle-Scarred)": {"sugprice": 6121.414210526316, "profit": 516, "limit": 5524, "timest": 1701202665}, "USP-S | Neo-Noir (Well-Worn)": {"sugprice": 1466.0182352941174, "profit": 115, "limit": 1323, "timest": 1701195794}, "\u2605 Moto Gloves | Smoke Out (Battle-Scarred)": {"sugprice": 6935.3747826086965, "profit": 473, "limit": 6259, "timest": 1701202815}, "\u2605 Hydra Gloves | Rattler (Battle-Scarred)": {"sugprice": 3966.6041999999998, "profit": 296, "limit": 3579, "timest": 1701202753}, "StatTrak\u2122 SSG 08 | Dragonfire (Field-Tested)": {"sugprice": 3174.130232558139, "profit": 304, "limit": 2864, "timest": 1701201965}, "StatTrak\u2122 USP-S | Neo-Noir (Field-Tested)": {"sugprice": 3118, "profit": 224, "limit": 2813, "timest": 1701202064}, "\u2605 Bloodhound Gloves | Guerrilla (Field-Tested)": {"sugprice": 6067.089411764707, "profit": 354, "limit": 5475, "timest": 1701202355}, "\u2605 Gut Knife | Bright Water (Field-Tested)": {"sugprice": 8195.095000000001, "profit": 545, "limit": 7396, "timest": 1701202489}, "\u2605 Hand Wraps | Constrictor (Field-Tested)": {"sugprice": 4950.175, "profit": 329, "limit": 4467, "timest": 1701202567}, "\u2605 Hand Wraps | Desert Shamagh (Well-Worn)": {"sugprice": 4811.332857142857, "profit": 280, "limit": 4342, "timest": 1701202644}, "\u2605 Navaja Knife | Night Stripe (Field-Tested)": {"sugprice": 6594.177857142858, "profit": 342, "limit": 5951, "timest": 1701200029}, "\u2605 Survival Knife | Scorched (Field-Tested)": {"sugprice": 7654.297142857143, "profit": 368, "limit": 6908, "timest": 1701178215}, "\u2605 Moto Gloves | 3rd Commando Company (Field-Tested)": {"sugprice": 5594.236923076924, "profit": 388, "limit": 5048, "timest": 1701199924}, "StatTrak\u2122 USP-S | Neo-Noir (Battle-Scarred)": {"sugprice": 3025.0049999999997, "profit": 147, "limit": 2730, "timest": 1701117422}, "StatTrak\u2122 USP-S | The Traitor (Battle-Scarred)": {"sugprice": 1861.6671739130438, "profit": 108, "limit": 1680, "timest": 1701202081}, "USP-S | Neo-Noir (Minimal Wear)": {"sugprice": 1514.9317142857142, "profit": 104, "limit": 1367, "timest": 1701179838}, "USP-S | Kill Confirmed (Field-Tested)": {"sugprice": 3211.013928571428, "profit": 161, "limit": 2897, "timest": 1701169907}, "\u2605 Driver Gloves | Queen Jaguar (Battle-Scarred)": {"sugprice": 5190.866086956522, "profit": 258, "limit": 4684, "timest": 1701202451}, "\u2605 Hand Wraps | Desert Shamagh (Battle-Scarred)": {"sugprice": 4870.167187499999, "profit": 306, "limit": 4395, "timest": 1701202583}, "\u2605 Shadow Daggers | Freehand (Field-Tested)": {"sugprice": 8347.36846153846, "profit": 429, "limit": 7533, "timest": 1701118486}, "\u2605 Specialist Gloves | Buckshot (Battle-Scarred)": {"sugprice": 4871.804090909091, "profit": 263, "limit": 4396, "timest": 1701151594}, "USP-S | Orion (Minimal Wear)": {"sugprice": 3837.539285714287, "profit": 199, "limit": 3463, "timest": 1701202258}, "USP-S | Caiman (Field-Tested)": {"sugprice": 3167.6617021276593, "profit": 328, "limit": 2858, "timest": 1701202177}, "\u2605 Sport Gloves | Bronze Morph (Battle-Scarred)": {"sugprice": 9760.856363636365, "profit": 470, "limit": 8809, "timest": 1701172879}, "\u2605 Bloodhound Gloves | Guerrilla (Battle-Scarred)": {"sugprice": 6034.554285714287, "profit": 288, "limit": 5446, "timest": 1701161034}, "\u2605 Moto Gloves | Turtle (Battle-Scarred)": {"sugprice": 7713.162999999999, "profit": 407, "limit": 6961, "timest": 1701202836}, "\u2605 Hand Wraps | Arboreal (Battle-Scarred)": {"sugprice": 5038.2447619047625, "profit": 282, "limit": 4547, "timest": 1701202531}, "\u2605 Broken Fang Gloves | Yellow-banded (Battle-Scarred)": {"sugprice": 5596.327173913044, "profit": 335, "limit": 5050, "timest": 1701202425}, "StatTrak\u2122 USP-S | Printstream (Battle-Scarred)": {"sugprice": 4392.180833333335, "profit": 318, "limit": 3963, "timest": 1701202067}, "USP-S | Overgrowth (Field-Tested)": {"sugprice": 1668.6809523809522, "profit": 136, "limit": 1505, "timest": 1701202268}, "StatTrak\u2122 USP-S | Stainless (Battle-Scarred)": {"sugprice": 1019.0592857142857, "profit": 101, "limit": 919, "timest": 1701202078}, "\u2605 Broken Fang Gloves | Needle Point (Battle-Scarred)": {"sugprice": 5039.6558, "profit": 287, "limit": 4548, "timest": 1701202394}, "StatTrak\u2122 P250 | Muertos (Field-Tested)": {"sugprice": 1041.4989655172415, "profit": 111, "limit": 939, "timest": 1701201830}, "StatTrak\u2122 P90 | Blind Spot (Field-Tested)": {"sugprice": 1262, "profit": 320, "limit": 1138, "timest": 1701148678}, "StatTrak\u2122 USP-S | Monster Mashup (Field-Tested)": {"sugprice": 1740.7476470588235, "profit": 106, "limit": 1571, "timest": 1701173411}, "Tec-9 | Nuclear Threat (Battle-Scarred)": {"sugprice": 3041.275, "profit": 327, "limit": 2744, "timest": 1701202122}, "USP-S | Orion (Factory New)": {"sugprice": 4004.0174999999995, "profit": 264, "limit": 3613, "timest": 1701202246}, "\u2605 Bloodhound Gloves | Bronzed (Field-Tested)": {"sugprice": 6195.243750000001, "profit": 519, "limit": 5591, "timest": 1701202346}, "\u2605 Gut Knife | Scorched (Field-Tested)": {"sugprice": 7636.413636363638, "profit": 618, "limit": 6891, "timest": 1701202527}, "\u2605 Hydra Gloves | Emerald (Battle-Scarred)": {"sugprice": 4545.3946, "profit": 358, "limit": 4102, "timest": 1701202680}, "\u2605 Hydra Gloves | Emerald (Field-Tested)": {"sugprice": 4562.22693877551, "profit": 290, "limit": 4117, "timest": 1701202684}, "\u2605 Moto Gloves | Blood Pressure (Battle-Scarred)": {"sugprice": 9030.29, "profit": 663, "limit": 8149, "timest": 1701202789},