{"USP-S | Kill Confirmed (Well-Worn)": {"sugprice": 3227.4208510638305, "profit": 179, "limit": 2912, "timest": 1702051295}, "\u2605 Hydra Gloves | Rattler (Field-Tested)": {"sugprice": 4335.596363636363, "profit": 325, "limit": 3912, "timest": 1702051758}, "\u2605 Moto Gloves | Transport (Battle-Scarred)": {"sugprice": 5356.7832558139535, "profit": 298, "limit": 4834, "timest": 1702030769}, "\u2605 Broken Fang Gloves | Unhinged (Battle-Scarred)": {"sugprice": 5088.110199999999, "profit": 273, "limit": 4592, "timest": 1702047492}, "StatTrak\u2122 SSG 08 | Dragonfire (Field-Tested)": {"sugprice": 3055.9502272727273, "profit": 212, "limit": 2757, "timest": 1702051155}, "StatTrak\u2122 USP-S | The Traitor (Battle-Scarred)": {"sugprice": 2255.4449999999997, "profit": 174, "limit": 2035, "timest": 1702051223}, "\u2605 Moto Gloves | Blood Pressure (Battle-Scarred)": {"sugprice": 8096, "profit": 576, "limit": 7306, "timest": 1701978971}, "\u2605 Gut Knife | Safari Mesh (Field-Tested)": {"sugprice": 7232.093846153846, "profit": 357, "limit": 6526, "timest": 1702051646}, "\u2605 Gut Knife | Freehand (Field-Tested)": {"sugprice": 8910, "profit": 464, "limit": 8041, "timest": 1702040486}, "USP-S | Neo-Noir (Factory New)": {"sugprice": 3167.5, "profit": 165, "limit": 2858, "timest": 1702050116}, "\u2605 Driver Gloves | Convoy (Field-Tested)": {"sugprice": 6210.016250000001, "profit": 344, "limit": 5604, "timest": 1702051576}, "\u2605 Specialist Gloves | Fade (Battle-Scarred)": {"sugprice": 15305.493846153848, "profit": 924, "limit": 13813, "timest": 1702052033}, "Tec-9 | Nuclear Threat (Battle-Scarred)": {"sugprice": 3076.381, "profit": 163, "limit": 2776, "timest": 1702051251}, "StatTrak\u2122 M4A4 | \u9f8d\u738b (Dragon King) (Field-Tested)": {"sugprice": 1563, "profit": 104, "limit": 1410, "timest": 1702049839}, "\u2605 Bloodhound Gloves | Bronzed (Battle-Scarred)": {"sugprice": 6213.850000000001, "profit": 311, "limit": 5607, "timest": 1702048340}, "\u2605 Navaja Knife | Marble Fade (Factory New)": {"sugprice": 15309.48636363636, "profit": 789, "limit": 13816, "timest": 1702033205}, "\u2605 Shadow Daggers | Scorched (Field-Tested)": {"sugprice": 7037.1573333333345, "profit": 337, "limit": 6351, "timest": 1702044760}, "StatTrak\u2122 M4A4 | The Battlestar (Field-Tested)": {"sugprice": 1518.1010526315788, "profit": 160, "limit": 1370, "timest": 1702050986}, "StatTrak\u2122 M4A4 | The Emperor (Battle-Scarred)": {"sugprice": 2558.527105263158, "profit": 122, "limit": 2309, "timest": 1702050987}, "\u2605 Driver Gloves | Racing Green (Field-Tested)": {"sugprice": 4091.6923913043493, "profit": 329, "limit": 3692, "timest": 1702051595}, "StatTrak\u2122 M4A4 | Temukau (Battle-Scarred)": {"sugprice": 2427.319111111112, "profit": 122, "limit": 2190, "timest": 1702004078}, "\u2605 Hand Wraps | Constrictor (Battle-Scarred)": {"sugprice": 5013.281999999999, "profit": 260, "limit": 4524, "timest": 1701995766}, "\u2605 Shadow Daggers | Freehand (Field-Tested)": {"sugprice": 9108, "profit": 616, "limit": 8219, "timest": 1702046818}, "\u2605 Bloodhound Gloves | Guerrilla (Battle-Scarred)": {"sugprice": 6237.371785714286, "profit": 397, "limit": 5629, "timest": 1702050214}, "\u2605 Driver Gloves | Convoy (Battle-Scarred)": {"sugprice": 6320.052580645161, "profit": 403, "limit": 5703, "timest": 1702051572}, "\u2605 Navaja Knife | Boreal Forest (Field-Tested)": {"sugprice": 6852.584468085104, "profit": 398, "limit": 6184, "timest": 1702051869}, "\u2605 Shadow Daggers | Boreal Forest (Field-Tested)": {"sugprice": 7240.460769230768, "profit": 368, "limit": 6534, "timest": 1701966588}, "\u2605 Gut Knife | Bright Water (Field-Tested)": {"sugprice": 8366.191875, "profit": 487, "limit": 7550, "timest": 1702049472}, "\u2605 Hydra Gloves | Rattler (Well-Worn)": {"sugprice": 4491.751818181818, "profit": 265, "limit": 4053, "timest": 1702051781}, "StatTrak\u2122 M4A4 | In Living Color (Field-Tested)": {"sugprice": 1307.4123809523812, "profit": 111, "limit": 1179, "timest": 1702007089}, "\u2605 Driver Gloves | Queen Jaguar (Field-Tested)": {"sugprice": 6445.445384615384, "profit": 408, "limit": 5817, "timest": 1702051590}, "\u2605 Bloodhound Gloves | Snakebite (Field-Tested)": {"sugprice": 6021.023571428572, "profit": 318, "limit": 5433, "timest": 1702050226}, "StatTrak\u2122 USP-S | Neo-Noir (Battle-Scarred)": {"sugprice": 3052.775, "profit": 176, "limit": 2755, "timest": 1702051215}, "\u2605 Specialist Gloves | Forest DDPAT (Battle-Scarred)": {"sugprice": 8612, "profit": 667, "limit": 7772, "timest": 1702036033}, "\u2605 Moto Gloves | Smoke Out (Battle-Scarred)": {"sugprice": 8069.671578947367, "profit": 662, "limit": 7282, "timest": 1702051844}, "\u2605 Hand Wraps | Giraffe (Battle-Scarred)": {"sugprice": 6302.4053125, "profit": 381, "limit": 5687, "timest": 1702051706}, "\u2605 Shadow Daggers | Forest DDPAT (Field-Tested)": {"sugprice": 7296.687058823529, "profit": 675, "limit": 6585, "timest": 1702051979}, "\u2605 Gut Knife | Forest DDPAT (Field-Tested)": {"sugprice": 7664.379999999999, "profit": 365, "limit": 6917, "timest": 1702004553}, "USP-S | Printstream (Field-Tested)": {"sugprice": 3134.9685365853657, "profit": 192, "limit": 2829, "timest": 1702051382}, "\u2605 Navaja Knife | Rust Coat (Battle-Scarred)": {"sugprice": 6964.589375, "profit": 348, "limit": 6285, "timest": 1702038053}, "StatTrak\u2122 PP-Bizon | Judgement of Anubis (Field-Tested)": {"sugprice": 1103, "profit": 151, "limit": 995, "timest": 1702029955}, "\u2605 Navaja Knife | Night Stripe (Field-Tested)": {"sugprice": 6836.234999999999, "profit": 354, "limit": 6169, "timest": 1702039203}, "\u2605 Paracord Knife | Forest DDPAT (Field-Tested)": {"sugprice": 8231.133214285714, "profit": 404, "limit": 7428, "timest": 1702003814}, "\u2605 Shadow Daggers | Ultraviolet (Field-Tested)": {"sugprice": 9057, "profit": 582, "limit": 8173, "timest": 1702046829}, "\u2605 Survival Knife | Forest DDPAT (Field-Tested)": {"sugprice": 8044.125384615384, "profit": 615, "limit": 7259, "timest": 1702052041}, "\u2605 Hydra Gloves | Emerald (Field-Tested)": {"sugprice": 4810.416530612246, "profit": 290, "limit": 4341, "timest": 1702050504}, "\u2605 Driver Gloves | Queen Jaguar (Battle-Scarred)": {"sugprice": 6057.175757575758, "profit": 288, "limit": 5466, "timest": 1702050335}, "\u2605 Driver Gloves | Racing Green (Battle-Scarred)": {"sugprice": 4097.852045454545, "profit": 242, "limit": 3698, "timest": 1702051592}, "\u2605 Survival Knife | Boreal Forest (Field-Tested)": {"sugprice": 7829.6500000000015, "profit": 508, "limit": 7066, "timest": 1702046838}, "StatTrak\u2122 M4A4 | X-Ray (Minimal Wear)": {"sugprice": 4705.146428571429, "profit": 225, "limit": 4246, "timest": 1702020067}, "\u2605 Gut Knife | Doppler (Factory New)": {"sugprice": 16276.683076923076, "profit": 967, "limit": 14689, "timest": 1702049474}, "\u2605 Shadow Daggers | Rust Coat (Battle-Scarred)": {"sugprice": 6961.155277777779, "profit": 343, "limit": 6282, "timest": 1701966600}, "USP-S | Printstream (Well-Worn)": {"sugprice": 3018.7381578947375, "profit": 179, "limit": 2724, "timest": 1702045657}, "StatTrak\u2122 USP-S | The Traitor (Well-Worn)": {"sugprice": 2189.463333333333, "profit": 236, "limit": 1975, "timest": 1702051225}, "StatTrak\u2122 USP-S | Neo-Noir (Field-Tested)": {"sugprice": 3068, "profit": 148, "limit": 2768, "timest": 1702051217}, "\u2605 Gut Knife | Scorched (Field-Tested)": {"sugprice": 7576.357368421051, "profit": 448, "limit": 6837, "timest": 1702037820}, "StatTrak\u2122 M4A4 | Royal Paladin (Field-Tested)": {"sugprice": 2220, "profit": 153, "limit": 2003, "timest": 1702050970}, "\u2605 Sport Gloves | Bronze Morph (Battle-Scarred)": {"sugprice": 10612.88411764706, "profit": 741, "limit": 9578, "timest": 1702052037}, "USP-S | Orion (Minimal Wear)": {"sugprice": 4257.505333333334, "profit": 210, "limit": 3842, "timest": 1701992255}, "\u2605 Specialist Gloves | Buckshot (Field-Tested)": {"sugprice": 5475.491818181818, "profit": 314, "limit": 4941,