{"USP-S | Kill Confirmed (Well-Worn)": {"sugprice": 2876.344081632652, "profit": 198, "limit": 2595, "timest": 1701348931}, "\u2605 Navaja Knife | Scorched (Field-Tested)": {"sugprice": 6734.741249999999, "profit": 378, "limit": 6078, "timest": 1701348583}, "\u2605 Driver Gloves | Racing Green (Battle-Scarred)": {"sugprice": 3539.675, "profit": 197, "limit": 3194, "timest": 1701344633}, "\u2605 Driver Gloves | Racing Green (Well-Worn)": {"sugprice": 3641.338076923077, "profit": 173, "limit": 3286, "timest": 1701349005}, "\u2605 Hydra Gloves | Rattler (Field-Tested)": {"sugprice": 3800.0239583333328, "profit": 187, "limit": 3429, "timest": 1701349161}, "\u2605 Navaja Knife | Forest DDPAT (Field-Tested)": {"sugprice": 6740.591111111111, "profit": 366, "limit": 6083, "timest": 1701344849}, "\u2605 Shadow Daggers | Bright Water (Field-Tested)": {"sugprice": 7127, "profit": 349, "limit": 6432, "timest": 1701334662}, "\u2605 Shadow Daggers | Rust Coat (Battle-Scarred)": {"sugprice": 6689.2621739130445, "profit": 324, "limit": 6037, "timest": 1701342176}, "\u2605 Broken Fang Gloves | Yellow-banded (Field-Tested)": {"sugprice": 6235, "profit": 318, "limit": 5627, "timest": 1701348993}, "\u2605 Hydra Gloves | Mangrove (Battle-Scarred)": {"sugprice": 3802.089032258065, "profit": 185, "limit": 3431, "timest": 1701349133}, "\u2605 Hydra Gloves | Mangrove (Well-Worn)": {"sugprice": 3985.5888235294124, "profit": 276, "limit": 3596, "timest": 1701349139}, "\u2605 Hand Wraps | Desert Shamagh (Field-Tested)": {"sugprice": 4753, "profit": 261, "limit": 4289, "timest": 1701337481}, "\u2605 Moto Gloves | Transport (Battle-Scarred)": {"sugprice": 5143.64806451613, "profit": 269, "limit": 4642, "timest": 1701349234}, "USP-S | Printstream (Well-Worn)": {"sugprice": 2636.35, "profit": 133, "limit": 2379, "timest": 1701348957}, "\u2605 Hand Wraps | Duct Tape (Field-Tested)": {"sugprice": 5104.3115384615385, "profit": 249, "limit": 4606, "timest": 1701349101}, "\u2605 Broken Fang Gloves | Unhinged (Battle-Scarred)": {"sugprice": 5104.809000000001, "profit": 360, "limit": 4607, "timest": 1701348987}, "\u2605 Hand Wraps | Arboreal (Field-Tested)": {"sugprice": 5491.951363636364, "profit": 261, "limit": 4956, "timest": 1701342836}, "\u2605 Hand Wraps | Giraffe (Battle-Scarred)": {"sugprice": 5969.444761904761, "profit": 402, "limit": 5387, "timest": 1701349104}, "USP-S | Neo-Noir (Well-Worn)": {"sugprice": 1465.9424999999999, "profit": 186, "limit": 1323, "timest": 1701348941}, "\u2605 Moto Gloves | Smoke Out (Battle-Scarred)": {"sugprice": 6734.305384615383, "profit": 397, "limit": 6077, "timest": 1701349225}, "\u2605 Hydra Gloves | Rattler (Battle-Scarred)": {"sugprice": 3894.9297959183673, "profit": 242, "limit": 3515, "timest": 1701349153}, "StatTrak\u2122 SSG 08 | Dragonfire (Field-Tested)": {"sugprice": 3094.7011428571436, "profit": 209, "limit": 2792, "timest": 1701333759}, "StatTrak\u2122 USP-S | Neo-Noir (Field-Tested)": {"sugprice": 3126.9475, "profit": 210, "limit": 2822, "timest": 1701348889}, "\u2605 Bloodhound Gloves | Guerrilla (Field-Tested)": {"sugprice": 6006.66, "profit": 295, "limit": 5421, "timest": 1701346638}, "\u2605 Gut Knife | Bright Water (Field-Tested)": {"sugprice": 8012.968181818182, "profit": 512, "limit": 7231, "timest": 1701330716}, "\u2605 Hand Wraps | Constrictor (Field-Tested)": {"sugprice": 5023.387826086956, "profit": 372, "limit": 4533, "timest": 1701349064}, "\u2605 Hand Wraps | Desert Shamagh (Well-Worn)": {"sugprice": 4881.9333333333325, "profit": 430, "limit": 4405, "timest": 1701349095}, "\u2605 Navaja Knife | Night Stripe (Field-Tested)": {"sugprice": 6575.691176470587, "profit": 313, "limit": 5934, "timest": 1701324007}, "\u2605 Survival Knife | Scorched (Field-Tested)": {"sugprice": 7761.034285714287, "profit": 529, "limit": 7004, "timest": 1701349494}, "\u2605 Moto Gloves | 3rd Commando Company (Field-Tested)": {"sugprice": 5539.272173913043, "profit": 344, "limit": 4999, "timest": 1701335835}, "StatTrak\u2122 USP-S | The Traitor (Battle-Scarred)": {"sugprice": 1876.4772916666673, "profit": 115, "limit": 1693, "timest": 1701346368}, "\u2605 Hand Wraps | Desert Shamagh (Battle-Scarred)": {"sugprice": 4821.37935483871, "profit": 270, "limit": 4351, "timest": 1701349084}, "USP-S | Orion (Minimal Wear)": {"sugprice": 3798.0262500000003, "profit": 266, "limit": 3427, "timest": 1701348947}, "USP-S | Caiman (Field-Tested)": {"sugprice": 3053.0997674418613, "profit": 146, "limit": 2755, "timest": 1701319612}, "\u2605 Sport Gloves | Bronze Morph (Battle-Scarred)": {"sugprice": 9807, "profit": 483, "limit": 8850, "timest": 1701349441}, "\u2605 Moto Gloves | Turtle (Battle-Scarred)": {"sugprice": 7597.374444444444, "profit": 361, "limit": 6856, "timest": 1701343871}, "\u2605 Hand Wraps | Arboreal (Battle-Scarred)": {"sugprice": 5027.2895121951215, "profit": 308, "limit": 4537, "timest": 1701349046}, "\u2605 Broken Fang Gloves | Yellow-banded (Battle-Scarred)": {"sugprice": 5187.705454545454, "profit": 268, "limit": 4681, "timest": 1701314086}, "StatTrak\u2122 USP-S | Printstream (Battle-Scarred)": {"sugprice": 4335.879069767441, "profit": 262, "limit": 3913, "timest": 1701348891}, "USP-S | Overgrowth (Field-Tested)": {"sugprice": 1630.2428, "profit": 104, "limit": 1471, "timest": 1701346570}, "StatTrak\u2122 USP-S | Stainless (Battle-Scarred)": {"sugprice": 1017.2182142857142, "profit": 100, "limit": 918, "timest": 1701293106}, "\u2605 Broken Fang Gloves | Needle Point (Battle-Scarred)": {"sugprice": 5019.368799999999, "profit": 318, "limit": 4529, "timest": 1701348981}, "StatTrak\u2122 P250 | Muertos (Field-Tested)": {"sugprice": 1042.263448275862, "profit": 120, "limit": 940, "timest": 1701348831}, "StatTrak\u2122 USP-S | Monster Mashup (Field-Tested)": {"sugprice": 1790.3586666666665, "profit": 100, "limit": 1615, "timest": 1701338279}, "USP-S | Orion (Factory New)": {"sugprice": 3963.8100000000004, "profit": 189, "limit": 3577, "timest": 1701316309}, "\u2605 Bloodhound Gloves | Bronzed (Field-Tested)": {"sugprice": 6205.673333333335, "profit": 359, "limit": 5600, "timest": 1701348971}, "\u2605 Gut Knife | Scorched (Field-Tested)": {"sugprice": 7500.557692307692, "profit": 525, "limit": 6769, "timest": 1701349043}, "\u2605 Hydra Gloves | Emerald (Battle-Scarred)": {"sugprice": 4533.7618, "profit": 295, "limit": 4091, "timest": 1701349126}, "\u2605 Hydra Gloves | Emerald (Field-Tested)": {"sugprice": 4528.701836734693, "profit": 302, "limit": 4087, "timest": 1701349129}, "\u2605 Moto Gloves | Blood Pressure (Battle-Scarred)": {"sugprice": 8459.17625, "profit": 614, "limit": 7634, "timest": 1701349196}, "\u2605 Moto Gloves | Polygon (Battle-Scarred)": {"sugprice": 9984.249444444444, "profit": 485, "limit": 9010, "timest": 1701288470}, "\u2605 Navaja Knife | Boreal Forest (Field-Tested)": {"sugprice": 6905, "profit": 483, "limit": 6231, "timest": 1701349256}, "\u2605 Navaja Knife | Rust Coat (Battle-Scarred)": {"sugprice": 6776.269333333333, "profit": 395, "limit": 6115, "timest": 1701349277}, "\u2605 Navaja Knife | Ultraviolet (Field-Tested)": {"sugprice": 7040.591304347824, "profit": 496, "limit": 6354, "timest": 1701349319}, "\u2605 Shadow Daggers | Ultraviolet (Field-Tested)": {"sugprice": 7940.424999999998, "profit": 430, "limit": 7166, "timest": 1701348688}, "\u2605 Paracord Knife | Scorched (Field-Tested)": {"sugprice": 7557.542222222222, "profit": 499, "limit": 6820, "timest": 1701349334}, "\u2605 Huntsman Knife | Rust Coat (Battle-Scarred)": {"sugprice": 8833.199444444443, "profit": 589, "limit": 7971, "timest": 1701349107}, "StatTrak\u2122 PP-Bizon | Judgement of Anubis (Field-Tested)": {"sugprice": 974.5509090909092, "profit": 129, "limit": 879, "timest": 1701348847}, "USP-S | Printstream (Field-Tested)": {"sugprice": 2844.228775510205, "profit": 179, "limit": 2566, "timest": 1701348953}, "\u2605 Shadow Daggers | Night (Field-Tested)": {"sugprice": 7374.753333333333, "profit": 478, "limit": 6655, "timest": 1701349402},