{"USP-S | Kill Confirmed (Well-Worn)": {"sugprice": 2949, "profit": 263, "limit": 2661, "timest": 1700892452}, "\u2605 Navaja Knife | Scorched (Field-Tested)": {"sugprice": 6818.65125, "profit": 325, "limit": 6153, "timest": 1700870517}, "\u2605 Driver Gloves | Racing Green (Battle-Scarred)": {"sugprice": 3638.2276190476196, "profit": 251, "limit": 3283, "timest": 1700850337}, "StatTrak\u2122 USP-S | The Traitor (Well-Worn)": {"sugprice": 1797.0690000000002, "profit": 115, "limit": 1621, "timest": 1700840452}, "\u2605 Broken Fang Gloves | Needle Point (Field-Tested)": {"sugprice": 5176.6399999999985, "profit": 251, "limit": 4671, "timest": 1700876380}, "\u2605 Driver Gloves | Racing Green (Well-Worn)": {"sugprice": 3821.4210810810814, "profit": 358, "limit": 3448, "timest": 1700892643}, "\u2605 Hand Wraps | Constrictor (Battle-Scarred)": {"sugprice": 4917.618260869564, "profit": 435, "limit": 4438, "timest": 1700892698}, "\u2605 Hydra Gloves | Rattler (Field-Tested)": {"sugprice": 3963.830217391303, "profit": 214, "limit": 3577, "timest": 1700892800}, "\u2605 Navaja Knife | Forest DDPAT (Field-Tested)": {"sugprice": 6869.2413636363635, "profit": 381, "limit": 6199, "timest": 1700892894}, "\u2605 Navaja Knife | Safari Mesh (Field-Tested)": {"sugprice": 6860.286363636363, "profit": 326, "limit": 6191, "timest": 1700818521}, "\u2605 Shadow Daggers | Bright Water (Field-Tested)": {"sugprice": 7762.211714285712, "profit": 525, "limit": 7005, "timest": 1700893175}, "\u2605 Shadow Daggers | Rust Coat (Battle-Scarred)": {"sugprice": 6751.427000000001, "profit": 600, "limit": 6093, "timest": 1700867486}, "\u2605 Broken Fang Gloves | Yellow-banded (Field-Tested)": {"sugprice": 6381.783461538463, "profit": 304, "limit": 5759, "timest": 1700880863}, "\u2605 Hydra Gloves | Mangrove (Battle-Scarred)": {"sugprice": 3903.548500000001, "profit": 335, "limit": 3522, "timest": 1700887102}, "\u2605 Hydra Gloves | Mangrove (Well-Worn)": {"sugprice": 4217.568461538462, "profit": 329, "limit": 3806, "timest": 1700892793}, "StatTrak\u2122 P90 | Asiimov (Battle-Scarred)": {"sugprice": 1516.8732432432437, "profit": 166, "limit": 1368, "timest": 1700892237}, "\u2605 Hand Wraps | Desert Shamagh (Field-Tested)": {"sugprice": 4898.567500000001, "profit": 405, "limit": 4420, "timest": 1700892730}, "\u2605 Moto Gloves | Transport (Battle-Scarred)": {"sugprice": 5207.762244897957, "profit": 391, "limit": 4700, "timest": 1700892844}, "USP-S | The Traitor (Minimal Wear)": {"sugprice": 1322.242285714286, "profit": 113, "limit": 1193, "timest": 1700892571}, "USP-S | Printstream (Well-Worn)": {"sugprice": 2460.140869565217, "profit": 137, "limit": 2220, "timest": 1700891381}, "\u2605 Hand Wraps | Duct Tape (Field-Tested)": {"sugprice": 5159.01, "profit": 392, "limit": 4656, "timest": 1700892752}, "\u2605 Broken Fang Gloves | Unhinged (Battle-Scarred)": {"sugprice": 5086.0183333333325, "profit": 375, "limit": 4590, "timest": 1700892614}, "\u2605 Hand Wraps | Arboreal (Field-Tested)": {"sugprice": 5658, "profit": 586, "limit": 5106, "timest": 1700892694}, "USP-S | Kill Confirmed (Battle-Scarred)": {"sugprice": 2713.5758139534887, "profit": 189, "limit": 2449, "timest": 1700839792}, "\u2605 Hand Wraps | Giraffe (Battle-Scarred)": {"sugprice": 5901.983200000001, "profit": 745, "limit": 5326, "timest": 1700892762}, "USP-S | Neo-Noir (Well-Worn)": {"sugprice": 1363.8785000000003, "profit": 120, "limit": 1230, "timest": 1700892482}, "\u2605 Gut Knife | Rust Coat (Battle-Scarred)": {"sugprice": 7812.057391304348, "profit": 564, "limit": 7050, "timest": 1700892667}, "\u2605 Moto Gloves | Smoke Out (Battle-Scarred)": {"sugprice": 6783.237083333333, "profit": 648, "limit": 6121, "timest": 1700892840}, "\u2605 Hydra Gloves | Rattler (Battle-Scarred)": {"sugprice": 3943.9472727272737, "profit": 228, "limit": 3559, "timest": 1700892796}, "StatTrak\u2122 SSG 08 | Dragonfire (Field-Tested)": {"sugprice": 3091.125405405405, "profit": 210, "limit": 2789, "timest": 1700892261}, "\u2605 Broken Fang Gloves | Jade (Battle-Scarred)": {"sugprice": 7142.327368421053, "profit": 401, "limit": 6445, "timest": 1700892589}, "\u2605 Hydra Gloves | Rattler (Well-Worn)": {"sugprice": 4684.467999999999, "profit": 340, "limit": 4227, "timest": 1700892804}, "StatTrak\u2122 USP-S | Neo-Noir (Field-Tested)": {"sugprice": 3083.723200000001, "profit": 245, "limit": 2783, "timest": 1700892340}, "\u2605 Bloodhound Gloves | Guerrilla (Field-Tested)": {"sugprice": 5972.558421052632, "profit": 398, "limit": 5390, "timest": 1700892580}, "\u2605 Gut Knife | Boreal Forest (Field-Tested)": {"sugprice": 6951.871428571429, "profit": 408, "limit": 6274, "timest": 1700890084}, "\u2605 Gut Knife | Bright Water (Field-Tested)": {"sugprice": 7975.787692307692, "profit": 396, "limit": 7198, "timest": 1700892656}, "\u2605 Gut Knife | Safari Mesh (Field-Tested)": {"sugprice": 7185.238125, "profit": 352, "limit": 6484, "timest": 1700861691}, "\u2605 Hand Wraps | Constrictor (Field-Tested)": {"sugprice": 4929.74037037037, "profit": 446, "limit": 4449, "timest": 1700892701}, "\u2605 Hand Wraps | Desert Shamagh (Well-Worn)": {"sugprice": 4732.0615384615385, "profit": 634, "limit": 4270, "timest": 1700890156}, "\u2605 Navaja Knife | Night Stripe (Field-Tested)": {"sugprice": 6763.876363636363, "profit": 460, "limit": 6104, "timest": 1700892898}, "\u2605 Navaja Knife | Tiger Tooth (Factory New)": {"sugprice": 11416.131515151515, "profit": 545, "limit": 10303, "timest": 1700891900}, "\u2605 Navaja Knife | Urban Masked (Field-Tested)": {"sugprice": 6831.534090909091, "profit": 325, "limit": 6165, "timest": 1700859283}, "\u2605 Survival Knife | Forest DDPAT (Field-Tested)": {"sugprice": 7713.961, "profit": 378, "limit": 6961, "timest": 1700855383}, "\u2605 Survival Knife | Scorched (Field-Tested)": {"sugprice": 7567, "profit": 417, "limit": 6829, "timest": 1700893403}, "\u2605 Moto Gloves | 3rd Commando Company (Field-Tested)": {"sugprice": 5726.167666666667, "profit": 596, "limit": 5167, "timest": 1700892807}, "StatTrak\u2122 USP-S | Neo-Noir (Battle-Scarred)": {"sugprice": 3116.412068965517, "profit": 301, "limit": 2812, "timest": 1700892330}, "StatTrak\u2122 USP-S | The Traitor (Battle-Scarred)": {"sugprice": 1833.273, "profit": 171, "limit": 1654, "timest": 1700892350}, "\u2605 Driver Gloves | Convoy (Battle-Scarred)": {"sugprice": 6256.926874999999, "profit": 536, "limit": 5646, "timest": 1700892626}, "USP-S | Neo-Noir (Minimal Wear)": {"sugprice": 1508.2439583333335, "profit": 136, "limit": 1361, "timest": 1700892472}, "USP-S | Kill Confirmed (Field-Tested)": {"sugprice": 3090.946666666666, "profit": 173, "limit": 2789, "timest": 1700892448}, "\u2605 Driver Gloves | Queen Jaguar (Battle-Scarred)": {"sugprice": 5364.605263157896, "profit": 255, "limit": 4841, "timest": 1700892635}, "\u2605 Hand Wraps | Desert Shamagh (Battle-Scarred)": {"sugprice": 4850.251304347825, "profit": 426, "limit": 4377, "timest": 1700892726}, "\u2605 Shadow Daggers | Freehand (Field-Tested)": {"sugprice": 9024.705294117646, "profit": 688, "limit": 8144, "timest": 1700893182}, "USP-S | Monster Mashup (Battle-Scarred)": {"sugprice": 1176.9856521739132, "profit": 102, "limit": 1062, "timest": 1700836110}, "USP-S | Neo-Noir (Factory New)": {"sugprice": 2871.2593750000005, "profit": 157, "limit": 2591, "timest": 1700892469}, "\u2605 Specialist Gloves | Buckshot (Battle-Scarred)": {"sugprice": 5108.035517241379, "profit": 380, "limit": 4610, "timest": 1700893228}, "USP-S | Orion (Minimal Wear)": {"sugprice": 3855.4083333333347, "profit": 275, "limit": 3479, "timest": 1700892497}, "USP-S | Caiman (Field-Tested)": {"sugprice": 3158.340217391304, "profit": 250, "limit": 2850, "timest": 1700892419}, "\u2605 Sport Gloves | Bronze Morph (Battle-Scarred)": {"sugprice": 9490.944, "profit": 510, "limit": 8565, "timest": 1700855373}, "\u2605 Bloodhound Gloves | Guerrilla (Battle-Scarred)": {"sugprice": 6205.921600000001, "profit": 625, "limit": 5600, "timest": 1700892577},