{"StatTrak\u2122 M4A4 | The Emperor (Battle-Scarred)": {"sugprice": 2627.9910344827595, "profit": 293, "limit": 2371, "timest": 1703091394}, "StatTrak\u2122 M4A4 | \u9f8d\u738b (Dragon King) (Field-Tested)": {"sugprice": 1514.1980952380954, "profit": 105, "limit": 1366, "timest": 1703006349}, "StatTrak\u2122 MP7 | Bloodsport (Factory New)": {"sugprice": 1358.5155555555555, "profit": 101, "limit": 1226, "timest": 1703091414}, "StatTrak\u2122 MP9 | Hypnotic (Factory New)": {"sugprice": 3480.6503703703693, "profit": 251, "limit": 3141, "timest": 1703091428}, "StatTrak\u2122 P90 | Asiimov (Battle-Scarred)": {"sugprice": 1693.6226666666666, "profit": 178, "limit": 1528, "timest": 1703091450}, "StatTrak\u2122 SSG 08 | Bloodshot (Field-Tested)": {"sugprice": 1871, "profit": 124, "limit": 1688, "timest": 1703091460}, "StatTrak\u2122 USP-S | Neo-Noir (Battle-Scarred)": {"sugprice": 3112.0196296296303, "profit": 289, "limit": 2808, "timest": 1703091488}, "StatTrak\u2122 USP-S | Neo-Noir (Field-Tested)": {"sugprice": 2979.5152941176466, "profit": 222, "limit": 2689, "timest": 1703087915}, "StatTrak\u2122 USP-S | The Traitor (Battle-Scarred)": {"sugprice": 2079.9647999999997, "profit": 150, "limit": 1877, "timest": 1703084523}, "Tec-9 | Nuclear Threat (Battle-Scarred)": {"sugprice": 3465, "profit": 395, "limit": 3127, "timest": 1703091502}, "USP-S | Kill Confirmed (Battle-Scarred)": {"sugprice": 3067, "profit": 153, "limit": 2767, "timest": 1703067891}, "USP-S | Kill Confirmed (Well-Worn)": {"sugprice": 3082.7410256410253, "profit": 147, "limit": 2782, "timest": 1703008617}, "USP-S | Neo-Noir (Factory New)": {"sugprice": 3124.44, "profit": 194, "limit": 2819, "timest": 1703091536}, "\u2605 Bloodhound Gloves | Guerrilla (Battle-Scarred)": {"sugprice": 6165.5659259259255, "profit": 425, "limit": 5564, "timest": 1703091573}, "\u2605 Broken Fang Gloves | Yellow-banded (Battle-Scarred)": {"sugprice": 5938, "profit": 290, "limit": 5359, "timest": 1703091595}, "\u2605 Driver Gloves | Convoy (Field-Tested)": {"sugprice": 6343.225666666667, "profit": 326, "limit": 5724, "timest": 1703091601}, "\u2605 Driver Gloves | Diamondback (Battle-Scarred)": {"sugprice": 6770.694705882353, "profit": 478, "limit": 6110, "timest": 1703091603}, "\u2605 Driver Gloves | Queen Jaguar (Battle-Scarred)": {"sugprice": 5293.268199999999, "profit": 264, "limit": 4777, "timest": 1703091607}, "\u2605 Gut Knife | Bright Water (Field-Tested)": {"sugprice": 8286.601875, "profit": 421, "limit": 7478, "timest": 1703091624}, "\u2605 Hand Wraps | Arboreal (Field-Tested)": {"sugprice": 6158.036666666666, "profit": 482, "limit": 5557, "timest": 1703090130}, "\u2605 Hand Wraps | Badlands (Battle-Scarred)": {"sugprice": 7364.359411764706, "profit": 617, "limit": 6646, "timest": 1703091638}, "\u2605 Hand Wraps | Desert Shamagh (Battle-Scarred)": {"sugprice": 4938.450833333333, "profit": 248, "limit": 4456, "timest": 1703091649}, "\u2605 Hydra Gloves | Mangrove (Field-Tested)": {"sugprice": 4063.1704166666664, "profit": 197, "limit": 3667, "timest": 1703091680}, "\u2605 Hydra Gloves | Rattler (Battle-Scarred)": {"sugprice": 4063.128292682926, "profit": 380, "limit": 3666, "timest": 1703087049}, "\u2605 Moto Gloves | 3rd Commando Company (Battle-Scarred)": {"sugprice": 5031.7944, "profit": 241, "limit": 4541, "timest": 1703033378}, "\u2605 Moto Gloves | Smoke Out (Battle-Scarred)": {"sugprice": 7016.145135135135, "profit": 413, "limit": 6332, "timest": 1703091706}, "\u2605 Moto Gloves | Transport (Field-Tested)": {"sugprice": 5572.76, "profit": 293, "limit": 5029, "timest": 1703091710}, "\u2605 Navaja Knife | Rust Coat (Battle-Scarred)": {"sugprice": 6994.856428571428, "profit": 377, "limit": 6312, "timest": 1703084268}, "\u2605 Navaja Knife | Scorched (Field-Tested)": {"sugprice": 6925.796363636365, "profit": 460, "limit": 6250, "timest": 1703091726}, "\u2605 Navaja Knife | Urban Masked (Field-Tested)": {"sugprice": 7050.011304347827, "profit": 378, "limit": 6362, "timest": 1703091740}, "\u2605 Shadow Daggers | Freehand (Field-Tested)": {"sugprice": 9323.816190476191, "profit": 618, "limit": 8414, "timest": 1703091758}, "\u2605 Shadow Daggers | Ultraviolet (Field-Tested)": {"sugprice": 8611, "profit": 439, "limit": 7771, "timest": 1703091768}, "\u2605 Sport Gloves | Bronze Morph (Battle-Scarred)": {"sugprice": 10114.719411764707, "profit": 487, "limit": 9128, "timest": 1703091778}, "StatTrak\u2122 M4A4 | X-Ray (Minimal Wear)": {"sugprice": 4654.488888888889, "profit": 266, "limit": 4200, "timest": 1703086769}, "\u2605 Driver Gloves | Racing Green (Battle-Scarred)": {"sugprice": 3797.612800000001, "profit": 211, "limit": 3427, "timest": 1703091611}, "\u2605 Gut Knife | Boreal Forest (Field-Tested)": {"sugprice": 7446.912666666666, "profit": 544, "limit": 6720, "timest": 1703091623}, "\u2605 Gut Knife | Forest DDPAT (Field-Tested)": {"sugprice": 8036.292799999999, "profit": 529, "limit": 7252, "timest": 1703085881}, "\u2605 Hydra Gloves | Rattler (Field-Tested)": {"sugprice": 4071.9314, "profit": 238, "limit": 3674, "timest": 1703091686}, "\u2605 Paracord Knife | Safari Mesh (Field-Tested)": {"sugprice": 7358.092857142857, "profit": 383, "limit": 6640, "timest": 1703091744}, "\u2605 Shadow Daggers | Safari Mesh (Field-Tested)": {"sugprice": 7045.248999999999, "profit": 370, "limit": 6358, "timest": 1703091762}, "\u2605 Specialist Gloves | Fade (Battle-Scarred)": {"sugprice": 15216.255769230771, "profit": 724, "limit": 13732, "timest": 1703047458}, "\u2605 Driver Gloves | Racing Green (Field-Tested)": {"sugprice": 3756.791224489796, "profit": 270, "limit": 3390, "timest": 1703091613}, "\u2605 Hand Wraps | Constrictor (Field-Tested)": {"sugprice": 4988.5836842105255, "profit": 238, "limit": 4502, "timest": 1703091644}, "\u2605 Hand Wraps | Desert Shamagh (Field-Tested)": {"sugprice": 4982.1344, "profit": 272, "limit": 4496, "timest": 1703091651}, "\u2605 Hydra Gloves | Mangrove (Well-Worn)": {"sugprice": 4321, "profit": 254, "limit": 3899, "timest": 1703088116}, "\u2605 Moto Gloves | Blood Pressure (Battle-Scarred)": {"sugprice": 7610.078888888888, "profit": 428, "limit": 6868, "timest": 1703023403}, "\u2605 Shadow Daggers | Boreal Forest (Field-Tested)": {"sugprice": 7059.864666666667, "profit": 471, "limit": 6371, "timest": 1703091750}, "\u2605 Bowie Knife | Bright Water (Field-Tested)": {"sugprice": 9778.2625, "profit": 501, "limit": 8824, "timest": 1703078238}, "\u2605 Shadow Daggers | Scorched (Field-Tested)": {"sugprice": 7016.050454545455, "profit": 545, "limit": 6331, "timest": 1703091764}, "\u2605 Driver Gloves | Racing Green (Well-Worn)": {"sugprice": 3838.1811428571436, "profit": 232, "limit": 3463, "timest": 1703091615}, "\u2605 Bloodhound Gloves | Bronzed (Field-Tested)": {"sugprice": 6507.002352941177, "profit": 510, "limit": 5872, "timest": 1703091571}, "\u2605 Bloodhound Gloves | Guerrilla (Field-Tested)": {"sugprice": 6105.959428571429, "profit": 343, "limit": 5510, "timest": 1703091575}, "\u2605 Broken Fang Gloves | Unhinged (Battle-Scarred)": {"sugprice": 5088.730816326532, "profit": 245, "limit": 4592, "timest": 1703091593}, "StatTrak\u2122 USP-S | Monster Mashup (Battle-Scarred)": {"sugprice": 1862.6547619047622, "profit": 158, "limit": 1681, "timest": 1703091484}, "StatTrak\u2122 P250 | Muertos (Field-Tested)": {"sugprice": 996.9364285714286, "profit": 145, "limit": 899, "timest": 1703076976}, "\u2605 Shadow Daggers | Damascus Steel (Field-Tested)": {"sugprice": 8213.559333333333, "profit": 402, "limit": 7412, "timest": 1703091754}, "\u2605 Hydra Gloves | Emerald (Battle-Scarred)": {"sugprice": 4657.451136363637, "profit": 222, "limit": 4203, "timest": 1703091672}, "StatTrak\u2122 USP-S | The Traitor (Well-Worn)": {"sugprice": 2083.912558139535, "profit": 108, "limit": 1880, "timest": 1703091498}, "\u2605 Hand Wraps | Constrictor (Well-Worn)": {"sugprice": 5028.713076923077, "profit": 295, "limit": 4538, "timest": 1703091646},