{"StatTrak\u2122 USP-S | Neo-Noir (Field-Tested)": {"sugprice": 3105.768076923077, "profit": 233, "limit": 2802, "timest": 1703798496}, "StatTrak\u2122 USP-S | The Traitor (Battle-Scarred)": {"sugprice": 2033.738888888889, "profit": 111, "limit": 1835, "timest": 1703790035}, "USP-S | Kill Confirmed (Well-Worn)": {"sugprice": 3032.9894, "profit": 164, "limit": 2737, "timest": 1703768444}, "USP-S | Neo-Noir (Factory New)": {"sugprice": 2990.7196774193544, "profit": 152, "limit": 2699, "timest": 1703777721}, "\u2605 Broken Fang Gloves | Yellow-banded (Battle-Scarred)": {"sugprice": 6154.7486, "profit": 346, "limit": 5554, "timest": 1703798728}, "\u2605 Driver Gloves | Convoy (Field-Tested)": {"sugprice": 6318.1403030303045, "profit": 451, "limit": 5702, "timest": 1703798748}, "\u2605 Hand Wraps | Badlands (Battle-Scarred)": {"sugprice": 7395.741, "profit": 513, "limit": 6674, "timest": 1703798827}, "\u2605 Hydra Gloves | Mangrove (Field-Tested)": {"sugprice": 4118.285000000001, "profit": 254, "limit": 3716, "timest": 1703766671}, "\u2605 Moto Gloves | Smoke Out (Battle-Scarred)": {"sugprice": 6919.71882352941, "profit": 338, "limit": 6245, "timest": 1703731258}, "\u2605 Moto Gloves | Transport (Field-Tested)": {"sugprice": 5638.363181818183, "profit": 395, "limit": 5088, "timest": 1703798961}, "\u2605 Navaja Knife | Scorched (Field-Tested)": {"sugprice": 6885.426999999999, "profit": 361, "limit": 6214, "timest": 1703798978}, "\u2605 Shadow Daggers | Freehand (Field-Tested)": {"sugprice": 9101.897, "profit": 563, "limit": 8214, "timest": 1703796530}, "StatTrak\u2122 M4A4 | X-Ray (Minimal Wear)": {"sugprice": 4617.446000000001, "profit": 291, "limit": 4167, "timest": 1703797302}, "\u2605 Hydra Gloves | Rattler (Field-Tested)": {"sugprice": 4051.571777777778, "profit": 211, "limit": 3656, "timest": 1703798919}, "\u2605 Driver Gloves | Racing Green (Field-Tested)": {"sugprice": 3914.744285714285, "profit": 199, "limit": 3533, "timest": 1703795478}, "\u2605 Shadow Daggers | Boreal Forest (Field-Tested)": {"sugprice": 6869.230416666668, "profit": 356, "limit": 6199, "timest": 1703799006}, "\u2605 Bloodhound Gloves | Bronzed (Field-Tested)": {"sugprice": 6334.880000000001, "profit": 434, "limit": 5717, "timest": 1703798661}, "StatTrak\u2122 USP-S | Monster Mashup (Battle-Scarred)": {"sugprice": 1957.943125, "profit": 156, "limit": 1767, "timest": 1703798488}, "StatTrak\u2122 USP-S | The Traitor (Well-Worn)": {"sugprice": 2141.7134782608705, "profit": 121, "limit": 1932, "timest": 1703798504}, "\u2605 Hydra Gloves | Mangrove (Battle-Scarred)": {"sugprice": 3993.636086956522, "profit": 324, "limit": 3604, "timest": 1703788406}, "\u2605 Shadow Daggers | Forest DDPAT (Field-Tested)": {"sugprice": 7081.125499999999, "profit": 500, "limit": 6390, "timest": 1703782733}, "USP-S | Printstream (Minimal Wear)": {"sugprice": 4397.09705882353, "profit": 232, "limit": 3968, "timest": 1703798605}, "\u2605 Huntsman Knife | Ultraviolet (Field-Tested)": {"sugprice": 10071.454285714284, "profit": 710, "limit": 9089, "timest": 1703798903}, "\u2605 Hydra Gloves | Rattler (Well-Worn)": {"sugprice": 4910.4231578947365, "profit": 310, "limit": 4431, "timest": 1703798922}, "\u2605 Falchion Knife | Ultraviolet (Battle-Scarred)": {"sugprice": 10358.400000000001, "profit": 627, "limit": 9348, "timest": 1703798799}, "\u2605 Moto Gloves | Finish Line (Battle-Scarred)": {"sugprice": 6870.894888888886, "profit": 555, "limit": 6200, "timest": 1703798944}, "\u2605 Shadow Daggers | Bright Water (Field-Tested)": {"sugprice": 7515.507272727273, "profit": 357, "limit": 6782, "timest": 1703797120}, "\u2605 Moto Gloves | Turtle (Battle-Scarred)": {"sugprice": 7613.098421052631, "profit": 370, "limit": 6870, "timest": 1703727682}, "StatTrak\u2122 USP-S | Monster Mashup (Field-Tested)": {"sugprice": 1975.220416666667, "profit": 152, "limit": 1782, "timest": 1703798491}, "\u2605 Paracord Knife | Forest DDPAT (Field-Tested)": {"sugprice": 8039.287647058823, "profit": 473, "limit": 7255, "timest": 1703798997}, "\u2605 Navaja Knife | Night Stripe (Field-Tested)": {"sugprice": 6910.551428571428, "profit": 434, "limit": 6236, "timest": 1703793730}, "\u2605 Moto Gloves | Boom! (Battle-Scarred)": {"sugprice": 7861.836, "profit": 453, "limit": 7095, "timest": 1703798932}, "\u2605 Specialist Gloves | Fade (Battle-Scarred)": {"sugprice": 15066.87965517241, "profit": 1023, "limit": 13597, "timest": 1703792046}, "\u2605 Moto Gloves | Transport (Battle-Scarred)": {"sugprice": 5131.75909090909, "profit": 251, "limit": 4631, "timest": 1703754692}, "StatTrak\u2122 SSG 08 | Dragonfire (Battle-Scarred)": {"sugprice": 3136.7099999999996, "profit": 231, "limit": 2830, "timest": 1703798413}, "\u2605 Hand Wraps | Duct Tape (Field-Tested)": {"sugprice": 5215.511923076923, "profit": 516, "limit": 4706, "timest": 1703798865}, "USP-S | Printstream (Well-Worn)": {"sugprice": 2619.0465625, "profit": 132, "limit": 2363, "timest": 1703784091}, "\u2605 Huntsman Knife | Lore (Battle-Scarred)": {"sugprice": 14500.455454545456, "profit": 693, "limit": 13086, "timest": 1703798894}, "\u2605 Shadow Daggers | Ultraviolet (Field-Tested)": {"sugprice": 8085.775000000001, "profit": 447, "limit": 7297, "timest": 1703799023}, "\u2605 Bloodhound Gloves | Bronzed (Battle-Scarred)": {"sugprice": 6400.949333333333, "profit": 392, "limit": 5776, "timest": 1703798659}, "\u2605 Hydra Gloves | Rattler (Battle-Scarred)": {"sugprice": 4140.7544, "profit": 282, "limit": 3737, "timest": 1703798918}, "\u2605 Hydra Gloves | Case Hardened (Battle-Scarred)": {"sugprice": 7122.539444444444, "profit": 510, "limit": 6428, "timest": 1703798904}, "USP-S | Whiteout (Minimal Wear)": {"sugprice": 2724.4756521739123, "profit": 133, "limit": 2458, "timest": 1703720690}, "\u2605 Navaja Knife | Tiger Tooth (Factory New)": {"sugprice": 12143.110312499999, "profit": 685, "limit": 10959, "timest": 1703759011}, "\u2605 Gut Knife | Freehand (Field-Tested)": {"sugprice": 8260.820000000002, "profit": 456, "limit": 7455, "timest": 1703798811}, "\u2605 Driver Gloves | Queen Jaguar (Battle-Scarred)": {"sugprice": 5465.0458, "profit": 490, "limit": 4932, "timest": 1703798777}, "\u2605 Shadow Daggers | Scorched (Field-Tested)": {"sugprice": 6901.848000000001, "profit": 358, "limit": 6228, "timest": 1703788564}, "\u2605 Gut Knife | Forest DDPAT (Field-Tested)": {"sugprice": 7812.461818181819, "profit": 571, "limit": 7050, "timest": 1703798807}, "\u2605 Survival Knife | Forest DDPAT (Field-Tested)": {"sugprice": 7543.515714285713, "profit": 415, "limit": 6808, "timest": 1703762737}, "\u2605 Specialist Gloves | Lt. Commander (Battle-Scarred)": {"sugprice": 10008.020588235295, "profit": 947, "limit": 9032, "timest": 1703793187}, "\u2605 Navaja Knife | Stained (Battle-Scarred)": {"sugprice": 7233.165384615385, "profit": 458, "limit": 6527, "timest": 1703796490}, "\u2605 Specialist Gloves | Buckshot (Battle-Scarred)": {"sugprice": 5299.453529411764, "profit": 282, "limit": 4782, "timest": 1703799025}, "StatTrak\u2122 Tec-9 | Blue Titanium (Factory New)": {"sugprice": 819.6038888888887, "profit": 112, "limit": 739, "timest": 1703798441}, "\u2605 Moto Gloves | 3rd Commando Company (Battle-Scarred)": {"sugprice": 5143.522799999999, "profit": 263, "limit": 4642, "timest": 1703797715}, "\u2605 Survival Knife | Safari Mesh (Field-Tested)": {"sugprice": 7460, "profit": 456, "limit": 6732, "timest": 1703799039}, "\u2605 Moto Gloves | POW! (Battle-Scarred)": {"sugprice": 8851.016, "profit": 695, "limit": 7988, "timest": 1703798949}, "\u2605 Hand Wraps | Constrictor (Field-Tested)": {"sugprice": 4868.237307692307, "profit": 290, "limit": 4393, "timest": 1703798833}, "\u2605 Sport Gloves | Bronze Morph (Battle-Scarred)": {"sugprice": 10138.194594594595, "profit": 550, "limit": 9149, "timest": 1703799032}, "\u2605 Bowie Knife | Bright Water (Field-Tested)": {"sugprice": 10112.835, "profit": 682, "limit": 9126, "timest": 1703793560},