{"USP-S | Kill Confirmed (Well-Worn)": {"sugprice": 2907.437000000001, "profit": 209, "limit": 2623, "timest": 1701382536}, "\u2605 Navaja Knife | Scorched (Field-Tested)": {"sugprice": 6718.744545454546, "profit": 464, "limit": 6063, "timest": 1701383708}, "\u2605 Driver Gloves | Racing Green (Battle-Scarred)": {"sugprice": 3596.6108000000004, "profit": 206, "limit": 3245, "timest": 1701383157}, "\u2605 Driver Gloves | Racing Green (Well-Worn)": {"sugprice": 3636.1814814814825, "profit": 241, "limit": 3281, "timest": 1701383159}, "\u2605 Hydra Gloves | Rattler (Field-Tested)": {"sugprice": 3834.0054, "profit": 207, "limit": 3460, "timest": 1701383529}, "\u2605 Navaja Knife | Forest DDPAT (Field-Tested)": {"sugprice": 6692.677826086955, "profit": 322, "limit": 6040, "timest": 1701369078}, "\u2605 Shadow Daggers | Bright Water (Field-Tested)": {"sugprice": 7411.597199999998, "profit": 480, "limit": 6688, "timest": 1701383824}, "\u2605 Shadow Daggers | Rust Coat (Battle-Scarred)": {"sugprice": 6689.2621739130445, "profit": 324, "limit": 6037, "timest": 1701342176}, "\u2605 Broken Fang Gloves | Yellow-banded (Field-Tested)": {"sugprice": 6314.902500000001, "profit": 358, "limit": 5699, "timest": 1701383087}, "\u2605 Hydra Gloves | Mangrove (Battle-Scarred)": {"sugprice": 3789.5975000000003, "profit": 233, "limit": 3420, "timest": 1701359486}, "\u2605 Hydra Gloves | Mangrove (Well-Worn)": {"sugprice": 3979.1894444444447, "profit": 264, "limit": 3591, "timest": 1701383520}, "\u2605 Hand Wraps | Desert Shamagh (Field-Tested)": {"sugprice": 4849.406756756757, "profit": 236, "limit": 4376, "timest": 1701365182}, "\u2605 Moto Gloves | Transport (Battle-Scarred)": {"sugprice": 5123.707027027026, "profit": 248, "limit": 4624, "timest": 1701383604}, "USP-S | Printstream (Well-Worn)": {"sugprice": 2641.3795000000005, "profit": 128, "limit": 2383, "timest": 1701352135}, "\u2605 Hand Wraps | Duct Tape (Field-Tested)": {"sugprice": 5121.516428571428, "profit": 256, "limit": 4622, "timest": 1701383409}, "\u2605 Broken Fang Gloves | Unhinged (Battle-Scarred)": {"sugprice": 5079.1323999999995, "profit": 336, "limit": 4583, "timest": 1701383046}, "\u2605 Hand Wraps | Arboreal (Field-Tested)": {"sugprice": 5485.946190476189, "profit": 371, "limit": 4951, "timest": 1701359388}, "\u2605 Hand Wraps | Giraffe (Battle-Scarred)": {"sugprice": 5944.854347826086, "profit": 289, "limit": 5365, "timest": 1701369032}, "USP-S | Neo-Noir (Well-Worn)": {"sugprice": 1467.9976923076922, "profit": 100, "limit": 1324, "timest": 1701369792}, "\u2605 Moto Gloves | Smoke Out (Battle-Scarred)": {"sugprice": 6767.966470588235, "profit": 327, "limit": 6108, "timest": 1701383603}, "\u2605 Hydra Gloves | Rattler (Battle-Scarred)": {"sugprice": 3808.3968749999995, "profit": 195, "limit": 3437, "timest": 1701369048}, "StatTrak\u2122 SSG 08 | Dragonfire (Field-Tested)": {"sugprice": 3131.343333333333, "profit": 232, "limit": 2826, "timest": 1701382007}, "StatTrak\u2122 USP-S | Neo-Noir (Field-Tested)": {"sugprice": 3162.853, "profit": 241, "limit": 2854, "timest": 1701382274}, "\u2605 Bloodhound Gloves | Guerrilla (Field-Tested)": {"sugprice": 6029.532413793105, "profit": 307, "limit": 5441, "timest": 1701382942}, "\u2605 Gut Knife | Bright Water (Field-Tested)": {"sugprice": 8012.968181818182, "profit": 512, "limit": 7231, "timest": 1701330716}, "\u2605 Hand Wraps | Constrictor (Field-Tested)": {"sugprice": 5042.8772727272735, "profit": 387, "limit": 4551, "timest": 1701383286}, "\u2605 Hand Wraps | Desert Shamagh (Well-Worn)": {"sugprice": 4871.083636363636, "profit": 412, "limit": 4396, "timest": 1701383392}, "\u2605 Navaja Knife | Night Stripe (Field-Tested)": {"sugprice": 6575.691176470587, "profit": 313, "limit": 5934, "timest": 1701324007}, "\u2605 Survival Knife | Scorched (Field-Tested)": {"sugprice": 7739.737499999999, "profit": 540, "limit": 6985, "timest": 1701384023}, "\u2605 Moto Gloves | 3rd Commando Company (Field-Tested)": {"sugprice": 5539.272173913043, "profit": 344, "limit": 4999, "timest": 1701335835}, "StatTrak\u2122 USP-S | The Traitor (Battle-Scarred)": {"sugprice": 1840.957750000001, "profit": 115, "limit": 1661, "timest": 1701382320}, "\u2605 Hand Wraps | Desert Shamagh (Battle-Scarred)": {"sugprice": 4826.709032258064, "profit": 271, "limit": 4356, "timest": 1701383310}, "USP-S | Orion (Minimal Wear)": {"sugprice": 3823.2024, "profit": 249, "limit": 3450, "timest": 1701371390}, "USP-S | Caiman (Field-Tested)": {"sugprice": 3036.7453658536588, "profit": 156, "limit": 2740, "timest": 1701369721}, "\u2605 Sport Gloves | Bronze Morph (Battle-Scarred)": {"sugprice": 9995.452666666666, "profit": 582, "limit": 9020, "timest": 1701383983}, "\u2605 Moto Gloves | Turtle (Battle-Scarred)": {"sugprice": 7597.374444444444, "profit": 361, "limit": 6856, "timest": 1701343871}, "\u2605 Hand Wraps | Arboreal (Battle-Scarred)": {"sugprice": 5045.165625000001, "profit": 291, "limit": 4553, "timest": 1701383225}, "\u2605 Broken Fang Gloves | Yellow-banded (Battle-Scarred)": {"sugprice": 5187.705454545454, "profit": 268, "limit": 4681, "timest": 1701314086}, "StatTrak\u2122 USP-S | Printstream (Battle-Scarred)": {"sugprice": 4436.347, "profit": 290, "limit": 4003, "timest": 1701382275}, "USP-S | Overgrowth (Field-Tested)": {"sugprice": 1630.2428, "profit": 104, "limit": 1471, "timest": 1701346570}, "StatTrak\u2122 USP-S | Stainless (Battle-Scarred)": {"sugprice": 1022.2159090909091, "profit": 103, "limit": 922, "timest": 1701382293}, "\u2605 Broken Fang Gloves | Needle Point (Battle-Scarred)": {"sugprice": 5013.284, "profit": 312, "limit": 4524, "timest": 1701382976}, "StatTrak\u2122 P250 | Muertos (Field-Tested)": {"sugprice": 1042.0389655172414, "profit": 118, "limit": 940, "timest": 1701349687}, "StatTrak\u2122 USP-S | Monster Mashup (Field-Tested)": {"sugprice": 1827.0780000000002, "profit": 101, "limit": 1648, "timest": 1701382230}, "USP-S | Orion (Factory New)": {"sugprice": 3963.8100000000004, "profit": 189, "limit": 3577, "timest": 1701316309}, "\u2605 Bloodhound Gloves | Bronzed (Field-Tested)": {"sugprice": 6174.256086956522, "profit": 329, "limit": 5572, "timest": 1701382914}, "\u2605 Gut Knife | Scorched (Field-Tested)": {"sugprice": 7521.43705882353, "profit": 462, "limit": 6788, "timest": 1701383224}, "\u2605 Hydra Gloves | Emerald (Battle-Scarred)": {"sugprice": 4590.572999999999, "profit": 305, "limit": 4142, "timest": 1701383465}, "\u2605 Hydra Gloves | Emerald (Field-Tested)": {"sugprice": 4530.386799999998, "profit": 286, "limit": 4088, "timest": 1701383467}, "\u2605 Moto Gloves | Blood Pressure (Battle-Scarred)": {"sugprice": 8401.199999999999, "profit": 432, "limit": 7582, "timest": 1701383578}, "\u2605 Navaja Knife | Boreal Forest (Field-Tested)": {"sugprice": 7005.8279999999995, "profit": 559, "limit": 6322, "timest": 1701383641}, "\u2605 Navaja Knife | Rust Coat (Battle-Scarred)": {"sugprice": 6826, "profit": 422, "limit": 6160, "timest": 1701383671}, "\u2605 Navaja Knife | Ultraviolet (Field-Tested)": {"sugprice": 7056.268148148147, "profit": 370, "limit": 6368, "timest": 1701378658}, "\u2605 Shadow Daggers | Ultraviolet (Field-Tested)": {"sugprice": 7940.424999999998, "profit": 430, "limit": 7166, "timest": 1701348688}, "\u2605 Paracord Knife | Scorched (Field-Tested)": {"sugprice": 7503.117333333333, "profit": 514, "limit": 6771, "timest": 1701383803}, "\u2605 Huntsman Knife | Rust Coat (Battle-Scarred)": {"sugprice": 8687.609999999999, "profit": 421, "limit": 7840, "timest": 1701373280}, "StatTrak\u2122 PP-Bizon | Judgement of Anubis (Field-Tested)": {"sugprice": 974.5509090909092, "profit": 129, "limit": 879, "timest": 1701348847}, "USP-S | Printstream (Field-Tested)": {"sugprice": 2864.499591836735, "profit": 190, "limit": 2585, "timest": 1701382749}, "\u2605 Shadow Daggers | Night (Field-Tested)": {"sugprice": 7360.5055555555555, "profit": 517, "limit": 6642, "timest": 1701383896},