{"StatTrak\u2122 M4A4 | The Emperor (Battle-Scarred)": {"sugprice": 2671.267209302325, "profit": 214, "limit": 2410, "timest": 1702739489}, "StatTrak\u2122 M4A4 | \u9f8d\u738b (Dragon King) (Field-Tested)": {"sugprice": 1528.0922000000003, "profit": 116, "limit": 1379, "timest": 1702739528}, "StatTrak\u2122 MAC-10 | Toybox (Battle-Scarred)": {"sugprice": 573.0866666666667, "profit": 144, "limit": 517, "timest": 1702739534}, "StatTrak\u2122 MP7 | Bloodsport (Factory New)": {"sugprice": 1336, "profit": 119, "limit": 1205, "timest": 1702739536}, "StatTrak\u2122 MP9 | Hypnotic (Factory New)": {"sugprice": 3493.52076923077, "profit": 212, "limit": 3152, "timest": 1702732586}, "StatTrak\u2122 P90 | Asiimov (Battle-Scarred)": {"sugprice": 1435.0464705882357, "profit": 124, "limit": 1295, "timest": 1702739572}, "StatTrak\u2122 PP-Bizon | Judgement of Anubis (Field-Tested)": {"sugprice": 972, "profit": 123, "limit": 877, "timest": 1702738525}, "StatTrak\u2122 SSG 08 | Bloodshot (Field-Tested)": {"sugprice": 1980.0714285714282, "profit": 121, "limit": 1787, "timest": 1702673533}, "StatTrak\u2122 Tec-9 | Decimator (Battle-Scarred)": {"sugprice": 2033.0810000000001, "profit": 282, "limit": 1834, "timest": 1702737069}, "StatTrak\u2122 USP-S | Neo-Noir (Battle-Scarred)": {"sugprice": 3058.996666666666, "profit": 171, "limit": 2760, "timest": 1702739608}, "StatTrak\u2122 USP-S | Neo-Noir (Field-Tested)": {"sugprice": 3120.0721428571437, "profit": 219, "limit": 2815, "timest": 1702739611}, "StatTrak\u2122 USP-S | The Traitor (Battle-Scarred)": {"sugprice": 2018.4962162162162, "profit": 146, "limit": 1821, "timest": 1702727930}, "Tec-9 | Nuclear Threat (Battle-Scarred)": {"sugprice": 3509.790909090909, "profit": 500, "limit": 3167, "timest": 1702739623}, "USP-S | Kill Confirmed (Battle-Scarred)": {"sugprice": 3007, "profit": 148, "limit": 2713, "timest": 1702719405}, "USP-S | Kill Confirmed (Well-Worn)": {"sugprice": 3136.3176086956514, "profit": 198, "limit": 2830, "timest": 1702739654}, "USP-S | Neo-Noir (Factory New)": {"sugprice": 3196.5585185185187, "profit": 237, "limit": 2884, "timest": 1702739658}, "USP-S | Overgrowth (Field-Tested)": {"sugprice": 1782.4269999999995, "profit": 100, "limit": 1608, "timest": 1702663080}, "USP-S | The Traitor (Minimal Wear)": {"sugprice": 1443.2286206896551, "profit": 107, "limit": 1302, "timest": 1702739680}, "\u2605 Bloodhound Gloves | Bronzed (Battle-Scarred)": {"sugprice": 6319.979411764706, "profit": 319, "limit": 5703, "timest": 1702715961}, "\u2605 Bloodhound Gloves | Guerrilla (Battle-Scarred)": {"sugprice": 6155.646206896551, "profit": 415, "limit": 5555, "timest": 1702739704}, "\u2605 Broken Fang Gloves | Needle Point (Battle-Scarred)": {"sugprice": 4981.203260869565, "profit": 237, "limit": 4495, "timest": 1702712359}, "\u2605 Broken Fang Gloves | Needle Point (Well-Worn)": {"sugprice": 5078.1630000000005, "profit": 247, "limit": 4583, "timest": 1702670880}, "\u2605 Broken Fang Gloves | Yellow-banded (Battle-Scarred)": {"sugprice": 6089.572708333332, "profit": 385, "limit": 5495, "timest": 1702739756}, "\u2605 Broken Fang Gloves | Yellow-banded (Field-Tested)": {"sugprice": 6209.88, "profit": 317, "limit": 5604, "timest": 1702668020}, "\u2605 Driver Gloves | Convoy (Field-Tested)": {"sugprice": 6324.191851851851, "profit": 374, "limit": 5707, "timest": 1702739761}, "\u2605 Driver Gloves | Diamondback (Battle-Scarred)": {"sugprice": 7154.178749999999, "profit": 869, "limit": 6456, "timest": 1702739763}, "\u2605 Driver Gloves | Queen Jaguar (Battle-Scarred)": {"sugprice": 5542, "profit": 335, "limit": 5001, "timest": 1702739767}, "\u2605 Falchion Knife | Rust Coat (Battle-Scarred)": {"sugprice": 8662, "profit": 686, "limit": 7817, "timest": 1702716515}, "\u2605 Falchion Knife | Ultraviolet (Battle-Scarred)": {"sugprice": 10030.306521739132, "profit": 519, "limit": 9052, "timest": 1702739781}, "\u2605 Gut Knife | Bright Water (Field-Tested)": {"sugprice": 8707.942222222224, "profit": 633, "limit": 7858, "timest": 1702739785}, "\u2605 Hand Wraps | Arboreal (Field-Tested)": {"sugprice": 5915.668000000001, "profit": 340, "limit": 5338, "timest": 1702739797}, "\u2605 Hand Wraps | Badlands (Battle-Scarred)": {"sugprice": 7179.01375, "profit": 363, "limit": 6479, "timest": 1702739799}, "\u2605 Hand Wraps | Constrictor (Battle-Scarred)": {"sugprice": 4863.442040816326, "profit": 286, "limit": 4389, "timest": 1702667469}, "\u2605 Hand Wraps | Desert Shamagh (Battle-Scarred)": {"sugprice": 5048.540999999999, "profit": 261, "limit": 4556, "timest": 1702739809}, "\u2605 Hand Wraps | Giraffe (Battle-Scarred)": {"sugprice": 5585.906326530611, "profit": 377, "limit": 5041, "timest": 1702667485}, "\u2605 Huntsman Knife | Ultraviolet (Field-Tested)": {"sugprice": 9917.9605, "profit": 590, "limit": 8950, "timest": 1702738769}, "\u2605 Hydra Gloves | Case Hardened (Battle-Scarred)": {"sugprice": 7256.9863636363625, "profit": 433, "limit": 6549, "timest": 1702739829}, "\u2605 Hydra Gloves | Mangrove (Field-Tested)": {"sugprice": 4071.0293749999996, "profit": 195, "limit": 3674, "timest": 1702669321}, "\u2605 Hydra Gloves | Rattler (Battle-Scarred)": {"sugprice": 4094.4236363636355, "profit": 232, "limit": 3695, "timest": 1702739843}, "\u2605 Moto Gloves | 3rd Commando Company (Battle-Scarred)": {"sugprice": 5041.070204081633, "profit": 262, "limit": 4549, "timest": 1702739849}, "\u2605 Moto Gloves | Boom! (Battle-Scarred)": {"sugprice": 7071.565769230768, "profit": 677, "limit": 6382, "timest": 1702739854}, "\u2605 Moto Gloves | Finish Line (Battle-Scarred)": {"sugprice": 7397.086363636362, "profit": 360, "limit": 6675, "timest": 1702739858}, "\u2605 Moto Gloves | POW! (Battle-Scarred)": {"sugprice": 8258.653333333332, "profit": 417, "limit": 7453, "timest": 1702739313}, "\u2605 Moto Gloves | Smoke Out (Battle-Scarred)": {"sugprice": 7288.018928571429, "profit": 358, "limit": 6577, "timest": 1702739864}, "\u2605 Moto Gloves | Transport (Field-Tested)": {"sugprice": 5643, "profit": 296, "limit": 5092, "timest": 1702739868}, "\u2605 Navaja Knife | Forest DDPAT (Field-Tested)": {"sugprice": 6902.109, "profit": 329, "limit": 6229, "timest": 1702674995}, "\u2605 Navaja Knife | Marble Fade (Factory New)": {"sugprice": 14840.719999999998, "profit": 803, "limit": 13393, "timest": 1702732369}, "\u2605 Navaja Knife | Night Stripe (Field-Tested)": {"sugprice": 6930, "profit": 406, "limit": 6254, "timest": 1702739876}, "\u2605 Navaja Knife | Rust Coat (Battle-Scarred)": {"sugprice": 6885.235666666666, "profit": 411, "limit": 6213, "timest": 1702739878}, "\u2605 Navaja Knife | Safari Mesh (Battle-Scarred)": {"sugprice": 6807.343846153846, "profit": 451, "limit": 6143, "timest": 1702738822}, "\u2605 Navaja Knife | Scorched (Field-Tested)": {"sugprice": 6946.578249999999, "profit": 410, "limit": 6269, "timest": 1702739891}, "\u2605 Navaja Knife | Stained (Battle-Scarred)": {"sugprice": 7054.01375, "profit": 341, "limit": 6366, "timest": 1702714427}, "\u2605 Navaja Knife | Ultraviolet (Field-Tested)": {"sugprice": 7344.252272727273, "profit": 429, "limit": 6628, "timest": 1702739956}, "\u2605 Navaja Knife | Urban Masked (Field-Tested)": {"sugprice": 6938.301538461538, "profit": 395, "limit": 6261, "timest": 1702738841}, "\u2605 Paracord Knife | Forest DDPAT (Field-Tested)": {"sugprice": 8317.4108, "profit": 464, "limit": 7506, "timest": 1702739961}, "\u2605 Paracord Knife | Scorched (Field-Tested)": {"sugprice": 7662.077222222223, "profit": 468, "limit": 6915, "timest": 1702738847}, "\u2605 Shadow Daggers | Bright Water (Field-Tested)": {"sugprice": 7787.841818181818, "profit": 427, "limit": 7028, "timest": 1702728794}, "\u2605 Shadow Daggers | Freehand (Field-Tested)": {"sugprice": 9041.850625000001, "profit": 473, "limit": 8160, "timest": 1702739977}, "\u2605 Shadow Daggers | Rust Coat (Battle-Scarred)": {"sugprice": 6976.987954545454, "profit": 429, "limit": 6296, "timest": 1702739979},