{"StatTrak\u2122 USP-S | Neo-Noir (Field-Tested)": {"sugprice": 3137, "profit": 173, "limit": 2831, "timest": 1704307486}, "StatTrak\u2122 USP-S | The Traitor (Battle-Scarred)": {"sugprice": 2152.374375000001, "profit": 114, "limit": 1942, "timest": 1704307493}, "USP-S | Kill Confirmed (Well-Worn)": {"sugprice": 3334.592765957447, "profit": 246, "limit": 3009, "timest": 1704307546}, "\u2605 Driver Gloves | Convoy (Field-Tested)": {"sugprice": 6442.234285714287, "profit": 485, "limit": 5814, "timest": 1704294058}, "\u2605 Driver Gloves | Racing Green (Field-Tested)": {"sugprice": 4041.893333333333, "profit": 206, "limit": 3647, "timest": 1704307723}, "\u2605 Shadow Daggers | Boreal Forest (Field-Tested)": {"sugprice": 7191.1775, "profit": 391, "limit": 6490, "timest": 1704307857}, "\u2605 Bloodhound Gloves | Bronzed (Field-Tested)": {"sugprice": 6423.421304347826, "profit": 320, "limit": 5797, "timest": 1704307667}, "StatTrak\u2122 USP-S | Monster Mashup (Battle-Scarred)": {"sugprice": 1925.0810000000001, "profit": 117, "limit": 1737, "timest": 1704307481}, "USP-S | Printstream (Minimal Wear)": {"sugprice": 4641.255454545454, "profit": 226, "limit": 4188, "timest": 1704307568}, "StatTrak\u2122 USP-S | Monster Mashup (Field-Tested)": {"sugprice": 2027.482727272727, "profit": 144, "limit": 1829, "timest": 1704269369}, "\u2605 Paracord Knife | Forest DDPAT (Field-Tested)": {"sugprice": 8267.66911764706, "profit": 449, "limit": 7461, "timest": 1704305416}, "\u2605 Navaja Knife | Night Stripe (Field-Tested)": {"sugprice": 7047.660399999999, "profit": 374, "limit": 6360, "timest": 1704306352}, "\u2605 Specialist Gloves | Fade (Battle-Scarred)": {"sugprice": 15542, "profit": 992, "limit": 14026, "timest": 1704307874}, "USP-S | Printstream (Well-Worn)": {"sugprice": 2799.1466666666674, "profit": 152, "limit": 2526, "timest": 1704307570}, "\u2605 Bloodhound Gloves | Bronzed (Battle-Scarred)": {"sugprice": 6319.477727272726, "profit": 319, "limit": 5703, "timest": 1704268428}, "\u2605 Hydra Gloves | Case Hardened (Battle-Scarred)": {"sugprice": 7388.829999999999, "profit": 389, "limit": 6668, "timest": 1704305833}, "\u2605 Driver Gloves | Queen Jaguar (Battle-Scarred)": {"sugprice": 5943.391199999999, "profit": 462, "limit": 5363, "timest": 1704307717}, "StatTrak\u2122 Tec-9 | Blue Titanium (Factory New)": {"sugprice": 852.0578571428572, "profit": 112, "limit": 768, "timest": 1704307451}, "\u2605 Survival Knife | Safari Mesh (Field-Tested)": {"sugprice": 7701.096071428568, "profit": 405, "limit": 6950, "timest": 1704307883}, "\u2605 Hand Wraps | Constrictor (Field-Tested)": {"sugprice": 5298.2993750000005, "profit": 403, "limit": 4781, "timest": 1704307756}, "\u2605 Broken Fang Gloves | Unhinged (Battle-Scarred)": {"sugprice": 5250.926599999999, "profit": 303, "limit": 4738, "timest": 1704307696}, "StatTrak\u2122 M4A4 | \u9f8d\u738b (Dragon King) (Field-Tested)": {"sugprice": 1573, "profit": 106, "limit": 1419, "timest": 1704307368}, "StatTrak\u2122 USP-S | Printstream (Battle-Scarred)": {"sugprice": 4718.4125, "profit": 633, "limit": 4258, "timest": 1704304694}, "\u2605 Gut Knife | Bright Water (Field-Tested)": {"sugprice": 8571.226153846153, "profit": 513, "limit": 7735, "timest": 1704307736}, "\u2605 Navaja Knife | Safari Mesh (Battle-Scarred)": {"sugprice": 7164.1, "profit": 529, "limit": 6465, "timest": 1704304930}, "\u2605 Navaja Knife | Stained (Field-Tested)": {"sugprice": 7726.861764705882, "profit": 577, "limit": 6973, "timest": 1704300156}, "\u2605 Navaja Knife | Stained (Well-Worn)": {"sugprice": 7604.563749999999, "profit": 414, "limit": 6863, "timest": 1704307843}, "\u2605 Gut Knife | Boreal Forest (Field-Tested)": {"sugprice": 7498.374166666667, "profit": 416, "limit": 6767, "timest": 1704298436}, "USP-S | Royal Blue (Field-Tested)": {"sugprice": 1111.086315789474, "profit": 171, "limit": 1002, "timest": 1704304766}, "USP-S | Printstream (Field-Tested)": {"sugprice": 2819.7553658536585, "profit": 160, "limit": 2544, "timest": 1704290707}, "StatTrak\u2122 SSG 08 | Turbo Peek (Battle-Scarred)": {"sugprice": 1016.7192500000001, "profit": 130, "limit": 917, "timest": 1704304666}, "StatTrak\u2122 M4A4 | The Emperor (Battle-Scarred)": {"sugprice": 2585.207777777778, "profit": 177, "limit": 2333, "timest": 1704307252}, "USP-S | Kill Confirmed (Battle-Scarred)": {"sugprice": 3083.6932432432436, "profit": 148, "limit": 2783, "timest": 1704277944}, "\u2605 Bowie Knife | Ultraviolet (Battle-Scarred)": {"sugprice": 9400.830526315789, "profit": 880, "limit": 8484, "timest": 1704307686}, "\u2605 Paracord Knife | Safari Mesh (Field-Tested)": {"sugprice": 8086.686363636361, "profit": 638, "limit": 7298, "timest": 1704307852}, "\u2605 Hand Wraps | Arboreal (Field-Tested)": {"sugprice": 6036.581666666666, "profit": 367, "limit": 5448, "timest": 1704307747}, "Vypa Sista of the Revolution | Guerrilla Warfare": {"sugprice": 1961.368823529412, "profit": 148, "limit": 1770, "timest": 1704307658}, "\u2605 Broken Fang Gloves | Yellow-banded (Field-Tested)": {"sugprice": 6521, "profit": 332, "limit": 5885, "timest": 1704284584}, "\u2605 Huntsman Knife | Freehand (Field-Tested)": {"sugprice": 11993.276666666667, "profit": 901, "limit": 10823, "timest": 1704307779}, "\u2605 Shadow Daggers | Rust Coat (Battle-Scarred)": {"sugprice": 7053.0584, "profit": 350, "limit": 6365, "timest": 1704307864}, "\u2605 Gut Knife | Safari Mesh (Field-Tested)": {"sugprice": 7508.434375000003, "profit": 401, "limit": 6776, "timest": 1704306825}, "StatTrak\u2122 P90 | Asiimov (Battle-Scarred)": {"sugprice": 1894, "profit": 103, "limit": 1709, "timest": 1704307433}, "\u2605 Hydra Gloves | Emerald (Field-Tested)": {"sugprice": 5124.294791666667, "profit": 287, "limit": 4624, "timest": 1704307794}, "StatTrak\u2122 SSG 08 | Bloodshot (Field-Tested)": {"sugprice": 1611.5013157894737, "profit": 138, "limit": 1454, "timest": 1704307445}, "\u2605 Bloodhound Gloves | Guerrilla (Battle-Scarred)": {"sugprice": 6390.488749999998, "profit": 407, "limit": 5767, "timest": 1704303099}, "USP-S | The Traitor (Minimal Wear)": {"sugprice": 1507.8378787878785, "profit": 123, "limit": 1360, "timest": 1704307647}, "StatTrak\u2122 SSG 08 | Turbo Peek (Field-Tested)": {"sugprice": 977.2276470588234, "profit": 120, "limit": 881, "timest": 1704307450}, "Tec-9 | Nuclear Threat (Battle-Scarred)": {"sugprice": 3268.2533333333326, "profit": 211, "limit": 2949, "timest": 1704258063}, "StatTrak\u2122 M4A4 | The Battlestar (Field-Tested)": {"sugprice": 1572, "profit": 140, "limit": 1418, "timest": 1704307248}, "USP-S | Whiteout (Battle-Scarred)": {"sugprice": 1818, "profit": 100, "limit": 1640, "timest": 1704276206}, "StatTrak\u2122 USP-S | Blueprint (Battle-Scarred)": {"sugprice": 1052.5972000000004, "profit": 200, "limit": 949, "timest": 1704307462}, "StatTrak\u2122 M4A4 | Tooth Fairy (Field-Tested)": {"sugprice": 526.8922222222222, "profit": 100, "limit": 475, "timest": 1704297649}, "StatTrak\u2122 M4A4 | Tooth Fairy (Battle-Scarred)": {"sugprice": 600.3737499999999, "profit": 129, "limit": 541, "timest": 1704307255}, "\u2605 Falchion Knife | Rust Coat (Battle-Scarred)": {"sugprice": 8678.086666666666, "profit": 494, "limit": 7831, "timest": 1704307729}, "\u2605 Hand Wraps | Giraffe (Battle-Scarred)": {"sugprice": 5980.979999999998, "profit": 680, "limit": 5397, "timest": 1704307776}, "\u2605 Bowie Knife | Rust Coat (Battle-Scarred)": {"sugprice": 8404.026111111112, "profit": 433, "limit": 7584, "timest": 1704307684}, "\u2605 Gut Knife | Freehand (Field-Tested)": {"sugprice": 8882.614545454546, "profit": 438, "limit": 8016, "timest": 1704268003}, "\u2605 Shadow Daggers | Damascus Steel (Field-Tested)": {"sugprice": 8070, "profit": 390, "limit": 7283, "timest": 1704253654}, "\u2605 Moto Gloves | Turtle (Battle-Scarred)": {"sugprice": 8170.345000000001, "profit": 565, "limit": 7373, "timest": 1704305876}, "\u2605 Hand Wraps | Duct Tape (Field-Tested)": {"sugprice": 5265.13625, "profit": 332, "limit": 4751,