{"StatTrak\u2122 M4A4 | The Emperor (Battle-Scarred)": {"sugprice": 2638.6474999999996, "profit": 325, "limit": 2381, "timest": 1703082213}, "StatTrak\u2122 M4A4 | \u9f8d\u738b (Dragon King) (Field-Tested)": {"sugprice": 1514.1980952380954, "profit": 105, "limit": 1366, "timest": 1703006349}, "StatTrak\u2122 MP7 | Bloodsport (Factory New)": {"sugprice": 1352.1981818181816, "profit": 100, "limit": 1220, "timest": 1703025681}, "StatTrak\u2122 MP9 | Hypnotic (Factory New)": {"sugprice": 3480.542222222221, "profit": 252, "limit": 3141, "timest": 1703082263}, "StatTrak\u2122 P90 | Asiimov (Battle-Scarred)": {"sugprice": 1644.0615384615387, "profit": 154, "limit": 1483, "timest": 1703082285}, "StatTrak\u2122 SSG 08 | Bloodshot (Field-Tested)": {"sugprice": 2012.5532499999997, "profit": 181, "limit": 1816, "timest": 1703059901}, "StatTrak\u2122 USP-S | Neo-Noir (Battle-Scarred)": {"sugprice": 3040, "profit": 225, "limit": 2743, "timest": 1703082322}, "StatTrak\u2122 USP-S | Neo-Noir (Field-Tested)": {"sugprice": 2979.4123529411763, "profit": 228, "limit": 2688, "timest": 1703082325}, "StatTrak\u2122 USP-S | The Traitor (Battle-Scarred)": {"sugprice": 2080.224, "profit": 128, "limit": 1877, "timest": 1703082331}, "Tec-9 | Nuclear Threat (Battle-Scarred)": {"sugprice": 3396.345, "profit": 330, "limit": 3065, "timest": 1703082337}, "USP-S | Kill Confirmed (Battle-Scarred)": {"sugprice": 3067, "profit": 153, "limit": 2767, "timest": 1703067891}, "USP-S | Kill Confirmed (Well-Worn)": {"sugprice": 3082.7410256410253, "profit": 147, "limit": 2782, "timest": 1703008617}, "USP-S | Neo-Noir (Factory New)": {"sugprice": 3115.767619047619, "profit": 186, "limit": 2811, "timest": 1703082372}, "\u2605 Bloodhound Gloves | Guerrilla (Battle-Scarred)": {"sugprice": 6160.349259259259, "profit": 412, "limit": 5559, "timest": 1703082410}, "\u2605 Broken Fang Gloves | Yellow-banded (Battle-Scarred)": {"sugprice": 6051.150599999999, "profit": 298, "limit": 5461, "timest": 1703078733}, "\u2605 Driver Gloves | Convoy (Field-Tested)": {"sugprice": 6363.918148148148, "profit": 345, "limit": 5743, "timest": 1703082437}, "\u2605 Driver Gloves | Diamondback (Battle-Scarred)": {"sugprice": 6770.974375000001, "profit": 491, "limit": 6110, "timest": 1703082439}, "\u2605 Driver Gloves | Queen Jaguar (Battle-Scarred)": {"sugprice": 5280.134468085106, "profit": 256, "limit": 4765, "timest": 1703082443}, "\u2605 Gut Knife | Bright Water (Field-Tested)": {"sugprice": 8342.5975, "profit": 474, "limit": 7529, "timest": 1703082462}, "\u2605 Hand Wraps | Arboreal (Field-Tested)": {"sugprice": 6157.804583333332, "profit": 485, "limit": 5557, "timest": 1703082475}, "\u2605 Hand Wraps | Badlands (Battle-Scarred)": {"sugprice": 7359.866250000001, "profit": 618, "limit": 6642, "timest": 1703082477}, "\u2605 Hand Wraps | Desert Shamagh (Battle-Scarred)": {"sugprice": 4940.810416666667, "profit": 253, "limit": 4459, "timest": 1703082487}, "\u2605 Hydra Gloves | Mangrove (Field-Tested)": {"sugprice": 4124.075957446808, "profit": 202, "limit": 3721, "timest": 1703068810}, "\u2605 Hydra Gloves | Rattler (Battle-Scarred)": {"sugprice": 4105.338913043478, "profit": 220, "limit": 3705, "timest": 1703065577}, "\u2605 Moto Gloves | 3rd Commando Company (Battle-Scarred)": {"sugprice": 5031.7944, "profit": 241, "limit": 4541, "timest": 1703033378}, "\u2605 Moto Gloves | Smoke Out (Battle-Scarred)": {"sugprice": 6993.130588235294, "profit": 359, "limit": 6311, "timest": 1703082610}, "\u2605 Moto Gloves | Transport (Field-Tested)": {"sugprice": 5735.673571428572, "profit": 431, "limit": 5176, "timest": 1703069939}, "\u2605 Navaja Knife | Night Stripe (Field-Tested)": {"sugprice": 6787.3204166666665, "profit": 532, "limit": 6125, "timest": 1703001426}, "\u2605 Navaja Knife | Rust Coat (Battle-Scarred)": {"sugprice": 7012.028846153846, "profit": 390, "limit": 6328, "timest": 1703080243}, "\u2605 Navaja Knife | Scorched (Field-Tested)": {"sugprice": 6938.823235294117, "profit": 480, "limit": 6262, "timest": 1703082626}, "\u2605 Navaja Knife | Urban Masked (Field-Tested)": {"sugprice": 7050.261153846154, "profit": 378, "limit": 6362, "timest": 1703082637}, "\u2605 Paracord Knife | Forest DDPAT (Field-Tested)": {"sugprice": 8268.814761904763, "profit": 412, "limit": 7462, "timest": 1703002525}, "\u2605 Shadow Daggers | Freehand (Field-Tested)": {"sugprice": 9321.164761904762, "profit": 622, "limit": 8412, "timest": 1703082651}, "\u2605 Shadow Daggers | Ultraviolet (Battle-Scarred)": {"sugprice": 7226.13181818182, "profit": 346, "limit": 6521, "timest": 1702996597}, "\u2605 Shadow Daggers | Ultraviolet (Field-Tested)": {"sugprice": 8706, "profit": 420, "limit": 7857, "timest": 1703060844}, "\u2605 Sport Gloves | Bronze Morph (Battle-Scarred)": {"sugprice": 10195.98052631579, "profit": 569, "limit": 9201, "timest": 1703082666}, "StatTrak\u2122 M4A4 | X-Ray (Minimal Wear)": {"sugprice": 4640.357647058823, "profit": 257, "limit": 4187, "timest": 1703082233}, "\u2605 Driver Gloves | Racing Green (Battle-Scarred)": {"sugprice": 3797.605399999999, "profit": 234, "limit": 3427, "timest": 1703082447}, "\u2605 Gut Knife | Boreal Forest (Field-Tested)": {"sugprice": 7387.95125, "profit": 499, "limit": 6667, "timest": 1703082460}, "\u2605 Gut Knife | Forest DDPAT (Field-Tested)": {"sugprice": 8037.277999999999, "profit": 532, "limit": 7253, "timest": 1703082465}, "\u2605 Hydra Gloves | Rattler (Field-Tested)": {"sugprice": 4065.6695999999997, "profit": 212, "limit": 3669, "timest": 1703082522}, "\u2605 Paracord Knife | Safari Mesh (Field-Tested)": {"sugprice": 7410.294375, "profit": 439, "limit": 6687, "timest": 1703082639}, "\u2605 Shadow Daggers | Safari Mesh (Field-Tested)": {"sugprice": 7044.289999999999, "profit": 371, "limit": 6357, "timest": 1703082654}, "\u2605 Specialist Gloves | Fade (Battle-Scarred)": {"sugprice": 15216.255769230771, "profit": 724, "limit": 13732, "timest": 1703047458}, "\u2605 Driver Gloves | Racing Green (Field-Tested)": {"sugprice": 3748.8146938775517, "profit": 262, "limit": 3383, "timest": 1703082449}, "\u2605 Hand Wraps | Constrictor (Field-Tested)": {"sugprice": 5033.0086363636365, "profit": 281, "limit": 4542, "timest": 1703078785}, "\u2605 Hand Wraps | Desert Shamagh (Field-Tested)": {"sugprice": 4992.955199999999, "profit": 282, "limit": 4506, "timest": 1703081923}, "\u2605 Hydra Gloves | Mangrove (Well-Worn)": {"sugprice": 4323, "profit": 250, "limit": 3901, "timest": 1703082518}, "\u2605 Moto Gloves | Blood Pressure (Battle-Scarred)": {"sugprice": 7610.078888888888, "profit": 428, "limit": 6868, "timest": 1703023403}, "\u2605 Shadow Daggers | Boreal Forest (Field-Tested)": {"sugprice": 7079.449285714286, "profit": 396, "limit": 6389, "timest": 1703082645}, "\u2605 Bowie Knife | Bright Water (Field-Tested)": {"sugprice": 9778.2625, "profit": 501, "limit": 8824, "timest": 1703078238}, "\u2605 Shadow Daggers | Scorched (Field-Tested)": {"sugprice": 7004.360000000001, "profit": 542, "limit": 6321, "timest": 1703082655}, "\u2605 Driver Gloves | Racing Green (Well-Worn)": {"sugprice": 3841.139722222222, "profit": 237, "limit": 3466, "timest": 1703082451}, "\u2605 Bloodhound Gloves | Bronzed (Field-Tested)": {"sugprice": 6511.704117647059, "profit": 521, "limit": 5876, "timest": 1703082408}, "\u2605 Bloodhound Gloves | Guerrilla (Field-Tested)": {"sugprice": 6113.076944444445, "profit": 321, "limit": 5517, "timest": 1703078713}, "\u2605 Gut Knife | Rust Coat (Battle-Scarred)": {"sugprice": 7651.067352941176, "profit": 389, "limit": 6905, "timest": 1703001330}, "\u2605 Broken Fang Gloves | Unhinged (Battle-Scarred)": {"sugprice": 5093.494285714286, "profit": 254, "limit": 4596, "timest": 1703082429}, "StatTrak\u2122 USP-S | Monster Mashup (Battle-Scarred)": {"sugprice": 1831.563181818182, "profit": 126, "limit": 1652, "timest": 1703082319}, "StatTrak\u2122 P250 | Muertos (Field-Tested)": {"sugprice": 996.9364285714286, "profit": 145, "limit": 899, "timest": 1703076976},