{"StatTrak\u2122 USP-S | Neo-Noir (Field-Tested)": {"sugprice": 3206.7631999999994, "profit": 167, "limit": 2894, "timest": 1704097850}, "StatTrak\u2122 USP-S | The Traitor (Battle-Scarred)": {"sugprice": 2177.771538461539, "profit": 104, "limit": 1965, "timest": 1704064295}, "USP-S | Kill Confirmed (Well-Worn)": {"sugprice": 3410.93574468085, "profit": 169, "limit": 3078, "timest": 1704097892}, "\u2605 Driver Gloves | Convoy (Field-Tested)": {"sugprice": 6357.308181818182, "profit": 313, "limit": 5737, "timest": 1704070342}, "\u2605 Hand Wraps | Badlands (Battle-Scarred)": {"sugprice": 7824.880714285713, "profit": 394, "limit": 7061, "timest": 1704022673}, "\u2605 Moto Gloves | Transport (Field-Tested)": {"sugprice": 5795.358125, "profit": 292, "limit": 5230, "timest": 1704049210}, "\u2605 Navaja Knife | Scorched (Field-Tested)": {"sugprice": 6980.166799999999, "profit": 342, "limit": 6299, "timest": 1704013225}, "\u2605 Hydra Gloves | Rattler (Field-Tested)": {"sugprice": 4223.729756097561, "profit": 261, "limit": 3811, "timest": 1704015495}, "\u2605 Driver Gloves | Racing Green (Field-Tested)": {"sugprice": 4000.874210526315, "profit": 195, "limit": 3610, "timest": 1704040633}, "\u2605 Shadow Daggers | Boreal Forest (Field-Tested)": {"sugprice": 7250.451578947368, "profit": 405, "limit": 6543, "timest": 1704098311}, "\u2605 Bloodhound Gloves | Bronzed (Field-Tested)": {"sugprice": 6596.693499999999, "profit": 370, "limit": 5953, "timest": 1704097931}, "StatTrak\u2122 USP-S | Monster Mashup (Battle-Scarred)": {"sugprice": 1919.9699999999998, "profit": 120, "limit": 1732, "timest": 1704097844}, "StatTrak\u2122 USP-S | The Traitor (Well-Worn)": {"sugprice": 2220.6632, "profit": 108, "limit": 2004, "timest": 1704025060}, "\u2605 Hydra Gloves | Mangrove (Battle-Scarred)": {"sugprice": 4365.251842105263, "profit": 291, "limit": 3939, "timest": 1704098261}, "\u2605 Shadow Daggers | Forest DDPAT (Field-Tested)": {"sugprice": 7270.787272727272, "profit": 346, "limit": 6561, "timest": 1704047769}, "USP-S | Printstream (Minimal Wear)": {"sugprice": 4648.767741935484, "profit": 285, "limit": 4195, "timest": 1704097911}, "\u2605 Falchion Knife | Ultraviolet (Battle-Scarred)": {"sugprice": 9562.768181818183, "profit": 543, "limit": 8630, "timest": 1704013714}, "StatTrak\u2122 USP-S | Monster Mashup (Field-Tested)": {"sugprice": 2018.2613333333331, "profit": 106, "limit": 1821, "timest": 1704092259}, "\u2605 Paracord Knife | Forest DDPAT (Field-Tested)": {"sugprice": 8113.447083333333, "profit": 407, "limit": 7322, "timest": 1704098305}, "\u2605 Navaja Knife | Night Stripe (Field-Tested)": {"sugprice": 7097.445428571426, "profit": 442, "limit": 6405, "timest": 1704076042}, "\u2605 Moto Gloves | Boom! (Battle-Scarred)": {"sugprice": 7719.10705882353, "profit": 442, "limit": 6966, "timest": 1704098274}, "\u2605 Specialist Gloves | Fade (Battle-Scarred)": {"sugprice": 15407.729473684207, "profit": 776, "limit": 13905, "timest": 1704049933}, "StatTrak\u2122 SSG 08 | Dragonfire (Battle-Scarred)": {"sugprice": 3021.043333333333, "profit": 197, "limit": 2726, "timest": 1704030957}, "USP-S | Printstream (Well-Worn)": {"sugprice": 2856.7214634146344, "profit": 212, "limit": 2578, "timest": 1704097913}, "\u2605 Bloodhound Gloves | Bronzed (Battle-Scarred)": {"sugprice": 6458.054736842105, "profit": 383, "limit": 5828, "timest": 1704097929}, "\u2605 Hydra Gloves | Case Hardened (Battle-Scarred)": {"sugprice": 7362.441904761905, "profit": 362, "limit": 6644, "timest": 1704096422}, "\u2605 Driver Gloves | Queen Jaguar (Battle-Scarred)": {"sugprice": 5785.686734693877, "profit": 535, "limit": 5221, "timest": 1704047551}, "\u2605 Specialist Gloves | Lt. Commander (Battle-Scarred)": {"sugprice": 10094.686666666668, "profit": 872, "limit": 9110, "timest": 1704015587}, "StatTrak\u2122 Tec-9 | Blue Titanium (Factory New)": {"sugprice": 865.2438461538461, "profit": 141, "limit": 780, "timest": 1704097828}, "\u2605 Moto Gloves | 3rd Commando Company (Battle-Scarred)": {"sugprice": 5288, "profit": 270, "limit": 4772, "timest": 1704098270}, "\u2605 Survival Knife | Safari Mesh (Field-Tested)": {"sugprice": 7603.792399999998, "profit": 420, "limit": 6862, "timest": 1704074703}, "\u2605 Moto Gloves | POW! (Battle-Scarred)": {"sugprice": 8774.873636363636, "profit": 425, "limit": 7919, "timest": 1704025606}, "\u2605 Hand Wraps | Constrictor (Field-Tested)": {"sugprice": 5073.06125, "profit": 372, "limit": 4578, "timest": 1704033579}, "\u2605 Sport Gloves | Bronze Morph (Battle-Scarred)": {"sugprice": 10178.016315789473, "profit": 486, "limit": 9185, "timest": 1704069958}, "\u2605 Bowie Knife | Bright Water (Field-Tested)": {"sugprice": 10150.545454545454, "profit": 494, "limit": 9160, "timest": 1704020463}, "\u2605 Broken Fang Gloves | Unhinged (Battle-Scarred)": {"sugprice": 5220.664, "profit": 265, "limit": 4711, "timest": 1704064456}, "StatTrak\u2122 M4A4 | \u9f8d\u738b (Dragon King) (Field-Tested)": {"sugprice": 1561.4793750000001, "profit": 164, "limit": 1409, "timest": 1704085067}, "\u2605 Driver Gloves | Racing Green (Battle-Scarred)": {"sugprice": 4082.8230000000012, "profit": 207, "limit": 3684, "timest": 1704030169}, "StatTrak\u2122 MP9 | Hypnotic (Factory New)": {"sugprice": 3402.4327777777776, "profit": 172, "limit": 3070, "timest": 1704066485}, "StatTrak\u2122 USP-S | Printstream (Battle-Scarred)": {"sugprice": 4563.753658536584, "profit": 241, "limit": 4118, "timest": 1704097852}, "\u2605 Gut Knife | Bright Water (Field-Tested)": {"sugprice": 8497.337777777779, "profit": 508, "limit": 7668, "timest": 1704098018}, "\u2605 Navaja Knife | Safari Mesh (Battle-Scarred)": {"sugprice": 7619.627142857143, "profit": 377, "limit": 6876, "timest": 1704098291}, "\u2605 Navaja Knife | Stained (Field-Tested)": {"sugprice": 7416.434444444444, "profit": 354, "limit": 6693, "timest": 1704056001}, "\u2605 Navaja Knife | Stained (Well-Worn)": {"sugprice": 7209.2472727272725, "profit": 343, "limit": 6506, "timest": 1704035025}, "\u2605 Navaja Knife | Urban Masked (Field-Tested)": {"sugprice": 6951.657352941174, "profit": 389, "limit": 6273, "timest": 1704030525}, "\u2605 Gut Knife | Boreal Forest (Field-Tested)": {"sugprice": 7332.256666666668, "profit": 349, "limit": 6617, "timest": 1704088285}, "USP-S | Royal Blue (Field-Tested)": {"sugprice": 1060.5422222222223, "profit": 146, "limit": 957, "timest": 1704048874}, "USP-S | Printstream (Field-Tested)": {"sugprice": 2786.7113513513514, "profit": 139, "limit": 2515, "timest": 1704025111}, "StatTrak\u2122 SSG 08 | Turbo Peek (Battle-Scarred)": {"sugprice": 1000.2397959183672, "profit": 145, "limit": 902, "timest": 1704095447}, "\u2605 Paracord Knife | Scorched (Field-Tested)": {"sugprice": 7936.643749999999, "profit": 699, "limit": 7162, "timest": 1704074629}, "\u2605 Moto Gloves | Eclipse (Battle-Scarred)": {"sugprice": 7266.254444444445, "profit": 575, "limit": 6557, "timest": 1704024776}, "StatTrak\u2122 M4A4 | The Emperor (Battle-Scarred)": {"sugprice": 2620.7209677419355, "profit": 128, "limit": 2365, "timest": 1704097755}, "USP-S | Kill Confirmed (Battle-Scarred)": {"sugprice": 3217, "profit": 155, "limit": 2903, "timest": 1704097315}, "\u2605 Bowie Knife | Ultraviolet (Battle-Scarred)": {"sugprice": 8796.750666666665, "profit": 464, "limit": 7939, "timest": 1704097945}, "USP-S | Orion (Field-Tested)": {"sugprice": 4125.6292, "profit": 226, "limit": 3723, "timest": 1704032909}, "\u2605 Paracord Knife | Safari Mesh (Field-Tested)": {"sugprice": 7744.313181818183, "profit": 585, "limit": 6989, "timest": 1704096473}, "StatTrak\u2122 PP-Bizon | Judgement of Anubis (Field-Tested)": {"sugprice": 1133, "profit": 103, "limit": 1022, "timest": 1704097815}, "\u2605 Hand Wraps | Arboreal (Field-Tested)": {"sugprice": 6170.687222222223, "profit": 435, "limit": 5569, "timest": 1704098167}, "\u2605 Hydra Gloves | Mangrove (Well-Worn)": {"sugprice": 4504.481176470589, "profit": 228, "limit": 4065, "timest": 1704014398},