{"USP-S | Kill Confirmed (Well-Worn)": {"sugprice": 3225.652173913044, "profit": 169, "limit": 2911, "timest": 1702053584}, "\u2605 Hydra Gloves | Rattler (Field-Tested)": {"sugprice": 4317.5365909090915, "profit": 293, "limit": 3896, "timest": 1702065286}, "\u2605 Moto Gloves | Transport (Battle-Scarred)": {"sugprice": 5336.645510204082, "profit": 274, "limit": 4816, "timest": 1702075886}, "\u2605 Broken Fang Gloves | Unhinged (Battle-Scarred)": {"sugprice": 5141.4076000000005, "profit": 326, "limit": 4640, "timest": 1702065915}, "StatTrak\u2122 SSG 08 | Dragonfire (Field-Tested)": {"sugprice": 3058.4065909090905, "profit": 214, "limit": 2760, "timest": 1702053372}, "StatTrak\u2122 USP-S | The Traitor (Battle-Scarred)": {"sugprice": 2260.7126000000003, "profit": 146, "limit": 2040, "timest": 1702108123}, "\u2605 Gut Knife | Safari Mesh (Field-Tested)": {"sugprice": 7255.342666666666, "profit": 400, "limit": 6547, "timest": 1702061865}, "\u2605 Gut Knife | Freehand (Field-Tested)": {"sugprice": 8947.901, "profit": 495, "limit": 8075, "timest": 1702108508}, "USP-S | Neo-Noir (Factory New)": {"sugprice": 3121.5171428571434, "profit": 203, "limit": 2817, "timest": 1702108241}, "\u2605 Driver Gloves | Convoy (Field-Tested)": {"sugprice": 6163.1100000000015, "profit": 293, "limit": 5562, "timest": 1702087041}, "\u2605 Specialist Gloves | Fade (Battle-Scarred)": {"sugprice": 15262.118666666665, "profit": 803, "limit": 13774, "timest": 1702105908}, "Tec-9 | Nuclear Threat (Battle-Scarred)": {"sugprice": 3146.027, "profit": 216, "limit": 2839, "timest": 1702108151}, "StatTrak\u2122 M4A4 | \u9f8d\u738b (Dragon King) (Field-Tested)": {"sugprice": 1524, "profit": 111, "limit": 1375, "timest": 1702107955}, "\u2605 Bloodhound Gloves | Bronzed (Battle-Scarred)": {"sugprice": 6213.850000000001, "profit": 311, "limit": 5607, "timest": 1702048340}, "\u2605 Navaja Knife | Marble Fade (Factory New)": {"sugprice": 15309.48636363636, "profit": 789, "limit": 13816, "timest": 1702033205}, "\u2605 Shadow Daggers | Scorched (Field-Tested)": {"sugprice": 7124.702777777778, "profit": 413, "limit": 6430, "timest": 1702108890}, "StatTrak\u2122 M4A4 | The Battlestar (Field-Tested)": {"sugprice": 1517.1552941176471, "profit": 101, "limit": 1369, "timest": 1702097781}, "StatTrak\u2122 M4A4 | The Emperor (Battle-Scarred)": {"sugprice": 2584.587045454545, "profit": 157, "limit": 2332, "timest": 1702107922}, "\u2605 Driver Gloves | Racing Green (Field-Tested)": {"sugprice": 4116.661914893617, "profit": 254, "limit": 3715, "timest": 1702063333}, "\u2605 Hand Wraps | Constrictor (Battle-Scarred)": {"sugprice": 5025.9592, "profit": 272, "limit": 4535, "timest": 1702108561}, "\u2605 Shadow Daggers | Freehand (Field-Tested)": {"sugprice": 9207, "profit": 591, "limit": 8309, "timest": 1702108871}, "\u2605 Bloodhound Gloves | Guerrilla (Battle-Scarred)": {"sugprice": 6239.8836363636365, "profit": 407, "limit": 5631, "timest": 1702108375}, "\u2605 Driver Gloves | Convoy (Battle-Scarred)": {"sugprice": 6340.198999999999, "profit": 413, "limit": 5722, "timest": 1702108448}, "\u2605 Navaja Knife | Boreal Forest (Field-Tested)": {"sugprice": 6965.07081632653, "profit": 331, "limit": 6285, "timest": 1702097472}, "\u2605 Gut Knife | Bright Water (Field-Tested)": {"sugprice": 8384.205833333332, "profit": 484, "limit": 7566, "timest": 1702108500}, "\u2605 Hydra Gloves | Rattler (Well-Worn)": {"sugprice": 4468.634, "profit": 229, "limit": 4032, "timest": 1702108681}, "\u2605 Driver Gloves | Queen Jaguar (Field-Tested)": {"sugprice": 6505.461, "profit": 329, "limit": 5871, "timest": 1702108460}, "\u2605 Bloodhound Gloves | Snakebite (Field-Tested)": {"sugprice": 6021.023571428572, "profit": 318, "limit": 5433, "timest": 1702050226}, "StatTrak\u2122 USP-S | Neo-Noir (Battle-Scarred)": {"sugprice": 3060.6579545454547, "profit": 170, "limit": 2762, "timest": 1702108102}, "\u2605 Specialist Gloves | Forest DDPAT (Battle-Scarred)": {"sugprice": 8612, "profit": 667, "limit": 7772, "timest": 1702036033}, "\u2605 Moto Gloves | Smoke Out (Battle-Scarred)": {"sugprice": 8055.529545454545, "profit": 512, "limit": 7270, "timest": 1702108717}, "\u2605 Hand Wraps | Giraffe (Battle-Scarred)": {"sugprice": 6281.417586206896, "profit": 326, "limit": 5668, "timest": 1702108595}, "\u2605 Shadow Daggers | Forest DDPAT (Field-Tested)": {"sugprice": 7251.282499999999, "profit": 423, "limit": 6544, "timest": 1702108868}, "\u2605 Gut Knife | Forest DDPAT (Field-Tested)": {"sugprice": 7828.511481481482, "profit": 506, "limit": 7065, "timest": 1702108505}, "USP-S | Printstream (Field-Tested)": {"sugprice": 3151.6620930232566, "profit": 150, "limit": 2844, "timest": 1702090402}, "\u2605 Navaja Knife | Rust Coat (Battle-Scarred)": {"sugprice": 6964.589375, "profit": 348, "limit": 6285, "timest": 1702038053}, "StatTrak\u2122 PP-Bizon | Judgement of Anubis (Field-Tested)": {"sugprice": 1103, "profit": 151, "limit": 995, "timest": 1702029955}, "\u2605 Navaja Knife | Night Stripe (Field-Tested)": {"sugprice": 6756.849375, "profit": 416, "limit": 6098, "timest": 1702062072}, "\u2605 Shadow Daggers | Ultraviolet (Field-Tested)": {"sugprice": 9215.313, "profit": 533, "limit": 8316, "timest": 1702108910}, "\u2605 Survival Knife | Forest DDPAT (Field-Tested)": {"sugprice": 8031.760769230769, "profit": 398, "limit": 7248, "timest": 1702053023}, "\u2605 Hydra Gloves | Emerald (Field-Tested)": {"sugprice": 4795.139795918368, "profit": 238, "limit": 4327, "timest": 1702108633}, "\u2605 Driver Gloves | Queen Jaguar (Battle-Scarred)": {"sugprice": 6071.086222222222, "profit": 424, "limit": 5479, "timest": 1702108457}, "\u2605 Driver Gloves | Racing Green (Battle-Scarred)": {"sugprice": 4164.81829787234, "profit": 202, "limit": 3758, "timest": 1702104012}, "\u2605 Survival Knife | Boreal Forest (Field-Tested)": {"sugprice": 7932.328125000001, "profit": 604, "limit": 7158, "timest": 1702105914}, "\u2605 Gut Knife | Doppler (Factory New)": {"sugprice": 16276.683076923076, "profit": 967, "limit": 14689, "timest": 1702049474}, "USP-S | Printstream (Well-Worn)": {"sugprice": 3018.7381578947375, "profit": 179, "limit": 2724, "timest": 1702045657}, "StatTrak\u2122 USP-S | The Traitor (Well-Worn)": {"sugprice": 2172.7685714285712, "profit": 105, "limit": 1960, "timest": 1702080553}, "StatTrak\u2122 USP-S | Neo-Noir (Field-Tested)": {"sugprice": 3076.82625, "profit": 176, "limit": 2776, "timest": 1702108106}, "\u2605 Gut Knife | Scorched (Field-Tested)": {"sugprice": 7483.785714285715, "profit": 484, "limit": 6754, "timest": 1702108527}, "StatTrak\u2122 M4A4 | Royal Paladin (Field-Tested)": {"sugprice": 2235, "profit": 176, "limit": 2017, "timest": 1702107897}, "\u2605 Sport Gloves | Bronze Morph (Battle-Scarred)": {"sugprice": 10603.185294117648, "profit": 708, "limit": 9569, "timest": 1702108928}, "\u2605 Driver Gloves | Overtake (Battle-Scarred)": {"sugprice": 6874.740689655174, "profit": 370, "limit": 6204, "timest": 1702072926}, "\u2605 Hydra Gloves | Mangrove (Battle-Scarred)": {"sugprice": 4247.373235294118, "profit": 254, "limit": 3833, "timest": 1702047724}, "StatTrak\u2122 M4A4 | Buzz Kill (Battle-Scarred)": {"sugprice": 2020.7690624999996, "profit": 118, "limit": 1823, "timest": 1702107810}, "\u2605 Specialist Gloves | Buckshot (Battle-Scarred)": {"sugprice": 5233.696249999999, "profit": 251, "limit": 4723, "timest": 1702058252}, "\u2605 Shadow Daggers | Black Laminate (Field-Tested)": {"sugprice": 7797.691666666666, "profit": 472, "limit": 7037, "timest": 1702108837}, "\u2605 Hand Wraps | CAUTION! (Battle-Scarred)": {"sugprice": 14091.622857142855, "profit": 946, "limit": 12717, "timest": 1702108555}, "\u2605 Paracord Knife | Safari Mesh (Field-Tested)": {"sugprice": 8082.710625, "profit": 545, "limit": 7294, "timest": 1702108829}, "StatTrak\u2122 M4A4 | Royal Paladin (Battle-Scarred)": {"sugprice": 2416.117142857143, "profit": 201, "limit": 2180, "timest": 1702107894},