{"USP-S | Kill Confirmed (Well-Worn)": {"sugprice": 3245, "profit": 189, "limit": 2928, "timest": 1702278355}, "\u2605 Moto Gloves | Transport (Battle-Scarred)": {"sugprice": 5327.133958333335, "profit": 287, "limit": 4807, "timest": 1702197216}, "StatTrak\u2122 USP-S | The Traitor (Battle-Scarred)": {"sugprice": 2158.411470588235, "profit": 107, "limit": 1947, "timest": 1702235685}, "\u2605 Gut Knife | Safari Mesh (Field-Tested)": {"sugprice": 7344.944666666667, "profit": 480, "limit": 6628, "timest": 1702278462}, "\u2605 Gut Knife | Freehand (Field-Tested)": {"sugprice": 9173.820588235292, "profit": 453, "limit": 8279, "timest": 1702271577}, "\u2605 Driver Gloves | Convoy (Field-Tested)": {"sugprice": 6295.489166666669, "profit": 321, "limit": 5681, "timest": 1702265320}, "\u2605 Specialist Gloves | Fade (Battle-Scarred)": {"sugprice": 14908.316000000003, "profit": 721, "limit": 13454, "timest": 1702259202}, "Tec-9 | Nuclear Threat (Battle-Scarred)": {"sugprice": 3113.7374999999997, "profit": 166, "limit": 2810, "timest": 1702278332}, "StatTrak\u2122 M4A4 | \u9f8d\u738b (Dragon King) (Field-Tested)": {"sugprice": 1540.396666666667, "profit": 114, "limit": 1390, "timest": 1702278237}, "\u2605 Bloodhound Gloves | Bronzed (Battle-Scarred)": {"sugprice": 6217.744583333333, "profit": 366, "limit": 5611, "timest": 1702277479}, "\u2605 Shadow Daggers | Scorched (Field-Tested)": {"sugprice": 7184.781052631579, "profit": 350, "limit": 6484, "timest": 1702275446}, "StatTrak\u2122 M4A4 | The Emperor (Battle-Scarred)": {"sugprice": 2610.5152380952386, "profit": 174, "limit": 2355, "timest": 1702278227}, "\u2605 Driver Gloves | Racing Green (Field-Tested)": {"sugprice": 4036.1956756756745, "profit": 207, "limit": 3642, "timest": 1702208527}, "\u2605 Hand Wraps | Constrictor (Battle-Scarred)": {"sugprice": 4864.501249999999, "profit": 249, "limit": 4390, "timest": 1702208570}, "\u2605 Shadow Daggers | Freehand (Field-Tested)": {"sugprice": 9241.826538461539, "profit": 458, "limit": 8340, "timest": 1702278709}, "\u2605 Bloodhound Gloves | Guerrilla (Battle-Scarred)": {"sugprice": 6187.179499999999, "profit": 324, "limit": 5583, "timest": 1702278407}, "\u2605 Driver Gloves | Convoy (Battle-Scarred)": {"sugprice": 6280.8711111111115, "profit": 313, "limit": 5668, "timest": 1702278432}, "\u2605 Navaja Knife | Boreal Forest (Field-Tested)": {"sugprice": 7088.571702127657, "profit": 431, "limit": 6397, "timest": 1702278665}, "\u2605 Gut Knife | Bright Water (Field-Tested)": {"sugprice": 8532.675833333335, "profit": 455, "limit": 7700, "timest": 1702260959}, "StatTrak\u2122 USP-S | Neo-Noir (Battle-Scarred)": {"sugprice": 3069.4459999999995, "profit": 162, "limit": 2770, "timest": 1702278311}, "\u2605 Moto Gloves | Smoke Out (Battle-Scarred)": {"sugprice": 7857.800344827588, "profit": 534, "limit": 7091, "timest": 1702278658}, "\u2605 Hand Wraps | Giraffe (Battle-Scarred)": {"sugprice": 5957.802352941178, "profit": 440, "limit": 5376, "timest": 1702249329}, "\u2605 Shadow Daggers | Forest DDPAT (Field-Tested)": {"sugprice": 7159.845625, "profit": 362, "limit": 6461, "timest": 1702249542}, "\u2605 Gut Knife | Forest DDPAT (Field-Tested)": {"sugprice": 8141.199200000002, "profit": 520, "limit": 7347, "timest": 1702278456}, "USP-S | Printstream (Field-Tested)": {"sugprice": 3031.4865789473683, "profit": 165, "limit": 2735, "timest": 1702270591}, "\u2605 Navaja Knife | Rust Coat (Battle-Scarred)": {"sugprice": 6928.619736842105, "profit": 334, "limit": 6253, "timest": 1702268728}, "\u2605 Navaja Knife | Night Stripe (Field-Tested)": {"sugprice": 6823.654, "profit": 383, "limit": 6158, "timest": 1702278673}, "\u2605 Shadow Daggers | Ultraviolet (Field-Tested)": {"sugprice": 9165.139523809523, "profit": 446, "limit": 8271, "timest": 1702270246}, "\u2605 Survival Knife | Forest DDPAT (Field-Tested)": {"sugprice": 8000.665000000002, "profit": 384, "limit": 7220, "timest": 1702241009}, "\u2605 Driver Gloves | Queen Jaguar (Battle-Scarred)": {"sugprice": 5787.32947368421, "profit": 287, "limit": 5223, "timest": 1702256403}, "\u2605 Driver Gloves | Racing Green (Battle-Scarred)": {"sugprice": 4143.134199999999, "profit": 197, "limit": 3739, "timest": 1702249280}, "\u2605 Survival Knife | Boreal Forest (Field-Tested)": {"sugprice": 7839.353571428571, "profit": 434, "limit": 7075, "timest": 1702201923}, "USP-S | Printstream (Well-Worn)": {"sugprice": 3068, "profit": 190, "limit": 2768, "timest": 1702278379}, "StatTrak\u2122 USP-S | The Traitor (Well-Worn)": {"sugprice": 2189.997142857143, "profit": 105, "limit": 1976, "timest": 1702225200}, "\u2605 Gut Knife | Scorched (Field-Tested)": {"sugprice": 7261.633846153846, "profit": 345, "limit": 6553, "timest": 1702217385}, "StatTrak\u2122 M4A4 | Royal Paladin (Field-Tested)": {"sugprice": 2259.907894736842, "profit": 113, "limit": 2039, "timest": 1702240041}, "\u2605 Hydra Gloves | Mangrove (Battle-Scarred)": {"sugprice": 4274.391956521738, "profit": 288, "limit": 3857, "timest": 1702252235}, "StatTrak\u2122 M4A4 | Buzz Kill (Battle-Scarred)": {"sugprice": 2014.168148148148, "profit": 123, "limit": 1817, "timest": 1702278041}, "\u2605 Hand Wraps | CAUTION! (Battle-Scarred)": {"sugprice": 14193.126842105265, "profit": 789, "limit": 12809, "timest": 1702199153}, "\u2605 Paracord Knife | Safari Mesh (Field-Tested)": {"sugprice": 8094.507222222221, "profit": 466, "limit": 7305, "timest": 1702278691}, "StatTrak\u2122 M4A4 | Royal Paladin (Battle-Scarred)": {"sugprice": 2458.704117647059, "profit": 200, "limit": 2218, "timest": 1702278195}, "StatTrak\u2122 USP-S | Monster Mashup (Battle-Scarred)": {"sugprice": 1950.7911764705889, "profit": 222, "limit": 1760, "timest": 1702278308}, "\u2605 Hydra Gloves | Mangrove (Field-Tested)": {"sugprice": 4162.79512195122, "profit": 200, "limit": 3756, "timest": 1702234851}, "StatTrak\u2122 P90 | Asiimov (Battle-Scarred)": {"sugprice": 1351.2741176470588, "profit": 100, "limit": 1219, "timest": 1702228269}, "USP-S | Orion (Field-Tested)": {"sugprice": 3987.094210526316, "profit": 192, "limit": 3598, "timest": 1702229353}, "\u2605 Hand Wraps | Desert Shamagh (Well-Worn)": {"sugprice": 5112.293181818182, "profit": 246, "limit": 4613, "timest": 1702216590}, "\u2605 Hydra Gloves | Rattler (Battle-Scarred)": {"sugprice": 4233.629534883722, "profit": 218, "limit": 3820, "timest": 1702201704}, "\u2605 Driver Gloves | Racing Green (Well-Worn)": {"sugprice": 4145.535454545454, "profit": 198, "limit": 3741, "timest": 1702230632}, "USP-S | Whiteout (Battle-Scarred)": {"sugprice": 1761.4626666666668, "profit": 101, "limit": 1589, "timest": 1702248365}, "\u2605 Hand Wraps | Desert Shamagh (Field-Tested)": {"sugprice": 5103.633555555555, "profit": 404, "limit": 4606, "timest": 1702252155}, "\u2605 Moto Gloves | Polygon (Battle-Scarred)": {"sugprice": 10916.505714285713, "profit": 575, "limit": 9852, "timest": 1702278620}, "\u2605 Navaja Knife | Safari Mesh (Field-Tested)": {"sugprice": 7044.651627906977, "profit": 411, "limit": 6357, "timest": 1702278677}, "\u2605 Hand Wraps | Arboreal (Field-Tested)": {"sugprice": 6004.708181818181, "profit": 383, "limit": 5419, "timest": 1702227610}, "\u2605 Paracord Knife | Scorched (Field-Tested)": {"sugprice": 7601.463636363637, "profit": 397, "limit": 6860, "timest": 1702196039}, "\u2605 Moto Gloves | Finish Line (Battle-Scarred)": {"sugprice": 7187.862413793103, "profit": 441, "limit": 6487, "timest": 1702278616}, "UMP-45 | Blaze (Factory New)": {"sugprice": 1713.8720833333334, "profit": 120, "limit": 1546, "timest": 1702278345}, "StatTrak\u2122 Tec-9 | Decimator (Battle-Scarred)": {"sugprice": 1948.1574999999998, "profit": 244, "limit": 1758, "timest": 1702278292}, "\u2605 Moto Gloves | Boom! (Battle-Scarred)": {"sugprice": 7129.0070000000005, "profit": 516, "limit": 6433, "timest": 1702278612}, "\u2605 Huntsman Knife | Bright Water (Field-Tested)": {"sugprice": 10642.424, "profit": 706, "limit": 9604, "timest": 1702278503},