{"StatTrak\u2122 USP-S | Neo-Noir (Field-Tested)": {"sugprice": 2804.5826666666667, "profit": 152, "limit": 2531, "timest": 1705209666}, "StatTrak\u2122 USP-S | The Traitor (Battle-Scarred)": {"sugprice": 2052.0587499999992, "profit": 151, "limit": 1851, "timest": 1705215343}, "USP-S | Printstream (Minimal Wear)": {"sugprice": 4393.313, "profit": 212, "limit": 3964, "timest": 1705215403}, "\u2605 Paracord Knife | Forest DDPAT (Field-Tested)": {"sugprice": 7888.1617391304335, "profit": 562, "limit": 7119, "timest": 1705215628}, "USP-S | Printstream (Well-Worn)": {"sugprice": 2597.8809302325585, "profit": 140, "limit": 2344, "timest": 1705206722}, "\u2605 Gut Knife | Boreal Forest (Field-Tested)": {"sugprice": 7277.092941176472, "profit": 603, "limit": 6567, "timest": 1705207021}, "\u2605 Hand Wraps | Duct Tape (Field-Tested)": {"sugprice": 5081.2844000000005, "profit": 305, "limit": 4585, "timest": 1705214940}, "\u2605 Driver Gloves | Queen Jaguar (Field-Tested)": {"sugprice": 5876.258095238095, "profit": 335, "limit": 5303, "timest": 1705215484}, "\u2605 Huntsman Knife | Ultraviolet (Field-Tested)": {"sugprice": 9405, "profit": 454, "limit": 8488, "timest": 1705150322}, "\u2605 Gut Knife | Forest DDPAT (Field-Tested)": {"sugprice": 7425, "profit": 424, "limit": 6701, "timest": 1705215510}, "StatTrak\u2122 MP9 | Hypnotic (Factory New)": {"sugprice": 3093, "profit": 157, "limit": 2791, "timest": 1705173167}, "\u2605 Bloodhound Gloves | Guerrilla (Field-Tested)": {"sugprice": 6049.1855, "profit": 332, "limit": 5459, "timest": 1705215441}, "\u2605 Hand Wraps | Arboreal (Battle-Scarred)": {"sugprice": 5200.8025, "profit": 334, "limit": 4693, "timest": 1705215522}, "\u2605 Moto Gloves | Boom! (Battle-Scarred)": {"sugprice": 6816.975714285714, "profit": 475, "limit": 6152, "timest": 1705199000}, "StatTrak\u2122 MP7 | Bloodsport (Factory New)": {"sugprice": 1324.6433333333332, "profit": 100, "limit": 1195, "timest": 1705176502}, "\u2605 Hydra Gloves | Rattler (Battle-Scarred)": {"sugprice": 3848.4255999999996, "profit": 195, "limit": 3473, "timest": 1705215570}, "\u2605 Falchion Knife | Ultraviolet (Battle-Scarred)": {"sugprice": 9736.710000000001, "profit": 725, "limit": 8787, "timest": 1705215502}, "\u2605 Navaja Knife | Night Stripe (Field-Tested)": {"sugprice": 6700.9986956521725, "profit": 332, "limit": 6047, "timest": 1705181156}, "\u2605 Paracord Knife | Scorched (Field-Tested)": {"sugprice": 7455.828181818182, "profit": 488, "limit": 6728, "timest": 1705215632}, "\u2605 Driver Gloves | Convoy (Battle-Scarred)": {"sugprice": 6214.654324324323, "profit": 360, "limit": 5608, "timest": 1705195772}, "\u2605 Specialist Gloves | Buckshot (Battle-Scarred)": {"sugprice": 5073.168780487805, "profit": 243, "limit": 4578, "timest": 1705215668}, "\u2605 Moto Gloves | Smoke Out (Battle-Scarred)": {"sugprice": 6723.338974358975, "profit": 362, "limit": 6067, "timest": 1705148842}, "\u2605 Gut Knife | Freehand (Field-Tested)": {"sugprice": 8373.080769230768, "profit": 420, "limit": 7556, "timest": 1705179009}, "\u2605 Navaja Knife | Ultraviolet (Field-Tested)": {"sugprice": 6956.813333333333, "profit": 374, "limit": 6278, "timest": 1705154049}, "\u2605 Bloodhound Gloves | Bronzed (Battle-Scarred)": {"sugprice": 6149.806086956521, "profit": 319, "limit": 5550, "timest": 1705215435}, "StatTrak\u2122 USP-S | Blueprint (Battle-Scarred)": {"sugprice": 1167.3928125000002, "profit": 143, "limit": 1053, "timest": 1705149923}, "\u2605 Shadow Daggers | Freehand (Field-Tested)": {"sugprice": 8703.20956521739, "profit": 550, "limit": 7854, "timest": 1705215650}, "\u2605 Navaja Knife | Urban Masked (Field-Tested)": {"sugprice": 6743.5055555555555, "profit": 333, "limit": 6086, "timest": 1705162936}, "StatTrak\u2122 USP-S | The Traitor (Field-Tested)": {"sugprice": 2602.6200000000003, "profit": 184, "limit": 2348, "timest": 1705215345}, "USP-S | The Traitor (Factory New)": {"sugprice": 4191.043333333334, "profit": 313, "limit": 3782, "timest": 1705215421}, "\u2605 Broken Fang Gloves | Unhinged (Well-Worn)": {"sugprice": 5085.333999999999, "profit": 299, "limit": 4589, "timest": 1705215465}, "\u2605 Shadow Daggers | Autotronic (Battle-Scarred)": {"sugprice": 8611.359333333334, "profit": 537, "limit": 7771, "timest": 1705215634}, "\u2605 Survival Knife | Scorched (Field-Tested)": {"sugprice": 7307.3957142857125, "profit": 417, "limit": 6594, "timest": 1705215694}, "StatTrak\u2122 SSG 08 | Dragonfire (Field-Tested)": {"sugprice": 2789.2171999999996, "profit": 182, "limit": 2517, "timest": 1705196755}, "\u2605 Hydra Gloves | Rattler (Well-Worn)": {"sugprice": 4539.2642857142855, "profit": 234, "limit": 4096, "timest": 1705171154}, "StatTrak\u2122 MAC-10 | Neon Rider (Field-Tested)": {"sugprice": 1808.9775510204083, "profit": 102, "limit": 1632, "timest": 1705201014}, "\u2605 Navaja Knife | Forest DDPAT (Field-Tested)": {"sugprice": 6732.671081081082, "profit": 321, "limit": 6076, "timest": 1705174306}, "\u2605 Broken Fang Gloves | Unhinged (Battle-Scarred)": {"sugprice": 5037.397234042554, "profit": 271, "limit": 4546, "timest": 1705153726}, "\u2605 Hand Wraps | Overprint (Battle-Scarred)": {"sugprice": 10122.553913043477, "profit": 526, "limit": 9135, "timest": 1705215550}, "\u2605 Shadow Daggers | Scorched (Field-Tested)": {"sugprice": 6707.125999999999, "profit": 319, "limit": 6053, "timest": 1705189828}, "USP-S | Orion (Field-Tested)": {"sugprice": 3693.035, "profit": 176, "limit": 3332, "timest": 1705155255}, "\u2605 Flip Knife | Forest DDPAT (Field-Tested)": {"sugprice": 11387.935000000001, "profit": 803, "limit": 10277, "timest": 1705215504}, "\u2605 Driver Gloves | Racing Green (Field-Tested)": {"sugprice": 3679.7085416666664, "profit": 175, "limit": 3320, "timest": 1705208489}, "\u2605 Huntsman Knife | Bright Water (Field-Tested)": {"sugprice": 9997.17375, "profit": 754, "limit": 9022, "timest": 1705215552}, "StatTrak\u2122 M4A4 | X-Ray (Minimal Wear)": {"sugprice": 3940.806666666667, "profit": 287, "limit": 3556, "timest": 1705215216}, "USP-S | Overgrowth (Field-Tested)": {"sugprice": 1961.0194444444444, "profit": 101, "limit": 1769, "timest": 1705187459}, "USP-S | Kill Confirmed (Well-Worn)": {"sugprice": 3063.2587999999982, "profit": 175, "limit": 2764, "timest": 1705215381}, "\u2605 Shadow Daggers | Forest DDPAT (Field-Tested)": {"sugprice": 6940.45896551724, "profit": 419, "limit": 6263, "timest": 1705188160}, "\u2605 Driver Gloves | Racing Green (Battle-Scarred)": {"sugprice": 3633.98914893617, "profit": 180, "limit": 3279, "timest": 1705206974}, "StatTrak\u2122 USP-S | Printstream (Battle-Scarred)": {"sugprice": 4223.005555555555, "profit": 239, "limit": 3811, "timest": 1705157715}, "\u2605 Navaja Knife | Ultraviolet (Battle-Scarred)": {"sugprice": 6938.535294117647, "profit": 373, "limit": 6262, "timest": 1705215622}, "\u2605 Broken Fang Gloves | Yellow-banded (Battle-Scarred)": {"sugprice": 5563.477800000001, "profit": 298, "limit": 5021, "timest": 1705192443}, "\u2605 Hydra Gloves | Rattler (Field-Tested)": {"sugprice": 3816.435999999999, "profit": 192, "limit": 3444, "timest": 1705215572}, "StatTrak\u2122 USP-S | Stainless (Battle-Scarred)": {"sugprice": 1080.3563636363638, "profit": 101, "limit": 975, "timest": 1705195451}, "StatTrak\u2122 SSG 08 | Bloodshot (Field-Tested)": {"sugprice": 1596, "profit": 131, "limit": 1440, "timest": 1705215292}, "\u2605 Hydra Gloves | Case Hardened (Battle-Scarred)": {"sugprice": 6667.884, "profit": 321, "limit": 6017, "timest": 1705184308}, "\u2605 Shadow Daggers | Boreal Forest (Field-Tested)": {"sugprice": 6879.2836, "profit": 415, "limit": 6208, "timest": 1705215642}, "\u2605 Shadow Daggers | Rust Coat (Battle-Scarred)": {"sugprice": 6680.324599999998, "profit": 405, "limit": 6028, "timest": 1705215658}, "\u2605 Hydra Gloves | Emerald (Battle-Scarred)": {"sugprice": 4549.5416, "profit": 252, "limit": 4105, "timest": 1705215558}, "StatTrak\u2122 USP-S | Caiman (Field-Tested)": {"sugprice": 4995.125, "profit": 238,