{"USP-S | Kill Confirmed (Well-Worn)": {"sugprice": 3195, "profit": 277, "limit": 2883, "timest": 1700150657}, "USP-S | Overgrowth (Field-Tested)": {"sugprice": 2014.0565384615386, "profit": 135, "limit": 1817, "timest": 1700150679}, "\u2605 Moto Gloves | Turtle (Battle-Scarred)": {"sugprice": 8014.2626315789485, "profit": 542, "limit": 7232, "timest": 1700150905}, "\u2605 Navaja Knife | Scorched (Field-Tested)": {"sugprice": 6950.843333333333, "profit": 667, "limit": 6273, "timest": 1700150917}, "\u2605 Driver Gloves | Racing Green (Battle-Scarred)": {"sugprice": 4131.350638297872, "profit": 502, "limit": 3728, "timest": 1700149999}, "StatTrak\u2122 M4A4 | Royal Paladin (Battle-Scarred)": {"sugprice": 2186.29, "profit": 226, "limit": 1973, "timest": 1700150436}, "StatTrak\u2122 M4A4 | The Emperor (Battle-Scarred)": {"sugprice": 2617, "profit": 247, "limit": 2361, "timest": 1700150448}, "StatTrak\u2122 USP-S | The Traitor (Well-Worn)": {"sugprice": 2118, "profit": 197, "limit": 1911, "timest": 1700150623}, "USP-S | Printstream (Minimal Wear)": {"sugprice": 4351, "profit": 432, "limit": 3926, "timest": 1700150686}, "USP-S | Whiteout (Minimal Wear)": {"sugprice": 2640, "profit": 186, "limit": 2382, "timest": 1700150710}, "\u2605 Broken Fang Gloves | Needle Point (Battle-Scarred)": {"sugprice": 5453.949555555556, "profit": 557, "limit": 4922, "timest": 1700150723}, "\u2605 Broken Fang Gloves | Needle Point (Field-Tested)": {"sugprice": 5536.792857142858, "profit": 537, "limit": 4996, "timest": 1700150725}, "\u2605 Driver Gloves | Racing Green (Well-Worn)": {"sugprice": 4262.3550000000005, "profit": 454, "limit": 3846, "timest": 1700150752}, "\u2605 Hand Wraps | Constrictor (Battle-Scarred)": {"sugprice": 4890.281891891893, "profit": 506, "limit": 4413, "timest": 1700150782}, "\u2605 Hydra Gloves | Rattler (Field-Tested)": {"sugprice": 4225.875405405405, "profit": 410, "limit": 3813, "timest": 1700148039}, "\u2605 Moto Gloves | Finish Line (Battle-Scarred)": {"sugprice": 7258.584444444445, "profit": 455, "limit": 6550, "timest": 1700150899}, "\u2605 Navaja Knife | Forest DDPAT (Field-Tested)": {"sugprice": 6956.545769230769, "profit": 557, "limit": 6278, "timest": 1700150909}, "\u2605 Navaja Knife | Safari Mesh (Field-Tested)": {"sugprice": 7004, "profit": 499, "limit": 6321, "timest": 1700150915}, "\u2605 Shadow Daggers | Bright Water (Field-Tested)": {"sugprice": 7804.348529411763, "profit": 612, "limit": 7043, "timest": 1700150927}, "\u2605 Shadow Daggers | Rust Coat (Battle-Scarred)": {"sugprice": 7020.189, "profit": 635, "limit": 6335, "timest": 1700150933}, "\u2605 Broken Fang Gloves | Yellow-banded (Field-Tested)": {"sugprice": 6385, "profit": 365, "limit": 5762, "timest": 1700150737}, "\u2605 Hand Wraps | Arboreal (Battle-Scarred)": {"sugprice": 5138.757407407408, "profit": 549, "limit": 4637, "timest": 1700150771}, "Vypa Sista of the Revolution | Guerrilla Warfare": {"sugprice": 1635.253333333333, "profit": 142, "limit": 1475, "timest": 1700150712}, "StatTrak\u2122 M4A4 | \u9f8d\u738b (Dragon King) (Battle-Scarred)": {"sugprice": 1502.7280555555553, "profit": 138, "limit": 1356, "timest": 1700150456}, "\u2605 Hydra Gloves | Mangrove (Battle-Scarred)": {"sugprice": 4135.590526315789, "profit": 214, "limit": 3732, "timest": 1700150888}, "USP-S | Monster Mashup (Minimal Wear)": {"sugprice": 1874.330714285714, "profit": 141, "limit": 1691, "timest": 1700150664}, "\u2605 Broken Fang Gloves | Yellow-banded (Battle-Scarred)": {"sugprice": 6091.258979591837, "profit": 784, "limit": 5497, "timest": 1700150734}, "\u2605 Hydra Gloves | Mangrove (Well-Worn)": {"sugprice": 4334, "profit": 415, "limit": 3911, "timest": 1700147503}, "\u2605 Shadow Daggers | Scorched (Field-Tested)": {"sugprice": 7333.863, "profit": 554, "limit": 6618, "timest": 1700150935}, "StatTrak\u2122 M4A4 | Desolate Space (Battle-Scarred)": {"sugprice": 1221.8075675675677, "profit": 132, "limit": 1102, "timest": 1700150411}, "StatTrak\u2122 P90 | Asiimov (Battle-Scarred)": {"sugprice": 1417, "profit": 126, "limit": 1278, "timest": 1700150499}, "\u2605 Hand Wraps | Desert Shamagh (Field-Tested)": {"sugprice": 4751, "profit": 293, "limit": 4287, "timest": 1700150039}, "\u2605 Gut Knife | Forest DDPAT (Field-Tested)": {"sugprice": 7733.411818181817, "profit": 549, "limit": 6979, "timest": 1700150763}, "\u2605 Moto Gloves | Transport (Battle-Scarred)": {"sugprice": 5259.646285714286, "profit": 394, "limit": 4746, "timest": 1700150903}, "USP-S | The Traitor (Minimal Wear)": {"sugprice": 1454.7059523809526, "profit": 144, "limit": 1312, "timest": 1700150703}, "USP-S | Printstream (Well-Worn)": {"sugprice": 2753, "profit": 292, "limit": 2484, "timest": 1700150687}, "\u2605 Driver Gloves | Racing Green (Field-Tested)": {"sugprice": 4079, "profit": 248, "limit": 3681, "timest": 1700150750}, "\u2605 Hand Wraps | Duct Tape (Field-Tested)": {"sugprice": 4950, "profit": 272, "limit": 4467, "timest": 1700150863}, "USP-S | Monster Mashup (Well-Worn)": {"sugprice": 1342.7234782608698, "profit": 123, "limit": 1211, "timest": 1700150666}, "\u2605 Broken Fang Gloves | Unhinged (Battle-Scarred)": {"sugprice": 5100.926530612247, "profit": 344, "limit": 4603, "timest": 1700150728}, "\u2605 Hand Wraps | Arboreal (Field-Tested)": {"sugprice": 5841, "profit": 487, "limit": 5271, "timest": 1700150773}, "USP-S | Kill Confirmed (Battle-Scarred)": {"sugprice": 3008.3361111111117, "profit": 212, "limit": 2715, "timest": 1700145869}, "StatTrak\u2122 M4A4 | Cyber Security (Battle-Scarred)": {"sugprice": 1576.0388235294117, "profit": 123, "limit": 1422, "timest": 1700130324}, "USP-S | Serum (Field-Tested)": {"sugprice": 3463.9679166666665, "profit": 374, "limit": 3126, "timest": 1700150694}, "\u2605 Hand Wraps | Giraffe (Battle-Scarred)": {"sugprice": 5929, "profit": 571, "limit": 5350, "timest": 1700150871}, "USP-S | Neo-Noir (Well-Worn)": {"sugprice": 1511, "profit": 121, "limit": 1363, "timest": 1700150673}, "\u2605 Survival Knife | Safari Mesh (Field-Tested)": {"sugprice": 7622, "profit": 571, "limit": 6878, "timest": 1700150956}, "\u2605 Hydra Gloves | Case Hardened (Field-Tested)": {"sugprice": 8018, "profit": 616, "limit": 7236, "timest": 1700150885}, "\u2605 Gut Knife | Rust Coat (Battle-Scarred)": {"sugprice": 7930.142702702702, "profit": 719, "limit": 7156, "timest": 1700150765}, "\u2605 Moto Gloves | Smoke Out (Battle-Scarred)": {"sugprice": 6830, "profit": 537, "limit": 6164, "timest": 1700150901}, "\u2605 Hydra Gloves | Rattler (Battle-Scarred)": {"sugprice": 4239, "profit": 296, "limit": 3825, "timest": 1700150891}, "StatTrak\u2122 M4A4 | Evil Daimyo (Minimal Wear)": {"sugprice": 807.9224999999998, "profit": 145, "limit": 729, "timest": 1700150419}, "StatTrak\u2122 SSG 08 | Dragonfire (Field-Tested)": {"sugprice": 3805.4938888888887, "profit": 455, "limit": 3434, "timest": 1700150515}, "\u2605 Specialist Gloves | Forest DDPAT (Battle-Scarred)": {"sugprice": 7893, "profit": 464, "limit": 7123, "timest": 1700150945}, "StatTrak\u2122 M4A4 | Desert-Strike (Field-Tested)": {"sugprice": 1394.2666666666669, "profit": 267, "limit": 1258, "timest": 1700150408}, "\u2605 Broken Fang Gloves | Jade (Battle-Scarred)": {"sugprice": 7473.323076923076, "profit": 788, "limit": 6744, "timest": 1700150722}, "StatTrak\u2122 M4A4 | Temukau (Battle-Scarred)": {"sugprice": 2540.4079069767445, "profit": 203, "limit": 2292, "timest": 1700150441}, "\u2605 Hydra Gloves | Rattler (Well-Worn)": {"sugprice": 4722, "profit": 382, "limit": 4261, "timest": 1700150895}, "\u2605 Broken Fang Gloves | Needle Point (Well-Worn)": {"sugprice": 5564.486956521739, "profit": 437, "limit": 5021, "timest": 1700150726}, "StatTrak\u2122 USP-S | Neo-Noir (Field-Tested)": {"sugprice": 3161, "profit": 242, "limit": 2852, "timest": 1700150615}, "USP-S | Whiteout (Battle-Scarred)": {"sugprice": 1797.0760606060605, "profit": 150, "limit": 1621, "timest": 1700150704}, "\u2605 Bloodhound Gloves | Guerrilla (Field-Tested)": {"sugprice": 6281.135200000001,