{"StatTrak\u2122 USP-S | Neo-Noir (Field-Tested)": {"sugprice": 3158.038095238094, "profit": 219, "limit": 2850, "timest": 1703912780}, "StatTrak\u2122 USP-S | The Traitor (Battle-Scarred)": {"sugprice": 2152.603783783784, "profit": 103, "limit": 1942, "timest": 1703902271}, "USP-S | Kill Confirmed (Well-Worn)": {"sugprice": 3239.6530952380945, "profit": 209, "limit": 2923, "timest": 1703912822}, "USP-S | Neo-Noir (Factory New)": {"sugprice": 3102.3790909090903, "profit": 149, "limit": 2799, "timest": 1703898675}, "\u2605 Broken Fang Gloves | Yellow-banded (Battle-Scarred)": {"sugprice": 6166.938571428569, "profit": 348, "limit": 5565, "timest": 1703870654}, "\u2605 Driver Gloves | Convoy (Field-Tested)": {"sugprice": 6412.928611111111, "profit": 386, "limit": 5787, "timest": 1703912900}, "\u2605 Hand Wraps | Badlands (Battle-Scarred)": {"sugprice": 7614.870714285715, "profit": 675, "limit": 6872, "timest": 1703867299}, "\u2605 Moto Gloves | Transport (Field-Tested)": {"sugprice": 5777.231904761905, "profit": 463, "limit": 5213, "timest": 1703908637}, "\u2605 Navaja Knife | Scorched (Field-Tested)": {"sugprice": 6987.500399999998, "profit": 418, "limit": 6306, "timest": 1703883801}, "StatTrak\u2122 M4A4 | X-Ray (Minimal Wear)": {"sugprice": 4962.0725, "profit": 508, "limit": 4478, "timest": 1703912685}, "\u2605 Hydra Gloves | Rattler (Field-Tested)": {"sugprice": 4224.058095238096, "profit": 215, "limit": 3812, "timest": 1703913095}, "\u2605 Driver Gloves | Racing Green (Field-Tested)": {"sugprice": 3956.998666666667, "profit": 200, "limit": 3571, "timest": 1703848283}, "\u2605 Shadow Daggers | Boreal Forest (Field-Tested)": {"sugprice": 6978.439600000001, "profit": 459, "limit": 6298, "timest": 1703862898}, "\u2605 Bloodhound Gloves | Bronzed (Field-Tested)": {"sugprice": 6443.639117647059, "profit": 332, "limit": 5815, "timest": 1703912867}, "StatTrak\u2122 USP-S | Monster Mashup (Battle-Scarred)": {"sugprice": 1947.2722222222224, "profit": 142, "limit": 1757, "timest": 1703912776}, "StatTrak\u2122 USP-S | The Traitor (Well-Worn)": {"sugprice": 2151.36, "profit": 110, "limit": 1941, "timest": 1703887575}, "\u2605 Hydra Gloves | Mangrove (Battle-Scarred)": {"sugprice": 4147.3712, "profit": 198, "limit": 3743, "timest": 1703881600}, "\u2605 Shadow Daggers | Forest DDPAT (Field-Tested)": {"sugprice": 7311.03909090909, "profit": 407, "limit": 6598, "timest": 1703913173}, "USP-S | Printstream (Minimal Wear)": {"sugprice": 4489.6312, "profit": 266, "limit": 4051, "timest": 1703912844}, "\u2605 Huntsman Knife | Ultraviolet (Field-Tested)": {"sugprice": 10296.197333333332, "profit": 624, "limit": 9292, "timest": 1703907239}, "\u2605 Hydra Gloves | Rattler (Well-Worn)": {"sugprice": 4913.771428571429, "profit": 283, "limit": 4434, "timest": 1703913096}, "\u2605 Falchion Knife | Ultraviolet (Battle-Scarred)": {"sugprice": 9972.967777777778, "profit": 570, "limit": 9000, "timest": 1703908480}, "\u2605 Moto Gloves | Finish Line (Battle-Scarred)": {"sugprice": 6961.856744186046, "profit": 334, "limit": 6283, "timest": 1703876414}, "\u2605 Shadow Daggers | Bright Water (Field-Tested)": {"sugprice": 7654.332093023254, "profit": 380, "limit": 6908, "timest": 1703896044}, "StatTrak\u2122 USP-S | Monster Mashup (Field-Tested)": {"sugprice": 2009.4262962962962, "profit": 174, "limit": 1813, "timest": 1703912778}, "\u2605 Paracord Knife | Forest DDPAT (Field-Tested)": {"sugprice": 8024.824444444444, "profit": 443, "limit": 7242, "timest": 1703913160}, "\u2605 Navaja Knife | Night Stripe (Field-Tested)": {"sugprice": 6969.056176470588, "profit": 427, "limit": 6289, "timest": 1703883793}, "\u2605 Moto Gloves | Boom! (Battle-Scarred)": {"sugprice": 7425, "profit": 369, "limit": 6701, "timest": 1703913107}, "\u2605 Specialist Gloves | Fade (Battle-Scarred)": {"sugprice": 15441.610434782608, "profit": 1379, "limit": 13936, "timest": 1703883847}, "StatTrak\u2122 SSG 08 | Dragonfire (Battle-Scarred)": {"sugprice": 3147.321428571428, "profit": 177, "limit": 2840, "timest": 1703912749}, "\u2605 Hand Wraps | Duct Tape (Field-Tested)": {"sugprice": 5150.321578947369, "profit": 269, "limit": 4648, "timest": 1703878529}, "USP-S | Printstream (Well-Worn)": {"sugprice": 2726.7276470588226, "profit": 164, "limit": 2460, "timest": 1703912846}, "\u2605 Huntsman Knife | Lore (Battle-Scarred)": {"sugprice": 14703, "profit": 848, "limit": 13269, "timest": 1703913062}, "\u2605 Shadow Daggers | Ultraviolet (Field-Tested)": {"sugprice": 8101.054999999998, "profit": 386, "limit": 7311, "timest": 1703883843}, "\u2605 Bloodhound Gloves | Bronzed (Battle-Scarred)": {"sugprice": 6434.142857142858, "profit": 509, "limit": 5806, "timest": 1703912864}, "\u2605 Hydra Gloves | Rattler (Battle-Scarred)": {"sugprice": 4168.237346938776, "profit": 204, "limit": 3761, "timest": 1703879117}, "\u2605 Hydra Gloves | Case Hardened (Battle-Scarred)": {"sugprice": 7257.4887499999995, "profit": 379, "limit": 6549, "timest": 1703913076}, "\u2605 Gut Knife | Freehand (Field-Tested)": {"sugprice": 8275.449090909091, "profit": 430, "limit": 7468, "timest": 1703862201}, "\u2605 Driver Gloves | Queen Jaguar (Battle-Scarred)": {"sugprice": 5508.189555555556, "profit": 347, "limit": 4971, "timest": 1703912906}, "\u2605 Shadow Daggers | Scorched (Field-Tested)": {"sugprice": 7109.568333333334, "profit": 347, "limit": 6416, "timest": 1703913180}, "\u2605 Gut Knife | Forest DDPAT (Field-Tested)": {"sugprice": 7834.350952380953, "profit": 385, "limit": 7070, "timest": 1703854700}, "\u2605 Specialist Gloves | Lt. Commander (Battle-Scarred)": {"sugprice": 10080.116470588237, "profit": 521, "limit": 9097, "timest": 1703870891}, "\u2605 Specialist Gloves | Buckshot (Battle-Scarred)": {"sugprice": 5288.936666666666, "profit": 256, "limit": 4773, "timest": 1703879765}, "StatTrak\u2122 Tec-9 | Blue Titanium (Factory New)": {"sugprice": 842.6650000000002, "profit": 127, "limit": 760, "timest": 1703912756}, "\u2605 Moto Gloves | 3rd Commando Company (Battle-Scarred)": {"sugprice": 5159.197000000001, "profit": 265, "limit": 4656, "timest": 1703874504}, "\u2605 Survival Knife | Safari Mesh (Field-Tested)": {"sugprice": 7533.25074074074, "profit": 368, "limit": 6798, "timest": 1703905001}, "\u2605 Moto Gloves | POW! (Battle-Scarred)": {"sugprice": 8719, "profit": 538, "limit": 7868, "timest": 1703913122}, "\u2605 Hand Wraps | Constrictor (Field-Tested)": {"sugprice": 4952.4073684210525, "profit": 351, "limit": 4469, "timest": 1703910478}, "\u2605 Sport Gloves | Bronze Morph (Battle-Scarred)": {"sugprice": 10301.807, "profit": 633, "limit": 9297, "timest": 1703913191}, "\u2605 Bowie Knife | Bright Water (Field-Tested)": {"sugprice": 10140.463478260868, "profit": 631, "limit": 9151, "timest": 1703883572}, "\u2605 Broken Fang Gloves | Unhinged (Battle-Scarred)": {"sugprice": 5259.871666666667, "profit": 250, "limit": 4747, "timest": 1703876308}, "\u2605 Moto Gloves | Blood Pressure (Battle-Scarred)": {"sugprice": 8309.901304347826, "profit": 644, "limit": 7499, "timest": 1703913104}, "StatTrak\u2122 M4A4 | \u9f8d\u738b (Dragon King) (Field-Tested)": {"sugprice": 1550.2179310344827, "profit": 135, "limit": 1399, "timest": 1703912688}, "\u2605 Hand Wraps | Constrictor (Battle-Scarred)": {"sugprice": 4837.029583333333, "profit": 237, "limit": 4365, "timest": 1703877955}, "\u2605 Driver Gloves | Racing Green (Battle-Scarred)": {"sugprice": 4104.009302325582, "profit": 207, "limit": 3703, "timest": 1703912912}, "\u2605 Huntsman Knife | Rust Coat (Battle-Scarred)": {"sugprice": 8583, "profit": 409, "limit": 7746, "timest": 1703862237}, "StatTrak\u2122 MP9 | Hypnotic (Factory New)": {"sugprice": 3408.568666666666, "profit": 205, "limit": 3076, "timest": 1703912713}, "StatTrak\u2122 USP-S | Printstream (Battle-Scarred)": {"sugprice": 4429.666734693877, "profit": 263, "limit": 3997, "timest": 1703912783}, "\u2605 Gut Knife | Bright Water (Field-Tested)": {"sugprice": 8397.748695652173, "profit": 417, "limit": 7578, "timest": 1703912928},