{"USP-S | Kill Confirmed (Well-Worn)": {"sugprice": 2907.315510204082, "profit": 140, "limit": 2623, "timest": 1701437835}, "\u2605 Navaja Knife | Scorched (Field-Tested)": {"sugprice": 6633, "profit": 339, "limit": 5986, "timest": 1701438004}, "\u2605 Driver Gloves | Racing Green (Battle-Scarred)": {"sugprice": 3648.817599999999, "profit": 273, "limit": 3293, "timest": 1701437908}, "\u2605 Driver Gloves | Racing Green (Well-Worn)": {"sugprice": 3637.4636111111113, "profit": 189, "limit": 3282, "timest": 1701437910}, "\u2605 Hydra Gloves | Rattler (Field-Tested)": {"sugprice": 3847.5078, "profit": 213, "limit": 3472, "timest": 1701410497}, "\u2605 Navaja Knife | Forest DDPAT (Field-Tested)": {"sugprice": 6692.677826086955, "profit": 322, "limit": 6040, "timest": 1701369078}, "\u2605 Shadow Daggers | Bright Water (Field-Tested)": {"sugprice": 7296, "profit": 386, "limit": 6584, "timest": 1701438024}, "\u2605 Broken Fang Gloves | Yellow-banded (Field-Tested)": {"sugprice": 6271.828823529411, "profit": 325, "limit": 5660, "timest": 1701418818}, "\u2605 Hydra Gloves | Mangrove (Battle-Scarred)": {"sugprice": 3773.890909090909, "profit": 181, "limit": 3405, "timest": 1701430569}, "\u2605 Hydra Gloves | Mangrove (Well-Worn)": {"sugprice": 3956.705, "profit": 258, "limit": 3570, "timest": 1701437964}, "\u2605 Hand Wraps | Desert Shamagh (Field-Tested)": {"sugprice": 4849.406756756757, "profit": 236, "limit": 4376, "timest": 1701365182}, "\u2605 Moto Gloves | Transport (Battle-Scarred)": {"sugprice": 5130.544545454545, "profit": 256, "limit": 4630, "timest": 1701425261}, "USP-S | Printstream (Well-Worn)": {"sugprice": 2643.114375, "profit": 134, "limit": 2385, "timest": 1701437861}, "\u2605 Hand Wraps | Duct Tape (Field-Tested)": {"sugprice": 5121.516428571428, "profit": 256, "limit": 4622, "timest": 1701383409}, "\u2605 Broken Fang Gloves | Unhinged (Battle-Scarred)": {"sugprice": 5122.4872, "profit": 377, "limit": 4623, "timest": 1701437892}, "\u2605 Hand Wraps | Arboreal (Field-Tested)": {"sugprice": 5569.601071428573, "profit": 291, "limit": 5026, "timest": 1701437932}, "\u2605 Hand Wraps | Giraffe (Battle-Scarred)": {"sugprice": 5893.719999999999, "profit": 327, "limit": 5319, "timest": 1701434509}, "USP-S | Neo-Noir (Well-Worn)": {"sugprice": 1478.7593333333332, "profit": 100, "limit": 1334, "timest": 1701434404}, "\u2605 Moto Gloves | Smoke Out (Battle-Scarred)": {"sugprice": 6887.875294117648, "profit": 483, "limit": 6216, "timest": 1701437982}, "\u2605 Hydra Gloves | Rattler (Battle-Scarred)": {"sugprice": 3808.3968749999995, "profit": 195, "limit": 3437, "timest": 1701369048}, "StatTrak\u2122 SSG 08 | Dragonfire (Field-Tested)": {"sugprice": 3093.6877777777772, "profit": 207, "limit": 2792, "timest": 1701437761}, "StatTrak\u2122 USP-S | Neo-Noir (Field-Tested)": {"sugprice": 3203.6800000000003, "profit": 240, "limit": 2891, "timest": 1701437790}, "\u2605 Bloodhound Gloves | Guerrilla (Field-Tested)": {"sugprice": 6095.404814814815, "profit": 312, "limit": 5501, "timest": 1701437879}, "\u2605 Hand Wraps | Constrictor (Field-Tested)": {"sugprice": 5071.380500000001, "profit": 400, "limit": 4576, "timest": 1701437936}, "\u2605 Hand Wraps | Desert Shamagh (Well-Worn)": {"sugprice": 4960.396428571427, "profit": 484, "limit": 4476, "timest": 1701437944}, "\u2605 Survival Knife | Scorched (Field-Tested)": {"sugprice": 7740.733749999999, "profit": 385, "limit": 6986, "timest": 1701410865}, "\u2605 Moto Gloves | 3rd Commando Company (Field-Tested)": {"sugprice": 5573.260952380952, "profit": 274, "limit": 5029, "timest": 1701420349}, "StatTrak\u2122 USP-S | The Traitor (Battle-Scarred)": {"sugprice": 1770, "profit": 106, "limit": 1597, "timest": 1701437797}, "\u2605 Hand Wraps | Desert Shamagh (Battle-Scarred)": {"sugprice": 4825.650322580645, "profit": 234, "limit": 4355, "timest": 1701419777}, "USP-S | Orion (Minimal Wear)": {"sugprice": 3932.581836734694, "profit": 322, "limit": 3549, "timest": 1701437429}, "USP-S | Caiman (Field-Tested)": {"sugprice": 3036.286842105264, "profit": 149, "limit": 2740, "timest": 1701429095}, "\u2605 Sport Gloves | Bronze Morph (Battle-Scarred)": {"sugprice": 9990.846428571429, "profit": 589, "limit": 9016, "timest": 1701430651}, "\u2605 Moto Gloves | Turtle (Battle-Scarred)": {"sugprice": 7983.470476190478, "profit": 465, "limit": 7205, "timest": 1701437988}, "\u2605 Hand Wraps | Arboreal (Battle-Scarred)": {"sugprice": 5073.411777777777, "profit": 312, "limit": 4578, "timest": 1701437930}, "StatTrak\u2122 USP-S | Printstream (Battle-Scarred)": {"sugprice": 4401.982857142856, "profit": 364, "limit": 3972, "timest": 1701437792}, "StatTrak\u2122 USP-S | Stainless (Battle-Scarred)": {"sugprice": 1023.1504347826086, "profit": 104, "limit": 923, "timest": 1701418289}, "\u2605 Broken Fang Gloves | Needle Point (Battle-Scarred)": {"sugprice": 5002.990652173912, "profit": 300, "limit": 4515, "timest": 1701437885}, "StatTrak\u2122 USP-S | Monster Mashup (Field-Tested)": {"sugprice": 1864.1207692307694, "profit": 124, "limit": 1682, "timest": 1701437786}, "\u2605 Bloodhound Gloves | Bronzed (Field-Tested)": {"sugprice": 6322.504814814815, "profit": 499, "limit": 5706, "timest": 1701437875}, "\u2605 Gut Knife | Scorched (Field-Tested)": {"sugprice": 7342.160999999998, "profit": 394, "limit": 6626, "timest": 1701437503}, "\u2605 Hydra Gloves | Emerald (Battle-Scarred)": {"sugprice": 4583.803958333333, "profit": 325, "limit": 4136, "timest": 1701437956}, "\u2605 Hydra Gloves | Emerald (Field-Tested)": {"sugprice": 4568.0320833333335, "profit": 255, "limit": 4122, "timest": 1701437107}, "\u2605 Moto Gloves | Blood Pressure (Battle-Scarred)": {"sugprice": 8476.331818181818, "profit": 583, "limit": 7649, "timest": 1701437974}, "\u2605 Navaja Knife | Boreal Forest (Field-Tested)": {"sugprice": 6732, "profit": 383, "limit": 6075, "timest": 1701437992}, "\u2605 Navaja Knife | Rust Coat (Battle-Scarred)": {"sugprice": 6771, "profit": 341, "limit": 6110, "timest": 1701431489}, "\u2605 Navaja Knife | Ultraviolet (Field-Tested)": {"sugprice": 7054.6875, "profit": 360, "limit": 6366, "timest": 1701427517}, "\u2605 Paracord Knife | Scorched (Field-Tested)": {"sugprice": 7509.120625, "profit": 363, "limit": 6776, "timest": 1701416181}, "\u2605 Huntsman Knife | Rust Coat (Battle-Scarred)": {"sugprice": 8687.609999999999, "profit": 421, "limit": 7840, "timest": 1701373280}, "StatTrak\u2122 PP-Bizon | Judgement of Anubis (Field-Tested)": {"sugprice": 996.7860000000001, "profit": 124, "limit": 899, "timest": 1701437749}, "USP-S | Printstream (Field-Tested)": {"sugprice": 2862, "profit": 183, "limit": 2582, "timest": 1701437857}, "\u2605 Shadow Daggers | Night (Field-Tested)": {"sugprice": 7201, "profit": 358, "limit": 6498, "timest": 1701425785}, "\u2605 Moto Gloves | Finish Line (Battle-Scarred)": {"sugprice": 6703.141724137931, "profit": 325, "limit": 6049, "timest": 1701434956}, "\u2605 Shadow Daggers | Safari Mesh (Field-Tested)": {"sugprice": 6972.1494999999995, "profit": 333, "limit": 6292, "timest": 1701417206}, "\u2605 Hand Wraps | Duct Tape (Battle-Scarred)": {"sugprice": 5215.431333333332, "profit": 423, "limit": 4706, "timest": 1701437946}, "\u2605 Navaja Knife | Safari Mesh (Field-Tested)": {"sugprice": 6859.2217142857135, "profit": 400, "limit": 6190, "timest": 1701436723}, "\u2605 Moto Gloves | POW! (Battle-Scarred)": {"sugprice": 8385, "profit": 534, "limit": 7567, "timest": 1701437980}, "\u2605 Navaja Knife | Boreal Forest (Battle-Scarred)": {"sugprice": 6873.186363636364, "profit": 447, "limit": 6203, "timest": 1701437990}, "StatTrak\u2122 P250 | Muertos (Battle-Scarred)": {"sugprice": 1033.4424999999999, "profit": 104, "limit": 932, "timest": 1701437732}, "\u2605 Gut Knife | Safari Mesh (Field-Tested)": {"sugprice": 7091.531333333333, "profit": 356, "limit": 6400, "timest": 1701437926}, "\u2605 Gut Knife | Freehand (Field-Tested)": {"sugprice": 8317.649333333333, "profit": 397, "limit": 7506, "timest": 1701410133},