{"USP-S | Kill Confirmed (Well-Worn)": {"sugprice": 3243.1295, "profit": 191, "limit": 2926, "timest": 1701939001}, "\u2605 Hydra Gloves | Rattler (Field-Tested)": {"sugprice": 4203.5652500000015, "profit": 215, "limit": 3793, "timest": 1701932640}, "\u2605 Moto Gloves | Transport (Battle-Scarred)": {"sugprice": 5357.421315789473, "profit": 275, "limit": 4835, "timest": 1701941323}, "\u2605 Broken Fang Gloves | Unhinged (Battle-Scarred)": {"sugprice": 5237.286999999999, "profit": 330, "limit": 4726, "timest": 1701933536}, "StatTrak\u2122 SSG 08 | Dragonfire (Field-Tested)": {"sugprice": 3120.881777777778, "profit": 149, "limit": 2816, "timest": 1701917604}, "\u2605 Bloodhound Gloves | Guerrilla (Field-Tested)": {"sugprice": 6134.446129032258, "profit": 476, "limit": 5536, "timest": 1701933455}, "StatTrak\u2122 USP-S | The Traitor (Battle-Scarred)": {"sugprice": 2207.6544, "profit": 127, "limit": 1992, "timest": 1701940826}, "\u2605 Moto Gloves | Turtle (Battle-Scarred)": {"sugprice": 8071.728928571429, "profit": 636, "limit": 7284, "timest": 1701941327}, "\u2605 Bloodhound Gloves | Bronzed (Field-Tested)": {"sugprice": 6229.507894736842, "profit": 304, "limit": 5622, "timest": 1701921446}, "\u2605 Moto Gloves | Blood Pressure (Battle-Scarred)": {"sugprice": 8525.960000000003, "profit": 440, "limit": 7694, "timest": 1701922126}, "\u2605 Gut Knife | Safari Mesh (Field-Tested)": {"sugprice": 7139, "profit": 341, "limit": 6442, "timest": 1701865099}, "\u2605 Gut Knife | Freehand (Field-Tested)": {"sugprice": 9173.092857142858, "profit": 442, "limit": 8278, "timest": 1701920956}, "USP-S | Neo-Noir (Factory New)": {"sugprice": 3226.048125, "profit": 177, "limit": 2911, "timest": 1701940904}, "\u2605 Driver Gloves | Convoy (Field-Tested)": {"sugprice": 6425.106249999998, "profit": 420, "limit": 5798, "timest": 1701941064}, "\u2605 Hand Wraps | Constrictor (Well-Worn)": {"sugprice": 4965.155925925926, "profit": 359, "limit": 4481, "timest": 1701892104}, "\u2605 Shadow Daggers | Damascus Steel (Field-Tested)": {"sugprice": 8016.825833333332, "profit": 385, "limit": 7235, "timest": 1701855814}, "\u2605 Specialist Gloves | Fade (Battle-Scarred)": {"sugprice": 15406.985714285713, "profit": 840, "limit": 13904, "timest": 1701941390}, "Tec-9 | Nuclear Threat (Battle-Scarred)": {"sugprice": 3036.513333333334, "profit": 163, "limit": 2740, "timest": 1701883494}, "USP-S | Purple DDPAT (Minimal Wear)": {"sugprice": 1005.5120000000001, "profit": 104, "limit": 907, "timest": 1701893464}, "StatTrak\u2122 M4A4 | Buzz Kill (Field-Tested)": {"sugprice": 1976.5182352941174, "profit": 101, "limit": 1783, "timest": 1701869708}, "StatTrak\u2122 M4A4 | Neo-Noir (Well-Worn)": {"sugprice": 1007.4715384615386, "profit": 110, "limit": 909, "timest": 1701936609}, "StatTrak\u2122 M4A4 | \u9f8d\u738b (Dragon King) (Field-Tested)": {"sugprice": 1614.0509090909093, "profit": 118, "limit": 1456, "timest": 1701940627}, "\u2605 Bloodhound Gloves | Bronzed (Battle-Scarred)": {"sugprice": 6342.298333333334, "profit": 371, "limit": 5723, "timest": 1701940990}, "\u2605 Navaja Knife | Marble Fade (Factory New)": {"sugprice": 15748.225454545453, "profit": 863, "limit": 14212, "timest": 1701903994}, "\u2605 Shadow Daggers | Scorched (Field-Tested)": {"sugprice": 7004.057272727273, "profit": 370, "limit": 6321, "timest": 1701941381}, "StatTrak\u2122 M4A4 | The Battlestar (Field-Tested)": {"sugprice": 1512.4155555555556, "profit": 139, "limit": 1364, "timest": 1701940615}, "StatTrak\u2122 M4A4 | The Emperor (Battle-Scarred)": {"sugprice": 2633.384, "profit": 141, "limit": 2376, "timest": 1701919188}, "\u2605 Driver Gloves | Racing Green (Field-Tested)": {"sugprice": 4144.737346938775, "profit": 199, "limit": 3740, "timest": 1701940008}, "StatTrak\u2122 M4A4 | Temukau (Battle-Scarred)": {"sugprice": 2474.974, "profit": 154, "limit": 2233, "timest": 1701940613}, "\u2605 Hand Wraps | Constrictor (Battle-Scarred)": {"sugprice": 4949.920833333334, "profit": 272, "limit": 4467, "timest": 1701890311}, "\u2605 Shadow Daggers | Black Laminate (Well-Worn)": {"sugprice": 7734.739000000001, "profit": 533, "limit": 6980, "timest": 1701941364}, "USP-S | Monster Mashup (Minimal Wear)": {"sugprice": 1988.4537500000001, "profit": 107, "limit": 1794, "timest": 1701929482}, "\u2605 Shadow Daggers | Freehand (Field-Tested)": {"sugprice": 9449.925714285713, "profit": 918, "limit": 8528, "timest": 1701941374}, "\u2605 Bloodhound Gloves | Guerrilla (Battle-Scarred)": {"sugprice": 6244.616818181818, "profit": 376, "limit": 5635, "timest": 1701941006}, "\u2605 Driver Gloves | Convoy (Battle-Scarred)": {"sugprice": 6413.3812499999985, "profit": 442, "limit": 5788, "timest": 1701941062}, "\u2605 Gut Knife | Boreal Forest (Field-Tested)": {"sugprice": 7592.953846153846, "profit": 423, "limit": 6852, "timest": 1701935782}, "\u2605 Navaja Knife | Urban Masked (Field-Tested)": {"sugprice": 6920.400952380953, "profit": 416, "limit": 6245, "timest": 1701937494}, "\u2605 Navaja Knife | Boreal Forest (Field-Tested)": {"sugprice": 6914.779999999999, "profit": 381, "limit": 6240, "timest": 1701913222}, "\u2605 Shadow Daggers | Boreal Forest (Field-Tested)": {"sugprice": 7261.535714285713, "profit": 404, "limit": 6553, "timest": 1701941366}, "\u2605 Gut Knife | Bright Water (Field-Tested)": {"sugprice": 8481.821764705885, "profit": 552, "limit": 7654, "timest": 1701934735}, "\u2605 Hydra Gloves | Rattler (Well-Worn)": {"sugprice": 4485.394666666666, "profit": 301, "limit": 4048, "timest": 1701927507}, "StatTrak\u2122 M4A4 | In Living Color (Field-Tested)": {"sugprice": 1300.9977777777776, "profit": 103, "limit": 1174, "timest": 1701919146}, "\u2605 Driver Gloves | Queen Jaguar (Field-Tested)": {"sugprice": 6418.21, "profit": 358, "limit": 5792, "timest": 1701941099}, "\u2605 Survival Knife | Scorched (Field-Tested)": {"sugprice": 7895.275, "profit": 494, "limit": 7125, "timest": 1701894581}, "\u2605 Bloodhound Gloves | Snakebite (Field-Tested)": {"sugprice": 6307.192777777778, "profit": 389, "limit": 5692, "timest": 1701941018}, "StatTrak\u2122 USP-S | Neo-Noir (Battle-Scarred)": {"sugprice": 3125.0513793103446, "profit": 202, "limit": 2820, "timest": 1701940814}, "\u2605 Specialist Gloves | Forest DDPAT (Battle-Scarred)": {"sugprice": 8862.645, "profit": 629, "limit": 7998, "timest": 1701941391}, "\u2605 Moto Gloves | Smoke Out (Battle-Scarred)": {"sugprice": 7990.606956521738, "profit": 405, "limit": 7211, "timest": 1701941321}, "\u2605 Hand Wraps | Giraffe (Battle-Scarred)": {"sugprice": 6313.532121212122, "profit": 313, "limit": 5697, "timest": 1701940098}, "\u2605 Gut Knife | Rust Coat (Battle-Scarred)": {"sugprice": 7817.153684210525, "profit": 454, "limit": 7054, "timest": 1701899773}, "\u2605 Shadow Daggers | Forest DDPAT (Field-Tested)": {"sugprice": 7208.596470588236, "profit": 346, "limit": 6505, "timest": 1701941372}, "\u2605 Gut Knife | Forest DDPAT (Field-Tested)": {"sugprice": 7712.539090909093, "profit": 674, "limit": 6960, "timest": 1701941189}, "USP-S | Printstream (Field-Tested)": {"sugprice": 3051.842820512822, "profit": 145, "limit": 2754, "timest": 1701917785}, "USP-S | Serum (Field-Tested)": {"sugprice": 3271.8694736842103, "profit": 164, "limit": 2952, "timest": 1701860425}, "StatTrak\u2122 SSG 08 | Bloodshot (Field-Tested)": {"sugprice": 1727.641111111111, "profit": 107, "limit": 1559, "timest": 1701911311}, "\u2605 Navaja Knife | Rust Coat (Battle-Scarred)": {"sugprice": 7015.710294117648, "profit": 347, "limit": 6331, "timest": 1701941338}, "\u2605 Bloodhound Gloves | Charred (Field-Tested)": {"sugprice": 8299.277333333332, "profit": 401, "limit": 7490, "timest": 1701881016}, "StatTrak\u2122 PP-Bizon | Judgement of Anubis (Field-Tested)": {"sugprice": 1265, "profit": 254, "limit": 1141, "timest": 1701940717}, "\u2605 Navaja Knife | Night Stripe (Field-Tested)": {"sugprice": 6894.069285714287, "profit": 410, "limit": 6221, "timest": 1701941336},