{"StatTrak\u2122 M4A4 | The Emperor (Battle-Scarred)": {"sugprice": 2479.3861904761907, "profit": 130, "limit": 2237, "timest": 1703415540}, "StatTrak\u2122 USP-S | Neo-Noir (Battle-Scarred)": {"sugprice": 2978.703225806452, "profit": 187, "limit": 2688, "timest": 1703480595}, "StatTrak\u2122 USP-S | Neo-Noir (Field-Tested)": {"sugprice": 3107.926, "profit": 217, "limit": 2804, "timest": 1703480597}, "StatTrak\u2122 USP-S | The Traitor (Battle-Scarred)": {"sugprice": 2077.9336734693875, "profit": 133, "limit": 1875, "timest": 1703480603}, "Tec-9 | Nuclear Threat (Battle-Scarred)": {"sugprice": 3331.1555555555556, "profit": 230, "limit": 3006, "timest": 1703480609}, "USP-S | Kill Confirmed (Well-Worn)": {"sugprice": 3084.89, "profit": 224, "limit": 2784, "timest": 1703480639}, "USP-S | Neo-Noir (Factory New)": {"sugprice": 3061.178095238095, "profit": 147, "limit": 2762, "timest": 1703479647}, "\u2605 Broken Fang Gloves | Yellow-banded (Battle-Scarred)": {"sugprice": 6105.575116279069, "profit": 324, "limit": 5510, "timest": 1703480704}, "\u2605 Driver Gloves | Convoy (Field-Tested)": {"sugprice": 6424.828399999999, "profit": 425, "limit": 5798, "timest": 1703480710}, "\u2605 Hand Wraps | Arboreal (Field-Tested)": {"sugprice": 5790.296315789474, "profit": 301, "limit": 5225, "timest": 1703440775}, "\u2605 Hand Wraps | Badlands (Battle-Scarred)": {"sugprice": 7381.15923076923, "profit": 353, "limit": 6661, "timest": 1703466790}, "\u2605 Hydra Gloves | Mangrove (Field-Tested)": {"sugprice": 3932.6232653061224, "profit": 195, "limit": 3549, "timest": 1703480788}, "\u2605 Moto Gloves | Smoke Out (Battle-Scarred)": {"sugprice": 6937.816296296295, "profit": 367, "limit": 6261, "timest": 1703480814}, "\u2605 Moto Gloves | Transport (Field-Tested)": {"sugprice": 5521.944, "profit": 312, "limit": 4983, "timest": 1703480818}, "\u2605 Navaja Knife | Scorched (Field-Tested)": {"sugprice": 6927.312812500001, "profit": 368, "limit": 6251, "timest": 1703480838}, "\u2605 Navaja Knife | Urban Masked (Field-Tested)": {"sugprice": 6854.799999999999, "profit": 342, "limit": 6186, "timest": 1703466419}, "\u2605 Shadow Daggers | Freehand (Field-Tested)": {"sugprice": 9060.551904761905, "profit": 537, "limit": 8177, "timest": 1703480869}, "StatTrak\u2122 M4A4 | X-Ray (Minimal Wear)": {"sugprice": 4543.898181818182, "profit": 219, "limit": 4100, "timest": 1703441960}, "\u2605 Gut Knife | Boreal Forest (Field-Tested)": {"sugprice": 7072.406315789473, "profit": 492, "limit": 6382, "timest": 1703404912}, "\u2605 Hydra Gloves | Rattler (Field-Tested)": {"sugprice": 4075.1803999999997, "profit": 242, "limit": 3677, "timest": 1703480794}, "\u2605 Driver Gloves | Racing Green (Field-Tested)": {"sugprice": 3629.8726086956517, "profit": 182, "limit": 3275, "timest": 1703452807}, "\u2605 Hand Wraps | Constrictor (Field-Tested)": {"sugprice": 4830.934117647059, "profit": 266, "limit": 4359, "timest": 1703404950}, "\u2605 Hydra Gloves | Mangrove (Well-Worn)": {"sugprice": 4352.6875675675665, "profit": 207, "limit": 3928, "timest": 1703438165}, "\u2605 Shadow Daggers | Boreal Forest (Field-Tested)": {"sugprice": 6980.94105263158, "profit": 398, "limit": 6300, "timest": 1703480862}, "\u2605 Driver Gloves | Racing Green (Well-Worn)": {"sugprice": 3814.3660526315784, "profit": 344, "limit": 3442, "timest": 1703419667}, "\u2605 Bloodhound Gloves | Bronzed (Field-Tested)": {"sugprice": 6218.1325, "profit": 316, "limit": 5611, "timest": 1703431855}, "StatTrak\u2122 USP-S | Monster Mashup (Battle-Scarred)": {"sugprice": 1870.4825000000003, "profit": 142, "limit": 1688, "timest": 1703480591}, "StatTrak\u2122 P250 | Muertos (Field-Tested)": {"sugprice": 1064.3455999999999, "profit": 101, "limit": 960, "timest": 1703467078}, "\u2605 Shadow Daggers | Damascus Steel (Field-Tested)": {"sugprice": 7901, "profit": 453, "limit": 7130, "timest": 1703428700}, "StatTrak\u2122 USP-S | The Traitor (Well-Worn)": {"sugprice": 2107.2244444444445, "profit": 120, "limit": 1901, "timest": 1703480605}, "\u2605 Hydra Gloves | Mangrove (Battle-Scarred)": {"sugprice": 3879.4530612244894, "profit": 254, "limit": 3501, "timest": 1703480786}, "StatTrak\u2122 USP-S | Stainless (Battle-Scarred)": {"sugprice": 1143.8310714285715, "profit": 122, "limit": 1032, "timest": 1703480601}, "\u2605 Specialist Gloves | Lt. Commander (Battle-Scarred)": {"sugprice": 9746.121538461537, "profit": 474, "limit": 8795, "timest": 1703400240}, "USP-S | Printstream (Field-Tested)": {"sugprice": 2692.832653061225, "profit": 129, "limit": 2430, "timest": 1703477936}, "\u2605 Hand Wraps | Arboreal (Battle-Scarred)": {"sugprice": 5318.87311111111, "profit": 290, "limit": 4800, "timest": 1703480744}, "\u2605 Shadow Daggers | Forest DDPAT (Field-Tested)": {"sugprice": 7081.079545454545, "profit": 554, "limit": 6390, "timest": 1703480867}, "\u2605 Hand Wraps | Duct Tape (Battle-Scarred)": {"sugprice": 5081.444210526315, "profit": 257, "limit": 4586, "timest": 1703480764}, "\u2605 Hand Wraps | Constrictor (Battle-Scarred)": {"sugprice": 4618.711086956521, "profit": 222, "limit": 4168, "timest": 1703404948}, "\u2605 Broken Fang Gloves | Yellow-banded (Field-Tested)": {"sugprice": 6283.021739130436, "profit": 562, "limit": 5670, "timest": 1703440685}, "\u2605 Bloodhound Gloves | Snakebite (Battle-Scarred)": {"sugprice": 6307.809230769231, "profit": 507, "limit": 5692, "timest": 1703480685}, "USP-S | Printstream (Minimal Wear)": {"sugprice": 4387.181428571428, "profit": 396, "limit": 3959, "timest": 1703480659}, "\u2605 Huntsman Knife | Ultraviolet (Field-Tested)": {"sugprice": 9868.866111111112, "profit": 688, "limit": 8906, "timest": 1703453676}, "\u2605 Navaja Knife | Ultraviolet (Battle-Scarred)": {"sugprice": 7039.637222222222, "profit": 417, "limit": 6353, "timest": 1703480848}, "USP-S | Neo-Noir (Well-Worn)": {"sugprice": 1331.8355999999997, "profit": 107, "limit": 1201, "timest": 1703461108}, "\u2605 Bloodhound Gloves | Snakebite (Field-Tested)": {"sugprice": 5980.783529411764, "profit": 289, "limit": 5397, "timest": 1703408065}, "\u2605 Hydra Gloves | Rattler (Well-Worn)": {"sugprice": 4514.130666666666, "profit": 215, "limit": 4074, "timest": 1703476947}, "\u2605 Falchion Knife | Ultraviolet (Battle-Scarred)": {"sugprice": 9815.600833333334, "profit": 516, "limit": 8858, "timest": 1703480241}, "\u2605 Navaja Knife | Safari Mesh (Field-Tested)": {"sugprice": 7005.104897959181, "profit": 363, "limit": 6322, "timest": 1703480836}, "StatTrak\u2122 Tec-9 | Decimator (Battle-Scarred)": {"sugprice": 1992.3533333333335, "profit": 143, "limit": 1798, "timest": 1703480577}, "\u2605 Moto Gloves | Finish Line (Battle-Scarred)": {"sugprice": 6894.155517241378, "profit": 348, "limit": 6221, "timest": 1703480808}, "\u2605 Shadow Daggers | Bright Water (Field-Tested)": {"sugprice": 7552.61409090909, "profit": 414, "limit": 6816, "timest": 1703480863}, "\u2605 Moto Gloves | Turtle (Battle-Scarred)": {"sugprice": 7633.945789473686, "profit": 497, "limit": 6889, "timest": 1703478098}, "\u2605 Navaja Knife | Stained (Well-Worn)": {"sugprice": 7067.411666666667, "profit": 413, "limit": 6378, "timest": 1703425117}, "\u2605 Bowie Knife | Rust Coat (Battle-Scarred)": {"sugprice": 8052.109999999999, "profit": 383, "limit": 7267, "timest": 1703480691}, "StatTrak\u2122 USP-S | Monster Mashup (Field-Tested)": {"sugprice": 1932.278571428571, "profit": 135, "limit": 1743, "timest": 1703480593}, "\u2605 Paracord Knife | Forest DDPAT (Field-Tested)": {"sugprice": 8068.802500000001, "profit": 429, "limit": 7282, "timest": 1703480854}, "\u2605 Survival Knife | Boreal Forest (Field-Tested)": {"sugprice": 7518.485555555555, "profit": 463, "limit": 6785, "timest": 1703480897}, "\u2605 Navaja Knife | Night Stripe (Field-Tested)": {"sugprice": 6911.405882352942, "profit": 330, "limit": 6237, "timest": 1703421249}, "\u2605 Shadow Daggers | Rust Coat (Battle-Scarred)": {"sugprice": 6830.195799999999, "profit": 338, "limit": 6164, "timest": 1703454477},