{"StatTrak\u2122 USP-S | Neo-Noir (Field-Tested)": {"sugprice": 3262.306666666666, "profit": 155, "limit": 2944, "timest": 1704195469}, "StatTrak\u2122 USP-S | The Traitor (Battle-Scarred)": {"sugprice": 2193.6575000000007, "profit": 123, "limit": 1979, "timest": 1704210105}, "USP-S | Kill Confirmed (Well-Worn)": {"sugprice": 3259.684444444444, "profit": 189, "limit": 2941, "timest": 1704210141}, "\u2605 Driver Gloves | Convoy (Field-Tested)": {"sugprice": 6361.826956521739, "profit": 321, "limit": 5741, "timest": 1704192434}, "\u2605 Driver Gloves | Racing Green (Field-Tested)": {"sugprice": 4149.944249999998, "profit": 213, "limit": 3745, "timest": 1704203546}, "\u2605 Shadow Daggers | Boreal Forest (Field-Tested)": {"sugprice": 7155.531304347827, "profit": 351, "limit": 6457, "timest": 1704210350}, "\u2605 Bloodhound Gloves | Bronzed (Field-Tested)": {"sugprice": 6476.136249999999, "profit": 351, "limit": 5844, "timest": 1704205425}, "StatTrak\u2122 USP-S | Monster Mashup (Battle-Scarred)": {"sugprice": 2048.569090909091, "profit": 194, "limit": 1848, "timest": 1704210093}, "\u2605 Hydra Gloves | Mangrove (Battle-Scarred)": {"sugprice": 4319.538484848485, "profit": 212, "limit": 3898, "timest": 1704207159}, "\u2605 Shadow Daggers | Forest DDPAT (Field-Tested)": {"sugprice": 7251.820000000001, "profit": 432, "limit": 6544, "timest": 1704135231}, "USP-S | Printstream (Minimal Wear)": {"sugprice": 4659.113214285714, "profit": 243, "limit": 4204, "timest": 1704199949}, "StatTrak\u2122 USP-S | Monster Mashup (Field-Tested)": {"sugprice": 2051.037333333333, "profit": 153, "limit": 1851, "timest": 1704210095}, "\u2605 Paracord Knife | Forest DDPAT (Field-Tested)": {"sugprice": 8248.060399999998, "profit": 401, "limit": 7443, "timest": 1704185488}, "\u2605 Navaja Knife | Night Stripe (Field-Tested)": {"sugprice": 7039.088800000001, "profit": 386, "limit": 6352, "timest": 1704185451}, "\u2605 Moto Gloves | Boom! (Battle-Scarred)": {"sugprice": 7526.56, "profit": 380, "limit": 6792, "timest": 1704180643}, "\u2605 Specialist Gloves | Fade (Battle-Scarred)": {"sugprice": 15909.710476190476, "profit": 1383, "limit": 14358, "timest": 1704210372}, "USP-S | Printstream (Well-Worn)": {"sugprice": 2820.5096551724127, "profit": 142, "limit": 2545, "timest": 1704205390}, "\u2605 Bloodhound Gloves | Bronzed (Battle-Scarred)": {"sugprice": 6358.392631578947, "profit": 410, "limit": 5738, "timest": 1704199999}, "\u2605 Hydra Gloves | Case Hardened (Battle-Scarred)": {"sugprice": 7476.195, "profit": 501, "limit": 6747, "timest": 1704204762}, "\u2605 Driver Gloves | Queen Jaguar (Battle-Scarred)": {"sugprice": 5592.746470588236, "profit": 366, "limit": 5047, "timest": 1704194514}, "StatTrak\u2122 Tec-9 | Blue Titanium (Factory New)": {"sugprice": 849.1363636363636, "profit": 116, "limit": 766, "timest": 1704192799}, "\u2605 Moto Gloves | 3rd Commando Company (Battle-Scarred)": {"sugprice": 5165.573571428569, "profit": 256, "limit": 4661, "timest": 1704199190}, "\u2605 Survival Knife | Safari Mesh (Field-Tested)": {"sugprice": 7685.009642857142, "profit": 497, "limit": 6935, "timest": 1704210382}, "\u2605 Hand Wraps | Constrictor (Field-Tested)": {"sugprice": 5369.7699999999995, "profit": 474, "limit": 4846, "timest": 1704210255}, "\u2605 Sport Gloves | Bronze Morph (Battle-Scarred)": {"sugprice": 10232.04947368421, "profit": 550, "limit": 9234, "timest": 1704133067}, "\u2605 Broken Fang Gloves | Unhinged (Battle-Scarred)": {"sugprice": 5288.205869565217, "profit": 266, "limit": 4772, "timest": 1704200051}, "StatTrak\u2122 M4A4 | \u9f8d\u738b (Dragon King) (Field-Tested)": {"sugprice": 1601.1645454545453, "profit": 139, "limit": 1445, "timest": 1704207357}, "StatTrak\u2122 USP-S | Printstream (Battle-Scarred)": {"sugprice": 4750.355952380953, "profit": 384, "limit": 4287, "timest": 1704205310}, "\u2605 Gut Knife | Bright Water (Field-Tested)": {"sugprice": 8453.512222222222, "profit": 457, "limit": 7629, "timest": 1704210235}, "\u2605 Navaja Knife | Safari Mesh (Battle-Scarred)": {"sugprice": 7382, "profit": 529, "limit": 6662, "timest": 1704210329}, "\u2605 Navaja Knife | Stained (Field-Tested)": {"sugprice": 7746.388695652176, "profit": 596, "limit": 6991, "timest": 1704207207}, "\u2605 Navaja Knife | Stained (Well-Worn)": {"sugprice": 7432.038181818181, "profit": 547, "limit": 6707, "timest": 1704209301}, "\u2605 Gut Knife | Boreal Forest (Field-Tested)": {"sugprice": 7329.0, "profit": 501, "limit": 6614, "timest": 1704205643}, "USP-S | Royal Blue (Field-Tested)": {"sugprice": 1087.2408333333335, "profit": 159, "limit": 981, "timest": 1704160963}, "USP-S | Printstream (Field-Tested)": {"sugprice": 2792, "profit": 133, "limit": 2519, "timest": 1704190895}, "StatTrak\u2122 SSG 08 | Turbo Peek (Battle-Scarred)": {"sugprice": 1000.2224444444447, "profit": 126, "limit": 902, "timest": 1704208563}, "\u2605 Paracord Knife | Scorched (Field-Tested)": {"sugprice": 7859.085714285714, "profit": 374, "limit": 7092, "timest": 1704185977}, "StatTrak\u2122 M4A4 | The Emperor (Battle-Scarred)": {"sugprice": 2608.939736842104, "profit": 169, "limit": 2354, "timest": 1704209999}, "USP-S | Kill Confirmed (Battle-Scarred)": {"sugprice": 3048.569428571428, "profit": 156, "limit": 2751, "timest": 1704204584}, "\u2605 Bowie Knife | Ultraviolet (Battle-Scarred)": {"sugprice": 9248.208181818183, "profit": 712, "limit": 8346, "timest": 1704210195}, "\u2605 Paracord Knife | Safari Mesh (Field-Tested)": {"sugprice": 7940.510384615383, "profit": 579, "limit": 7166, "timest": 1704210346}, "StatTrak\u2122 PP-Bizon | Judgement of Anubis (Field-Tested)": {"sugprice": 1106, "profit": 109, "limit": 998, "timest": 1704189548}, "\u2605 Hand Wraps | Arboreal (Field-Tested)": {"sugprice": 5923, "profit": 286, "limit": 5345, "timest": 1704183801}, "Vypa Sista of the Revolution | Guerrilla Warfare": {"sugprice": 1922.3005263157895, "profit": 116, "limit": 1734, "timest": 1704210175}, "StatTrak\u2122 P250 | Muertos (Field-Tested)": {"sugprice": 1067.4638709677422, "profit": 102, "limit": 963, "timest": 1704183601}, "\u2605 Hand Wraps | CAUTION! (Battle-Scarred)": {"sugprice": 14094.424285714284, "profit": 747, "limit": 12720, "timest": 1704132518}, "\u2605 Driver Gloves | Convoy (Battle-Scarred)": {"sugprice": 6244.686, "profit": 334, "limit": 5635, "timest": 1704144485}, "\u2605 Broken Fang Gloves | Yellow-banded (Field-Tested)": {"sugprice": 6556.446785714285, "profit": 328, "limit": 5917, "timest": 1704183756}, "\u2605 Hand Wraps | Desert Shamagh (Field-Tested)": {"sugprice": 5005.638333333334, "profit": 332, "limit": 4517, "timest": 1704205800}, "\u2605 Huntsman Knife | Freehand (Field-Tested)": {"sugprice": 11647.699166666667, "profit": 586, "limit": 10512, "timest": 1704204746}, "\u2605 Shadow Daggers | Rust Coat (Battle-Scarred)": {"sugprice": 7078.385399999999, "profit": 403, "limit": 6388, "timest": 1704206117}, "\u2605 Gut Knife | Safari Mesh (Field-Tested)": {"sugprice": 7333.74181818182, "profit": 353, "limit": 6618, "timest": 1704207115}, "StatTrak\u2122 P90 | Asiimov (Battle-Scarred)": {"sugprice": 1984.215952380952, "profit": 119, "limit": 1790, "timest": 1704187250}, "\u2605 Hydra Gloves | Emerald (Field-Tested)": {"sugprice": 5053.596666666667, "profit": 347, "limit": 4560, "timest": 1704195125}, "StatTrak\u2122 SSG 08 | Bloodshot (Field-Tested)": {"sugprice": 1601.9722580645157, "profit": 110, "limit": 1445, "timest": 1704157310}, "\u2605 Bloodhound Gloves | Guerrilla (Battle-Scarred)": {"sugprice": 6415.719565217392, "profit": 404, "limit": 5790, "timest": 1704210183}, "\u2605 Hydra Gloves | Mangrove (Field-Tested)": {"sugprice": 4241.561944444445, "profit": 222, "limit": 3828, "timest": 1704194593}, "USP-S | The Traitor (Minimal Wear)": {"sugprice": 1541.7208695652175, "profit": 121, "limit": 1391, "timest": 1704210167}, "StatTrak\u2122 SSG 08 | Turbo Peek (Field-Tested)": {"sugprice": 961, "profit": 117, "limit": 867, "timest": 1704210074},