{"StatTrak\u2122 USP-S | Neo-Noir (Field-Tested)": {"sugprice": 3216.874615384615, "profit": 193, "limit": 2903, "timest": 1704075163}, "StatTrak\u2122 USP-S | The Traitor (Battle-Scarred)": {"sugprice": 2177.771538461539, "profit": 104, "limit": 1965, "timest": 1704064295}, "USP-S | Kill Confirmed (Well-Worn)": {"sugprice": 3413.076170212765, "profit": 223, "limit": 3080, "timest": 1704075422}, "\u2605 Driver Gloves | Convoy (Field-Tested)": {"sugprice": 6357.308181818182, "profit": 313, "limit": 5737, "timest": 1704070342}, "\u2605 Hand Wraps | Badlands (Battle-Scarred)": {"sugprice": 7824.880714285713, "profit": 394, "limit": 7061, "timest": 1704022673}, "\u2605 Moto Gloves | Transport (Field-Tested)": {"sugprice": 5795.358125, "profit": 292, "limit": 5230, "timest": 1704049210}, "\u2605 Navaja Knife | Scorched (Field-Tested)": {"sugprice": 6980.166799999999, "profit": 342, "limit": 6299, "timest": 1704013225}, "\u2605 Hydra Gloves | Rattler (Field-Tested)": {"sugprice": 4223.729756097561, "profit": 261, "limit": 3811, "timest": 1704015495}, "\u2605 Driver Gloves | Racing Green (Field-Tested)": {"sugprice": 4000.874210526315, "profit": 195, "limit": 3610, "timest": 1704040633}, "\u2605 Shadow Daggers | Boreal Forest (Field-Tested)": {"sugprice": 7262.002, "profit": 442, "limit": 6553, "timest": 1704076119}, "\u2605 Bloodhound Gloves | Bronzed (Field-Tested)": {"sugprice": 6597.11142857143, "profit": 374, "limit": 5953, "timest": 1704075554}, "StatTrak\u2122 USP-S | Monster Mashup (Battle-Scarred)": {"sugprice": 1930.2891666666665, "profit": 103, "limit": 1742, "timest": 1704075083}, "StatTrak\u2122 USP-S | The Traitor (Well-Worn)": {"sugprice": 2220.6632, "profit": 108, "limit": 2004, "timest": 1704025060}, "\u2605 Hydra Gloves | Mangrove (Battle-Scarred)": {"sugprice": 4304.547142857143, "profit": 246, "limit": 3884, "timest": 1704075919}, "\u2605 Shadow Daggers | Forest DDPAT (Field-Tested)": {"sugprice": 7270.787272727272, "profit": 346, "limit": 6561, "timest": 1704047769}, "USP-S | Printstream (Minimal Wear)": {"sugprice": 4630.719999999999, "profit": 280, "limit": 4179, "timest": 1704075475}, "\u2605 Huntsman Knife | Ultraviolet (Field-Tested)": {"sugprice": 10372.866875000002, "profit": 503, "limit": 9361, "timest": 1704010659}, "\u2605 Falchion Knife | Ultraviolet (Battle-Scarred)": {"sugprice": 9562.768181818183, "profit": 543, "limit": 8630, "timest": 1704013714}, "StatTrak\u2122 USP-S | Monster Mashup (Field-Tested)": {"sugprice": 2021.9453333333333, "profit": 122, "limit": 1824, "timest": 1704075116}, "\u2605 Paracord Knife | Forest DDPAT (Field-Tested)": {"sugprice": 8066.642857142856, "profit": 413, "limit": 7280, "timest": 1704013236}, "\u2605 Navaja Knife | Night Stripe (Field-Tested)": {"sugprice": 7097.445428571426, "profit": 442, "limit": 6405, "timest": 1704076042}, "\u2605 Moto Gloves | Boom! (Battle-Scarred)": {"sugprice": 7719.371176470588, "profit": 451, "limit": 6966, "timest": 1704075961}, "\u2605 Specialist Gloves | Fade (Battle-Scarred)": {"sugprice": 15407.729473684207, "profit": 776, "limit": 13905, "timest": 1704049933}, "StatTrak\u2122 SSG 08 | Dragonfire (Battle-Scarred)": {"sugprice": 3021.043333333333, "profit": 197, "limit": 2726, "timest": 1704030957}, "USP-S | Printstream (Well-Worn)": {"sugprice": 2856.7587804878044, "profit": 239, "limit": 2578, "timest": 1704075478}, "\u2605 Bloodhound Gloves | Bronzed (Battle-Scarred)": {"sugprice": 6466.902500000001, "profit": 408, "limit": 5836, "timest": 1704075543}, "\u2605 Hydra Gloves | Case Hardened (Battle-Scarred)": {"sugprice": 7375.958636363636, "profit": 396, "limit": 6656, "timest": 1704075901}, "\u2605 Driver Gloves | Queen Jaguar (Battle-Scarred)": {"sugprice": 5785.686734693877, "profit": 535, "limit": 5221, "timest": 1704047551}, "\u2605 Shadow Daggers | Scorched (Field-Tested)": {"sugprice": 7129.34806451613, "profit": 353, "limit": 6434, "timest": 1704011901}, "\u2605 Specialist Gloves | Lt. Commander (Battle-Scarred)": {"sugprice": 10094.686666666668, "profit": 872, "limit": 9110, "timest": 1704015587}, "StatTrak\u2122 Tec-9 | Blue Titanium (Factory New)": {"sugprice": 863.5260000000001, "profit": 140, "limit": 779, "timest": 1704075017}, "\u2605 Moto Gloves | 3rd Commando Company (Battle-Scarred)": {"sugprice": 5394.6874, "profit": 270, "limit": 4868, "timest": 1704075953}, "\u2605 Survival Knife | Safari Mesh (Field-Tested)": {"sugprice": 7603.792399999998, "profit": 420, "limit": 6862, "timest": 1704074703}, "\u2605 Moto Gloves | POW! (Battle-Scarred)": {"sugprice": 8774.873636363636, "profit": 425, "limit": 7919, "timest": 1704025606}, "\u2605 Hand Wraps | Constrictor (Field-Tested)": {"sugprice": 5073.06125, "profit": 372, "limit": 4578, "timest": 1704033579}, "\u2605 Sport Gloves | Bronze Morph (Battle-Scarred)": {"sugprice": 10178.016315789473, "profit": 486, "limit": 9185, "timest": 1704069958}, "\u2605 Bowie Knife | Bright Water (Field-Tested)": {"sugprice": 10150.545454545454, "profit": 494, "limit": 9160, "timest": 1704020463}, "\u2605 Broken Fang Gloves | Unhinged (Battle-Scarred)": {"sugprice": 5220.664, "profit": 265, "limit": 4711, "timest": 1704064456}, "StatTrak\u2122 M4A4 | \u9f8d\u738b (Dragon King) (Field-Tested)": {"sugprice": 1537.4893333333334, "profit": 102, "limit": 1387, "timest": 1704030758}, "\u2605 Driver Gloves | Racing Green (Battle-Scarred)": {"sugprice": 4082.8230000000012, "profit": 207, "limit": 3684, "timest": 1704030169}, "StatTrak\u2122 MP9 | Hypnotic (Factory New)": {"sugprice": 3402.4327777777776, "profit": 172, "limit": 3070, "timest": 1704066485}, "StatTrak\u2122 USP-S | Printstream (Battle-Scarred)": {"sugprice": 4563.586976744186, "profit": 266, "limit": 4118, "timest": 1704075171}, "\u2605 Gut Knife | Bright Water (Field-Tested)": {"sugprice": 8498.45, "profit": 518, "limit": 7669, "timest": 1704070463}, "\u2605 Navaja Knife | Safari Mesh (Battle-Scarred)": {"sugprice": 7620.255714285713, "profit": 386, "limit": 6877, "timest": 1704076054}, "\u2605 Navaja Knife | Stained (Field-Tested)": {"sugprice": 7416.434444444444, "profit": 354, "limit": 6693, "timest": 1704056001}, "\u2605 Navaja Knife | Stained (Well-Worn)": {"sugprice": 7209.2472727272725, "profit": 343, "limit": 6506, "timest": 1704035025}, "\u2605 Navaja Knife | Urban Masked (Field-Tested)": {"sugprice": 6951.657352941174, "profit": 389, "limit": 6273, "timest": 1704030525}, "\u2605 Gut Knife | Boreal Forest (Field-Tested)": {"sugprice": 7332.570000000001, "profit": 355, "limit": 6617, "timest": 1704075664}, "\u2605 Hydra Gloves | Emerald (Battle-Scarred)": {"sugprice": 4723.076600000001, "profit": 394, "limit": 4262, "timest": 1704011811}, "USP-S | Royal Blue (Field-Tested)": {"sugprice": 1060.5422222222223, "profit": 146, "limit": 957, "timest": 1704048874}, "USP-S | Printstream (Field-Tested)": {"sugprice": 2786.7113513513514, "profit": 139, "limit": 2515, "timest": 1704025111}, "StatTrak\u2122 SSG 08 | Turbo Peek (Battle-Scarred)": {"sugprice": 1002.1590000000001, "profit": 158, "limit": 904, "timest": 1704075009}, "\u2605 Paracord Knife | Scorched (Field-Tested)": {"sugprice": 7936.643749999999, "profit": 699, "limit": 7162, "timest": 1704074629}, "\u2605 Moto Gloves | Eclipse (Battle-Scarred)": {"sugprice": 7266.254444444445, "profit": 575, "limit": 6557, "timest": 1704024776}, "StatTrak\u2122 M4A4 | The Emperor (Battle-Scarred)": {"sugprice": 2622.9965625, "profit": 153, "limit": 2367, "timest": 1704074839}, "USP-S | Kill Confirmed (Battle-Scarred)": {"sugprice": 3264.6758, "profit": 190, "limit": 2946, "timest": 1704075361}, "\u2605 Bowie Knife | Ultraviolet (Battle-Scarred)": {"sugprice": 8867.054999999998, "profit": 548, "limit": 8002, "timest": 1704072758}, "USP-S | Orion (Field-Tested)": {"sugprice": 4125.6292, "profit": 226, "limit": 3723, "timest": 1704032909}, "\u2605 Paracord Knife | Safari Mesh (Field-Tested)": {"sugprice": 7614.981904761906, "profit": 432, "limit": 6872, "timest": 1704041620},