{"StatTrak\u2122 USP-S | Neo-Noir (Field-Tested)": {"sugprice": 3263.3442857142863, "profit": 167, "limit": 2945, "timest": 1704324431}, "StatTrak\u2122 USP-S | The Traitor (Battle-Scarred)": {"sugprice": 2148.177083333334, "profit": 110, "limit": 1938, "timest": 1704324438}, "USP-S | Kill Confirmed (Well-Worn)": {"sugprice": 3295, "profit": 157, "limit": 2973, "timest": 1704323402}, "\u2605 Driver Gloves | Convoy (Field-Tested)": {"sugprice": 6442.234285714287, "profit": 485, "limit": 5814, "timest": 1704294058}, "\u2605 Driver Gloves | Racing Green (Field-Tested)": {"sugprice": 4041.893333333333, "profit": 196, "limit": 3647, "timest": 1704309226}, "\u2605 Shadow Daggers | Boreal Forest (Field-Tested)": {"sugprice": 7181.181578947369, "profit": 382, "limit": 6481, "timest": 1704317353}, "\u2605 Bloodhound Gloves | Bronzed (Field-Tested)": {"sugprice": 6440.556249999999, "profit": 336, "limit": 5812, "timest": 1704324516}, "StatTrak\u2122 USP-S | Monster Mashup (Battle-Scarred)": {"sugprice": 1925.0810000000001, "profit": 117, "limit": 1737, "timest": 1704307481}, "USP-S | Printstream (Minimal Wear)": {"sugprice": 4534, "profit": 222, "limit": 4091, "timest": 1704319377}, "StatTrak\u2122 USP-S | Monster Mashup (Field-Tested)": {"sugprice": 2027.482727272727, "profit": 144, "limit": 1829, "timest": 1704269369}, "\u2605 Paracord Knife | Forest DDPAT (Field-Tested)": {"sugprice": 8331.836285714286, "profit": 429, "limit": 7519, "timest": 1704324816}, "\u2605 Navaja Knife | Night Stripe (Field-Tested)": {"sugprice": 7025.162799999999, "profit": 372, "limit": 6340, "timest": 1704317328}, "\u2605 Specialist Gloves | Fade (Battle-Scarred)": {"sugprice": 15355.171333333335, "profit": 785, "limit": 13858, "timest": 1704324854}, "USP-S | Printstream (Well-Worn)": {"sugprice": 2770.122333333334, "profit": 163, "limit": 2500, "timest": 1704315381}, "\u2605 Bloodhound Gloves | Bronzed (Battle-Scarred)": {"sugprice": 6286.919999999999, "profit": 342, "limit": 5673, "timest": 1704324514}, "\u2605 Hydra Gloves | Case Hardened (Battle-Scarred)": {"sugprice": 7388.829999999999, "profit": 389, "limit": 6668, "timest": 1704305833}, "\u2605 Driver Gloves | Queen Jaguar (Battle-Scarred)": {"sugprice": 6021.0112, "profit": 699, "limit": 5433, "timest": 1704324551}, "StatTrak\u2122 Tec-9 | Blue Titanium (Factory New)": {"sugprice": 857.1335714285714, "profit": 114, "limit": 773, "timest": 1704324405}, "\u2605 Survival Knife | Safari Mesh (Field-Tested)": {"sugprice": 7698.15923076923, "profit": 368, "limit": 6947, "timest": 1704320651}, "\u2605 Hand Wraps | Constrictor (Field-Tested)": {"sugprice": 5302.419375, "profit": 400, "limit": 4785, "timest": 1704324590}, "\u2605 Broken Fang Gloves | Unhinged (Battle-Scarred)": {"sugprice": 5269.163400000001, "profit": 263, "limit": 4755, "timest": 1704324537}, "StatTrak\u2122 M4A4 | \u9f8d\u738b (Dragon King) (Field-Tested)": {"sugprice": 1597.085882352941, "profit": 125, "limit": 1441, "timest": 1704324345}, "StatTrak\u2122 USP-S | Printstream (Battle-Scarred)": {"sugprice": 4718.4125, "profit": 633, "limit": 4258, "timest": 1704304694}, "\u2605 Gut Knife | Bright Water (Field-Tested)": {"sugprice": 8598.948571428571, "profit": 523, "limit": 7760, "timest": 1704324569}, "\u2605 Navaja Knife | Safari Mesh (Battle-Scarred)": {"sugprice": 7166.521818181817, "profit": 537, "limit": 6467, "timest": 1704318383}, "\u2605 Navaja Knife | Stained (Field-Tested)": {"sugprice": 7644, "profit": 390, "limit": 6898, "timest": 1704315082}, "\u2605 Navaja Knife | Stained (Well-Worn)": {"sugprice": 7637.40625, "profit": 441, "limit": 6892, "timest": 1704324806}, "\u2605 Gut Knife | Boreal Forest (Field-Tested)": {"sugprice": 7505.200000000001, "profit": 485, "limit": 6773, "timest": 1704324076}, "USP-S | Royal Blue (Field-Tested)": {"sugprice": 1105.928, "profit": 116, "limit": 998, "timest": 1704315852}, "USP-S | Printstream (Field-Tested)": {"sugprice": 2828.54925, "profit": 140, "limit": 2552, "timest": 1704313274}, "StatTrak\u2122 SSG 08 | Turbo Peek (Battle-Scarred)": {"sugprice": 1016.7192500000001, "profit": 130, "limit": 917, "timest": 1704304666}, "StatTrak\u2122 M4A4 | The Emperor (Battle-Scarred)": {"sugprice": 2575.209428571429, "profit": 161, "limit": 2324, "timest": 1704324332}, "USP-S | Kill Confirmed (Battle-Scarred)": {"sugprice": 3189.0736734693864, "profit": 182, "limit": 2878, "timest": 1704324469}, "\u2605 Bowie Knife | Ultraviolet (Battle-Scarred)": {"sugprice": 9429.837, "profit": 839, "limit": 8510, "timest": 1704324530}, "\u2605 Paracord Knife | Safari Mesh (Field-Tested)": {"sugprice": 8101.435714285714, "profit": 496, "limit": 7311, "timest": 1704324819}, "\u2605 Hand Wraps | Arboreal (Field-Tested)": {"sugprice": 6052.932631578948, "profit": 381, "limit": 5462, "timest": 1704318907}, "Vypa Sista of the Revolution | Guerrilla Warfare": {"sugprice": 1967.9829411764706, "profit": 153, "limit": 1776, "timest": 1704324511}, "\u2605 Broken Fang Gloves | Yellow-banded (Field-Tested)": {"sugprice": 6521, "profit": 332, "limit": 5885, "timest": 1704284584}, "\u2605 Huntsman Knife | Freehand (Field-Tested)": {"sugprice": 11981.912142857142, "profit": 635, "limit": 10813, "timest": 1704324687}, "\u2605 Shadow Daggers | Rust Coat (Battle-Scarred)": {"sugprice": 7037.174693877551, "profit": 387, "limit": 6351, "timest": 1704324839}, "\u2605 Gut Knife | Safari Mesh (Field-Tested)": {"sugprice": 7380, "profit": 378, "limit": 6660, "timest": 1704324577}, "StatTrak\u2122 P90 | Asiimov (Battle-Scarred)": {"sugprice": 1919.6529999999998, "profit": 127, "limit": 1732, "timest": 1704324388}, "\u2605 Hydra Gloves | Emerald (Field-Tested)": {"sugprice": 5113.108125, "profit": 265, "limit": 4614, "timest": 1704324718}, "StatTrak\u2122 SSG 08 | Bloodshot (Field-Tested)": {"sugprice": 1615.5147058823532, "profit": 138, "limit": 1458, "timest": 1704324397}, "\u2605 Bloodhound Gloves | Guerrilla (Battle-Scarred)": {"sugprice": 6390.488749999998, "profit": 407, "limit": 5767, "timest": 1704303099}, "USP-S | The Traitor (Minimal Wear)": {"sugprice": 1508.9459375, "profit": 117, "limit": 1361, "timest": 1704324501}, "StatTrak\u2122 SSG 08 | Turbo Peek (Field-Tested)": {"sugprice": 976.0347368421053, "profit": 127, "limit": 880, "timest": 1704324403}, "Tec-9 | Nuclear Threat (Battle-Scarred)": {"sugprice": 3268.2533333333326, "profit": 211, "limit": 2949, "timest": 1704258063}, "StatTrak\u2122 M4A4 | The Battlestar (Field-Tested)": {"sugprice": 1572, "profit": 160, "limit": 1418, "timest": 1704324330}, "USP-S | Whiteout (Battle-Scarred)": {"sugprice": 1818, "profit": 100, "limit": 1640, "timest": 1704276206}, "StatTrak\u2122 USP-S | Blueprint (Battle-Scarred)": {"sugprice": 1073.4477777777781, "profit": 181, "limit": 968, "timest": 1704324412}, "StatTrak\u2122 M4A4 | Tooth Fairy (Field-Tested)": {"sugprice": 526.8922222222222, "profit": 100, "limit": 475, "timest": 1704297649}, "StatTrak\u2122 M4A4 | Tooth Fairy (Battle-Scarred)": {"sugprice": 603.300303030303, "profit": 131, "limit": 544, "timest": 1704324335}, "\u2605 Falchion Knife | Rust Coat (Battle-Scarred)": {"sugprice": 8678.086666666666, "profit": 494, "limit": 7831, "timest": 1704307729}, "\u2605 Hand Wraps | Giraffe (Battle-Scarred)": {"sugprice": 6015.004999999999, "profit": 407, "limit": 5428, "timest": 1704324684}, "\u2605 Bowie Knife | Rust Coat (Battle-Scarred)": {"sugprice": 8347.072666666667, "profit": 404, "limit": 7533, "timest": 1704324527}, "\u2605 Gut Knife | Freehand (Field-Tested)": {"sugprice": 8882.614545454546, "profit": 438, "limit": 8016, "timest": 1704268003}, "\u2605 Shadow Daggers | Damascus Steel (Field-Tested)": {"sugprice": 8070, "profit": 390, "limit": 7283, "timest": 1704253654}, "\u2605 Moto Gloves | Turtle (Battle-Scarred)": {"sugprice": 8117.987222222223, "profit": 452, "limit": 7326, "timest": 1704312963}, "\u2605 Hand Wraps | Duct Tape (Field-Tested)": {"sugprice": 5208.658064516128, "profit": 278, "limit": 4700, "timest": 1704324111},