{"StatTrak\u2122 USP-S | Neo-Noir (Field-Tested)": {"sugprice": 3120.283809523809, "profit": 202, "limit": 2816, "timest": 1703686930}, "StatTrak\u2122 USP-S | The Traitor (Battle-Scarred)": {"sugprice": 2099.907727272727, "profit": 153, "limit": 1895, "timest": 1703686936}, "USP-S | Kill Confirmed (Well-Worn)": {"sugprice": 3039.8624999999997, "profit": 177, "limit": 2743, "timest": 1703686972}, "USP-S | Neo-Noir (Factory New)": {"sugprice": 3022.6396875, "profit": 171, "limit": 2727, "timest": 1703681366}, "\u2605 Broken Fang Gloves | Yellow-banded (Battle-Scarred)": {"sugprice": 6132.814489795918, "profit": 348, "limit": 5534, "timest": 1703687041}, "\u2605 Driver Gloves | Convoy (Field-Tested)": {"sugprice": 6320.959629629629, "profit": 335, "limit": 5704, "timest": 1703687047}, "\u2605 Hand Wraps | Badlands (Battle-Scarred)": {"sugprice": 7633.9800000000005, "profit": 526, "limit": 6889, "timest": 1703686512}, "\u2605 Hydra Gloves | Mangrove (Field-Tested)": {"sugprice": 4103.8822, "profit": 219, "limit": 3703, "timest": 1703686040}, "\u2605 Moto Gloves | Smoke Out (Battle-Scarred)": {"sugprice": 6929.577586206897, "profit": 367, "limit": 6253, "timest": 1703687152}, "\u2605 Moto Gloves | Transport (Field-Tested)": {"sugprice": 5600.282413793104, "profit": 377, "limit": 5054, "timest": 1703678597}, "\u2605 Navaja Knife | Scorched (Field-Tested)": {"sugprice": 6944.113636363636, "profit": 437, "limit": 6267, "timest": 1703687172}, "\u2605 Shadow Daggers | Freehand (Field-Tested)": {"sugprice": 9110.545555555555, "profit": 472, "limit": 8222, "timest": 1703686635}, "StatTrak\u2122 M4A4 | X-Ray (Minimal Wear)": {"sugprice": 4518.665, "profit": 242, "limit": 4078, "timest": 1703675752}, "\u2605 Hydra Gloves | Rattler (Field-Tested)": {"sugprice": 4009, "profit": 244, "limit": 3618, "timest": 1703687133}, "\u2605 Driver Gloves | Racing Green (Field-Tested)": {"sugprice": 3850.1211999999996, "profit": 256, "limit": 3474, "timest": 1703687061}, "\u2605 Shadow Daggers | Boreal Forest (Field-Tested)": {"sugprice": 6954.1449999999995, "profit": 399, "limit": 6276, "timest": 1703681634}, "\u2605 Bloodhound Gloves | Bronzed (Field-Tested)": {"sugprice": 6284.946800000001, "profit": 308, "limit": 5672, "timest": 1703687012}, "StatTrak\u2122 USP-S | Monster Mashup (Battle-Scarred)": {"sugprice": 1923.0072222222225, "profit": 106, "limit": 1735, "timest": 1703686924}, "StatTrak\u2122 USP-S | The Traitor (Well-Worn)": {"sugprice": 2074, "profit": 119, "limit": 1871, "timest": 1703686938}, "\u2605 Hydra Gloves | Mangrove (Battle-Scarred)": {"sugprice": 3903.190769230769, "profit": 332, "limit": 3522, "timest": 1703678560}, "\u2605 Hand Wraps | Arboreal (Battle-Scarred)": {"sugprice": 5308.665, "profit": 264, "limit": 4791, "timest": 1703666252}, "\u2605 Shadow Daggers | Forest DDPAT (Field-Tested)": {"sugprice": 7099.5989285714295, "profit": 377, "limit": 6407, "timest": 1703687202}, "USP-S | Printstream (Minimal Wear)": {"sugprice": 4400.9943478260875, "profit": 228, "limit": 3971, "timest": 1703641762}, "\u2605 Huntsman Knife | Ultraviolet (Field-Tested)": {"sugprice": 10062.2675, "profit": 505, "limit": 9081, "timest": 1703687115}, "\u2605 Navaja Knife | Ultraviolet (Battle-Scarred)": {"sugprice": 6928.068571428572, "profit": 375, "limit": 6252, "timest": 1703687182}, "\u2605 Hydra Gloves | Rattler (Well-Worn)": {"sugprice": 4845.162916666667, "profit": 350, "limit": 4372, "timest": 1703687135}, "\u2605 Falchion Knife | Ultraviolet (Battle-Scarred)": {"sugprice": 10238.425294117646, "profit": 645, "limit": 9240, "timest": 1703687069}, "StatTrak\u2122 Tec-9 | Decimator (Battle-Scarred)": {"sugprice": 1770.6445454545456, "profit": 131, "limit": 1598, "timest": 1703625027}, "\u2605 Moto Gloves | Finish Line (Battle-Scarred)": {"sugprice": 6928.161351351351, "profit": 385, "limit": 6252, "timest": 1703678587}, "\u2605 Shadow Daggers | Bright Water (Field-Tested)": {"sugprice": 7481.042631578949, "profit": 386, "limit": 6751, "timest": 1703674241}, "\u2605 Moto Gloves | Turtle (Battle-Scarred)": {"sugprice": 7618.503, "profit": 397, "limit": 6875, "timest": 1703687158}, "\u2605 Bowie Knife | Rust Coat (Battle-Scarred)": {"sugprice": 8051.299285714286, "profit": 459, "limit": 7266, "timest": 1703667926}, "StatTrak\u2122 USP-S | Monster Mashup (Field-Tested)": {"sugprice": 1991.1755, "profit": 181, "limit": 1797, "timest": 1703686926}, "\u2605 Paracord Knife | Forest DDPAT (Field-Tested)": {"sugprice": 7991.92, "profit": 703, "limit": 7212, "timest": 1703667376}, "\u2605 Survival Knife | Boreal Forest (Field-Tested)": {"sugprice": 7481.323888888888, "profit": 406, "limit": 6751, "timest": 1703657975}, "\u2605 Navaja Knife | Night Stripe (Field-Tested)": {"sugprice": 6899, "profit": 338, "limit": 6226, "timest": 1703687164}, "\u2605 Shadow Daggers | Rust Coat (Battle-Scarred)": {"sugprice": 6811.519130434782, "profit": 353, "limit": 6147, "timest": 1703608210}, "\u2605 Hydra Gloves | Emerald (Well-Worn)": {"sugprice": 4731.611250000001, "profit": 237, "limit": 4270, "timest": 1703664484}, "\u2605 Moto Gloves | Boom! (Battle-Scarred)": {"sugprice": 7680.115, "profit": 570, "limit": 6931, "timest": 1703687143}, "\u2605 Specialist Gloves | Fade (Battle-Scarred)": {"sugprice": 14876.207241379307, "profit": 748, "limit": 13425, "timest": 1703631502}, "USP-S | Para Green (Battle-Scarred)": {"sugprice": 695.6600000000001, "profit": 102, "limit": 627, "timest": 1703666112}, "StatTrak\u2122 P90 | Asiimov (Battle-Scarred)": {"sugprice": 1933.4197368421048, "profit": 156, "limit": 1744, "timest": 1703661495}, "\u2605 Moto Gloves | Transport (Battle-Scarred)": {"sugprice": 5170.799148936171, "profit": 277, "limit": 4666, "timest": 1703622253}, "StatTrak\u2122 SSG 08 | Bloodshot (Field-Tested)": {"sugprice": 1691.8821739130435, "profit": 106, "limit": 1526, "timest": 1703675834}, "StatTrak\u2122 SSG 08 | Dragonfire (Battle-Scarred)": {"sugprice": 2996.655, "profit": 182, "limit": 2704, "timest": 1703686904}, "\u2605 Bloodhound Gloves | Guerrilla (Field-Tested)": {"sugprice": 6061.666842105263, "profit": 293, "limit": 5470, "timest": 1703610579}, "\u2605 Hand Wraps | Duct Tape (Field-Tested)": {"sugprice": 5234.458333333333, "profit": 260, "limit": 4724, "timest": 1703673948}, "USP-S | Printstream (Well-Worn)": {"sugprice": 2615.2330303030303, "profit": 131, "limit": 2360, "timest": 1703684573}, "\u2605 Huntsman Knife | Lore (Battle-Scarred)": {"sugprice": 14381.521249999998, "profit": 811, "limit": 12979, "timest": 1703679785}, "\u2605 Shadow Daggers | Ultraviolet (Field-Tested)": {"sugprice": 8110.117916666663, "profit": 557, "limit": 7319, "timest": 1703684786}, "\u2605 Bloodhound Gloves | Bronzed (Battle-Scarred)": {"sugprice": 6364.401428571428, "profit": 374, "limit": 5743, "timest": 1703687010}, "\u2605 Hydra Gloves | Rattler (Battle-Scarred)": {"sugprice": 4106.1370000000015, "profit": 238, "limit": 3705, "timest": 1703687131}, "\u2605 Hydra Gloves | Case Hardened (Battle-Scarred)": {"sugprice": 7223.953846153846, "profit": 395, "limit": 6519, "timest": 1703687117}, "\u2605 Navaja Knife | Forest DDPAT (Field-Tested)": {"sugprice": 6925.785111111111, "profit": 339, "limit": 6250, "timest": 1703602633}, "USP-S | Whiteout (Minimal Wear)": {"sugprice": 2771, "profit": 141, "limit": 2500, "timest": 1703684583}, "USP-S | Kill Confirmed (Field-Tested)": {"sugprice": 3240.0046666666667, "profit": 156, "limit": 2924, "timest": 1703614794}, "\u2605 Navaja Knife | Tiger Tooth (Factory New)": {"sugprice": 12195.93705882353, "profit": 774, "limit": 11006, "timest": 1703677488}, "\u2605 Gut Knife | Freehand (Field-Tested)": {"sugprice": 8186.114736842105, "profit": 676, "limit": 7387, "timest": 1703680887}, "\u2605 Driver Gloves | Queen Jaguar (Battle-Scarred)": {"sugprice": 5384.727999999998, "profit": 377, "limit": 4859, "timest": 1703687055}, "\u2605 Hand Wraps | Desert Shamagh (Field-Tested)": {"sugprice": 4921.384599999999, "profit": 241, "limit": 4441, "timest": 1703608101},